user_id,text_id,text,timestamp,collection_phase,is_words,valence,arousal,is_seen_user,valence_preds_date_ablated,arousal_preds_date_ablated,valence_preds_orig,arousal_preds_orig,delta_date_valence,delta_date_arousal
3,256,I ' m on my first day off of three and feeling pretty good . Just been lazy today and trying to clean the house here and there . I enjoy being home and spending time with my daughters ............\ nThey are both sleeping now so I ' m gonna watch some ORG haha \ n,2021-06-14 20:17:40,1,False,1.0,1.0,True,0.38207679986953735,0.48288747668266296,0.4102190732955932,0.4940106272697449,0.028142273426055853,0.01112315058708191
3,257,I have been feeling pretty good . Enjoying my last day off apparently . I got called in tomorrow to work a private party of 40 golfers . So that should be some pretty decent money I think . I also have a doctor ' s appointment in the am so that should be fun .,2021-06-15 19:12:56,1,False,1.0,1.0,True,1.0923893451690674,0.7257500886917114,1.065918207168579,0.7205013036727905,0.02647113800048828,0.0052487850189208984
3,258,"Feeling good today , just got back from a Dr ' s appointment .   Grabbed some burger king on the way home for me and my oldest daughter . It was surprisingly good for a change . Bartending a private party later tonight",2021-06-16 14:36:11,1,False,1.0,0.0,True,1.6946314573287964,0.3692203462123871,1.6551856994628906,0.4598486125469208,0.03944575786590576,0.09062826633453369
3,249,Last night I bartended a private party of 45 golfers . They were alot of fun and I made some decent money . I ' ve been feeling pretty good regardless of this cold that won ' t seem to go \naway . But I work tonight and it should be busy so I ' m excited,2021-06-17 14:43:36,1,False,1.0,1.0,True,1.267266869544983,1.3011845350265503,1.2202492952346802,1.267239332199097,0.047017574310302734,0.03394520282745339
3,250,I ' ve been feeling pretty good except for the fact that I can ' t get enough sleep it seems . Im so tired when I wake up that I almost need a nap instantly .   I have work tonight again so maybe I can get a nap in before,2021-06-18 12:35:39,1,False,1.0,1.0,True,0.14220565557479858,0.11656729876995087,0.1857997477054596,0.146659255027771,0.04359409213066101,0.03009195625782013
7,349,Last night I felt pretty high on life aftera good shift at work . I had a couple of light drinks after work . Today I have been really dragging and trying to find motivation and alertness . 200 character rule is silly .,2021-03-13 16:07:30,1,False,-1.0,0.0,True,0.39237552881240845,1.0959059000015259,0.4393397271633148,1.1251153945922852,0.04696419835090637,0.029209494590759277
7,350,I have been feeling generally extremely tired . I got a full night of sleep and did not have any drinks . Heading into work for a night shift now and still can ' t snap out of the foggy feeling . Why do you require 200 characters .,2021-03-14 17:46:14,1,False,-2.0,0.0,True,-1.3514206409454346,-0.026700885966420174,-1.3385721445083618,-0.0072839087806642,0.012848496437072754,0.019416977185755975
10,411,"Happy , Content , Relaxed , Calm , Tired",2021-06-12 12:10:12,1,True,2.0,0.0,True,1.8145557641983032,0.4049895107746124,1.837968707084656,0.5791561603546143,0.02341294288635276,0.17416664958000183
10,412,"Quiet , Calm , Content , Happy , Tired",2021-06-12 22:00:42,1,True,2.0,0.0,True,0.8844337463378906,-0.010512465611100197,0.9374778270721436,0.1542511880397796,0.05304408073425293,0.1647636536508798
10,413,"Tired , Content , Happy , Calm , Relaxed",2021-06-13 12:05:52,1,True,2.0,0.0,True,0.5690208077430725,0.04408928379416466,0.6549031734466553,0.2092307806015014,0.08588236570358276,0.16514149680733675
17,1090,"I am just getting up . I feel okay , a little tired/sluggish yet . I am fixing to start my schoolwork . And I have class today for about 5 hours . Lab for bio and chemistry . Hopefully I’ll continue to feel ok through the day .",2022-09-07 10:01:21,4,False,-1.0,0.0,True,-0.47866368293762207,0.240289568901062,-0.5039476752281189,0.2125451415777206,0.025283992290496826,0.027744427323341425
17,1091,"I am good/okay today . I just got out of class , and have another class to go to . I enjoy school , as long as i understand it . I’m hungry , hopefully i don’t start to feel sick because I’m hungry . I am still stressed about money . But it will work it w , somehow .",2022-09-07 15:18:55,4,False,2.0,0.0,True,1.1720350980758667,0.6248383522033691,1.1804611682891846,0.5824648141860962,0.008426070213317871,0.04237353801727295
17,1092,"I am hurting a little this evening . I don’t feel the best . I am still stressed about money . But I did get my rent and one of three things paid . So I have two left . It will work out somehow . Other than that , I am okay .",2022-09-07 20:37:50,4,False,2.0,0.0,True,-0.7689344882965088,0.544522762298584,-0.8039368987083435,0.5121267437934875,0.03500241041183472,0.032396018505096436
17,1093,"I am okay , king of tired today . I had to get up early for a dentist appt , I have some broken teeth that need to be fixed . I finally got into a dentist with a sliding pay scale . Yay me . Still stressed about money . I got three things to pay , before the twentieth . It will work out somehow .",2022-09-08 10:06:38,4,False,2.0,0.0,True,-0.07220396399497986,0.32690194249153137,-0.1182854101061821,0.265873521566391,0.04608144611120224,0.06102842092514038
17,1094,"I am very happy at the moment . I wanted a job at a particular restaurant , and they called me today for an interview . Yaaay . I hope it goes well . I can at least get my foot in the door . I’m so excited . She said everyone that I know there , that I’ve worked with before , gave me very high recommendations .",2022-09-08 15:06:05,4,False,2.0,1.0,True,1.5103321075439453,1.4797453880310059,1.5335980653762815,1.4502588510513306,0.023265957832336204,0.029486536979675293
17,1095,"I am at work . I feel bad tonight . I have a headache . It has been such a good day until the headache . I got the new job , hired me on the spot due to others   recommendations of me . Made me feel good !! I hope I like it there , kind of nervous .",2022-09-08 20:13:35,4,False,1.0,0.0,True,0.19917412102222443,0.6245065331459045,0.1209413409233093,0.6113066077232361,0.07823278009891513,0.013199925422668457
17,1096,"I am okay today . I do not feel the best , but I feel okay . I am a little tired , but I am excited to start my new job ! I just got hired , on the spot , yesterday . That made me feel really good . I am content . I am worried about money still . I hope I am not making a mistake .",2022-09-09 10:01:15,4,False,0.0,1.0,True,0.6344501972198486,0.37968316674232483,0.6294762492179871,0.3762301802635193,0.004973948001861572,0.003452986478805542
17,1097,"I am pretty good today . My stomach has not felt the best , besides that and being stressed about money , I am pretty good . I am on my way to work now . But I will be leaving there and starting my new job soon .",2022-09-09 15:08:03,4,False,2.0,0.0,True,1.3192882537841797,0.5622225999832153,1.269386887550354,0.572431743144989,0.049901366233825684,0.010209143161773682
17,1098,"I am at work . It is a little busy , but not like usual . I have one of the worst sections again ! I will not make what others makes and I am sick of it ! I am so glad I am leaving this place !!! I will be glad when two weeks are up .",2022-09-09 20:05:49,4,False,1.0,0.0,True,-0.18061798810958862,1.4727554321289062,-0.1996660977602005,1.4277610778808594,0.019048109650611877,0.044994354248046875
17,1062,"I am at work . We will see how today goes . The last few shifts I have not really made anything . That is why I am leaving this place . I am stressed about money , and not making anything . I have stuff to pay and I’m getting worried that I will not be able to do it .",2022-09-10 10:21:34,4,False,2.0,0.0,True,-0.5446426868438721,1.2192107439041138,-0.5816198587417603,1.2093093395233154,0.036977171897888184,0.00990140438079834
17,1063,"I feel good today . I am a little upset with work , again . I should have been able to pick where I was tonight , while others can , I guess I can not . I HATE the favoritism there . It is do not fair !! Anyway . I am still stressed out about money . I didn’t make any thing this morning except hourly , no tips at all . I am so mad !",2022-09-10 15:01:00,4,False,2.0,0.0,True,0.8673649430274963,0.7205977439880371,0.8126477599143982,0.6804960370063782,0.054717183113098145,0.040101706981658936
17,1064,"I am ready to go home already . I’m tired . I hate working doubles , but I need the money so bad . I am stressed due to money . I have stuff to pay with not a lot coming in right now . That’s one of the reasons I’m switching jobs .",2022-09-10 20:03:17,4,False,1.0,0.0,True,-0.4807683229446411,0.8304092288017273,-0.5704496502876282,0.8539917469024658,0.08968132734298706,0.023582518100738525
17,1065,"I am okay today . I am trying to do homework this morning as I start my new job today , just for training . I gave my two weeks at the other place , last day is the 24th of this month . That makes me happy ! That I do not have to deal with their Bull Shìt anymore . I am still stressed about money .",2022-09-11 11:04:12,4,False,1.0,1.0,True,0.7804330587387085,0.6969711780548096,0.7024848461151123,0.7018289566040039,0.07794821262359619,0.004857778549194336
17,1066,I am on the way to my new job . I am going to get some if the training done . So I am happy about that . I am still stressed about money . I am broke . I hate being broke . I have bills I need to pay . I am afraid I will not have enough to pay everything . I hate that feeling .,2022-09-11 15:05:52,4,False,2.0,1.0,True,0.0970386266708374,1.2749803066253662,-0.0211646929383277,1.3342705965042114,0.11820331960916511,0.059290289878845215
17,1067,"I am good . I am at my new job . It is a lot to learn ! A lot ! But I will get it . And I found out we have to wait for our tips , I do not like that at all . But maybe it will work out better that way . Who knows ?? Still stressed about money , but maybe that’ll be over soon too !!",2022-09-11 20:12:22,4,False,2.0,0.0,True,1.4705147743225098,0.7456421852111816,1.4517918825149536,0.7530478239059448,0.018722891807556152,0.007405638694763184
17,1068,"I feel pretty good today . I am a little hungry , but besides that I am god this morning . I am off today , but I do have a doctors appointment and then class for three hours . But no work !! I am starting to really stress about money . I did not make hardly anything at work last week , really the last ten weeks .",2022-09-12 10:29:47,4,False,1.0,1.0,True,0.9593047499656677,0.7057654857635498,0.915734052658081,0.721095085144043,0.04357069730758667,0.015329599380493164
17,1069,"I am okay . I feel okay . Pretty good actually today . I have gotten through my drs appointment and school for three hours , I have the evening off to work on school work . Study , whatever . But no work . I need to get as much as I can though tonight and tomorrow morning cause I’ll be busy the rest of the week with both jobs .",2022-09-12 15:39:14,4,False,2.0,0.0,True,1.0072300434112549,0.6806970834732056,0.8721295595169067,0.7093872427940369,0.13510048389434814,0.0286901593208313
17,1070,"I am starting to feel a little bad this evening . My legs are bothering me and I am super tired . I am ready to go to bed , but I have my grandson . I am still stressed about money . The 20th is getting closer and closer . I am getting worried .",2022-09-12 21:46:20,4,False,2.0,0.0,True,-1.357761025428772,0.39831826090812683,-1.3590539693832395,0.3944445848464966,0.0012929439544675514,0.003873676061630249
17,1071,"I am doing school work and I have my grandson . He is two . So I am trying to Do it . I have to work this evening at my old job . Hopefully I make some money , because I sure need it to pay some bills . I do not know what to do about money right now . I am so stressed . I feel okay , just stressed .",2022-09-13 10:00:51,4,False,2.0,0.0,True,-0.04087644815444946,1.317831039428711,-0.0643589347600936,1.3353742361068726,0.023482486605644143,0.01754319667816162
17,1072,"I am feeling okay . Not the greatest , but I’m okay . I am just getting to work . I need to eat , so I came   in early . I hate looking at food and being hungry !! I am stressed about money , hopefully I make some tonight . I sure need it .",2022-09-13 15:00:48,4,False,2.0,0.0,True,0.5454515814781189,0.7604376077651978,0.4469576776027679,0.7440486550331116,0.09849390387535101,0.01638895273208618
17,1073,"I am at work . I do not feel very good . I have one table left and I have finished everything , except that table . I wish they would go so I could go home !! I am so tired tonight . I am so stressed . I just want to go home .",2022-09-13 21:25:14,4,False,-1.0,1.0,True,-1.3587675094604492,0.5669878721237183,-1.4002984762191772,0.6023142337799072,0.04153096675872803,0.035326361656188965
17,1074,"I had my first inspection today for my home , I was stressed about that because my boyfriend smokes in garage and we aren’t supposed to . But I think everything went okay . I am still stressed about money . My back is hurting today . I have class at 12 : 30 . I am trying to do schoolwork that I do not completely understand .",2022-09-14 10:49:33,4,False,1.0,0.0,True,-0.18027521669864655,1.4877060651779175,-0.233158066868782,1.4964170455932615,0.05288285017013544,0.008710980415344016
17,1115,"I do not feel well at all . I am hurting very badly . My legs and my back . It has been for   several days now . I go to the dr I’m the morning . Other than that I’m ok I guess . Money could be better , but hopefully it will be soon .",2023-03-09 21:02:46,5,False,-2.0,0.0,True,-1.5773354768753052,0.22506669163703918,-1.5240981578826904,0.2269811928272247,0.053237318992614746,0.0019145011901855191
17,1116,"I am still hurting bad today . I am at a drs appointment at the moment . I have to with this evening . Not looking forward to that , but I do need the money . Not working for a month back in December really hurt me .",2023-03-10 10:07:24,5,False,-2.0,0.0,True,-1.2519253492355347,0.7060219645500183,-1.266926407814026,0.8032148480415344,0.015001058578491433,0.09719288349151611
17,1117,"I feel okay at the moment , but I’m fixing to into work . I’m hungry , I need to eat really quick . Hopefully tonight goes well , I am not able to do a lot cause of hurting so bad the last few days . Mentally I am ok I guess . I’m not too stressed at the moment .",2023-03-10 15:12:57,5,False,0.0,1.0,True,0.5199276804924011,0.766517698764801,0.5313226580619812,0.7898794412612915,0.011394977569580078,0.02336174249649048
17,1118,I was having a good night until someone took the wrong copy of their receipt . I worked for them and had to pay because of tip outs . That completely sucks . I don’t even feel like going this Shìt tonight ! And I get screwed ? Fuck that . I hate this Shìt sometimes .,2023-03-10 20:11:05,5,False,-1.0,1.0,True,0.01288339588791132,0.639098048210144,0.1745646744966507,0.7026937007904053,0.16168127860873938,0.06359565258026123
17,1119,"I feel okay this morning , hurting some still . I am working on schoolwork . I have to work this afternoon at 3 : 30 . Hopefully I will make some money , because I sure need it . I am content this morning . I’m not too stressed .",2023-03-11 10:03:54,5,False,1.0,1.0,True,1.0072450637817383,0.056965094059705734,0.9533736109733582,0.1566170156002044,0.05387145280838013,0.09965192154049868
17,1120,"I feel okay I guess , my back is beginning to hurt pretty badly . My shift starts in 29 minutes , so I’m fixing to head to work . I am content , not super happy at the money cause of hurting , but I am good .",2023-03-11 15:01:14,5,False,0.0,1.0,True,0.9407724142074585,0.1304466724395752,0.939440906047821,0.212934985756874,0.0013315081596374512,0.0824883133172988
17,1121,"I am okay tonight , still hurting , but the night has gone by quickly because I’ve been pretty busy . I do not feel good , but I need the money so   bad . I am still at work , I’m the bathroom stall at the moment filing this out . I am content , not stressed , and calm right now .",2023-03-11 20:05:38,5,False,2.0,0.0,True,0.5787978172302246,0.5090436339378357,0.5988515615463257,0.5177114009857178,0.020053744316101074,0.00866776704788208
17,1122,"I am okay this morning . I am content , tested , not hurting too bad , and I have the day , and tomorrow off from work . Although , I do have schoolwork to do . My other half has to work , so I can concentrate on my school work today , for the most part anyway . I’m not stressed . I am working and making money .",2023-03-12 10:05:11,5,False,2.0,0.0,True,1.281298041343689,0.1299256831407547,1.2097485065460205,0.1939586699008941,0.07154953479766846,0.06403298676013941
17,1123,"I am hurting bad again , so I am not feeling well . I need to take a test for school , but it’s is timed , 75 minutes . I don’t feel up to that right now .   But I’ll get it done . I’m very tired . But I am content . I am not happy happy , but I am okay . I am off from work , that is one thing . I can relax today , besides doing schoolwork .",2023-03-12 15:01:29,5,False,-2.0,0.0,True,-0.18694794178009033,0.2410546839237213,-0.2321145683526992,0.2679987847805023,0.045166626572608864,0.026944100856781006
17,1124,"I am still doing schoolwork , but I have gotten a lot done today I think . I am caught up on everything I need to do and I am a little ahead as of right now . I just took a test and made a 94 . I have a 4 . 0 gpa this semester , so I’d say I am doing well in that aspect . I am content . Not sad , not stressed . I got money coming tomorrow and Wednesday , so that’s good and I’m off tomorrow again . Happy days",2023-03-12 20:01:10,5,False,0.0,1.0,True,1.3093421459197998,0.4919695258140564,1.2957708835601809,0.5147062540054321,0.013571262359618919,0.022736728191375732
17,1125,"I am okay this morning . I am hurting a little , but not too awful bad yet . I got my money from the school , my pell grant , so that’s good . I can post some bills and buy some new work shoes , as they are expensive . This makes me less stressed about money for sure .",2023-03-13 10:06:18,5,False,2.0,0.0,True,0.4428049921989441,0.8150795698165894,0.4046761691570282,0.8706588745117188,0.038128823041915894,0.055579304695129395
17,1126,"I am good . I spent the Afternoon with my daughter , did a little shopping . Got my granddaughters birthday presents and some new work shoes . I needed them , my feet were killing Me at the end of my shift . I am content . I am good . Not stressed . I have a little money , that helps a lot . Plus I’m off today . Yay .",2023-03-13 15:01:00,5,False,2.0,0.0,True,1.1192560195922852,0.4432331621646881,1.1273988485336304,0.4921007454395294,0.008142828941345215,0.04886758327484131
17,1127,"I am content and calm this evening . I have been off today and yesterday from work , so I am rested , until tomorrow anyway . I work a double tomorrow . Not looking forward to that at all . But I an ok right now",2023-03-13 20:09:24,5,False,2.0,0.0,True,1.6015665531158447,-0.09828677028417587,1.5907642841339111,-0.0633395910263061,0.010802268981933594,0.034947179257869776
17,1128,I am okay . I just got to work so I do not have long to do this . I am okay though . I am in a pretty good mood I guess . Been up since early . I had to take my daughter to work . It’s going to be a good day .,2023-03-14 10:04:19,5,False,2.0,0.0,True,1.408027172088623,0.5897490382194519,1.3765846490859983,0.6529920101165771,0.031442523002624734,0.06324297189712524
17,1129,"I am okay . I am good . I am in a good mood today . I made a little cash this morning but I’m walking out the door to go to my other job for this evening . Still serving , just a different place .   Anyhow , they are both money . I am having a pet good day",2023-03-14 15:02:45,5,False,1.0,1.0,True,1.7144521474838257,0.7240915298461914,1.690208911895752,0.762155294418335,0.02424323558807373,0.038063764572143555
17,1130,"My feet hurt and I’m ready to go home . I spent 150 on non slip shoes that aren’ Are slipping every where . I am really upset about that . I am tired , but I am content . Other than that , I am good . I am ready to go home and go to bed .",2023-03-14 21:28:12,5,False,-2.0,0.0,True,0.38039344549179077,0.3901735246181488,0.3810025155544281,0.4280419051647186,0.0006090700626373291,0.03786838054656977
17,1131,"I am okay today , kind of hurting some . I just had three teeth fixed that have been broken for a while , so that is a good thing . I work later , not really looking forward to that , but like always I need the money . I am very happy about my teeth being fixed , as it hurt to eat before .",2023-03-15 10:51:53,5,False,1.0,0.0,True,0.6390591263771057,0.7548248767852783,0.6326572299003601,0.8310079574584961,0.0064018964767456055,0.07618308067321777
17,1132,"I took my shoes back , after cleaning then really well . They took them back . I figured I would try and it worked , thankfully . I am fixing to leave to go to work . I an okay , I am hurting a little today . Other than that I a good though . Can not wait to get home and see   my man tonight , I am missing him today . I am content , happy , and calm .",2023-03-15 15:05:11,5,False,2.0,0.0,True,1.5483795404434204,0.2097131907939911,1.5591288805007937,0.2424587607383728,0.010749340057373269,0.032745569944381714
17,1133,"I am done at work , no more tables at the moment . But we have to stay and clean the floors , what fun for everyone ! I am ready to go home . I’m tired . I have to work all day tomorrow , and that is a lot on me . But I’ll be okay .",2023-03-15 20:12:55,5,False,1.0,0.0,True,-0.09954571723937988,0.7899526357650757,-0.0777044668793678,0.8599969148635864,0.021841250360012082,0.07004427909851074
17,1134,"I am running late this morning . I am on the way to work , but later by about 25 minutes . I had school work to do and had to run somewhere before work . Other than that I am good . I’m content and not stressed this morning . Making okay money again so that helps a lot . I’m just tired a lot between that and school too .",2023-03-16 10:19:30,5,False,2.0,0.0,True,0.7390600442886353,0.12351424992084503,0.8087722063064575,0.1856837123632431,0.06971216201782227,0.06216946244239807
17,1135,"I just got screwed out of $130 that I should   not babe have . That really makes me angry . I can’t drop crying and I’m so mad . I got the night off from work , which is cool . But I’m off tomorrow night as well , and I didn’t think about that . I could’ve worked this evening . I thought I was off next Saturday , but I was wrong . Great Shìt , huh ? lol",2023-03-16 15:22:38,5,False,-2.0,1.0,True,-0.5778653621673584,1.09083890914917,-0.5961712002754211,1.145200252532959,0.018305838108062744,0.05436134338378906
17,1136,"I am okay , now . I sure was bit earlier though . I was so upset . I do not have the money for someone to just charge me for an extra 135 . 00 . I just do not get it . Anyway , I paid most of it and a lot of other stuff today . At least I don’t have to worry with that .",2023-03-16 20:16:38,5,False,2.0,0.0,True,0.06370505690574646,0.9145885705947876,0.0302783995866775,0.9594224691390992,0.033426657319068964,0.044833898544311634
17,1137,"I content and okay this morning . I feel okay , so that helps a lot . I have to work this evening , but that’s fine too . They gave me the night off last night and I got to keep my grandson . So I got to see him and spend some time with him . That makes me happy , as long as he’s good . lol",2023-03-17 10:03:34,5,False,2.0,0.0,True,1.6462666988372803,0.00625466788187623,1.603754997253418,0.0335433445870876,0.042511701583862305,0.027288676705211366
17,1138,"I am doing fine today . I feel okay . Got most of my bills paid now . I just got to work for   the evening . I hate serving , but I love the money I can make , so I guess it evens out . lol . Anyway , I hope it will be a good night .",2023-03-17 15:23:20,5,False,2.0,0.0,True,1.0423699617385864,0.5451065301895142,1.0049017667770386,0.5657602548599243,0.03746819496154785,0.020653724670410156
17,1139,"I have had one shitty night . It was supposed to be a good night !!! I hate life sometimes and I hate freaking people sometimes !! Sometimes I just feel like I don’t want to do this anymore . Not that I won’t , just feel like that . I’m very sad and angry . I’m calm , but angry .",2023-03-17 20:22:15,5,False,2.0,0.0,True,-1.464830756187439,0.9884452819824219,-1.3883529901504517,1.027872085571289,0.0764777660369873,0.03942680358886719
17,1099,"I am off today . I feel okay today , so that is good . So far anyway . I have some school work to do , so that is what I am   working on now . Hopefully today will be a good day , especially after the night I had last night . It was a terrible night .",2023-03-18 10:09:09,5,False,0.0,1.0,True,0.5553292632102966,0.5384284853935242,0.503641664981842,0.5565973520278931,0.05168759822845459,0.018168866634368896
17,1100,"I have waited my whole day . Sleeping on and off . I am just so tired . Exhausted is more like it . Other than that , I am good today . It’s my day off today . I am feeling good and I am okay . Have a great day whomever is ? this vv",2023-03-18 15:01:19,5,False,-2.0,0.0,True,-0.9837059378623962,0.08950431644916534,-0.9738045930862428,0.0819743573665618,0.009901344776153453,0.007529959082603538
17,1101,"I have been so tired all day today . I have slept most of the day away . I haven’t gotten much school work done today and I needed to . I’ll have to get up early in morning and get done fine before work . Other than that I’m good . I’m not hurting too Bad today , so that is good .",2023-03-18 20:09:17,5,False,-2.0,0.0,True,-0.6921365261077881,-0.05602696165442467,-0.4733549654483795,0.0655015632510185,0.21878156065940857,0.12152852490544316
17,1102,"I am okay right now , but I do have to work tonight . I have a lot of schoolwork to do , I should’ve done more yesterday , now I’m going to get behind or have a lot to do over the next few days . To top it off I read the wrong chapter in one class , so now I have to do that again . On top of working tonight . Uggghh . I’m content , quiet , calm at the moment .",2023-03-19 10:50:16,5,False,0.0,0.0,True,1.0223549604415894,0.10141433030366898,0.9803460836410522,0.1040940806269645,0.04200887680053711,0.002679750323295524
17,1103,"I am tired and don’t feel very good . I wish I didn’t have to with this evening . But I have to leave in like 10 minutes to head that way . I need the money , so I’ll go . We have bills to pay . Just life I guess . I’m just tired .",2023-03-19 15:01:28,5,False,-2.0,0.0,True,-1.1872031688690186,0.21295298635959625,-1.1856154203414917,0.2477252185344696,0.0015877485275268555,0.03477223217487335
17,1104,"I am at work , trying to close down for the night . It was slow , but I still made 100 . Fortunately . One table even stiffed me tonight . That sucked . Other than that I’m okay , content and calm . I am fixing to go home , so that makes me happy . Yaaay",2023-03-19 20:40:18,5,False,2.0,0.0,True,0.9540640115737915,0.29490068554878235,0.9690375924110411,0.3466792404651642,0.014973580837249645,0.051778554916381836
17,1105,"I am okay , content , calm , quiet . I am home alone , doing school work . I have all day with the exception of a mandatory meeting at work at 4 today , other than that I can concentrate on my schoolwork and get a lot done today . I feel okay today , so far anyway . I’m not stressed , not yet anyway lol .",2023-03-20 10:03:55,5,False,0.0,0.0,True,1.3399783372879028,0.14330394566059113,1.3791011571884155,0.1709600090980529,0.039122819900512695,0.02765606343746177
17,1106,"I am okay . I’ve been working on schoolwork all morning . But I have to leave soon to go to a 4 : 00 mandatory meeting at work . They are rolling out a new menu . At least we get to eat . For free . So we can try everything new if we like . That will be good at least . My back is hurting a little , but I’m okay mainly .",2023-03-20 15:02:37,5,False,0.0,1.0,True,0.7631609439849854,0.9661077260971069,0.7069122195243835,1.001745343208313,0.05624872446060181,0.035637617111206055
17,1107,"I do not feel good . My back and legs are hurting . I just fell asleep because I was waiting on them to stop while laying down . It sucks , bad . But I will be okay , when am I not ?? I’m very quiet today . Very claim . Just tired .",2023-03-20 20:52:35,5,False,-2.0,0.0,True,-1.6790558099746704,0.212009459733963,-1.6553715467453003,0.2143782377243042,0.023684263229370117,0.0023687779903411865
17,1108,"I just got to work . I hate working here two mornings a week . I like my evening job much better . But this is cash and the other is every two week . Anyway I’m ok , hurting a Little . I’m content . I’m calm . I’m quiet . Ready to get this over with",2023-03-21 10:01:07,5,False,0.0,1.0,True,0.46963998675346375,0.49648597836494446,0.4504949450492859,0.5998972654342651,0.019145041704177856,0.10341128706932068
17,1109,"Hi to whoever is reading this . I can never think of anything so I just tell you how I am feeling . I am   okay . I feel okay . Hurting some , but mainly I’m okay . My bills are mainly paid , so I’m not stressing that at the moment . I don’t have a lot of money , but everything that needed to get paid is paid . That’s a good thing .",2023-03-21 15:00:59,5,False,1.0,1.0,True,1.0914558172225952,0.5251443386077881,1.07351815700531,0.5837224721908569,0.017937660217285156,0.05857813358306885
17,1110,"Having a pretty good night so far . Started out hurting really bad , but that’s eased up some now . I do feel better , probably walked it off . I am ready to go home though . I’m tired . I am content , calm . A bit lively tonight . Have a great evening !!",2023-03-21 20:05:18,5,False,1.0,2.0,True,1.1657482385635376,0.21347838640213013,1.102819561958313,0.2731613218784332,0.06292867660522461,0.0596829354763031
17,1111,"You need more choices in how we feel , like aggravated being one ! I am so aggravated with my school work at the moment . Other than that I am okay I guess . I feel okay . Just trying to figure out an assignment for school and I don’t know what to do for it at all .",2023-03-22 10:09:22,5,False,-1.0,1.0,True,0.6825973987579346,0.7451425790786743,0.802284836769104,0.7860879302024841,0.11968743801116943,0.040945351123809814
17,1112,"I am getting ready to leave to go to work . They just put in the app that 2 could have the night off , I wanted to reply so bad , but I need the money on my check and need it period . I have bills coming up . I am okay right now . Had a pretty good day so far . I got to see my daughter for a little bit , that’s always a good thing . Have a good day !!",2023-03-22 15:01:46,5,False,0.0,1.0,True,0.6659026145935059,0.9302724599838257,0.6873258352279663,1.0629287958145142,0.02142322063446045,0.13265633583068848
17,1113,"I just got done eating . I was supposed to work but it was really slow so I went home . Trying to work on schoolwork . I am I little tired , but I guess I am okay other than that . I do wish I has more energy .",2023-03-22 20:06:56,5,False,0.0,1.0,True,-0.6304659247398376,0.4959295094013214,-0.5156955718994141,0.707405686378479,0.11477035284042358,0.2114761769771576
17,1114,"I am pretty good this morning . I just got to work and I was late . I fell back to sleep , I did not mean to . I would not have come if I did not need the money . I do not like this place . But I am only here 2 days a week . So I will deal right now . Hello by the way !",2023-03-23 10:26:09,5,False,2.0,0.0,True,0.7519218325614929,0.586405873298645,0.745015025138855,0.6645361185073853,0.0069068074226379395,0.07813024520874023
17,1155,"I just woke up . I feel ok . I have to work today . I am content , not really happy because I   just opened my eyes . I have about gotten my bills all caught up , so I’m not stressed out . I work in a few hours . From 1 : 00 until I get cut tonight . Not looking forward to that .",2023-06-25 10:45:16,6,False,1.0,0.0,True,1.257620096206665,0.16158021986484528,1.2106982469558716,0.2333154529333114,0.04692184925079346,0.07173523306846613
17,1156,"I’m okay , pretty content/happy . I’m at   work , just happen to be on   break at the moment . I’m fixing to go back in though . I only had one table when I got there , then went on break . lol . What a waste of time ! That aggravated me ,   but it is what it is . I’m okay besides that , I feel okay today .",2023-06-25 15:00:53,6,False,1.0,1.0,True,1.9034334421157837,0.12667794525623322,1.8774198293685915,0.1955476403236389,0.02601361274719216,0.06886969506740567
17,1157,"I feel bad right now . My stomach starting hurting really bad at work and I had to leave early . Thankfully they let me . They are good about that . I am content and calm , other than that . I’m not really stressed about money right now .",2023-06-25 20:06:59,6,False,0.0,1.0,True,-0.4143493175506592,0.21856571733951569,-0.3761915266513824,0.3005035817623138,0.03815779089927679,0.0819378644227981
17,1158,"I am up and alive ! I’m content and calm . I have the day off today , so I’m running some errands . I feel okay right now , so that’s good . I can relax today , no work . I go back to work tomorrow evening . That’s ok though , because I like the people I work with .",2023-06-26 10:07:11,6,False,2.0,0.0,True,1.3976740837097168,0.053204674273729324,1.3295623064041138,0.1486679166555404,0.06811177730560303,0.09546324238181109
17,1159,"I am okay . I guess I feel okay , so that should mean I’m okay , right ? I’m not stressed about money . I am stressed about 2 of my grown children though . They have some health issues going on , and I can’t help but to worry about them . Other than that , I’m okay .",2023-06-26 15:15:31,6,False,-1.0,0.0,True,1.2068336009979248,0.2859058678150177,1.2034474611282349,0.3402848541736603,0.0033861398696899414,0.05437898635864258
17,1160,"I do not feel the best tonight , I hate feeling bad . My legs hurt so bad . I absolutely HATE feeling like this . I guess I am stressed about my kids , their health , 2 of them anyway . I wish I was rich and could god what I could for them , but I barely scape by myself .",2023-06-26 20:04:15,6,False,-1.0,0.0,True,-1.5829187631607056,0.326905220746994,-1.509787678718567,0.3868902623653412,0.07313108444213867,0.05998504161834717
17,1161,"I just had to pull my account Negative to post something my step daughter told me was paid already . So   I am stressed out about that . My stomach hurts . I don’t feel good right now . I am so sick of Shìt happening with my bills ! Last month we lost our Internet provider babies they said we were paying with faulty cards , that we didn’t own . We’ve only paid it with one card the whole time . It’s just ridiculous .",2023-06-27 10:04:34,6,False,-1.0,1.0,True,-1.2553889751434326,1.1583279371261597,-1.187259554862976,1.1632018089294434,0.06812942028045654,0.004873871803283691
17,1162,"I am very tired today . I did not sleep well last night . Not I’m on the way to work , tired as hell . My stomach is hurting , o tried to get out of work , no such luck . Maybe it will be a good night anyway .",2023-06-27 15:06:40,6,False,-1.0,0.0,True,-1.5512956380844116,0.11219847947359085,-1.5171290636062622,0.1483555436134338,0.034166574478149414,0.03615706413984296
17,1163,"I am at work . I feel okay , just really tired today . I did not sleep well last night . I’m worried about 2 out of 5 of my children , their health . That doesn’t help me sleep well . I feel okay other than that I guess . I am ready to go home .",2023-06-27 20:23:49,6,False,1.0,0.0,True,0.07781311869621277,0.23772215843200684,0.0365384295582771,0.2819964289665222,0.041274689137935666,0.04427427053451538
17,1164,"I am okay . I feel okay . Just tired . I have to work this evening , so I have the day off until 3 : 30 anyways . I get so tired of working , but you need money so what can you do ? But I get bored as hell not working too , so again , what can you do ?",2023-06-28 10:01:07,6,False,0.0,0.0,True,-0.1095460057258606,0.19496405124664307,-0.0220917314291,0.3000386357307434,0.0874542742967606,0.10507458448410034
17,1165,"I am on the way to work . I am running late . Because I am hungry . My stomach is hurting because I’m so hungry , so I just had to get something . I am okay today , not feeling too bad I guess , and that always helps .",2023-06-28 15:21:53,6,False,1.0,0.0,True,-0.6624126434326172,0.9599421620368958,-0.6588814854621887,1.0317509174346924,0.003531157970428467,0.07180875539779663
17,1166,"I feel okay . I’m still at work . It’s been pretty slow , which definitely affects my money . I’m not hitting right now , so that’s a plus . I am ready to go home though . I’m really tired . About ready for bed , lol .",2023-06-28 20:19:43,6,False,2.0,0.0,True,-0.12663066387176514,0.46819183230400085,-0.1101017221808433,0.6017770171165466,0.01652894169092184,0.13358518481254578
17,1167,"I woke up late . Had to be at work at 11 , and woke up see 10 : 30 . I told you yesterday how tired I was . And I hate Thursdays . They are so slow at work . I need the money , so hopefully it’ll be busy . It if   nice out . I feel okay besides being tired .",2023-06-29 10:55:17,6,False,-1.0,0.0,True,-1.0701850652694702,0.15102866291999817,-0.9705162048339844,0.2150065153837204,0.09966886043548584,0.06397785246372223
17,1168,"I slept in , not on purpose , by accident , but I feel so much better today ! I’m not nearly as tired ! I am at work . Today has been okay . I’m not hurting yet today , so that’s   a good thing . Work has been okay today .",2023-06-29 15:01:46,6,False,1.0,2.0,True,0.762795090675354,0.5258878469467163,0.709259033203125,0.5441884994506836,0.053536057472229004,0.018300652503967285
17,1169,"I have had a good day . I haven’t been hurting too awfully bad . Work has been okay . The best part is I have felt okay , I am still tired , but not like I was . Thankfully . I am fixing to get off work , but I still have one table left at the moment . I am waiting on them to get done .",2023-06-29 20:13:17,6,False,1.0,2.0,True,0.8833277225494385,0.4825586974620819,0.8375231027603149,0.5394933223724365,0.045804619789123535,0.056934624910354614
17,1170,"My stomach is hurting this morning . Not feeling the best . But I have not been up long , so we will see how the day goes . My back and legs are hurting today . Maybe it’ll go away . I’m not too stressed at the moment . But that may come later . I don’t know . I’m getting too old to serve !!",2023-06-30 10:22:07,6,False,-1.0,0.0,True,-0.895101010799408,0.5700187683105469,-0.815513014793396,0.6629341244697571,0.07958799600601196,0.0929153561592102
17,1171,"I’m at work , in the bathroom . I don’t have long . I have two tables and I’m waiting in drinks . I feel ok , although I didn’t this morning . I felt really bad . Thankfully I feel better now . I’m not too stressed , so that’sgood .",2023-06-30 16:06:17,6,False,1.0,2.0,True,0.43855032324790955,0.9209353923797607,0.3381379544734955,1.0614383220672607,0.10041236877441406,0.1405029296875
17,1172,"I at work and my umph is wearing down . My energy is depleting . We still have 50 minutes until close , then side work , side work , side work !! I still feel okay , I’m just tired . Ready   to go home . Just to do it all day tomorrow .",2023-06-30 20:10:01,6,False,-1.0,0.0,True,-1.195332646369934,0.21764926612377167,-1.1378560066223145,0.2411610782146453,0.05747663974761963,0.023511812090873635
17,1173,"Hi ! I just got out the shower , trying to get ready for work . I don’t feel the Need , but not the worst other . I guess I’m okay right now . I do not really want to work though , but I need the money so I go , every day but one day a week . I get tired , I’m almost 50 now . But you got to do what you got to do , right ? I’m not stressed at the moment .",2023-07-01 10:01:47,6,False,0.0,1.0,True,0.5492731928825378,0.7983376383781433,0.5887349247932434,0.8339343070983887,0.039461731910705566,0.03559666872024536
17,1174,"I am okay today . A little tired , and hurting a little , but I’m okay . I’m at work . Had to go to the bathroom . I’m still worried about my kids , but other than that I’m okay . Money is ok right now , bills are paid anyway .",2023-07-01 15:07:58,6,False,1.0,2.0,True,0.14512619376182556,0.42244842648506165,0.1964443176984787,0.4518754780292511,0.05131812393665314,0.029427051544189453
17,1175,"I just got off work . I am very tired . I am on the way home now , thankfully . My feet hurt really bad . Other than that , I am okay . Still worried about my kids , not so much money at the moment . I will be glad you get home .",2023-07-01 20:57:02,6,False,-1.0,0.0,True,-0.5509353280067444,0.255974143743515,-0.4474953413009643,0.3659412562847137,0.10343998670578008,0.10996711254119867
17,1176,"I am okay right now . I am still laying in bed at the moment , but I’ve been up and down for the last two hours . I am not hurting too bad at the moment . I have work in two   hours . Hopefully it’s busy , so I can make some money .",2023-07-02 10:00:56,6,False,0.0,1.0,True,0.29071515798568726,0.7817118763923645,0.3945358693599701,0.8037710785865784,0.10382071137428284,0.022059202194213867
17,1177,"I am very tired . My feet hurt really bad , so do my legs and I have a few hours left at work still . That sucks . I went in at 12 , not in on break . I am Tim to grab some food really quick . I do not feel very good today . I really don’t at all .",2023-07-02 15:07:19,6,False,-1.0,0.0,True,-1.5931999683380127,0.16599023342132568,-1.545393705368042,0.1981531381607055,0.0478062629699707,0.03216290473937983
17,1178,"I am on   the way home . I just got off work . I an do very tired . My head hurts from getting so hot . It is thumping right now . I will be glad to get home and just sit for a while . I an off tomorrow , thankfully .",2023-07-02 20:07:51,6,False,-2.0,0.0,True,-0.941683828830719,0.27917927503585815,-0.9170339107513428,0.2771929204463959,0.02464991807937622,0.0019863545894622803
17,1179,"Good morning . I feel okay this morning , so far . Today is my day off . I plan on going to get my grandson , my daughter , and we are going to my friends house to go to the pool for a bit . It should be fun . I do not ever do anything , so hopefully I’ll continue to feel ok .",2023-07-03 10:03:21,6,False,1.0,2.0,True,0.7014701962471008,0.7642728090286255,0.6349148750305176,0.7886491417884827,0.06655532121658325,0.024376332759857178
17,1180,"I did not end up going to the pool today with my grandson . I went and bought a bunch of stuff to take him and they would not let me . That was very disappointing for me , it upset me quite   badly . I guess that is life , he is not my child . I goes they do not trust me . I do not know . Anyway , I am tired today , but it’s my day off .",2023-07-03 15:00:54,6,False,0.0,2.0,True,-0.8016884326934814,0.569898247718811,-0.7645057439804077,0.5640162229537964,0.03718268871307373,0.0058820247650146484
17,1181,"I have emailed y’all , with no reply . I am not going to continue to do this with no pay . I haven’t gotten any compensation yet , and I have by now usually . Please check into this . Other than that I’m fine .",2023-07-03 20:00:57,6,False,0.0,1.0,True,0.3413410186767578,0.7538955211639404,0.4077680706977844,0.7530763745307922,0.06642705202102661,0.0008191466331481934
17,1140,"I have not been up long . I do not feel the best . My stomach is hurting today . I just got out of the shower . Getting ready for work . You need to check into my payment , I haven’t got one yet . Please check into that for me . It’s beginning to stress me out .",2023-07-04 10:01:58,6,False,-1.0,0.0,True,-1.1432621479034424,0.7405237555503845,-1.0263140201568604,0.7542620897293091,0.11694812774658203,0.01373833417892456
17,1141,"I am okay today . I am on break , I am   fixing to head back to work to finish out my shift . Why haven’ti gotten paid yet ??? That’s PERSON to stress   me out bad . I try so hard to do these for y’all and not miss one , but I’m not being compensated at all this time . Other than that , I am good today . Thank you",2023-07-04 15:06:47,6,False,0.0,1.0,True,1.3840278387069702,0.3197803199291229,1.4092696905136108,0.3269234597682953,0.025241851806640625,0.007143139839172363
17,1142,"Hello ! I want my money for doing this ! I have emailed y’all , no reply . I’ve put messages in here , no nothing . I need the money , that’s why I do this . I feel like Shìt . I’m hurting like hell . Go to hell",2023-07-04 21:49:44,6,False,-1.0,0.0,True,-1.1029835939407349,1.2312335968017578,-0.9768295288085938,1.2365837097167969,0.1261540651321411,0.0053501129150390625
17,1143,"Hello ! I feel like Shìt . That’s my honest answer in how I feel right now . They put me upstairs last night , and my hip is killing my this morning . It’s hard to walk . I work at 3 : 30 again today . Hopefully I’m not updated again ! I’m not really stressing , just hoping my check comes through today like it usually does , I’m not sure cause yesterday was a holiday . I need to post my rent today .",2023-07-05 10:03:43,6,False,-2.0,0.0,True,-0.7017638087272644,0.61258864402771,-0.5766443014144897,0.6580560207366943,0.12511950731277466,0.045467376708984375
17,1144,"I am still hurting . My hip , from climbing the stairs over and over again last night . It feels somewhat better , but it is still hurting . I am worried I won’t get my check in time to pay my rent in time . Which is today . Hopefully it comes through this evening where I can jump online and post it .",2023-07-05 15:02:15,6,False,-2.0,0.0,True,-1.1262357234954834,0.6000527143478394,-1.1041418313980105,0.7262798547744751,0.022093892097472922,0.12622714042663574
17,1145,"I feel a lot better this evening than I did this morning . My hip isn’t hurting like it was , that’s for sure . I got my rent paid , I was also worried about that being on time . Thankfully it was . I hope . I am tired , but I do not work until 3 : 30 tomorrow evening yaaay .",2023-07-05 22:19:10,6,False,0.0,0.0,True,0.640723466873169,0.6734775900840759,0.6995437741279602,0.7142267227172852,0.05882030725479126,0.04074913263320923
17,1146,"Hello . I still have not received any compensation for doing this . It is really starting to bother me , why am I doing this ?????\ nI feel okay , I’m just really tired . I’m so tired of being tired . And not feeling good . Is this all that getting older is ? Not feeling good ? Of course if I’m honest , I can’t remember the last time I did feel good .",2023-07-06 10:03:41,6,False,-1.0,0.0,True,0.7041023373603821,0.361698180437088,0.7841904759407043,0.4002231657505035,0.08008813858032227,0.03852498531341547
17,1147,"I am tired . I am also tired of feeling bad all the time . I am always tired , of course I’m not 20 anymore so I assume that has something to do with it . lol . I just get tired of feeling like this . Other than that , I hired I’m okay .",2023-07-06 15:22:26,6,False,-1.0,0.0,True,-1.2356959581375122,0.34524285793304443,-1.1373705863952637,0.4231680035591125,0.09832537174224854,0.07792514562606806
17,1148,"I am at work , I have an hour left to go , then sidework . Yay ! Not ! We have to scrub the floors tonight , so we will be here even later . I hate scrubbing the floors ! It sucks . My hip is feeling some better , thankfully . I could barely walk the other night",2023-07-06 20:06:03,6,False,1.0,0.0,True,-0.2922796308994293,0.8435100317001343,-0.1564943939447403,0.9058715105056764,0.13578523695468903,0.0623614788055421
17,1149,"I finally got my money for doing these !! Thank you ! I am feeling ok this morning . I do not work until 3 : 30 , but I have to go get my daughter at 12 , then do some running around before then . I’m not really stressing about anything today . I’m not hurting , yet , so that’sa good thing .",2023-07-07 10:00:40,6,False,1.0,1.0,True,0.9991328716278076,0.8650002479553223,1.045948147773743,0.9080384373664856,0.04681527614593528,0.04303818941116333
17,1150,"I’m starting to feel really tired and my legs are beginning to hurt .   My legs have hurt since I was a little girl . I don’t know why , but I hate it . It sucks bad . I’m not too stressed about anything . Although I would love not to go to work this evening .",2023-07-07 15:02:37,6,False,-1.0,0.0,True,-1.0820547342300415,0.24714520573616028,-0.8848931789398193,0.3316865861415863,0.19716155529022217,0.08454138040542603
17,1151,I got off work early cause I was not feeling good . I’m so tired . And don’t feel very good today . I think I feel better tonight than I did this morning though . I was dragging around 3 : 00 . I am not stressed out . I’m okay in that department .,2023-07-07 20:01:30,6,False,-1.0,0.0,True,-1.0857023000717163,0.1345781832933426,-0.990618109703064,0.1665194034576416,0.09508419036865234,0.03194122016429901
17,1152,"I am feeling okay this morning I guess . I have to work at 12 , so I am fixing to get ready . I have to work until close , but hopefully it’ll be good money . Hopefully I stay feeling okay as well . I hate feeling bad . I’m not stressed at the moment , I am okay I’m that department .",2023-07-08 10:49:42,6,False,0.0,1.0,True,0.9042507410049438,0.6531219482421875,0.9584726095199584,0.6821019649505615,0.05422186851501454,0.028980016708374023
17,1153,"I am on break . I have to go back in just a few minutes . We only get 30-45 minutes break . I have just enough time to come home , sit for a few   and go back . I feel okay today . My hip is hurting some , but not too awful bad today . I’m not too stressed . Have a great day !!",2023-07-08 15:10:25,6,False,1.0,0.0,True,0.7771878838539124,0.6689706444740295,0.8818813562393188,0.7562944889068604,0.1046934723854065,0.08732384443283081
17,1154,"I am at work . I am cut , but still have tables . I am tired . But overall it’s been a price good day . My legs are beginning to ache some . I am ready to go home , but my tables and sidework . Have a great night !!!",2023-07-08 20:48:33,6,False,0.0,0.0,True,-0.03411366045475006,0.5002654790878296,-0.0140817454084753,0.5335130095481873,0.02003191504627476,0.033247530460357666
18,1302,"Happy , Cheerful , Lucky , Inspired , Calm",2022-05-07 15:00:00,3,True,2.0,1.0,True,1.6306767463684082,1.0602316856384277,1.6838819980621338,1.104289174079895,0.053205251693725586,0.044057488441467285
18,1303,"Content , Calm , At ease , Accepting , Excited",2022-05-08 12:20:00,3,True,1.0,0.0,True,1.7676485776901245,0.14660093188285828,1.7500404119491575,0.2642285525798797,0.01760816574096702,0.11762762069702143
18,1304,"Calm , Content , Happy , Guilty , At peace",2022-05-08 16:34:00,3,True,1.0,0.0,True,1.558442234992981,0.2810160219669342,1.5682077407836914,0.4331078827381134,0.00976550579071045,0.1520918607711792
18,1286,"Content , Excited , Productive , Calm , At ease",2022-05-09 20:01:00,3,True,2.0,1.0,True,1.8046624660491943,0.4870905578136444,1.854741334915161,0.5584405660629272,0.050078868865966575,0.07135000824928284
18,1287,"Content , At peace , Happy , Excited , Pleasant",2022-05-10 22:14:00,3,True,2.0,0.0,True,1.8164645433425903,0.30659690499305725,1.914934515953064,0.5053032636642456,0.09846997261047363,0.19870635867118835
18,1288,"Calm , Excited , Happy , Optimistic , Content",2022-05-12 17:44:00,3,True,2.0,0.0,True,1.5569857358932495,0.7245665788650513,1.5524917840957642,0.8567387461662292,0.0044939517974853516,0.13217216730117798
18,1289,"Excited , Happy , Content , Stoked , Elated",2022-05-13 12:16:00,3,True,2.0,2.0,True,1.7504128217697144,0.9686369895935059,1.9060760736465452,1.190585374832153,0.15566325187683083,0.22194838523864724
18,1290,"Happy , Calm , Excited , Content , Pumped",2022-05-13 17:37:00,3,True,2.0,1.0,True,1.7731269598007202,0.8129554986953735,1.837668776512146,1.05364727973938,0.06454181671142578,0.24069178104400657
18,1291,"Happy , Excited , Loved , Calm , Content",2022-05-13 20:00:00,3,True,2.0,1.0,True,1.826096534729004,0.6743130683898926,1.961151123046875,0.8236867785453796,0.1350545883178711,0.14937371015548706
19,1313,"Awake , Busy , Annoyed , Overwhelmed , Aggravated",2021-06-15 12:02:00,1,True,0.0,2.0,True,0.28676891326904297,1.4896657466888428,0.2980938851833343,1.5237209796905518,0.011324971914291326,0.034055233001708984
19,1314,"Busy , Annoyed , Too much to do , Not enough time , Tired",2021-06-16 13:05:21,1,True,0.0,1.0,True,-0.006468548439443111,1.4047584533691406,-0.0505512207746505,1.5016640424728394,0.044082672335207386,0.09690558910369873
19,1315,"Overworked , Underpaid , Stressed out , Hungry , Thirsty",2021-06-17 12:08:12,1,True,0.0,1.0,True,-0.9226502180099487,0.6133570075035095,-0.8770914077758789,0.6924871802330017,0.045558810234069824,0.07913017272949219
19,1316,"Hungover , Tired , Achy , Hot , Hungry",2021-06-18 12:03:18,1,True,-2.0,0.0,True,-0.9063005447387695,0.3173297047615051,-0.8264236450195312,0.4000811874866485,0.07987689971923828,0.08275148272514338
20,1319,"Anxiety , Happy , Tired , Rested , Happy",2021-06-16 21:19:29,1,True,1.0,1.0,True,0.8832283020019531,0.9363865852355957,0.7128294110298157,1.095167636871338,0.17039889097213745,0.1587810516357422
20,1320,"Happy , Tired , Full filled",2021-06-17 22:00:20,1,True,1.0,1.0,True,0.9347548484802246,0.9042104482650757,1.1624290943145752,1.1326299905776978,0.22767424583435059,0.22841954231262207
23,1348,I have felt pretty good . I did have to work last night but after two days off it was easier to get through it and it was a little busy . I was also able to hang out with a coworker so it helped me cut some of the stress away .,2021-05-16 14:15:31,1,False,1.0,1.0,True,0.9784263968467712,0.6940957307815552,0.9330368638038636,0.7219673991203308,0.045389533042907604,0.027871668338775635
23,1336,Good day off with the family . It makes it easier to relax when I can spend time with my kids instead of stressing about what’s going on at home . But it’s been a good day until I have to go back later to work fir the next 6 days .,2021-05-17 12:03:46,1,False,2.0,1.0,True,0.9948847889900208,0.5241025686264038,0.8540335893630981,0.577796459197998,0.1408511996269226,0.05369389057159424
23,1337,"Again just work , I have a bunch of projects I’m doing at home right now so it’s tiering to work 10hrs and drive 2 hours , get up in the am and work on the house . Motivation is a big problem , especially in my advanced age , I sometimes need a day to relax .",2021-05-18 21:57:01,1,False,-1.0,0.0,True,-0.01610030233860016,0.8877395987510681,-0.0131169995293021,0.9602936506271362,0.0029833028092980593,0.07255405187606812
23,1338,"Tired , mostly just then end of the work week and I need to get through one more day . It gets tougher and tough to be customer facing all the time and pretend that you “care” when realistically we just want to make money . At work I just kinda shutdown , the same questions over and over again , you can only tell 10 people in a night that there is still food being cooked at 6 pm when the bar is full of people eating food .",2021-05-20 14:05:12,1,False,0.0,1.0,True,-0.7750647664070129,0.5342931151390076,-0.8809849619865417,0.5544446706771851,0.10592019557952881,0.02015155553817749
23,1339,"Got through work last night ok because I have a few days off , but it makes it easier to know I don’t have to travel to and from work for a few days . Again it’s just been tough to get through the days when you work 6 days in a row with one day off in between .",2021-05-21 15:57:51,1,False,1.0,1.0,True,0.16188472509384155,0.7399860620498657,0.0463564470410347,0.758853554725647,0.11552827805280685,0.01886749267578125
23,1340,"You know sleep is super important , when I get time off , I usually go to bed by 11 or 12 and the kids get me up by 7-8am . I feel a lot better today than I did yesterday just because of a good night sleep and not having to stress about going to work .",2021-05-22 16:08:37,1,False,1.0,1.0,True,0.4889236092567444,0.5029676556587219,0.4081132113933563,0.4771135151386261,0.08081039786338806,0.025854140520095825
24,1415,"Tired , Sneezy , Grumpy , Hopeful , Sore",2021-06-12 12:06:08,1,True,0.0,1.0,True,-0.638451874256134,0.41001200675964355,-0.6775139570236206,0.5460425615310669,0.03906208276748657,0.13603055477142334
24,1416,"Tired , Grumpy , Hot , Gross , Groggy",2021-06-12 17:13:01,1,True,0.0,1.0,True,-0.669963002204895,0.4675515294075012,-0.622208833694458,0.5823140144348145,0.04775416851043701,0.11476248502731323
24,1417,"Tired , Hot , Lethergic , Calm , Grumpy",2021-06-13 12:50:55,1,True,2.0,0.0,True,-0.1924753040075302,0.49484965205192566,-0.1440506130456924,0.6146857738494873,0.048424690961837824,0.11983612179756165
24,1418,"Stressed , Tired , Hot , Hungry , Headachy",2021-06-13 17:49:45,1,True,1.0,0.0,True,-0.5580647587776184,0.5970650911331177,-0.5272230505943298,0.7570821046829224,0.030841708183288574,0.1600170135498047
25,1490,"I am a heart person . Trust me I feel every emotion and sometimes for no reason . If I have a feeling inside me , I let it out , and I be ready for whatever consequences or results that feeling will bring .",2021-06-11 17:59:23,1,False,2.0,1.0,True,0.43804508447647095,1.4206998348236084,0.3214446604251861,1.400611162185669,0.11660042405128485,0.020088672637939453
25,1491,I’M LOOKING FORWARD TO THE END OF THE PANDEMIC .   I HOPE TO SEE ALL MY FRIENDS AND GO OUT DRINKING AGAIN .   BETTER WITH FRIENDS THAN DRINKING ALONE .   THIS PANDEMIC HAS MADE ME REALIZE HOD FRIENDS AND FAMILY ARE REALLY IMPORTANT .,2021-06-11 22:09:58,1,False,2.0,0.0,True,1.1527807712554932,0.9283541440963745,1.094609022140503,0.9907820224761964,0.058171749114990234,0.06242787837982189
33,2209,"Sleepy , Tired , Sluggish , Neutral , Quite",2022-09-07 20:19:14,4,True,0.0,0.0,True,-0.8379500508308411,0.28065186738967896,-0.5480424761772156,0.4292625486850738,0.2899075746536255,0.14861068129539484
33,2210,"Sleepy , Tired , Sluggish , Content , Quite",2022-09-08 11:12:01,4,True,-1.0,0.0,True,-1.0517817735671997,-0.07302311807870865,-1.1278642416000366,-0.0271816235035657,0.07608246803283691,0.045841494575142944
33,2211,"In pain , Jittery , Tired , Fatigued , Sleepy",2022-09-08 15:09:29,4,True,-2.0,2.0,True,-1.4668235778808594,0.8741443753242493,-1.4430879354476929,0.8493573069572449,0.023735642433166504,0.024787068367004395
33,2212,"Tired , Sleepy , Irritated , Fatigued , Quite",2022-09-08 20:00:56,4,True,-2.0,0.0,True,-1.3967669010162354,0.34404128789901733,-1.3384990692138672,0.3571234047412872,0.058267831802368164,0.013082116842269842
33,2213,"Sluggish , Tired , Fatigued , Sleepy , Annoyed",2022-09-09 10:09:37,4,True,-1.0,0.0,True,-1.9989229440689087,-0.05146121606230736,-1.943949818611145,-0.0366524122655391,0.05497312545776367,0.014808803796768258
33,2214,"Irritated , Mad , Angry , Tired , Sleepy",2022-09-09 15:40:23,4,True,-2.0,0.0,True,-1.1348782777786255,1.2282334566116333,-1.1521618366241455,1.2134569883346558,0.01728355884552002,0.014776468276977539
33,2215,"Sluggish , Tired , Sleepy , Irritated , Mad",2022-09-09 20:10:50,4,True,-1.0,0.0,True,-1.960539698600769,-0.06418979167938232,-1.914774775505066,-0.0523584298789501,0.045764923095703125,0.011831361800432226
33,2176,"Quite , Sleepy , Sluggish , Content , Calm",2022-09-10 10:10:09,4,True,2.0,0.0,True,0.029728740453720093,0.016326503828167915,-0.2804902791976928,0.0125272963196039,0.3102190196514129,0.003799207508564016
33,2177,"Quiet , Content , Calm , Neutral , Sleepy",2022-09-10 15:00:50,4,True,0.0,0.0,True,0.4340544641017914,0.21087026596069336,0.2846798896789551,0.3442927896976471,0.1493745744228363,0.13342252373695374
33,2178,"Quiet , Content , Calm , Excited , Happy",2022-09-10 20:45:14,4,True,0.0,0.0,True,0.9268307089805603,0.028971070423722267,0.7410148978233337,0.1909551620483398,0.18581581115722656,0.16198409162461752
33,2179,"Neutral , Content , Quiet , Sleepy , Emotional",2022-09-11 10:48:19,4,True,0.0,1.0,True,0.10990524291992188,0.7997736930847168,0.0216025412082672,0.9348717331886292,0.08830270171165468,0.13509804010391235
33,2180,"Sleepy , Tired , Fatigued , In pain , Emotional",2022-09-11 15:00:50,4,True,-1.0,0.0,True,-1.4144569635391235,0.3004681468009949,-1.4322130680084229,0.3325675129890442,0.017756104469299316,0.032099366188049316
33,2181,"Tired , Emotional , Sleepy , Content , Annoyed",2022-09-11 20:31:29,4,True,-2.0,0.0,True,-0.5853012800216675,0.6599400043487549,-0.5781190395355225,0.7538881301879883,0.0071822404861450195,0.0939481258392334
33,2182,"Annoyed , Mad , Irritated , Sleepy , Tired",2022-09-12 10:35:05,4,True,-2.0,0.0,True,-0.9558080434799194,1.3368468284606934,-1.0264286994934082,1.416174054145813,0.07062065601348877,0.07932722568511963
33,2183,"Annoyed , Mad , Irritated , Sluggish , Sleepy",2022-09-12 15:22:45,4,True,-2.0,0.0,True,-1.377787709236145,0.9168920516967773,-1.397812008857727,1.0157344341278076,0.02002429962158203,0.09884238243103027
33,2184,"Tired , Sleepy , Irritated , Annoyed , Mad",2022-09-12 20:16:55,4,True,-2.0,0.0,True,-1.1489039659500122,0.534592866897583,-1.174160361289978,0.5725924968719482,0.02525639533996582,0.037999629974365234
33,2185,"Sleepy , Tired , Annoyed , Irritated , Quiet",2022-09-13 10:32:43,4,True,0.0,1.0,True,-1.1522730588912964,0.40893638134002686,-1.2311159372329712,0.4280509948730469,0.0788428783416748,0.01911461353302002
33,2186,"Sleepy , Tired , Quiet , Irritated , Annoyed",2022-09-13 15:39:33,4,True,-2.0,0.0,True,-1.1059199571609497,0.2850567102432251,-1.189032793045044,0.3202727437019348,0.08311283588409424,0.03521603345870972
33,2187,"Sleepy , Quiet , Exhausted , Irritated , Annoyed",2022-09-13 20:01:50,4,True,-2.0,0.0,True,-1.5424888134002686,0.17954978346824646,-1.576740860939026,0.2208540141582489,0.034252047538757546,0.04130423069000244
33,2188,"Tired , Sleepy , Sluggish , Quiet , Restless",2022-09-14 10:02:25,4,True,-1.0,0.0,True,-1.4266897439956665,0.002305226866155863,-1.3830170631408691,0.0963308215141296,0.04367268085479736,0.09402559464797373
33,2189,"Sleepy , Tired , Sluggish , Irritated , Annoyed",2022-09-14 15:00:33,4,True,-2.0,0.0,True,-1.6913001537322998,0.21812750399112701,-1.684972047805786,0.2396619170904159,0.006328105926513894,0.021534413099288885
33,2190,"Sleepy , Tired , Mad , Annoyed , Exhausted",2022-09-14 21:48:03,4,True,-2.0,0.0,True,-1.4569190740585327,0.29140764474868774,-1.4928781986236572,0.3282656669616699,0.03595912456512451,0.03685802221298218
33,2191,"Quiet , Sleepy , Tired , Neutral , Anxious",2022-09-15 10:03:38,4,True,0.0,1.0,True,-0.21174557507038116,0.4299623668193817,-0.221301332116127,0.473650187253952,0.009555757045745822,0.04368782043457031
33,2192,"Sleepy , Tired , Irritated , Annoyed , Anxious",2022-09-15 15:02:36,4,True,-1.0,0.0,True,-1.2321364879608154,0.6136863231658936,-1.292255997657776,0.608513355255127,0.06011950969696067,0.0051729679107666016
33,2233,"Anxious , Sleepy , Tired , Annoyed , Overwhelmed",2023-03-11 20:07:21,5,True,0.0,1.0,True,-0.5746253728866577,1.3333098888397217,-0.5773828029632568,1.4742939472198486,0.002757430076599121,0.14098405838012695
33,2234,"Sluggish , Tired , Anxious , Jittery , Sleepy",2023-03-12 12:24:44,5,True,-2.0,0.0,True,-1.7304295301437378,0.19604140520095825,-1.671803593635559,0.2918329536914825,0.05862593650817871,0.09579154849052424
33,2235,"Sluggish , Tired , Content , Nervous , Anxious",2023-03-12 16:00:11,5,True,-1.0,0.0,True,-1.4538594484329224,0.11878712475299835,-1.426289439201355,0.2447115182876587,0.027570009231567383,0.12592439353466034
33,2236,"Tired , Sluggish , Anxious , Sleepy , Sad",2023-03-12 20:02:53,5,True,-1.0,0.0,True,-1.4378888607025146,0.20812565088272095,-1.3770020008087158,0.2923897206783294,0.06088685989379883,0.08426406979560846
33,2237,"Sluggish , Tired , Sleepy , Annoyed , Anxious",2023-03-13 10:21:17,5,True,-2.0,0.0,True,-1.701436161994934,0.08360816538333893,-1.6398385763168335,0.1662996411323547,0.061597585678100586,0.08269147574901578
33,2238,"Tired , Sluggish , Sleepy , Anxious , Annoyed",2023-03-13 15:01:26,5,True,-2.0,0.0,True,-1.4557487964630127,0.19255393743515015,-1.3934404850006104,0.2853938043117523,0.062308311462402344,0.09283986687660217
33,2239,"Sluggish , Tired , Sleepy , Annoyed , Mad",2023-03-14 10:02:45,5,True,-2.0,0.0,True,-1.8465837240219116,-0.021554796025156975,-1.74844491481781,0.0897121727466583,0.09813880920410156,0.11126696877181527
33,2240,"Tired , Annoyed , Sluggish , Sleepy , Anxious",2023-03-14 15:01:40,5,True,-2.0,0.0,True,-1.130656361579895,0.5310363173484802,-1.0398879051208496,0.6349721550941467,0.09076845645904541,0.1039358377456665
33,2241,"Tired , Sluggish , Sleepy , Content , Neutral",2023-03-14 20:01:01,5,True,-2.0,0.0,True,-1.0852941274642944,0.08893020451068878,-0.9973739385604858,0.2219086587429046,0.0879201889038086,0.13297845423221583
33,2242,"Tired , Sleepy , Sluggish , Annoyed , Mad",2023-03-15 10:50:39,5,True,-2.0,0.0,True,-1.4864367246627808,0.1588902771472931,-1.4268471002578735,0.256746768951416,0.05958962440490723,0.09785649180412292
33,2243,"Sleepy , Tired , Anxious , Calm , Quite",2023-03-15 15:44:30,5,True,0.0,1.0,True,-0.4408389627933502,0.35479307174682617,-0.4229779839515686,0.3601460456848144,0.017860978841781616,0.005352973937988226
33,2244,"Quiet , Tired , Sleepy , Anxious , Annoyed",2023-03-15 20:01:23,5,True,0.0,0.0,True,-0.5215880870819092,0.33647364377975464,-0.2839756906032562,0.326885312795639,0.23761239647865295,0.009588330984115656
33,2245,"Sleepy , Angry , Annoyed , Anxious , Jittery",2023-03-16 10:01:16,5,True,-1.0,0.0,True,-1.1848150491714478,1.289854884147644,-1.248473048210144,1.153334617614746,0.06365799903869629,0.13652026653289795
33,2246,"Sluggish , Tired , Angry , Annoyed , Mad",2023-03-16 15:01:26,5,True,-2.0,0.0,True,-1.741089105606079,0.13111762702465057,-1.6874409914016724,0.199908897280693,0.05364811420440674,0.06879127025604242
33,2247,"Tired , Sluggish , Aggravated , Mad , Annoyed",2023-03-16 20:02:45,5,True,-2.0,0.0,True,-1.7071549892425537,0.18596598505973816,-1.6568528413772583,0.2843348681926727,0.05030214786529541,0.09836888313293451
33,2248,"Sleepy , Tired , Anxious , Jittery , Quiet",2023-03-17 10:01:19,5,True,0.0,0.0,True,-0.9755474328994751,0.5140184164047241,-1.039717435836792,0.5272381901741028,0.0641700029373169,0.013219773769378662
33,2249,"Quiet , Sleepy , Tired , Calm , Neutral",2023-03-17 16:34:53,5,True,0.0,1.0,True,-0.207713320851326,0.3476261794567108,-0.0507370084524154,0.4586372673511505,0.15697631239891058,0.1110110878944397
33,2250,"Quiet , Anxious , Annoyed , Mad , Sleepy",2023-03-17 20:08:31,5,True,0.0,1.0,True,-0.31364816427230835,0.7031283974647522,-0.0903896242380142,0.5974997282028198,0.22325854003429416,0.10562866926193237
33,2251,"Tired , Sleepy , Sluggish , Anxious , Sad",2023-03-18 10:49:12,5,True,-2.0,0.0,True,-1.299859881401062,0.2572782337665558,-1.2224913835525513,0.3499552309513092,0.07736849784851074,0.09267699718475342
33,2252,"Tired , Sleepy , Sad , Anxious , Annoyed",2023-03-18 15:06:00,5,True,-1.0,1.0,True,-0.8999562859535217,0.5666905641555786,-0.8493403196334839,0.6641629338264465,0.05061596632003784,0.09747236967086792
33,2253,"Tired , Sluggish , Sleepy , Annoyed , Anxious",2023-03-18 21:11:42,5,True,-2.0,0.0,True,-1.4780031442642212,0.1853415071964264,-1.4424439668655396,0.2595105469226837,0.03555917739868164,0.07416903972625732
33,2254,"Tired , Sluggish , Sleepy , Angry , Annoyed",2023-03-19 10:48:49,5,True,-2.0,0.0,True,-1.6082360744476318,0.09722645580768585,-1.55146062374115,0.1869691759347915,0.056775450706481934,0.08974272012710566
33,2255,"Sleepy , Tired , Anxious , Annoyed , Mad",2023-03-19 15:14:57,5,True,0.0,1.0,True,-0.9740580320358276,0.5670430064201355,-1.0126200914382937,0.561920702457428,0.03856205940246604,0.0051223039627075195
33,2256,"Tired , Anxious , Sleepy , Jittery , Angry",2023-03-19 20:01:16,5,True,-2.0,0.0,True,-0.7136978507041931,1.104814052581787,-0.6516894102096558,1.1613401174545288,0.062008440494537354,0.0565260648727417
33,2216,"Tired , Sluggish , Anxious , Sleepy , Annoyed",2023-03-20 10:16:56,5,True,-2.0,0.0,True,-1.4838570356369019,0.20371337234973907,-1.438424587249756,0.2900712788105011,0.045432448387145774,0.08635790646076202
33,2217,"Sleepy , Annoyed , Tired , Mad , anxious",2023-03-20 15:01:45,5,True,0.0,1.0,True,-1.1177159547805786,0.6969650983810425,-1.0641645193099976,0.7928937077522278,0.053551435470581055,0.0959286093711853
33,2218,"Tired , Sleepy , Quiet , Content , Calm",2023-03-20 22:58:44,5,True,0.0,0.0,True,-0.4744495153427124,-0.047666873782873154,-0.3857601583003998,0.0365478135645389,0.08868935704231262,0.08421468734741205
33,2219,"Sleepy , Tired , Annoyed , Mad , Angry",2023-03-21 10:05:51,5,True,-2.0,0.0,True,-1.1041957139968872,0.5193870663642883,-1.1422511339187622,0.534513533115387,0.038055419921875,0.015126466751098633
33,2220,"Tired , Sleepy , Annoyed , Mad , Anxious",2023-03-21 15:22:30,5,True,-1.0,1.0,True,-0.8960689902305603,0.5615122318267822,-0.8391340970993042,0.6551680564880371,0.056934893131256104,0.09365582466125488
33,2221,"Tired , Sluggish , Anxious , Annoyed , Jittery",2023-03-21 20:28:25,5,True,-2.0,0.0,True,-1.360613465309143,0.5624309778213501,-1.3610317707061768,0.6154133081436157,0.0004183053970336914,0.052982330322265625
33,2222,"Mad , Annoyed , Anxious , Tired , Sleepy",2023-03-22 10:01:19,5,True,-2.0,0.0,True,-0.6806001663208008,1.2980238199234009,-0.6267448663711548,1.3769454956054688,0.053855299949645996,0.07892167568206787
33,2223,"Annoyed , Sluggish , Tired , Sleepy , Anxious",2023-03-22 15:01:07,5,True,-2.0,0.0,True,-1.3867110013961792,0.5676333904266357,-1.3656312227249146,0.6213616132736206,0.02107977867126465,0.05372822284698486
33,2224,"Annoyed , Mad , Anxious , Tired , Sleepy",2023-03-22 20:01:03,5,True,-2.0,0.0,True,-0.6568707227706909,1.4211910963058472,-0.6796649694442749,1.4610379934310913,0.022794246673583984,0.03984689712524414
33,2225,"Annoyed , Mad , Sleepy , Tired , Sluggish",2023-03-23 10:31:45,5,True,-1.0,0.0,True,-1.2152775526046753,0.8046704530715942,-1.207089066505432,0.8178361058235168,0.008188486099243386,0.013165652751922607
33,2226,"Tired , Sluggish , Annoyed , Mad , Angry",2023-03-23 15:00:53,5,True,-2.0,0.0,True,-1.564111590385437,0.2868223488330841,-1.5313323736190796,0.3323448896408081,0.03277921676635742,0.045522540807724
33,2227,"Sluggish , Tired , Sleepy , Annoyed , Mad",2023-03-23 20:00:41,5,True,-2.0,0.0,True,-1.8465837240219116,-0.021554796025156975,-1.7789348363876345,0.0516185797750949,0.06764888763427712,0.07317337580025188
33,2228,"Sluggish , Tired , Sleepy , Anxious , Jittery",2023-03-24 10:08:30,5,True,-2.0,0.0,True,-1.7637431621551514,0.15050821006298065,-1.732817769050598,0.2238401025533676,0.030925393104553445,0.07333189249038694
33,2229,"Sleepy , Tired , Anxious , Jittery , Nervous",2023-03-24 15:00:54,5,True,-2.0,0.0,True,-1.1675490140914917,0.6932064294815063,-1.2711412906646729,0.6399253010749817,0.10359227657318115,0.05328112840652466
33,2230,"Annoyed , Anxious , Jittery , Tired , Sluggish",2023-03-24 20:02:24,5,True,-2.0,0.0,True,-0.9273360371589661,1.5843641757965088,-1.0248162746429443,1.539384126663208,0.09748023748397827,0.04498004913330078
33,2231,"Anxious , Jittery , Nervous , Sluggish , Tired",2023-03-25 10:04:17,5,True,0.0,1.0,True,-1.0950003862380981,1.550830364227295,-1.0369311571121216,1.585362434387207,0.05806922912597656,0.03453207015991211
33,2232,"Sluggish , Tired , Jittery , Sleepy , Annoyed",2023-03-25 15:44:35,5,True,-2.0,0.0,True,-1.893539309501648,0.12488000094890594,-1.8231468200683596,0.2063013315200805,0.07039248943328835,0.08142133057117457
33,2272,"Tired , Sluggish , Sleepy , Anxious , Sad",2023-06-29 10:15:01,6,True,0.0,1.0,True,-1.451006531715393,0.17456263303756714,-1.3433533906936646,0.2497601509094238,0.10765314102172852,0.07519751787185666
33,2273,"Sluggish , Tired , Anxious , Sad , Down",2023-06-29 15:03:34,6,True,-2.0,0.0,True,-1.6965593099594116,0.15850329399108887,-1.5651824474334717,0.2368749529123306,0.13137686252593994,0.07837165892124173
33,2274,"Tired , Sluggish , Anxious , Sad , Annoyed",2023-06-29 20:00:50,6,True,-2.0,0.0,True,-1.4020731449127197,0.35108432173728943,-1.3220514059066772,0.4346438944339752,0.08002173900604248,0.08355957269668579
33,2275,"Sleepy , Tired , Anxious , Uneasy , Annoyed",2023-06-30 10:27:54,6,True,-1.0,0.0,True,-1.0932376384735107,0.5971716642379761,-1.0883426666259766,0.6280263662338257,0.00489497184753418,0.03085470199584961
33,2276,"Annoyed , Tired , Sleepy , Anxious , Overwhelmed",2023-06-30 15:26:12,6,True,-2.0,2.0,True,-0.6554098129272461,1.2721198797225952,-0.6828147768974304,1.3514418601989746,0.027404963970184326,0.0793219804763794
33,2277,"Tired , Sluggish , Annoyed , Mad , Sad",2023-06-30 20:07:11,6,True,-2.0,0.0,True,-1.5340596437454224,0.32209593057632446,-1.4916229248046875,0.3693122565746307,0.04243671894073486,0.04721632599830622
33,2278,"Sleepy , Quiet , Tired , Anxious , Sad",2023-07-01 10:50:51,6,True,0.0,1.0,True,-0.8673391938209534,0.24336302280426025,-0.7887965440750122,0.3213792443275451,0.07854264974594116,0.07801622152328486
33,2279,"Tired , Annoyed , Sluggish , Sleepy , Anxious",2023-07-01 15:06:12,6,True,-2.0,0.0,True,-1.130656361579895,0.5310363173484802,-1.019680142402649,0.5987361669540405,0.1109762191772461,0.0676998496055603
33,2280,"Annoyed , Angry , Anxious , Sleepy , Tired",2023-07-01 20:00:55,6,True,-2.0,0.0,True,-0.6623606085777283,1.4896199703216553,-0.6495475769042969,1.530238151550293,0.012813031673431396,0.040618181228637695
33,2281,"Sleepy , Tired , Sluggish , Anxious , Sad",2023-07-02 10:06:39,6,True,-2.0,0.0,True,-1.3695173263549805,0.22586104273796082,-1.2872246503829956,0.267363965511322,0.08229267597198486,0.041502922773361206
33,2282,"Sleepy , Tired , Happy , Content , Quiet",2023-07-02 17:28:36,6,True,-2.0,0.0,True,0.01820962131023407,0.21289294958114624,0.1790027171373367,0.2675473988056183,0.16079309582710263,0.054654449224472046
33,2283,"Tired , Sleepy , Sluggish , Calm , Quiet",2023-07-02 20:14:13,6,True,-2.0,0.0,True,-1.1088823080062866,0.03619026020169258,-0.9864681959152222,0.0801140069961547,0.12241411209106445,0.04392374679446212
33,2284,"Sluggish , Tired , Sad , Sleepy , Foggy",2023-07-03 10:02:40,6,True,-2.0,0.0,True,-1.857728362083435,0.006653102580457926,-1.7012957334518433,0.0664976313710212,0.1564326286315918,0.059844528790563276
33,2285,"Sleepy , Tired , Annoyed , Sluggish , Angry",2023-07-03 15:03:08,6,True,-2.0,0.0,True,-1.422498345375061,0.3019912540912628,-1.357150673866272,0.3063061237335205,0.06534767150878906,0.00431486964225769
33,2286,"Tired , Sluggish , Sleepy , Sad , Anxious",2023-07-03 20:05:49,6,True,-2.0,0.0,True,-1.4713906049728394,0.15219591557979584,-1.3525272607803345,0.2124709635972976,0.11886334419250488,0.060275048017501776
33,2287,"Tired , Sluggish , Sleepy , Quiet , Calm",2023-07-04 10:01:01,6,True,-2.0,0.0,True,-1.294654130935669,-0.04499861225485802,-1.1844912767410278,-0.0060390210710465,0.11016285419464111,0.038959591183811516
33,2288,"Sleepy , Tired , Anxious , Sad , Jittery",2023-07-04 15:05:59,6,True,0.0,1.0,True,-1.0705980062484741,0.6755455732345581,-1.092395901679993,0.628206729888916,0.021797895431518777,0.04733884334564209
33,2289,"Tired , Sluggish , Sleepy , Content , Quiet",2023-07-04 20:00:45,6,True,-2.0,0.0,True,-1.232312560081482,-0.1111750453710556,-1.1364219188690186,-0.0602868907153606,0.09589064121246338,0.050888154655695
33,2290,"Content , Calm , Tired , Sluggish , Sleepy",2023-07-05 10:16:39,6,True,0.0,1.0,True,0.4231702983379364,0.049802351742982864,0.6915153861045837,0.0937442481517791,0.26834508776664734,0.04394189640879624
33,2291,"Tired , Sluggish , Annoyed , Sleepy , Irritated",2023-07-05 15:04:09,6,True,-2.0,0.0,True,-1.7656673192977905,0.2070944607257843,-1.6461786031723022,0.2651968598365783,0.11948871612548828,0.05810239911079401
33,2292,"Quiet , Sleepy , Tired , Exhausted , Content",2023-07-05 20:49:04,6,True,0.0,0.0,True,-0.6909464597702026,-0.11866350471973419,-0.3429483771324157,-0.1275542080402374,0.3479980826377869,0.008890703320503207
33,2293,"Sad , Anxious , Nervous , Sluggish , Tired",2023-07-06 10:18:10,6,True,-1.0,1.0,True,-1.1353474855422974,0.9955107569694519,-0.9319756627082824,1.065606951713562,0.203371822834015,0.07009619474411011
33,2294,"Tired , Sleepy , Sick , Sluggish , Quiet",2023-07-06 15:10:30,6,True,-2.0,0.0,True,-1.3780213594436646,0.005223813001066446,-1.2371270656585691,0.0598360635340213,0.14089429378509544,0.054612250532954855
33,2295,"Sluggish , Miserable , Tired , Sleepy , Anxious",2023-07-06 20:25:03,6,True,-2.0,0.0,True,-1.9036824703216553,0.03185804560780525,-1.7473459243774414,0.1088054478168487,0.15633654594421387,0.07694740220904345
33,2296,"Sick , Tired , Sleepy , Anxious , Sluggish",2023-07-07 10:41:59,6,True,-2.0,0.0,True,-1.468802571296692,0.17478613555431366,-1.3548556566238403,0.2017964273691177,0.11394691467285156,0.02701029181480405
33,2297,"Sick , Tired , Sluggish , Sleepy , Miserable",2023-07-07 15:03:27,6,True,-2.0,0.0,True,-1.8144477605819702,0.027892233803868294,-1.6503896713256836,0.0885619446635246,0.16405808925628662,0.060669710859656306
33,2298,"Miserable , Sad , Tired , Sleepy , Sluggish",2023-07-07 20:00:48,6,True,-2.0,0.0,True,-1.4501529932022095,0.5861700177192688,-1.3487473726272583,0.5826685428619385,0.10140562057495117,0.0035014748573303223
33,2257,"Sick , Miserable , Tired , Sluggish , Sleepy",2023-07-08 10:03:32,6,True,-2.0,0.0,True,-1.8228687047958374,0.14345793426036835,-1.688996195793152,0.1886221021413803,0.13387250900268532,0.04516416788101196
33,2258,"Sick , Tired , Sluggish , Sleepy , Anxious",2023-07-08 16:19:53,6,True,-2.0,0.0,True,-1.554761290550232,0.13772161304950714,-1.4759894609451294,0.1490595638751983,0.07877182960510254,0.011337950825691168
33,2259,"Sick , Miserable , Tired , Sleepy , Anxious",2023-07-08 20:02:48,6,True,-2.0,0.0,True,-1.50953209400177,0.44386914372444153,-1.4303406476974487,0.4616679549217224,0.07919144630432129,0.017798811197280884
33,2260,"Sleepy , Tired , Sluggish , Sick , Anxious",2023-07-09 10:13:43,6,True,-2.0,0.0,True,-1.4332503080368042,0.15761221945285797,-1.4126516580581665,0.1520378589630127,0.020598649978637695,0.005574360489845276
33,2261,"Tired , Sluggish , Annoyed , Sleepy , Sick",2023-07-09 15:16:08,6,True,-2.0,0.0,True,-1.7356841564178467,0.1101062148809433,-1.631558537483215,0.1497515588998794,0.10412561893463157,0.0396453440189361
33,2262,"Tired , Sluggish , Sleepy , Sick , Anxious",2023-07-09 20:29:20,6,True,-2.0,0.0,True,-1.5705095529556274,0.05864653363823891,-1.4825466871261597,0.0979506075382232,0.08796286582946777,0.03930407389998429
33,2263,"Tired , Sleepy , Sluggish , Anxious , Irritated",2023-07-10 10:07:15,6,True,-2.0,0.0,True,-1.431957483291626,0.26380738615989685,-1.3378933668136597,0.3443214297294616,0.09406411647796631,0.08051404356956476
33,2264,"Tired , Annoyed , Slow , Anxious , Sleepy",2023-07-10 15:26:12,6,True,-2.0,0.0,True,-0.6199480295181274,0.7104126214981079,-0.5528206825256348,0.7910079956054688,0.06712734699249268,0.08059537410736084
33,2265,"Tired , Sleepy , Sluggish , In pain , Anxious",2023-07-10 20:04:52,6,True,-2.0,0.0,True,-1.425220012664795,0.14290136098861694,-1.3272143602371216,0.223390445113182,0.09800565242767334,0.08048908412456507
33,2266,"Tired , Quiet , Sleepy , Anxious , Nervous",2023-07-11 10:36:43,6,True,0.0,1.0,True,-0.8071675896644592,0.2814632058143616,-0.6676284074783325,0.3923208713531494,0.1395391821861267,0.11085766553878784
33,2267,"Annoyed , Mad , Irritated , Anxious , Tired",2023-07-11 15:00:48,6,True,-2.0,0.0,True,-0.739189863204956,1.5746757984161377,-0.7439373135566711,1.6388455629348757,0.004747450351715088,0.06416976451873802
33,2268,"Drained , Tired , Sluggish , Sleepy , Anxious",2023-07-11 20:28:07,6,True,-2.0,0.0,True,-1.2896579504013062,0.036643464118242264,-1.1716684103012085,0.0921161547303199,0.11798954010009766,0.05547269061207763
33,2269,"Sleepy , Quiet , Calm , Tired , Slow",2023-07-12 10:07:25,6,True,0.0,1.0,True,-0.6078556180000305,0.12669266760349274,-0.5670326948165894,0.22093266248703,0.04082292318344116,0.09423999488353726
33,2270,"Exhausted , Sleepy , Tired , Sluggish , Slow",2023-07-12 15:38:04,6,True,-2.0,0.0,True,-1.8486212491989136,-0.054268162697553635,-1.750780463218689,0.0700470209121704,0.09784078598022461,0.12431518360972403
33,2271,"Anxious , Irritated , Sluggish , Sleepy , Tired",2023-07-12 20:03:14,6,True,-2.0,0.0,True,-1.2300769090652466,0.8441828489303589,-1.202178120613098,0.8912580013275146,0.02789878845214866,0.04707515239715576
34,2367,I feel like I dont have enough time in my day . Work has been understaffed and busy which makes me feel agitated and like I ' m not fast enough or good at my job . I feel rushed and unaccomplished . I have no energy and don ' t want to deal with people .,2021-05-04 16:26:06,1,False,-1.0,0.0,True,-1.0448529720306396,1.0647342205047607,-1.0691596269607544,1.0927984714508057,0.024306654930114746,0.028064250946044922
35,2410,"Energetic , Happy , Bothered , Hungry , Annoyed",2021-03-27 12:00:36,1,True,1.0,2.0,True,0.963591456413269,1.4455883502960205,0.9008176922798156,1.622955083847046,0.06277376413345348,0.1773667335510254
35,2411,"Bored , Productive , Curious , Bothered , Calm",2021-03-29 12:00:54,1,True,0.0,1.0,True,0.6680817008018494,1.0232908725738525,0.5072450041770935,1.230939865112305,0.16083669662475586,0.20764899253845237
42,3830,I am off today . I had an early night with my kids after an amazing meal and some fun and games . I woke up early to overcast skies which was perfect for taking the dog for a long walk to get a cup of coffee and some breakfast . I ' m feeling calm and centered . My body has physically recovered from the weekend and I am finally re-hydrated and feeling rested .,2021-06-15 12:08:59,1,False,2.0,0.0,True,0.5055375099182129,0.5431114435195923,0.4721185863018036,0.5452412366867065,0.0334189236164093,0.002129793167114258
42,3831,Today is my day off . I am spending the day with my family . I will not be answering anymore survey questions that require lengthy answers because it is taking me away from my family which is what helps my emotional stability .,2021-06-15 17:06:39,1,False,2.0,0.0,True,-0.17020677030086517,0.5603839159011841,-0.217935174703598,0.5716258883476257,0.04772840440273282,0.01124197244644165
42,3832,With my family With my family With my family With my family With my family With my family With my family With my family With my family With my family With my family With my family With my family With my family With my family,2021-06-15 22:21:15,1,False,2.0,0.0,True,0.33364593982696533,1.0982776880264282,0.2933716177940368,1.2362419366836548,0.04027432203292852,0.13796424865722656
42,3833,"I ' ve just finished meditating . I need to clock . in at work in 75 minutes . I am feeling calm and centered , I ' ve properly hydrated and had a healthy meal and am ready for the physical stress of the night ahead . It ' s supposed to be slow which means I can focus on the guest experience that much more .",2021-06-16 17:16:04,1,False,2.0,0.0,True,1.024714708328247,0.4455641210079193,1.0396629571914673,0.4709682762622833,0.014948248863220215,0.025404155254364014
43,3994,I am going in to work tonight . Not really looking forward to it . I am really hopping that the night goes by quickly so I can go home and sleep . I am pretty tired today . I am not really feeling like I can give 100 % tonight .,2021-06-15 17:26:31,1,False,0.0,1.0,True,-0.7205019593238831,0.5221099257469177,-0.7503775358200073,0.58375483751297,0.029875576496124268,0.061644911766052246
43,3995,"Since I filled out the questionnaire on yesterday , I have been feeling a bit tired , sleepy sluggish and need to get some sleep . Last night at work was ok , I was busy . Customers were steady , so I never got to take a break .",2021-06-16 12:54:20,1,False,-2.0,0.0,True,-0.9893344640731812,0.23009830713272095,-1.0096049308776855,0.2498359829187393,0.020270466804504395,0.019737675786018344
43,3988,"Yesterday was a better day as far as for how I was feeling . I went to a friends house and she put food on the grill . Got to relax a bit . Still feel really tired so I just want to go to sleep , but I cant I have too much to do .",2021-06-17 12:01:58,1,False,1.0,1.0,True,-0.0068863993510603905,0.3868716061115265,-0.0091292699798941,0.4141011536121368,0.00224287062883371,0.027229547500610296
43,3989,In the past 24 hours I have been feeling a bit overwhelmed . I have a lot going on in my personal life dealing with another service industry entity and not understanding the level of service that they provided for me when I hired them for my big day .,2021-06-18 12:03:31,1,False,1.0,0.0,True,-0.7477513551712036,1.4362571239471436,-0.9029760360717772,1.4573774337768557,0.15522468090057362,0.021120309829712136
54,3540,I am feeling great I have enough time to interracial with friends via call which i am having a great time doing I get to talk about exciting things and fun I am also having amazing time with friends we get to speak about things that bound us,2024-10-14 12:31:30,7,False,1.0,1.0,True,1.388203740119934,1.0142618417739868,1.3077019453048706,1.0508195161819458,0.08050179481506348,0.036557674407958984
54,3644,"Active , Very good , Excited , Calm , Happy",2024-10-14 17:02:02,7,True,2.0,0.0,True,1.1816226243972778,1.350569725036621,1.1113251447677612,1.482926845550537,0.0702974796295166,0.13235712051391602
54,3725,I feel alive and happy and I’m active at work having conversations with people and also talking about lo of things with my colleagues which is also making my day fun and very interesting Just left a conference call with my friends we get to check up on each other which actually make me feel secured knowing fully well I have friends who really cares about each other,2024-10-15 12:04:22,7,False,2.0,2.0,True,1.5329930782318115,1.30629563331604,1.4787932634353638,1.3658682107925415,0.054199814796447754,0.059572577476501465
54,3834,I feel happy and delighted concerning my life . The joy can be noticed from my facial expression and mood . The way the environment whether makes me feel like someone that is renewed with hope . and ability .,2024-10-15 17:27:33,7,False,2.0,1.0,True,1.777660846710205,1.4240899085998535,1.7406208515167236,1.4749042987823486,0.037039995193481445,0.05081439018249512
54,3913,"Active , Good , Calm , Cool , Enthusiast",2024-10-16 12:04:02,7,True,2.0,0.0,True,0.7800250053405762,1.2042948007583618,0.7071579694747925,1.4115678071975708,0.07286703586578369,0.20727300643920898
54,4016,I feel good got to meet with an old time friends and we dot to talk about soo many things and I also have good time playing video games an I did hang with friends and family and I am also excited to meet with friends,2024-10-16 17:06:42,7,False,1.0,2.0,True,1.3908442258834839,1.1160184144973755,1.297173261642456,1.3037787675857544,0.09367096424102783,0.1877603530883789
54,4077,I feel very good and happy having interesting conversations with my colleagues at work we are also having fun and talking about why we find our work interesting and also talking about our weaknesses and strength and also our plans for the future,2024-10-17 12:47:32,7,False,2.0,1.0,True,1.4828577041625977,0.8122219443321228,1.5164047479629517,0.7891369462013245,0.033547043800354004,0.02308499813079834
54,4164,Currently I feel good and happy and at the moment I’m having a wonderful time at work and it’s Friday and it’s weekend i just have this positive feeling I’m going to have a wonderful time with my kids and my wife so at the moment I’m just imagining how the weekend is going to be with my family,2024-10-18 12:26:20,7,False,1.0,1.0,True,2.114109516143799,0.8735436201095581,2.123091220855713,0.9260956645011902,0.008981704711914062,0.05255204439163208
54,4228,"Happy , Excited , Calm , Active , Cool",2024-10-18 17:56:41,7,True,2.0,2.0,True,1.3488281965255737,1.2446315288543701,1.3972853422164917,1.4622539281845093,0.04845714569091797,0.21762239933013916
60,2588,Hi ! Having a mani n pedi done right now . So relaxing and peaceful .    Having such quiet time to meditate and reflect on the week and actually start planning for the week n weekend   hoping that next week will be a busier week than this week in relation to work,2024-07-26 17:01:57,7,False,2.0,0.0,True,1.3315598964691162,0.2981295585632324,1.2884358167648315,0.3578463196754455,0.04312407970428467,0.05971676111221308
60,2599,"Relaxing , Accomplished , Fulfilled , Expecting , Relaxed",2024-07-26 22:07:45,7,True,2.0,0.0,True,1.7584856748580933,0.16212619841098785,1.6219924688339231,0.2589673101902008,0.13649320602417014,0.09684111177921295
60,2610,Happy Saturday —-beautiful day out . Super excited to get out there today . We r going to the FAC in GPE   .   Lots of walking to do history to see and admire . N structures to view and be in awe of .    Love the cloisters and the water views . Amazing spectacular !!! Enjoy this glorious day !,2024-07-27 12:01:16,7,False,2.0,0.0,True,1.921652913093567,1.084820032119751,1.8582682609558103,1.120527744293213,0.06338465213775657,0.035707712173461914
60,2621,Hi happy Saturday !   Just walked thru the museum absolutely amazing beautiful breathe taking .   Going to lunch in midtown . NORP food is what I want right now . Did lots of walking inside and outside . Feeling inspired and amazing,2024-07-27 17:01:03,7,False,2.0,0.0,True,1.5331512689590454,1.6274386644363403,1.4343467950820925,1.648637771606445,0.0988044738769529,0.02119910717010476
60,2632,"Fulfilled , Relaxed , Happy , Proud , Calm",2024-07-27 22:13:49,7,True,2.0,0.0,True,2.0230553150177,0.28870508074760437,1.820853352546692,0.3839654624462127,0.2022019624710083,0.09526038169860834
60,2643,"Calm , Happy , Excited , Blessed , Content",2024-07-28 12:01:51,7,True,2.0,0.0,True,1.8923766613006592,0.4431438148021698,1.6498414278030396,0.6320611238479614,0.24253523349761963,0.18891730904579163
60,2655,"Happy , Excited , Thrilled , Fulfilled , Content",2024-07-28 17:16:02,7,True,2.0,0.0,True,1.9914839267730713,0.7122442722320557,1.8316901922225952,0.8130679130554199,0.15979373455047607,0.10082364082336426
60,2666,Hi happy Sunday . Feeling relaxed fulfilled and happy . Went to the ORG  game with my middle child . He took the railroad into GPE met me there and we went to see our favorite baseball team play and unfortunately lose . Although they lost we had a shaving time together bonding laughing n eating . FYI best lobster rolls at FAC  ever . $35 will get u one . Ouch . Great Sunday !,2024-07-28 22:02:23,7,False,2.0,0.0,True,1.785535454750061,0.6987651586532593,1.7498546838760376,0.7340131402015686,0.03568077087402344,0.035247981548309326
60,2870,"Happy , Content , Busy , Excited , Fulfilled",2024-07-29 12:00:35,7,True,2.0,0.0,True,1.778028130531311,0.9126900434494019,1.6667319536209106,1.0603808164596558,0.11129617691040039,0.1476907730102539
60,2881,Happy Monday !   Feeling accomplished ! \n8 am went to LOC to pick up immunizations papers for my 3 college kids . Followed my getting a tire patched and ordering a new tire for my daughter . \nI also showed 2 rentals to a new client . Hoping he takes one of the rentals . \nMaybe more appointments later and maybe a yoga class later though . My day changes on a daily,2024-07-29 17:07:37,7,False,2.0,0.0,True,0.878225564956665,1.2343918085098267,0.8545641899108887,1.2328035831451416,0.023661375045776367,0.0015882253646850586
60,2891,"Fulfilled , Ready , Tired , Accomplished , Content",2024-07-29 22:01:07,7,True,2.0,0.0,True,1.3029437065124512,0.4562399089336395,1.06422758102417,0.6618056297302246,0.23871612548828125,0.20556572079658508
60,2900,"Relaxed , Happy , Excited , Busy , Fulfilled",2024-07-30 12:02:20,7,True,2.0,0.0,True,1.850478172302246,0.6916020512580872,1.7048656940460205,0.7892394661903381,0.14561247825622559,0.09763741493225098
60,2911,Hi happy taco Tuesday !!! Feeling great rescued and accomplished !   Lots done and lots more to do !!! \nRunning to library in a bit and off to do errands . Banking food shopping and then off to cook dinner for my kids .   Also looking to get my daughters apartment ready in just a few weeks,2024-07-30 17:02:47,7,False,2.0,0.0,True,1.6943442821502686,0.8994317054748535,1.6232603788375854,0.9556217193603516,0.0710839033126831,0.05619001388549805
60,2922,"Fulfilled , Excited , Calm , Peaceful , Happy",2024-07-30 22:04:05,7,True,2.0,0.0,True,2.009263753890991,0.547396719455719,1.839185118675232,0.598271369934082,0.17007863521575928,0.05087465047836304
60,2933,Feeling great . Calm energized at the same time . Went to 6 am beach yoga . Amazing way to start the day . Followed by 8 am yoga at my studio .    Busy day ahead so happy began it with physical and mental practice,2024-07-31 12:00:34,7,False,2.0,0.0,True,2.0976550579071045,0.8938918113708496,2.058635234832764,0.9326879978179932,0.039019823074340376,0.038796186447143555
60,2940,Hi happy Wednesday . Feeling good . Accomplished still lots more to do .   Feeling like the week is flying by —cannot believe tomorrow is August —-summer is almost over . Kids back to college so much to do in the next 2-3 weeks . Will pace myself to get all done,2024-07-31 17:00:52,7,False,2.0,0.0,True,1.771152138710022,1.101222038269043,1.7000662088394165,1.1628906726837158,0.07108592987060547,0.06166863441467285
60,2942,"Content , Tired , Fulfilled , Expectant , Satisfied",2024-07-31 22:00:20,7,True,2.0,0.0,True,1.6116728782653809,-0.10805469751358032,1.31358802318573,0.1598775684833526,0.2980848550796509,0.26793226599693293
60,2952,"Calm , Content , Busy , Excited , Happy",2024-08-01 12:00:28,7,True,2.0,0.0,True,1.5823341608047485,0.537200927734375,1.3996464014053345,0.6708477139472961,0.18268775939941406,0.13364678621292114
60,2953,Happy August first ! Feeling accomplished . 2 hours of yoga this morning so feeling physically and emotionally good . Had an appointment with a client today . Not a good match but feeling positive .   I absolutely need more clients and soon .   Hoping interest rates get lower and prices of homes do as well . Feeling hopefull,2024-08-01 17:00:53,7,False,2.0,0.0,True,1.7051315307617188,0.9423592686653137,1.6824921369552612,0.9955844879150392,0.02263939380645752,0.05322521924972545
60,2959,"Accomplished , Fulfilled , Tired , Calm , Peaceful",2024-08-01 22:24:04,7,True,2.0,0.0,True,1.2317593097686768,0.11234787106513977,1.1123729944229126,0.2471152544021606,0.11938631534576416,0.13476738333702082
61,3069,"Tired , Annoyed , Sleepy , Happy , Furious",2024-08-11 22:00:48,7,True,2.0,0.0,True,-0.3079151213169098,0.8413705825805664,-0.3902446031570434,0.8543766736984253,0.08232948184013361,0.013006091117858887
61,3080,"Happy , Excited , Frustration , Annoyed , Sad",2024-08-12 12:56:20,7,True,2.0,0.0,True,0.7525947093963623,1.2230193614959717,0.6734771132469177,1.3166921138763428,0.07911759614944458,0.0936727523803711
61,3091,"Tired , Annoyed , Furious , Boredom , Upset",2024-08-12 22:00:21,7,True,2.0,0.0,True,-0.6210558414459229,1.0944457054138184,-0.6666976809501648,1.0781641006469729,0.04564183950424194,0.01628160476684548
61,3102,Right now I ' m feeling annoyed and anxious so much that I don ' t get time to myself everybody wants their needs taken care of off of you I have a person and I have my own needs and I need things taken care of as well So with that being said tomorrow appointments at then I ' m going to,2024-08-13 12:36:59,7,False,2.0,0.0,True,-0.4327344298362732,1.0101721286773682,-0.5604979991912842,1.002593755722046,0.127763569355011,0.007578372955322266
61,3113,Haven ' t woken up for my nap I ' m now going to cook lunch and pick up the kids and then come home and then read a book help the kids with homework feed the cats and wait on other truth now that I ' m in my chair I can relax and wait on the rest of the day today and and then cook later on a great meal,2024-08-13 17:00:26,7,False,2.0,0.0,True,0.233892560005188,0.6036044359207153,0.1874723136425018,0.5586780905723572,0.046420246362686185,0.044926345348358154
61,3124,"Hot , Tired , Frustration , Worried , Scared",2024-08-14 12:05:47,7,True,2.0,0.0,True,-0.054375745356082916,1.0238487720489502,-0.1193628013134002,1.1552205085754397,0.06498705595731728,0.13137173652648948
61,3136,Finally home . I can start cleaning the bathroom and mop in the hallway as well throwing up the trash I ' m clean and organized things . And then after that I will make a lunch and then I ' ll be able to relax,2024-08-15 12:39:44,7,False,2.0,0.0,True,0.461142897605896,1.2707929611206055,0.3746504485607147,1.263763189315796,0.08649244904518127,0.00702977180480957
61,3146,"Tired , Happy , Annoyed , Mad , Curious",2024-08-15 17:00:22,7,True,1.0,0.0,True,0.2939017415046692,0.9002243280410767,0.0643091946840286,0.9364222288131714,0.2295925468206406,0.03619790077209473
61,3157,"Tired , Depress , Sad , Conflicted , Trapped",2024-08-15 22:22:08,7,True,2.0,0.0,True,-1.1258914470672607,0.6625375747680664,-1.0894120931625366,0.7433543801307678,0.03647935390472412,0.08081680536270142
61,3168,"Happy , Hunger , Satisfied , Content , Enjoyment",2024-08-16 22:00:26,7,True,2.0,0.0,True,1.5022584199905396,0.8552370667457581,1.5462334156036377,0.9922469854354858,0.043974995613098145,0.13700991868972778
64,4710,"Calm , Peaceful , Happy , Delightful , Grateful",2024-08-18 17:17:33,7,True,2.0,0.0,True,1.7239547967910767,0.5763293504714966,1.5724424123764038,0.6908239722251892,0.15151238441467285,0.11449462175369263
64,4711,Been feeling okay not sad not too happy \nThe fact that I have work and all of that is just stress \nIt’s time for bed and I’m stressed thinking of how the day will go and also how things will turn out \nIt’s abit fine but not too fine \nI’m also jovial and welcoming,2024-08-18 22:02:10,7,False,0.0,1.0,True,0.8285638689994812,0.6997641921043396,0.5787628293037415,0.7300523519515991,0.24980103969573975,0.03028815984725952
64,4712,"I’m somewhat contented because I have a couple of things on my mind \nAs it is a lot of stress on my mind and also drama here and there ,\nI feel tired and worried \nI feel contented too \nI feel anxious \nI feel worried too",2024-08-19 12:05:11,7,False,1.0,0.0,True,0.5832671523094177,0.15381398797035217,0.4941382110118866,0.1805146485567093,0.08912894129753113,0.026700660586357117
64,4713,"Thoughtful , Enjoying , Relaxed , Calm , Happy",2024-08-19 17:11:42,7,True,1.0,1.0,True,1.5206298828125,0.42339637875556946,1.364526629447937,0.4242764413356781,0.156103253364563,0.0008800625801086426
64,4714,I’m calm and down \nI’m actually not bad today wasn’t a rough day it was a stressful day the drama was just there so I feel stressed and unhappy and all of that \nI feel good but not entirely happy and all of that I’m just feeling grateful and all of that \nI feel much more better,2024-08-19 22:00:36,7,False,1.0,0.0,True,1.4869083166122437,0.6173732876777649,1.4258698225021362,0.6082414388656616,0.06103849411010742,0.009131848812103271
64,4716,"Excitement , Exceptional , Hot headed , Joyed , Calm",2024-08-20 12:16:52,7,True,2.0,1.0,True,1.7275826930999756,1.2907781600952148,1.5012069940567017,1.382172703742981,0.22637569904327393,0.09139454364776611
64,4717,"Jiggy , Chill , Calm , Simple , Hungry",2024-08-20 17:06:05,7,True,2.0,0.0,True,1.0281846523284912,0.41173091530799866,0.8283281922340393,0.5742174386978149,0.1998564600944519,0.16248652338981628
64,4718,"Freaky , Fresh , Calm , Okay , Chilled",2024-08-21 12:42:50,7,True,1.0,0.0,True,1.2159273624420166,0.5798532366752625,1.010540246963501,0.7716141939163208,0.20538711547851562,0.19176095724105835
64,4719,"I feel very demure , I feel happy words can’t even express how I’m feeling and all of that \nI have been good in recovery , I feel extra playful \nI feel like the world is on a different planet of excess joy from others \nI feel evolved and calm",2024-08-21 17:02:37,7,False,2.0,1.0,True,1.3700382709503174,0.7582542300224304,1.196908950805664,0.8098275661468506,0.17312932014465332,0.051573336124420166
64,4733,"I’m feeling contented , I’m calm and happy I’m feeling goosebumps and chills , I’m feeling a whole lots of drama and all of that \nI’m feeling a different vibes from wahala \nI’m feel happy and stress less \nI’m feeling highly recommended and highly motivated and appreciated",2024-08-21 22:04:35,7,False,2.0,0.0,True,1.8939279317855835,0.4599386155605316,1.7787986993789673,0.4757580757141113,0.11512923240661621,0.015819460153579656
64,4734,"Feeling bright , Calm , Feeling relaxed , Left out , Hot tempared",2024-08-22 12:01:07,7,True,1.0,1.0,True,1.397584080696106,0.48843643069267273,1.226169228553772,0.6455241441726685,0.17141485214233398,0.15708771347999573
64,4735,"Sense of relief , Little work load , Overwhelming , Relaxed , Exceptional",2024-08-22 17:06:34,7,True,2.0,1.0,True,1.229581356048584,0.6024368405342102,1.0416122674942017,0.6891785860061646,0.18796908855438232,0.08674174547195435
64,4736,"Relaxed , Sleepy , High , Restful , Dramatic",2024-08-22 22:00:52,7,True,2.0,0.0,True,1.2384567260742188,0.4374956786632538,1.099225640296936,0.5576498508453369,0.13923108577728271,0.12015417218208313
64,4737,"Sexy , Happy , Calm , Extra , Extreme",2024-08-23 12:07:18,7,True,2.0,0.0,True,1.196670413017273,1.287562370300293,0.898195743560791,1.3275563716888428,0.29847466945648193,0.039994001388549805
64,4738,"Joyful , Excited , Appreciated , Chill , Fly",2024-08-23 17:02:54,7,True,1.0,0.0,True,1.839647889137268,0.7528210878372192,1.6437398195266724,0.7936199307441711,0.1959080696105957,0.040798842906951904
64,4740,"I’m feeling active , I’m sleepy too , I’m unhappy at the moment , I had a fight with with someone so I feel disappointed , I practically feel very stressed ,\nI’m feeling okay as well \nI’m abit traumatized and stressed out , I miss my babe and all",2024-08-23 22:08:04,7,False,0.0,2.0,True,-0.21211910247802734,0.8315764665603638,-0.1273466050624847,0.8840709328651428,0.08477249741554263,0.05249446630477905
64,4741,"Sleepy , Cheesy , Calm , Soft , Hungry",2024-08-24 12:06:58,7,True,2.0,0.0,True,-0.09174521267414093,0.39719486236572266,-0.4533694982528686,0.366764485836029,0.36162428557872767,0.03043037652969366
64,4742,"Funny , Chilled , Calm , Excited , Relaxed",2024-08-24 17:10:15,7,True,2.0,0.0,True,1.5768566131591797,0.6645073294639587,1.427883505821228,0.7938587665557861,0.14897310733795166,0.1293514370918274
64,4743,"I feel jiggy , I feel calm and relaxed , I’m just everywhere \nNo much drama I feel good and all of PERSON \nThank y’all for him being there \ nI feel responsible \nI feel preservation or the house \ nSo everything is now drama and a lot of parental responsibility I feel very ready and all",2024-08-24 22:03:59,7,False,2.0,0.0,True,2.210754871368408,0.16548243165016174,2.1480824947357178,0.2310572564601898,0.06267237663269043,0.06557482481002805
67,4806,I am currently feeling neutral I ' m at neither sad or happy I ' m just normal . I ' m playing some video games at the moment and later on I will eat something . After that I will be on my phone and then take a shower and then sleep,2024-11-08 22:44:10,7,False,0.0,1.0,True,-0.19341060519218445,0.9548949599266052,-0.1803096979856491,0.9597151279449464,0.01310090720653534,0.0048201680183411755
67,4807,"I currently feel tired it as   a very   long day yesterday I had to work a long shift and what I do is dishwashing and it ' s really tiring . Later on the day I wlll do some chores , be on my phone and eat and then take a bath and that ' s it",2024-11-10 17:00:36,7,False,0.0,1.0,True,-1.041188359260559,-0.04195336624979973,-1.1621288061141968,-0.0842095986008644,0.1209404468536377,0.04225623235106467
67,4808,"Calm , Relaxed , Happy , Neutral , Tired",2024-11-10 22:02:13,7,True,0.0,1.0,True,0.7207357287406921,0.7568550109863281,0.765244722366333,0.8960174322128296,0.04450899362564087,0.13916242122650146
67,4809,I current feel neutral neither tired or happy or sad just neutral . Might do some laundry later help my mother out with some errands . Do online surveys do some research on how to make some extra cash . Later on I will eat and scroll through reels for a bit,2024-11-11 17:20:27,7,False,0.0,1.0,True,-0.3465433120727539,0.8905287384986877,-0.3968626856803894,0.8753988742828369,0.0503193736076355,0.01512986421585083
67,4810,Currently feel sleepy and tired had to go do something early in the morning and feel tired . Might take a little nap for now and then I will pick up my brother from school . Then when I get back home i will clean,2024-11-13 12:31:33,7,False,0.0,0.0,True,-0.9666343331336975,0.09133230894804001,-1.0346235036849976,0.090953841805458,0.06798917055130005,0.0003784671425820091
67,4811,"Calm , Neutral , Relaxed , Normal , Happy",2024-11-14 17:17:42,7,True,0.0,1.0,True,0.31305956840515137,0.9314521551132202,0.183113694190979,1.0751467943191528,0.12994587421417236,0.14369463920593262
67,4812,I currently feel neutral I don ' t feel happy or sad just normal . Currently I will eat something and then I will help my brother with homework and then I will take a quick shower and then I will scroll through my phone for a bit and then sleep,2024-11-14 22:50:11,7,False,0.0,1.0,True,-0.2127804011106491,0.8664357662200928,-0.1977060437202453,0.8720419406890869,0.015074357390403803,0.005606174468994141
67,4813,"Calm , Relaxed , Happy , Neutral , Sleepy",2024-11-15 17:24:37,7,True,0.0,1.0,True,0.8248316645622253,0.8180133104324341,0.8233749270439148,0.962682008743286,0.0014567375183105469,0.14466869831085194
67,4815,I currently feel tired since I bought a tv from ORG and I went carrying it from GPE to where I live . It was heavy so I came a little fatigued from my hands and biceps . Later on I will take a quick bath and eat something,2024-11-15 22:34:20,7,False,0.0,1.0,True,-1.1914182901382446,0.0732494443655014,-1.2946146726608276,0.0285474155098199,0.10319638252258301,0.0447020288556815
73,5022,"Neutral , Hopeful , Overwhelmed , Thoughtful , Expectant",2024-10-12 12:24:29,7,True,0.0,1.0,True,-0.03246820718050003,1.0387251377105713,-0.1317465156316757,1.1271262168884275,0.09927830845117566,0.08840107917785622
73,5023,"Tired , Exhausted , Hungry , Drained , Stressed",2024-10-12 22:06:33,7,True,0.0,1.0,True,-1.4715737104415894,0.15215890109539032,-1.5177487134933472,0.2618693113327026,0.04617500305175781,0.10971041023731226
73,5024,"Quiet , Down , Unhappy , Thinking , Confused",2024-10-13 12:01:06,7,True,0.0,0.0,True,-0.5822893381118774,0.6349172592163086,-0.7231369018554688,0.6489977836608887,0.1408475637435913,0.014080524444580078
73,5025,I ' m feeling weak and tired \nI had a stressful day and it ' s been so for some time now \ nNowadays I work more than is required so that ' s the reason \nI ' m feeling weak and tired \nI had a stressful day and it ' s been so for some time now \ nNowadays I work more than is required so that ' s the reason,2024-10-13 17:14:01,7,False,0.0,0.0,True,-1.9462882280349731,0.2186671644449234,-2.046053409576416,0.1755260825157165,0.09976518154144287,0.043141081929206904
73,5026,"Sick , Tired , Stressed , Not happy , Not well",2024-10-15 17:11:51,7,True,-1.0,1.0,True,-1.1911710500717163,0.31555405259132385,-1.5427056550979614,0.3233969509601593,0.3515346050262451,0.00784289836883545
73,5027,"Happy , Active , Lively , Strong , Excited",2024-10-16 12:02:11,7,True,0.0,1.0,True,1.2732418775558472,1.5114655494689941,1.448680758476257,1.7253167629241943,0.17543888092040993,0.2138512134552002
73,5028,"I ' m feeling tired after a long day \ nIt ' s been same all week , been feeling tired more often than usual \ nI work long hours so it ' s possibly why \ nI ' m feeling tired after a long day \ nIt ' s been same all week , been feeling tired more often than usual \ nI work long hours so it ' s possibly why \ nI ' m feeling tired after a long day \ nIt ' s been same all week , been feeling tired more often than usual \ nI work long hours so it ' s possibly why",2024-10-16 17:01:13,7,False,0.0,1.0,True,-1.3972455263137817,0.14370694756507874,-1.4417412281036377,0.1617143601179123,0.04449570178985596,0.018007412552833557
73,5029,"I ' m currently feeling a bit exhausted and a bit tired , was quit very about the situation \nI ' m currently feeling a bit exhausted and a bit tired , was quit very about the situatio \ nn \nI ' m currently feeling a bit exhausted and a bit tired , was quit very about the situation",2024-10-16 22:43:26,7,False,0.0,1.0,True,-1.5129743814468384,0.09687408804893494,-1.60296893119812,0.1251734048128128,0.08999454975128152,0.02829931676387787
75,5062,"tired , faint , pain , unease , annoyed",2024-10-22 22:01:22,7,True,-2.0,0.0,True,-1.2323493957519531,0.3197158873081207,-1.512682318687439,0.2557415664196014,0.28033292293548584,0.06397432088851934
75,5063,"back pain , tired , restless , seldom , quiet",2024-10-23 12:01:02,7,True,-2.0,0.0,True,-0.7973111271858215,0.26637789607048035,-1.0711921453475952,0.2113134115934372,0.2738810181617737,0.05506448447704315
75,5064,i had an emergency medical situation that required medical attention . i had pain that was intense and uncomfortable requiring the need for care . i am uncomfortable and want to rest . i will stay in bed and relax,2024-10-23 17:15:50,7,False,-1.0,0.0,True,-0.9301958084106445,0.40104666352272034,-1.034162521362305,0.4566392600536346,0.10396671295166038,0.05559259653091425
75,5065,"I am currently   feeling sick . i am experiencing extreme back pain that is resulting in restlessness , agitation .   the pain was a quick onset and is intensifying over the course of the day . i fewl as if i fell and   injured myself as i have no answers for the onset of the pain",2024-10-23 22:02:34,7,False,-2.0,0.0,True,-1.9383374452590942,0.4284481108188629,-2.000882148742676,0.4117763638496399,0.06254470348358154,0.016671746969223022
75,5066,i am still feeling sick . i am exhausted and tired at the current time . i am in bed resting and hoping to feel \ nbetter soon .    i am thinking that although work is rewarding getting sick from children is not the best,2024-10-24 12:00:24,7,False,-1.0,0.0,True,-1.6050361394882202,-0.0006507239304482937,-1.7517671585083008,0.0274652931839227,0.14673101902008057,0.028116017114370995
75,5067,"tired , content , still , soft , placid",2024-10-24 17:00:36,7,True,0.0,0.0,True,0.08900998532772064,0.012379998341202736,-0.1714865118265152,0.0573928020894527,0.26049649715423584,0.045012803748249966
75,5068,"still , faint , faint , tired , silent",2024-10-24 22:22:52,7,True,0.0,0.0,True,-1.1003694534301758,0.10688984394073486,-1.3064147233963013,0.2312680929899215,0.2060452699661255,0.12437824904918662
75,5069,i am currently feeling neutral . i am feeling a little better physically therefore it is improving my mood . i feel that my medical condition will improve and the pain will subside . it was an immediate onset and i am seeking out alternatives to have me rest .,2024-10-25 12:00:25,7,False,0.0,1.0,True,0.14304886758327484,0.7297182083129883,0.0608836114406585,0.7778842449188232,0.08216525614261634,0.04816603660583496
75,5070,i am a little more content at this time as i am more rested and alert . the pain is decreasing and i have fewer symptoms . i am refreshed to know that family will be visiting tomorrow as children make me happy and content . i look forward to visitors and having a special time with them,2024-10-25 22:27:08,7,False,0.0,0.0,True,1.2093108892440796,0.1534615159034729,1.0410763025283811,0.1779708862304687,0.16823458671569846,0.024509370326995794
75,5071,i am feeling extremely content at this time . i am able to relax / watch a television show of interest and feel at ease . i located my tens medical machine and my back pain has decreased . i wished i thought of this earlier . i have a solution to a dilemma and therefore content and calm,2024-10-26 22:00:58,7,False,2.0,0.0,True,1.6412898302078247,-0.009544966742396355,1.5347994565963743,0.0296184960752725,0.10649037361145042,0.03916346281766886
75,5072,i am feeling content and calm on this Sunday morning .   I had a decent nights sleep and feel well rested .   I am experiencing decreased pain and the headache is not as intense .   i look forward to visitors on this day and will \ nplan accordingly .,2024-10-27 12:00:34,7,False,2.0,2.0,True,1.7787104845046997,-0.22235214710235596,1.7039586305618286,-0.2153027355670929,0.0747518539428711,0.0070494115352630615
75,5073,I returned back to work today and have a light schedule .   i am looking forward to meeting with sites and planning for a rewarding experience . my activities for the day includes working on social emotional learning / feelings charts .,2024-10-28 12:01:18,7,False,2.0,0.0,True,0.5954458713531494,1.143706202507019,0.5552487373352051,1.2154865264892578,0.040197134017944336,0.07178032398223877
75,5074,"sleepy , tired , exhausted , fatigue , lethargic",2024-10-28 22:38:04,7,True,0.0,0.0,True,-1.253610372543335,0.11885291337966919,-1.3814915418624878,0.1700196862220764,0.12788116931915283,0.0511667728424072
75,5075,"fatigue , tired , bored , sick , feverish",2024-10-29 17:03:07,7,True,-1.0,0.0,True,-1.2196177244186401,0.19385796785354614,-1.3634928464889526,0.1878184527158737,0.1438751220703125,0.006039515137672452
75,5076,"quiet , tired , content , restless , poised",2024-10-30 22:05:31,7,True,0.0,0.0,True,-0.011201216839253902,0.08063597977161407,-0.1727512627840042,0.0897325724363327,0.1615500459447503,0.009096592664718628
80,5193,"Dynamic , Vibrant , Tired , Stressed , Convinced",2024-08-22 17:15:20,7,True,0.0,1.0,True,0.6575281620025635,1.2067768573760986,0.5159159302711487,1.3309783935546875,0.1416122317314148,0.12420153617858887
80,5194,"Energetic , Capable , Smiley , Encouraging , Determined",2024-08-22 22:26:27,7,True,0.0,2.0,True,0.6675357818603516,1.2724573612213135,0.4177867770195007,1.436176061630249,0.24974900484085089,0.16371870040893555
80,5195,"Stressed , Disturbed , Distress , Confused , Tired",2024-08-23 12:14:29,7,True,0.0,1.0,True,-0.8609083890914917,0.9694172739982605,-1.003836750984192,0.9762638807296752,0.1429283618927002,0.006846606731414684
80,5196,"Irritated , Annoyed , Weak , Disappointed , Sluggish",2024-08-23 17:09:48,7,True,-1.0,1.0,True,-1.403739094734192,0.8901679515838623,-1.4588502645492554,0.9063445925712584,0.05511116981506348,0.01617664098739613
80,5197,"Vibrant , Energetic , Dynamic , Motivated , Convinced",2024-08-23 22:25:44,7,True,1.0,1.0,True,0.9214417338371277,1.5536751747131348,0.7472652792930603,1.6081953048706057,0.17417645454406738,0.054520130157470925
80,5198,"Fun , Happy , Determined , Vibrant , Steady",2024-08-24 12:14:11,7,True,0.0,2.0,True,0.6754797101020813,1.232008934020996,0.4807118475437164,1.266202688217163,0.19476786255836492,0.03419375419616699
80,5199,Feeling bored stressed like all is about to end in a dark and unfair situation mood switching from opposite phase disappointed that fair goals are met for the day and not having adequate fun to ignite the day .,2024-08-24 17:37:10,7,False,-1.0,1.0,True,-0.44790393114089966,0.6103739738464355,-0.4650322794914245,0.6559507846832275,0.017128348350524847,0.04557681083679199
80,5200,"A neutral feeling is a calm and balanced state , free from strong emotions or biases . It ' s a midpoint between positive and negative , where neither excitement nor sadness dominates . Imagine a still pond , reflecting the surroundings without a ripple . Neutral feelings bring clarity , and stability , like a steady heartbeat .",2024-08-25 12:09:17,7,False,0.0,1.0,True,0.5700456500053406,0.8978500962257385,0.4811307489871979,0.9083120226860046,0.0889149010181427,0.010461926460266113
80,5201,"Calm , Reversed , Still , Grateful , Grieved",2024-08-25 17:21:55,7,True,-2.0,0.0,True,0.7438188195228577,0.4558628499507904,0.5566279888153076,0.5805983543395996,0.18719083070755005,0.1247355043888092
80,5202,"A quiet feeling is a peaceful and serene state , characterized by stillness and calmness . It ' s a sense of gentle hush , where thoughts and emotions are subdued , and the mind is tranquil . Imagine a snowflakes ' gentle fall , or a soft misty dawn , where the world is muffled and slow . Quiet feelings bring a sense of refuge , comfort , and contemplation , like a warm embrace that soothes the soul . In this state , the world ' s noise and chaos fade away , leaving only a sense of gentle quietude .",2024-08-25 22:13:29,7,False,0.0,0.0,True,0.6995116472244263,0.2568706274032593,0.6619431376457214,0.2551728188991546,0.037568509578704834,0.0016978085041046698
80,5203,"Calm , Perplexed , Reserved , Determined , Vibrant",2024-08-26 12:59:44,7,True,0.0,0.0,True,0.6176573634147644,0.7459373474121094,0.4260869026184082,0.8771378993988037,0.1915704607963562,0.13120055198669434
80,5204,"A neutral feeling is a calm and balanced state , free from strong emotions . It ' s a midpoint between positive and negative , where neither excitement nor sadness dominates . Thoughts and feelings are acknowledged without judgment , like a still pond reflecting the surroundings . Neutral feelings bring clarity , objectivity , and stability , like a steady heartbeat . No strong attachment or reaction , just a sense of ""being "" without bias . It ' s a state of emotional equilibrium , where one observes life without taking sides , like a witness to the present moment .",2024-08-26 17:39:14,7,False,0.0,1.0,True,0.6973008513450623,0.8588542938232422,0.6359197497367859,0.8529276847839355,0.06138110160827637,0.005926609039306641
80,5205,"Vibrant , Hearty , Grateful , Optimistic , Determined",2024-08-29 17:01:43,7,True,0.0,2.0,True,0.9169883728027344,1.3579106330871582,0.7257571220397949,1.3673243522644043,0.19123125076293945,0.009413719177246094
80,5206,"Perplexed , Vibrant , Dynamic , Optimistic , Determined",2024-08-29 22:41:33,7,True,0.0,2.0,True,-0.28388988971710205,1.7349090576171875,-0.346568763256073,1.766574144363403,0.06267887353897095,0.0316650867462156
89,571,I feel happy and lively even thought I got some kind of bad news today . But that bad news doesn’t define me and I’m having too great of a day so I feel great ! I feel content and full of happiness . My muscles feel good from finishing my workout too . I do feel hungry though .,2024-08-19 17:04:31,7,False,2.0,2.0,True,1.792301893234253,0.9495211839675903,1.7034581899642944,0.9881956577301024,0.0888437032699585,0.038674473762512096
89,572,"Tired , Sluggish , Ok , Sore , Hungry",2024-08-20 12:52:24,7,True,-1.0,0.0,True,-1.5813251733779907,-0.022223977372050285,-1.5649222135543823,0.0695990025997161,0.0164029598236084,0.09182297997176639
89,573,"I’m currently feeling less tired but still tired . My eyes feel a little heavy and my back a little sore . I feel a little crampy (period cramps) . I feel a little lazy today also . But that’s it , that’s basically how I’m feeling .",2024-08-20 17:13:00,7,False,-1.0,0.0,True,-0.9689015746116638,0.10533827543258667,-0.9217116236686708,0.1352214217185974,0.04718995094299305,0.029883146286010742
89,574,"I am feeling good . I feel lively and excited and happy . I feel a little sore but not too crazy . Overall , I am better now than I was earlier today . That’s basically how I’m feeling today at this very moment .",2024-08-20 22:06:49,7,False,0.0,2.0,True,1.5311123132705688,1.2388139963150024,1.4710460901260376,1.202369213104248,0.06006622314453125,0.036444783210754395
89,579,"I feel active , lively , but slightly tired . My eyes mainly feel a little tired . I am pretty energetic though . I also feel excited and a little nervous . I also feel angsty . That’s basically it how I’m feeling at the moment .",2024-08-21 12:39:01,7,False,0.0,2.0,True,0.18864567577838898,1.9072191715240479,0.161750242114067,1.9662530422210691,0.026895433664321983,0.05903387069702126
89,580,I’m feeling tired right now and somewhat emotionally drained . My eyes are definitely tired and I’m trying to stay focused . My top body feels sore (from working out) and I feel like I was to sleep . That is basically how I am feeling .,2024-08-21 17:35:51,7,False,-1.0,0.0,True,-1.6372624635696411,0.10590969771146774,-1.6429387331008911,0.1397244334220886,0.00567626953125,0.03381473571062085
89,581,"I feel tired today since I went to bed late last night . I also feel sluggish and a little defeated . My brain feels fuzzy , but I’m trying to get out of it so I can be productive today . I also feel somewhat emotionally drained and a little stressed .",2024-08-23 12:47:21,7,False,0.0,0.0,True,-1.5550581216812134,0.2393842339515686,-1.5670839548110962,0.2618454992771148,0.012025833129882812,0.02246126532554621
89,582,"Nervous , Thoughtful , Nervous , Stressed , Ignorant",2024-08-23 22:37:59,7,True,0.0,1.0,True,0.1659289002418518,1.4988696575164795,-0.0412726551294326,1.5620375871658323,0.2072015553712844,0.0631679296493528
89,583,"Meh , Stressed , Unmotivated , Unfocused , Drained",2024-08-24 12:44:12,7,True,0.0,1.0,True,-0.7807217836380005,0.40611591935157776,-0.8134692311286926,0.4360940158367157,0.03274744749069214,0.02997809648513794
89,584,"Sluggish , Tired , Drained , Defeated , Nervous",2024-08-24 22:07:43,7,True,-2.0,0.0,True,-2.07893705368042,-0.14390712976455688,-2.080160856246948,-0.0785058140754699,0.0012238025665278762,0.06540131568908698
89,585,"Content , Excited , Slightly nervous , Active , Determined",2024-08-25 17:30:31,7,True,0.0,2.0,True,0.9702649116516113,0.9104565978050232,0.6479474306106567,1.2770400047302246,0.3223174810409546,0.3665834069252014
89,586,"Nervous , Tired , Hungry , Frustrated , Defeated",2024-08-26 17:50:44,7,True,-1.0,2.0,True,-0.8914554119110107,1.000535011291504,-0.9160229563713074,0.9875411987304688,0.02456754446029663,0.012993812561035156
89,587,"Tired , Exhausted , Hungry , Happy , Intrigued",2024-08-29 22:10:23,7,True,-2.0,0.0,True,-0.8544872999191284,0.3890272378921509,-0.8614867329597473,0.5008693933486938,0.0069994330406188965,0.11184215545654297
94,970,"Cool , Calm , Lowkey , Normal , Gentle",2024-11-13 12:05:15,7,True,2.0,0.0,True,0.888374924659729,0.3633144795894623,0.7096403241157532,0.5215876698493958,0.17873460054397583,0.15827319025993347
94,971,"Sluggish , Tired , Down , Depressed , Low",2024-11-13 17:17:46,7,True,-2.0,0.0,True,-1.8864980936050415,0.009703533723950386,-1.923375368118286,0.0825906246900558,0.03687727451324441,0.07288709096610542
94,1182,"normal to have an ""off "" day or two where you don ' t feel like yourself . If you ' re feeling ""off "" or ""weird "" for more than a couple of days , you can try to reflect on what ' s going on and ask yourself some non-judgmental questions . \n",2024-11-13 22:04:54,7,False,0.0,0.0,True,-0.03476428985595703,0.3908853828907013,-0.0353018194437027,0.4174487292766571,0.0005375295877456665,0.02656334638595581
94,1183,"Sad , Down , Low , Not happy , Depressed",2024-11-14 12:01:59,7,True,-2.0,1.0,True,-1.233123540878296,1.0785083770751953,-1.4237467050552368,1.2453572750091553,0.19062316417694092,0.16684889793395996
94,1184,"Quite , Calm , Lowkey , Chilled , Unbothered",2024-11-14 17:32:41,7,True,0.0,0.0,True,1.3326579332351685,0.22350487112998962,1.366984248161316,0.2761409878730774,0.03432631492614746,0.05263611674308777
94,1185,"There are many reasons why you might feel ""off "" or ""weird "" from time to time , including : \nA symptom of depression that can make you feel empty , discouraged , isolated , or unfocused . You might feel like you ' re going through the motions and can ' t connect to your environment",2024-11-15 12:09:22,7,False,0.0,0.0,True,-1.1065360307693481,0.544755756855011,-1.1480200290679932,0.5713017582893372,0.04148399829864502,0.026546001434326172
94,1186,"Active , Alive , Energetic , Online , Active",2024-11-15 17:19:13,7,True,0.0,2.0,True,0.3093167543411255,1.89109206199646,0.2583924531936645,2.098869800567627,0.05092430114746099,0.207777738571167
94,1187,"Feeling calm and quiet "" means experiencing a state of inner peace and serenity , where there is a lack of agitation , disturbance , or excitement , essentially a feeling of tranquility and stillness , like a peaceful moment with minimal external stimuli ; it implies a sense of being relaxed and composed , both mentally and physically",2024-11-16 12:04:43,7,False,2.0,0.0,True,1.251166582107544,0.1440155953168869,1.183596134185791,0.1558960378170013,0.06757044792175293,0.011880442500114385
94,1188,"Calm , Gentle , Dull , Down , Lowkey",2024-11-16 17:12:38,7,True,2.0,0.0,True,0.629371702671051,0.31387829780578613,0.582074761390686,0.4529562592506408,0.04729694128036499,0.13907796144485468
94,1189,"saying that expresses a lack of strong emotion or opinion on a particular matter , often conveying a sense of detachment or indifference ; a common example is ""If you are neutral in situations of injustice , you have chosen the side of the oppressor ,"" which highlights that remaining neutral in the face of wrongdoing can be interpreted as supporting the unjust side .",2024-11-17 12:09:21,7,False,0.0,1.0,True,-0.011327593587338924,0.6310741305351257,-0.0557854324579238,0.6557255387306213,0.044457838870584875,0.024651408195495605
94,1190,"Happy , Cheerful , Jovial , Joyous , Jollyful",2024-11-17 17:38:30,7,True,2.0,1.0,True,1.7195379734039307,1.1225943565368652,1.7066015005111694,1.3351788520812988,0.01293647289276123,0.2125844955444336
94,1191,"Enthusiasm is related to other words like playfulness , inventiveness , optimism , zest , and high energy . The word enthusiasm comes from the NORP word enthousiasmos , which comes from enthou , meaning ""possessed by a god , inspired "". It was originally used in a derogatory sense to describe excessive religious zeal",2024-11-18 12:32:00,7,False,2.0,2.0,True,1.1094025373458862,1.6299142837524414,1.0635855197906494,1.6582698822021484,0.045817017555236816,0.02835559844970703
94,1192,"Slow , Dull , Moody , Down , Depressed",2024-11-18 22:53:59,7,True,-1.0,0.0,True,-0.5481346845626831,0.404262512922287,-0.7086056470870972,0.5512861013412476,0.16047096252441406,0.14702358841896057
94,1193,"Neutral feelings can be normal , and they can occur alongside positive or negative emotions . For example , a parent might feel neutral about going to the park with their child , but also feel happy because their child wants to spend time with them .",2024-11-19 12:08:06,7,False,0.0,1.0,True,0.19977159798145294,0.989345371723175,0.1419337093830108,1.041938066482544,0.05783788859844213,0.052592694759368896
94,1194,"Calmness can soothe negative emotions like anxiety , stress , anger , and frustration . It can also encourage other emotional habits Feeling calm is a psychological state of peace and quiet , where you feel at ease and free from anxiety , stress , and tension",2024-11-19 17:18:38,7,False,2.0,0.0,True,0.8264899849891663,0.7111194133758545,0.7827487587928772,0.7544009685516357,0.04374122619628906,0.04328155517578125
99,1390,"Tired , Bored , Drained , Confused , Pensive",2024-11-12 22:23:00,7,True,0.0,1.0,True,-0.8900802135467529,0.4304320216178894,-0.9399759769439696,0.4781045019626617,0.049895763397216686,0.04767248034477228
99,1391,"Had another doctors appointment this morning , always nerve wracking , also had too much coffee . I have two interviews today so that is not helping with the nerves . Otherwise I am excited for the outcome of my meetings/interviews today and to be done with my doctors appointments .",2024-11-13 12:02:17,7,False,-2.0,2.0,True,-0.3375166058540344,2.0054008960723877,-0.4130286872386932,2.039586544036865,0.07551208138465876,0.034185647964477095
99,1392,I am calm because I ate and am sitting by the fire relaxing . I am thinking about my appointment tomorrow which makes me slightly anxious . I am feeling excited because I got another job interview for one that I am excited about .,2024-11-13 22:02:32,7,False,0.0,1.0,True,0.5709170699119568,0.9008691310882568,0.5663979053497314,0.7868034243583679,0.004519164562225342,0.11406570672988892
99,1393,I am feeling tired because I had to get up for the doctors again but am happy because my treatment is almost done . I am grateful for the breakfast that I just had and because my mentor agreed to write me a letter of rec . this makes me a little nervous because it means I need to get started on PhD apps !,2024-11-14 12:01:01,7,False,0.0,0.0,True,-0.37880945205688477,0.5105011463165283,-0.531827449798584,0.4086212515830993,0.15301799774169922,0.10187989473342901
99,1394,I am feeling chill because I’m home by the fire and got responses to important emails . I am still waiting to hear about my medical stuff so I am a little nervous about that . I had a stressful afternoon so I am decompressing .,2024-11-14 22:17:51,7,False,0.0,0.0,True,0.6920921802520752,0.5493965148925781,0.6587033271789551,0.5234987735748291,0.03338885307312012,0.025897741317749023
99,1395,"Chill , Tired , Anxious , Full , Unmotivated",2024-11-15 12:32:34,7,True,-2.0,0.0,True,0.5170229077339172,0.5253219604492188,0.376564085483551,0.5923107862472534,0.1404588222503662,0.06698882579803467
99,1396,"I’m very hungry right now and stressed because I have to give myself a shot at 2 in the morning to prep for a surgery so I am already getting anxious for that . Otherwise I am trying to relax , I had a productive day .",2024-11-15 22:01:23,7,False,-2.0,0.0,True,-0.39563611149787903,1.2816959619522095,-0.4016318023204803,1.3266849517822266,0.005995690822601263,0.04498898983001709
99,1397,I am very tired because I had to stay up to administer my shots at 2 am and then couldn’t sleep . I am feeling nervous for my procedure tomorrow but excited to be done with the process . I am more relaxed because it’s the weekend .,2024-11-16 12:01:08,7,False,-2.0,0.0,True,-0.863670825958252,0.1886293739080429,-1.060781955718994,0.1487046480178833,0.19711112976074197,0.03992472589015961
99,1398,Still feeling very tired and unmotivated which is frustrating because I have a lot to get done ! I am drained and just want to stay in bed but I am trying to convince myself to go on a walk . I just feel lazy and uncomfortable .,2024-11-16 17:02:17,7,False,-2.0,0.0,True,-1.4012261629104614,0.15766137838363647,-1.40384042263031,0.1810420751571655,0.002614259719848633,0.023380696773529025
99,1399,I am nervous and anxious because I have surgery today . I am glad to almost be done with it but I have never had surgery before so I’m a little scared . I am hopeful that everything will go well . I am feeling supported by family .,2024-11-17 12:01:13,7,False,-2.0,2.0,True,-0.7588663697242737,1.586565613746643,-0.8173520565032959,1.5557256937026978,0.05848568677902222,0.030839920043945312
99,1400,"Tired , Unmotivated , Uncomfortable , Sluggish , Quiet",2024-11-18 12:50:49,7,True,-1.0,0.0,True,-1.2745060920715332,0.15940730273723602,-1.2707513570785522,0.2723621129989624,0.003754734992980957,0.11295481026172638
99,1401,I am feeling pretty productive today but quite stressed by all I have to do . I am still feeling a little inactive because of my procedure and want to be more active . I am also getting a little anxious about the holidays because I just made some plans .,2024-11-19 17:21:11,7,False,0.0,2.0,True,-0.16373123228549957,0.9659774303436279,-0.1415484994649887,0.963976502418518,0.022182732820510864,0.0020009279251099743
99,1402,"Calm , Chill , Sluggish , Frustrated , Bored",2024-11-19 22:05:24,7,True,2.0,0.0,True,0.13603053987026215,0.21995005011558533,0.3360625505447387,0.2795644700527191,0.20003201067447657,0.05961441993713379
99,1403,"Bored , Chill , Thoughtful , Tired , Relaxed",2024-11-20 17:43:12,7,True,0.0,1.0,True,0.8299129605293274,0.2115207314491272,0.7003790140151978,0.2813749015331268,0.12953394651412964,0.06985417008399958
105,1796,"Tired , Anxious , Grateful , Neutral , Content",2024-11-20 12:00:52,7,True,-2.0,0.0,True,-0.09637138992547989,0.6469815373420715,-0.1914735734462738,0.8176745176315308,0.09510218352079391,0.17069298028945923
105,1798,Not the best right now . Financial issues becoming stress in the family living off a 1 person income . Also tired since only slept for about 2 hours so hopefully my next nap is soon . I am thankful for my kids they are my true motivation .,2024-11-20 17:00:52,7,False,-2.0,2.0,True,-0.9974464178085327,0.29924851655960083,-1.0343451499938965,0.2886744141578674,0.03689873218536377,0.010574102401733454
105,1799,"Sluggish , Pain , Tired , Overwhelmed , Content",2024-11-20 22:56:11,7,True,-2.0,0.0,True,-1.5219563245773315,-0.11804892122745514,-1.7740370035171509,-0.0451106093823909,0.25208067893981934,0.07293831184506425
105,1800,Today I am not feeling the most comfortable and confident about the future . Hardships in my personal life are starting to make me more nervous today and hoping that will pass . I am tired because of my night shift but hard time falling asleep at the moment . Soon I will be more comfortable but I know hard times pass .,2024-11-21 12:00:52,7,False,-2.0,0.0,True,-1.051771879196167,1.1683356761932373,-1.0876916646957395,1.1767783164978027,0.03591978549957253,0.00844264030456543
105,1801,Could be better . I feel well rested but still stressing . Hoping that this feeling will go away but will take it one day at a time . I am hungry since I just woke up and need to eat . Also looking forward to something with my family that’s coming soon so can’t wait for that .,2024-11-21 17:05:28,7,False,-2.0,0.0,True,0.5592000484466553,0.9758327007293701,0.5300162434577942,1.0029926300048828,0.029183804988861084,0.027159929275512695
105,1802,I am tired and have a headache . I am getting hungry because I didn’t have breakfast but not sure what to eat . I am sluggish from the lack of sleep but will be taking a nap soon . I am hopeful for the future because if I don’t then negativity drown my thought .,2024-11-22 17:00:48,7,False,-1.0,1.0,True,-1.3836952447891235,0.14579513669013977,-1.4928205013275146,0.1252882778644561,0.10912525653839111,0.020506858825683677
105,1803,Tired and sluggish since I just woke up but lazy as well . Not in the mood to get up to cook but need to start making dinner . Not really excited about work tonight but at least I have my days off ahead to look forward to . Those are my relaxing nights since I can sleep in my own bed . Happy to be spending time with family soon .,2024-11-22 22:01:05,7,False,-1.0,0.0,True,-1.0291246175765991,0.07114455103874207,-1.1133354902267456,0.0515302307903766,0.08421087265014648,0.019614320248365465
105,1815,"Tired , Uncertain , Neutral , Unsure , Confused",2024-11-23 12:07:57,7,True,-2.0,0.0,True,-0.4402712285518646,0.8013208508491516,-0.5349117517471313,0.864040195941925,0.09464052319526672,0.06271934509277344
105,1816,I am currently starving since I haven’t eaten and been up for a while . Got no sleep this morning since my daughter got up to early so running on a hour of sleep . Hopefully I’ll be able to rest fine when I can sleep but will be doing that soon . I am ok because of exhaustion so can’t tell you how my emotions are because of tiredness .,2024-11-23 17:12:44,7,False,-1.0,2.0,True,-1.5045570135116577,0.19102592766284943,-1.5832334756851196,0.1713463068008422,0.07867646217346191,0.019679620862007224
105,1817,Jittery this morning since I did not get a good nights sleep . Happy to see my family today for my brothers birthday so we will be having fun together . Nervous to pay a bill to lose my WiFi but will be able to still enjoy my time . Also happy to know my family will be together to celebrate thanksgiving .,2024-11-24 12:06:04,7,False,-1.0,2.0,True,-0.5223425626754761,1.2941069602966309,-0.7086234092712402,1.277052402496338,0.18628084659576416,0.01705455780029297
105,1818,"Neutral , Uncomfortable , Uncertain , Sluggish , Pain",2024-11-25 12:10:39,7,True,0.0,1.0,True,-0.2120133936405182,0.9740456938743591,-0.2185211926698684,1.1020634174346924,0.006507799029350225,0.12801772356033325
105,1820,"Tired , Unmotivated , Neutral , Content , Lazy",2024-11-25 22:34:54,7,True,-2.0,0.0,True,-0.2999113202095032,0.5952674150466919,-0.4124072194099426,0.7168184518814087,0.11249589920043945,0.1215510368347168
105,1821,"Thirsty , Tired , Hungry , Annoyed , Pain",2024-11-26 17:20:42,7,True,0.0,1.0,True,-0.4014771282672882,0.9329821467399597,-0.5680127143859863,0.9635896682739258,0.16653558611869812,0.030607521533966064
106,1832,"Upset , Resentful , Emotional , Unhappy , Frustrated",2024-10-20 12:40:12,7,True,-2.0,1.0,True,-0.7595067024230957,1.3636088371276855,-0.9812875986099244,1.4806342124938965,0.22178089618682872,0.11702537536621094
106,1833,"I feel very overwhelmed from the last couple of days . I’m more calmed down now , but not completely relaxed . I feel a bit hopeless about the problems I’m facing but am trying to distract myself by doing things I enjoy .",2024-10-21 12:00:40,7,False,0.0,1.0,True,-0.8023040294647217,1.0857102870941162,-1.026073694229126,1.1274731159210205,0.2237696647644043,0.0417628288269043
106,1834,"Annoyed , Irritated , Angry , Frustrated , Confused",2024-10-21 22:27:11,7,True,-1.0,2.0,True,-1.2317537069320679,1.7314090728759766,-1.539901852607727,1.7544326782226562,0.3081481456756592,0.023023605346679688
106,1835,"Mild , Congested , Ambivalent , Tired , Sleepy",2024-10-22 12:32:44,7,True,1.0,0.0,True,0.5268827676773071,0.4926948547363281,0.3857875764369964,0.597116231918335,0.14109519124031072,0.10442137718200684
106,1836,"I’m feeling less sick and more energetic . I’m still stressed and uneasy , but less so than I have been recently . I’ve been distracting myself by doing things I enjoy and that’s helped me feel better . I’m hopeful that my mood will improve .",2024-10-22 22:04:59,7,False,0.0,1.0,True,0.03762538358569145,1.367900013923645,0.0061389105394482,1.3663766384124756,0.03148647304624325,0.0015233755111694336
106,1837,"I’m in a better mood than I have been lately . I feel energetic and positive . While I am still stressed and uneasy , I have found comfort in spending time with others . I feel more motivated to do things I enjoy and leave my house besides going to work .",2024-10-23 12:11:48,7,False,1.0,0.0,True,0.7301106452941895,1.6019270420074463,0.6694662570953369,1.609033465385437,0.06064438819885254,0.007106423377990723
106,1838,"I’m still sick . My symptoms feel like they’re improving , but earlier I had a coughing fit that was irritating and painful . I’m going to go to sleep soon so I’m looking forward to that . I feel lonely and tired . I miss a lot of people who used to be in my life that are hard to keep in touch with .",2024-10-23 22:07:23,7,False,0.0,1.0,True,-1.027232050895691,0.7515159249305725,-1.1762828826904297,0.7245043516159058,0.14905083179473877,0.027011573314666748
106,1839,I’m looking forward to the weekend . I have fun plans and that’s helping improve my mood . I’m still sick and I’m really tired but I don’t feel bothered by anything . I think today will be a good day and that has put me in a good mood .,2024-10-24 12:31:06,7,False,1.0,0.0,True,1.052092432975769,1.283670425415039,1.00135338306427,1.2626031637191772,0.05073904991149902,0.021067261695861816
107,1859,I had a lot of trouble falling asleep last night . I tried everything I could think of to help me fall asleep but none of it worked . So now I am very tired and my heart is beating very fast (possibly due to anxiety) .,2024-08-11 12:00:46,7,False,-2.0,0.0,True,-1.5298922061920166,0.30765020847320557,-1.5951482057571411,0.3112905919551849,0.06525599956512451,0.0036403834819793146
107,1860,"I went out to get some coffee and food with a friend . We had a good chat . But for reasons unknown even to me , I started to feel really down after we parted ways . Now I am sitting in my room and crying . I hate my life and I hate myself .",2024-08-11 17:00:34,7,False,-2.0,1.0,True,-1.2692502737045288,0.9024988412857056,-1.2672804594039917,0.9298397302627563,0.0019698143005371094,0.02734088897705078
107,1861,"I was feeling intense emotions earlier , so I journaled about all those complicated feelings . I am feeling calmer now . I understand that I am going through a very difficult time , and I need to be extra kind and patient with myself . I have survived worse in the past , and I will get through this too .",2024-08-11 22:07:02,7,False,-1.0,1.0,True,-0.45301735401153564,0.9931830763816833,-0.4913456737995147,1.0040507316589355,0.03832831978797907,0.010867655277252197
107,1863,"Tired , Lethargic , Mellow , Chill , Easygoing",2024-08-12 12:00:35,7,True,0.0,0.0,True,0.04707184433937073,0.0869167372584343,-0.1346583217382431,0.1812896430492401,0.18173016607761383,0.09437290579080582
107,1864,"I am feeling kind of stuck . On one hand , I am too tired to do the things I want to do , so I feel stressed out about it which causes me to not sleep well at night , which in turn results in me feeling tired during the day and it has become this vicious cycle . I understand that I need to be gentle with myself but I also do not want to use that as an excuse to forgo my responsibilities .",2024-08-12 17:05:54,7,False,-1.0,0.0,True,-1.2890170812606812,0.3508698046207428,-1.298680543899536,0.3742002546787262,0.009663462638854758,0.0233304500579834
107,1865,"After taking a two-hour nap , I finally felt more energetic . I accomplished a lot of chores and some tasks related to work . Although my sadness did not go away , I did not let it stop me from doing things and taking care of myself .",2024-08-12 22:11:59,7,False,0.0,1.0,True,-0.2821353077888489,1.2948925495147705,-0.3420645594596863,1.2854242324829102,0.0599292516708374,0.009468317031860352
107,1866,"I had a lot of trouble falling asleep last night . I think it was because I had too much tea and took a nap in the afternoon . So I am feeling very tired this morning . Also , I have 3 interviews tomorrow which I am very nervous about .",2024-08-13 12:13:28,7,False,-1.0,0.0,True,-1.3937000036239624,0.16017094254493713,-1.4538990259170532,0.1621168553829193,0.06019902229309082,0.0019459128379821777
107,1867,"Tired , Drained , Numb , Lost , Sad",2024-08-13 17:07:37,7,True,-2.0,0.0,True,-1.2951669692993164,0.2604096233844757,-1.36309015750885,0.2565356194972992,0.06792318820953369,0.0038740038871765137
107,1868,"Sad , Down , Numb , Tired , Lonely",2024-08-13 22:00:39,7,True,-1.0,1.0,True,-1.2320019006729126,0.7534043192863464,-1.3319770097732544,0.8793618679046631,0.0999751091003418,0.12595754861831665
107,1869,"Content , Motivated , Ok , Productive , Supported",2024-08-14 17:44:17,7,True,1.0,0.0,True,1.120656132698059,0.8781918287277222,0.8454984426498413,1.2003700733184814,0.2751576900482178,0.3221782445907593
107,1870,"After a long day , I am hanging out with some friends . It is nice to be in the company of people who have a good sense of humor and support me . I feel better now even though it was a rough day for me otherwise . So that was good .",2024-08-14 22:03:29,7,False,0.0,1.0,True,-0.04462334141135216,0.6470996141433716,-0.124182105064392,0.6461934447288513,0.07955876365303985,0.0009061694145202637
107,1871,I am feeling extremely exhausted . I just took a two-hour nap and am still feeling tired . I tried to push myself to get up and do something but I just feel like I am going to fall asleep at any given moment .,2024-08-15 17:05:44,7,False,-2.0,0.0,True,-1.7366149425506592,0.006002376321703196,-1.8008183240890503,0.0171251315623521,0.06420338153839111,0.011122755240648905
107,1872,"Tired , Motivated , Content , Cozy , Connected",2024-08-16 12:01:59,7,True,0.0,0.0,True,0.34306883811950684,0.7533775568008423,0.1549647897481918,0.905573070049286,0.18810404837131503,0.15219551324844371
107,1874,I am feeling a mix of emotions right now : a little bit overwhelmed by all the things that I have to do ; sad about my current life situation ; and stressed out about my job search and starting my own business .,2024-08-16 17:09:43,7,False,-1.0,1.0,True,-0.9316001534461975,1.2833372354507446,-0.961063027381897,1.3419653177261353,0.029462873935699463,0.058628082275390625
107,1875,"Sluggish , Drained , Numb , Pessimistic , Lonely",2024-08-16 22:01:36,7,True,-2.0,0.0,True,-1.6702169179916382,0.004716428462415934,-1.718250393867493,0.0260023791342973,0.048033475875854714,0.021285950671881368
107,1876,"Active , Motivated , Productive , Tired , Sleepy",2024-08-17 12:01:29,7,True,0.0,2.0,True,0.11000332981348038,1.436307668685913,0.0312723740935325,1.5945806503295898,0.07873095571994787,0.15827298164367676
107,1877,"Sad , Down , Tired , Lethargic , Lonely",2024-08-17 22:21:37,7,True,-1.0,1.0,True,-1.1844444274902344,0.7839351892471313,-1.3099137544631958,0.8977432250976562,0.12546932697296143,0.1138080358505249
119,2478,"Happy , Thirsty , Content , Lazy , Glad",2024-10-20 22:01:51,7,True,2.0,2.0,True,1.5727522373199463,0.8389171361923218,1.502879023551941,1.1289570331573486,0.06987321376800537,0.29003989696502686
119,2479,"Okay , Chill , Happy , Comfortable , Nice",2024-10-21 22:01:00,7,True,0.0,1.0,True,1.2064417600631714,0.4126223921775818,0.7466806173324585,0.7298986911773682,0.4597611427307129,0.3172762989997864
119,2480,"Nervous , Hungry , Tired , Excited , Calm",2024-10-24 17:26:33,7,True,-1.0,2.0,True,0.784143328666687,1.4027292728424072,0.500813901424408,1.5874578952789309,0.28332942724227905,0.18472862243652366
119,2481,"I feel like crying a bit , and maybe alot . My ear is hurting and i’ve been more sensitive with the wind as it hits my ear . It doesn’t help when there’s an instrument by in my ear constantly for marching band .",2024-10-25 17:13:50,7,False,-1.0,1.0,True,-1.723368525505066,0.8214638233184814,-1.8211008310317995,0.8289551734924316,0.09773230552673362,0.007491350173950195
119,2483,"Quiet , Hungry , Longing , Tired , Cold",2024-10-28 22:00:44,7,True,0.0,0.0,True,-0.353458046913147,0.25919872522354126,-0.499647319316864,0.2928982079029083,0.14618927240371704,0.033699482679367065
120,2510,"I am content and calm after having a great day . I am ready to relax and wind down for the night . I am excited for tomorrow to come and am anticipating a very light , easy day at work + plans with friends .",2024-11-07 22:48:34,7,False,2.0,0.0,True,1.4856795072555542,0.011309901252388954,1.5131089687347412,-0.0344547294080257,0.02742946147918701,0.045764630660414654
120,2511,"sluggish , tired , excited , content , thoughtful",2024-11-08 12:46:36,7,True,-2.0,0.0,True,-0.5666730403900146,0.29860761761665344,-0.6597586274147034,0.361163467168808,0.09308558702468872,0.06255584955215454
120,2513,"content , calm , reflective , grateful , cheerful",2024-11-08 22:38:18,7,True,2.0,0.0,True,1.3281155824661255,0.3988400101661682,1.1895822286605835,0.4881694316864013,0.138533353805542,0.0893294215202331
120,2514,"quiet , exhausted , drained , sleepy , satisfied",2024-11-09 22:54:45,7,True,0.0,0.0,True,-1.0223876237869263,0.054594721645116806,-1.1587516069412231,0.1031060665845871,0.13636398315429688,0.04851134493947029
120,2515,"sluggish , tired , annoyed , dissatisfied , questioning",2024-11-10 12:26:28,7,True,-1.0,0.0,True,-1.0866488218307495,0.3673195242881775,-1.2818949222564695,0.304634153842926,0.19524610042572,0.06268537044525146
120,2516,I am happy because I found out today is a national holiday and therefore I don ' t have to work since it ' s a company holiday too . I am excited because I now have time to complete errands and enjoy the downtime with my family . I am pondering what I can do today for fun .,2024-11-11 12:53:21,7,False,1.0,1.0,True,1.1541557312011719,1.2534387111663818,1.106636643409729,1.2153949737548828,0.04751908779144287,0.03804373741149902
120,2517,"quiet , satiated , content , tired , sleepy",2024-11-11 22:02:09,7,True,0.0,0.0,True,0.7588837146759033,-0.05725951865315437,0.6775497794151306,-0.0401652865111827,0.0813339352607727,0.01709423214197167
120,2518,"sluggish , tired , drained , sleepy , concerned",2024-11-12 22:02:01,7,True,-2.0,0.0,True,-1.3318537473678589,0.1887420266866684,-1.5032843351364136,0.1699745208024978,0.1714305877685547,0.018767505884170588
120,2519,"jittery , nervous , on edge , stressed , annoyed",2024-11-13 12:44:14,7,True,-2.0,2.0,True,-1.3698053359985352,2.1810708045959473,-1.7773722410202026,2.2054543495178223,0.4075669050216675,0.024383544921875
120,2520,"confused , sluggish , tired , annoyed , irritated",2024-11-13 17:23:11,7,True,-1.0,0.0,True,-1.082962155342102,0.5828144550323486,-1.2369270324707031,0.6467689871788025,0.15396487712860107,0.06395453214645386
120,2521,"neutral , calm , collected , content , relaxed",2024-11-13 22:02:01,7,True,0.0,1.0,True,0.5311653017997742,0.7442936897277832,0.4194812476634979,0.8733367919921875,0.11168405413627625,0.1290431022644043
120,2522,I am feeling content having finished up a tough work week . I am feeling happy having met up with friends .   I am feeling quiet as I decompress through meditation and relaxing yoga . I am feeling tired as I go through my nightly routine,2024-11-15 22:07:03,7,False,2.0,0.0,True,0.48524239659309387,0.03201163932681084,0.4484781622886657,0.0483504198491573,0.036764234304428156,0.016338780522346462
122,2601,"Calm , Neutral , Fine , Bored , Tire",2024-09-05 12:06:15,7,True,0.0,1.0,True,0.2695190906524658,0.8927929997444153,0.2390816062688827,0.9971027970314026,0.030437484383583124,0.1043097972869873
122,2602,"I am currently feeling okay right now . It is getting late in the afternoon for this workday , and I feel like the day is going by quite slowly . I am a bit tired , maybe a little bored , and am looking forward to attending a local baseball game tonight . It should be a fun time .",2024-09-05 17:06:05,7,False,1.0,1.0,True,-0.4157117009162903,0.4063153862953186,-0.3977754116058349,0.4071933925151825,0.017936289310455378,0.0008780062198638916
122,2603,"Content , Calm , Relaxed , Happy , Joyful",2024-09-05 22:55:03,7,True,2.0,0.0,True,1.8339810371398926,0.2859852612018585,1.7189340591430664,0.319846361875534,0.11504697799682617,0.03386110067367548
122,2604,"Okay , Fine , Neutral , Unemotional , Blank",2024-09-06 17:15:22,7,True,0.0,1.0,True,0.05326348543167114,0.989111602306366,-0.0088799288496375,1.0700222253799438,0.062143414281308644,0.08091062307357788
122,2605,"Calm , Okay , Content , Fine , Happy",2024-09-07 17:09:15,7,True,0.0,1.0,True,1.389522671699524,0.2540959119796753,1.1897753477096558,0.5051813125610352,0.19974732398986816,0.25108540058135986
122,2606,"I am feeling fairly good right now because it is Saturday night and I am home and just relaxing . We had some family visiting our home earlier today , which was an enjoyable experience . I am very excited for the upcoming start of the ORG football season , which begins tomorrow at 10AM",2024-09-07 22:05:13,7,False,1.0,1.0,True,1.008773922920227,0.6172863245010376,1.0710495710372925,0.629314124584198,0.06227564811706543,0.0120278000831604
122,2607,"Happy , Joyful , Great , Good , Content",2024-09-08 17:01:17,7,True,1.0,1.0,True,1.9288983345031738,0.8925591707229614,1.8100789785385127,0.94909930229187,0.11881935596466109,0.05654013156890858
122,2608,"Okay , Fine , Neutral , Blank , Meh",2024-09-08 22:27:30,7,True,0.0,1.0,True,0.12743929028511047,0.8788238763809204,0.0414960831403732,0.9501236081123352,0.08594320714473727,0.0712997317314148
122,2609,"Active , Alert , Productive , Caffeinated , Good",2024-09-09 12:06:58,7,True,0.0,2.0,True,0.3723730146884918,1.468040943145752,0.4362630844116211,1.532355785369873,0.06389006972312927,0.0643148422241211
122,2611,"I am currently feeling okay at the moment . I am almost done with today ' s workday (on Tuesday September 10th) and I am pretty glad that this day is nearly over . I am feeling just a little bit stressed , but more so tired",2024-09-10 17:10:58,7,False,0.0,1.0,True,0.17003485560417175,0.3288592994213104,0.1181322932243347,0.3140099644660949,0.05190256237983705,0.01484933495521551
122,2612,"I am feeling okay right now . It is almost the end of today ' s workday , and I had a few stressful moments earlier today in which my manager learned of some mistakes I had made on one of my analyses . I do not think it is going to turn into a big deal in the future , but it did make me a bit upset in the moment .",2024-09-11 17:10:09,7,False,0.0,1.0,True,-0.2143482118844986,1.0909755229949951,-0.2602500319480896,1.0618400573730469,0.045901820063591,0.029135465621948242
122,2613,"It is currently Wednesday evening at 8 : 17PM , and I am feeling fairly happy right now . My wife and I finished dinner and are next going to look for something entertaining to watch on ORG or ORG . I am also glad that the hot weather is over and we are back to normal GPE  weather .",2024-09-11 22:17:13,7,False,1.0,1.0,True,1.0920113325119019,0.8407230973243713,0.970858097076416,0.8447126150131226,0.12115323543548584,0.003989517688751221
127,2926,"Today , I feel neutral . It’s like I’m just hanging out in this middle zone where nothing’s super exciting , but nothing’s really bothering me either . I’m not overly happy or sad , just kind of ... there . It’s like when you’re listening to a song that’s just okay ; you’re not skipping it , but you’re not jamming out to it either . \nI’m just going through the day without any big highs or lows . I’m not super pumped to do anything , but I’m not dreading anything either . It’s almost like I’m just on autopilot , letting things happen without getting too wrapped up in them . It feels kind of chill , like a break from all the usual ups and downs .",2024-09-24 12:26:12,7,False,0.0,1.0,True,0.24955616891384125,0.8442875742912292,0.2247989177703857,0.8767415285110474,0.02475725114345556,0.032453954219818115
127,2927,"I ' m really happy right now because everything in my life feels like it’s going in the right direction . I’m surrounded by people who make me smile and support me , and that makes a huge difference . It’s like every day brings something good , even if it’s just enjoying a nice walk or hanging out with friends . \nI’ve had some tough times , but those moments make me appreciate this happiness even more . Now , I feel more confident , and I’m learning to just go with the flow . I’ve realized that even the small things , like listening to my favorite music or having a good meal , can bring a lot of joy . This happiness makes me feel lighter , more positive , and excited for what’s next .",2024-09-24 17:00:41,7,False,1.0,2.0,True,1.879839539527893,1.1111994981765747,1.7769540548324585,1.142296314239502,0.10288548469543457,0.031096816062927246
127,2928,"Today , I feel really sad . Everything just feels heavier than usual , and it’s like nothing makes sense . I woke up hoping it would be a good day , but it’s just hard to shake off this feeling . The things that used to make me smile don’t feel the same , and it’s tough to find any motivation .\ n \ nI’m trying to stay positive , but it’s like my mind is stuck on everything that’s wrong . I know I’m not the only one who feels this way , but it still feels lonely . I wish I could snap out of it and feel better , but today , it’s just not that easy . For now , I’m just letting myself feel what I feel , hoping tomorrow will be different .",2024-09-25 12:02:56,7,False,-2.0,1.0,True,-1.4226032495498657,1.0408707857131958,-1.42529559135437,1.066922903060913,0.0026923418045041725,0.026052117347717285
127,2929,"Today , I feel pretty neutral . It’s like I’m just going through the day without feeling super happy or really sad . I’m not excited about anything , but I’m not upset either . It’s just one of those days where everything feels kind of average , like I’m just here and things are happening around me . Nothing is really bothering me , but nothing is making me feel great either . It’s a bit like coasting , where I’m just moving along with whatever’s happening without getting too caught up in it . It’s not a bad feeling , just kind of calm and chill , like I’m in the middle , not leaning one way or the other .",2024-09-25 17:01:48,7,False,0.0,1.0,True,0.26975953578948975,0.9476812481880188,0.2280237823724746,0.9760722517967224,0.04173575341701516,0.028391003608703613
127,2930,"Happy , Sad , Mad , Content , Glad",2024-09-25 22:04:50,7,True,-1.0,2.0,True,0.1803429126739502,0.7204724550247192,0.022520825266838,0.8768253326416016,0.1578220874071122,0.15635287761688232
127,2931,"Right now , I ' m feeling really jittery , like I’ve had way too much caffeine . My hands are kind of shaky , and I feel restless , like I just can’t sit still . It’s like my mind is racing with a bunch of thoughts all at once , and it’s making it hard to concentrate . My heart feels like it’s beating a bit faster , and it’s giving me this nervous , uneasy feeling . It’s almost like I’m excited or anxious , but I’m not really sure why . I just feel all this energy inside me , and it’s hard to calm down . This jittery feeling makes me want to move around , but at the same time , it’s kind of frustrating because I just want to feel normal and relaxed again . It’s like I need to take a deep breath and chill , but my body and mind just won’t let me right now .",2024-09-26 12:21:35,7,False,-1.0,1.0,True,-1.5791842937469482,2.3073225021362305,-1.6025700569152832,2.276991605758667,0.02338576316833496,0.030330896377563477
127,2932,"Today , I’m feeling pretty neutral . It’s one of those days where nothing seems to be too exciting or too upsetting . I’m just kind of going through the motions , getting things done as usual . There’s no real sense of happiness or sadness ; everything just feels like it ' s on a flat line . It’s not like I’m having a bad day or anything , but I wouldn’t say it’s a great day either . It’s just… a day . Sometimes , it feels like life is on autopilot , and today’s definitely one of those times . I’m not really focused on anything special , and nothing around me is really catching my attention . It’s like I’m stuck in the middle , just coasting along without any big highs or lows . Maybe tomorrow will bring something different , but for now , I’m just okay with things being this way . It’s actually kind of nice not to have any extreme emotions taking over . Sometimes , being neutral is just the break you need before things pick up again . So , I’ll just keep going , taking things one step at a time , and see where this day takes me .",2024-09-26 17:31:47,7,False,0.0,1.0,True,0.4614415466785431,0.9052293300628662,0.4236343502998352,0.9319406747817992,0.037807196378707886,0.026711344718932994
127,2934,"happy , estatic , relaxed , content , blessed",2024-09-27 12:05:55,7,True,2.0,1.0,True,1.7948014736175537,0.7039297223091125,1.655673623085022,0.8766162991523743,0.13912785053253174,0.17268657684326172
127,2935,"glad , mad , sad , happy , tired",2024-09-27 17:25:24,7,True,2.0,1.0,True,-0.048442237079143524,1.2001380920410156,-0.0798932686448097,1.2415432929992676,0.03145103156566617,0.04140520095825195
127,2936,"Right now , I ' m feeling really jittery , like I’ve had way too much caffeine . My hands are kind of shaky , and I feel restless , like I just can’t sit still . It’s like my mind is racing with a bunch of thoughts all at once , and it’s making it hard to concentrate . My heart feels like it’s beating a bit faster , and it’s giving me this nervous , uneasy feeling . It’s almost like I’m excited or anxious , but I’m not really sure why . I just feel all this energy inside me , and it’s hard to calm down . This jittery feeling makes me want to move around , but at the same time , it’s kind of frustrating because I just want to feel normal and relaxed again . It’s like I need to take a deep breath and chill , but my body and mind just won’t let me right now .",2024-09-27 22:31:42,7,False,-1.0,0.0,True,-1.5791842937469482,2.3073225021362305,-1.5993705987930298,2.273154020309448,0.020186305046081543,0.03416848182678267
127,2937,"Live , Happy , Blessed , Content , Estatic",2024-09-28 12:50:41,7,True,2.0,2.0,True,1.7968863248825073,0.4602797031402588,1.445828914642334,0.6989270448684692,0.35105741024017334,0.23864734172821045
127,2938,"Sad , Mad , Glad , Content , Upset",2024-09-28 17:01:10,7,True,0.0,1.0,True,-0.3723357915878296,0.845283031463623,-0.4329716563224792,0.915929913520813,0.0606358647346496,0.07064688205718994
127,2939,"Today , I feel full of energy and excitement . I woke up refreshed , and everything seems brighter . I’m moving with a bounce in my step , and even simple things are making me smile . It’s a day where I feel ready to take on anything , enjoying every moment with enthusiasm .",2024-09-28 22:47:35,7,False,2.0,2.0,True,1.3501535654067993,1.9583103656768799,1.2414871454238892,2.037661552429199,0.10866641998291016,0.07935118675231934
133,3110,"Happy , Existed , Delightful , Comfortable , Loved",2024-09-18 17:13:59,7,True,0.0,2.0,True,1.911506175994873,0.6384195685386658,1.834855437278748,0.7957464456558228,0.07665073871612504,0.15732687711715698
133,3111,"Right now , I’m feeling a deep sense of happiness that seems to permeate every part of my day . It’s that kind of joy where everything feels a little brighter , and even the smallest moments bring a smile to my face . Whether it’s a chat with a friend , a quiet moment with a book , or just the pleasure of a sunny day , I’m savoring it all .",2024-09-18 22:06:35,7,False,1.0,1.0,True,1.8832961320877075,1.4722535610198975,1.8257981538772583,1.516221523284912,0.05749797821044922,0.04396796226501465
133,3112,"Happy , Delightful , Loved , Wonderful , Great",2024-09-19 12:01:27,7,True,1.0,1.0,True,1.8269768953323364,0.9197298288345337,1.7384692430496216,1.0357811450958252,0.08850765228271484,0.1160513162612915
133,3114,"Right now , I ' m feeling pretty hopeful and motivated , to be honest . I reached out for help with singing , which is something I ' m really passionate about , and I ' m excited to see some improvement . There ' s this sense of anticipation building up inside me , like I ' m on the verge of unlocking a new level of self-expression . My mind is buzzing with the possibilities - imagining myself belting out my favorite tunes with confidence , connecting with others through music , and maybe even discovering a newfound talent . It ' s like a spark has been lit , and I ' m eager to fan the flames . I ' m also feeling a tad nervous , wondering if I ' ll be able to overcome my vocal limitations , but mostly I ' m just ready to dive in , learn , and have fun with the process .\ n",2024-09-19 17:00:43,7,False,1.0,1.0,True,1.5218089818954468,1.5633721351623535,1.5162054300308228,1.5559029579162598,0.0056035518646240234,0.00746917724609375
133,3115,"Happy , Delightful , Grateful , Loved , Graceful",2024-09-20 12:01:35,7,True,2.0,1.0,True,1.8319544792175293,0.802237868309021,1.781946301460266,0.9376272559165956,0.050008177757263406,0.13538938760757457
133,3116,"Happy , Grateful , Delightful , Hopefull , Loved",2024-09-20 17:15:06,7,True,1.0,1.0,True,1.76557195186615,0.8937790393829346,1.6852388381958008,1.0447487831115725,0.08033311367034912,0.15096974372863792
133,3117,"Delightful , Grateful , Happy , Loved , Excited",2024-09-22 22:00:44,7,True,0.0,1.0,True,2.024494171142578,0.6131015419960022,1.9480698108673096,0.692147970199585,0.07642436027526855,0.07904642820358276
133,3118,"Happy , Delightful , Excited , Loved , Grateful",2024-09-23 12:03:23,7,True,0.0,1.0,True,1.7508631944656372,1.0145258903503418,1.649556279182434,1.0950424671173096,0.10130691528320312,0.08051657676696777
133,3119,"I feel like I’m juggling a million thoughts at once , and it ' s exhausting . Some days , it’s hard to find my focus , and everything just seems to blur together . I really need a moment to pause and regroup , you know . But I feels better",2024-09-23 17:40:12,7,False,-1.0,1.0,True,-1.417734980583191,0.6628429293632507,-1.4326096773147583,0.6851193904876709,0.014874696731567383,0.022276461124420166
133,3120,"Excited , Happy , Delightful , Grateful , Loved",2024-09-24 22:59:31,7,True,0.0,1.0,True,1.816623568534851,0.9803566932678223,1.7605735063552856,1.0407381057739258,0.05605006217956543,0.060381412506103516
133,3121,"Moody , Delightful , Grateful , Okay , Loved",2024-09-25 12:03:05,7,True,0.0,1.0,True,1.645237922668457,0.47401997447013855,1.423745036125183,0.602168083190918,0.22149288654327393,0.12814810872077942
134,3139,"Excited , Nervous , Anxious , Happy , Active",2024-10-23 17:03:57,7,True,1.0,2.0,True,1.2307822704315186,1.4846796989440918,1.2085291147232056,1.629204273223877,0.02225315570831299,0.14452457427978516
134,3140,"Happy , Rested , Excited , Enthuiastic , Lively",2024-10-24 12:01:06,7,True,1.0,2.0,True,1.7012172937393188,1.1677604913711548,1.6904175281524658,1.3814690113067627,0.010799765586853027,0.2137085199356079
134,3141,I am feeling frustrated because I had to go to the doctor for a checkup today when I didn ' t want to . I made a weird comment that made me feel ashamed . I felt weird and strange today . And I have homework due soon .,2024-10-24 22:11:34,7,False,0.0,1.0,True,-0.9820371866226196,1.0826681852340698,-1.0429092645645142,1.0390443801879885,0.06087207794189453,0.04362380504608132
134,3142,"Anxious , Fearful , Awful , Sad , Nervous",2024-10-25 12:01:09,7,True,-2.0,2.0,True,-0.7553521394729614,1.7043102979660034,-0.9505343437194824,1.8386067152023315,0.195182204246521,0.13429641723632812
134,3143,"Groggy , Anxious , Nervous , Sad , Weird",2024-10-26 17:00:52,7,True,-1.0,0.0,True,-0.879347026348114,1.123924970626831,-0.9058640599250792,1.2949788570404053,0.02651703357696522,0.17105388641357422
134,3144,I am feeling horrible because I laid in bed all day . I really need to do my math homework but I haven ' t which makes me feel useless . I want to go to sleep but never wake up again . I am a failure . I hate being a failure .,2024-10-27 17:50:24,7,False,-2.0,0.0,True,-1.5291333198547363,0.22640138864517212,-1.5489801168441772,0.2620123326778412,0.019846796989440918,0.03561094403266907
134,3145,I did not get out of bed until 6 P . M . today which made me feel useless . My friend could have helped me with my math homework but instead I wanted to be a piece of shit and now I ' m forced to do it alone by myself . I wish I wasn ' t a lethargic idiot all the time .,2024-10-27 22:05:03,7,False,-2.0,0.0,True,-1.5746173858642578,0.19326245784759521,-1.6254249811172483,0.195728525519371,0.0508075952529905,0.00246606767177579
134,3147,"Forgetful , Anxious , Needy , Weary , Stupid",2024-10-28 12:39:01,7,True,-2.0,0.0,True,-0.49592238664627075,0.9764560461044312,-0.6417712569236755,1.1001487970352173,0.14584887027740479,0.12369275093078613
134,3148,"I feel awkward and stupid because I accidentally bumped into someone ' s rear mirror and they said ""What The Fuck "" to me . I didn ' t mean to . It made me feel like shit . I feel terrible and useless . I also was late to math class today .",2024-10-28 17:02:18,7,False,0.0,0.0,True,-1.4090160131454468,0.8081738948822021,-1.430989384651184,0.8558613061904907,0.021973371505737305,0.047687411308288574
134,3149,"I am okay . I have to do a JavaScript assignment which I ' m dreading because I really don ' t want to do any work right now . I feel really useless because I did not go to math class today which makes me feel awful . I did get checkers though , however I overate , which made me feel awful .",2024-10-28 22:02:43,7,False,-2.0,0.0,True,-0.3553495407104492,0.5551936626434326,-0.4699852466583252,0.5737358331680298,0.11463570594787598,0.018542170524597168
134,3150,I slept through both of my alarms which made me feel awful about myself . I ended up getting a school late now I ' m sitting in the parking lot and I feel like a failure . I went to bed early and this still happened . I feel bad .,2024-10-29 12:26:17,7,False,-2.0,0.0,True,-1.6636296510696411,0.3325696885585785,-1.711532473564148,0.3455474078655243,0.047902822494506836,0.0129777193069458
134,3151,"I am very loopy today . Also , I missed math class today . Not all of it though , better than nothing ! I felt very anxious today , like I was going to die . But it went away ! I hope things get better . I ' m looking forward to going home .",2024-10-29 17:02:47,7,False,1.0,1.0,True,-1.4431132078170776,0.6940087080001831,-1.5488728284835815,0.6616702079772949,0.1057596206665039,0.032338500022888184
134,3152,I am feeling useless because I was late to Math Class today . I did not feel good today . I was anxious today because I took an edible and it kicked in 2 hours later as a full blown panic attack . I also binge ate .,2024-10-29 22:00:48,7,False,-2.0,0.0,True,-1.6027597188949585,0.5840969085693359,-1.619012475013733,0.6055195331573486,0.016252756118774414,0.021422624588012695
139,3509,"I ' m more confident , outgoing and willing to engage . Mood swings might lurk , but overall , I ' m feeling uplifted . My thoughts flow freely , though clarity takes a hit , I ' m feeling somewhat relaxed and calm , with a gentle sense of euphoria washing over me . My worries seem to fade away , replaced by a carefree attitude and increased sociability .",2024-11-19 17:38:25,7,False,1.0,0.0,True,1.4530266523361206,1.1065772771835327,1.3755649328231812,1.1461657285690308,0.07746171951293945,0.03958845138549805
139,3510,"Happy , Active , Lively , Cool , Calm",2024-11-19 22:03:53,7,True,1.0,1.0,True,1.4092193841934204,1.3336851596832275,1.4752994775772097,1.5367329120635986,0.06608009338378928,0.2030477523803711
139,3511,"I currently feel enveloped in relaxation , with a soothing calmness spreading throughout my body . My mind unwinds , shedding worries and inhibitions , as a warm sense of euphoria takes hold . my worries seems fade away , replaced by I don’t care attitude",2024-11-20 12:10:43,7,False,1.0,0.0,True,1.0172882080078125,0.7773605585098267,0.9362678527832032,0.8021326065063477,0.08102035522460926,0.024772047996520996
139,3512,"Happy , Lively , Excited , Cool , Calm",2024-11-20 17:02:36,7,True,2.0,1.0,True,1.6688193082809448,1.1988283395767212,1.67761492729187,1.4130462408065796,0.008795619010925071,0.2142179012298584
139,3513,"My senses are slightly dulled , coordination requires focus , and reactions slow . Mild dizziness and numbness creep in .\ nEmotions swing toward increased confidence , sociability and joy . Mood swings are possible .\ nThought clarity decreases , focus blurs and judgment becomes slightly impaired .\ n",2024-11-20 22:02:27,7,False,1.0,1.0,True,-0.5901811718940735,0.7580578923225403,-0.6970099210739136,0.7496856451034546,0.10682874917984009,0.008372247219085693
139,3515,"Reserved , Serene , Anxious , Calm , Happy",2024-11-21 12:01:58,7,True,0.0,1.0,True,0.7669248580932617,0.6444792747497559,0.7261443734169006,0.8025659322738647,0.040780484676361084,0.1580866575241089
139,3516,"Relaxed , Calm , Cool , Neutral , Serene",2024-11-21 17:03:48,7,True,0.0,1.0,True,0.9622046947479248,0.44320645928382874,1.093630313873291,0.5217314958572388,0.1314256191253662,0.07852503657341003
139,3517,"I ' m feeling delightfully buzzed , with a pleasant haze enveloping my thoughts and a warm , tingling sensation coursing through my body . My worries have melted away , replaced by a carefree euphoria that ' s making me giggle more easily and connect with those around me on a deeper level .\ n",2024-11-21 22:02:22,7,False,0.0,2.0,True,1.7218226194381714,1.2861230373382568,1.6310325860977173,1.3264439105987549,0.0907900333404541,0.04032087326049805
139,3518,"Calm , Relaxed , Delightful , Chilled , Gentle",2024-11-22 12:03:30,7,True,2.0,0.0,True,1.8272311687469482,0.00505210692062974,1.7336803674697876,0.1370396614074707,0.09355080127716064,0.13198755448684096
139,3519,"Calm , Relief , Content , Cool , Happy",2024-11-22 17:28:18,7,True,1.0,0.0,True,1.5604909658432007,0.24585984647274017,1.447530746459961,0.4304222166538238,0.11296021938323975,0.18456237018108362
139,3520,"Vibrant , Warm , Carefree , Cool , Quiet",2024-11-22 22:04:19,7,True,0.0,1.0,True,1.3503079414367676,0.7504637241363525,1.1703108549118042,0.8878941535949707,0.17999708652496338,0.13743042945861816
139,3521,"\nI ' m feeling utterly intoxicated , with a swirling vortex of thoughts and sensations that ' s making it challenging to focus or think clearly . My body feels heavy and uncoordinated , as if my limbs are disconnected from my brain . The room around me is spinning , and I ' m struggling to maintain my balance .\ n",2024-11-23 12:39:44,7,False,-1.0,1.0,True,-1.3207765817642212,1.0942274332046509,-1.331167221069336,1.1191085577011108,0.010390639305114746,0.02488112449645996
139,3522,"I feel my cognitive faculties rapidly deteriorating , like a ship losing anchor in a stormy sea . My thoughts are disjointed and fragmented , making it difficult to articulate coherent sentences or follow conversations . The world around me has become distorted , with colors blurring together and sounds becoming muffled .\ n",2024-11-23 17:04:54,7,False,-1.0,1.0,True,-1.4793089628219604,0.7099756598472595,-1.5039623975753784,0.7211505174636841,0.02465343475341797,0.01117485761642456
139,3523,"Anxious , Stressed , Tired , Hopeless , Calm",2024-11-23 22:03:11,7,True,0.0,1.0,True,-0.27160364389419556,1.0268521308898926,-0.46820729970932,1.163023829460144,0.19660365581512446,0.13617169857025146
139,3524,"I ' m experiencing a loss of motor control , with my limbs feeling like lead weights that refuse to obey my brain ' s commands . My vision is blurry , and my sense of balance is severely impaired , making every step a precarious adventure . The room ' s spinning , and I ' m clinging to whatever solid object I can find to prevent myself from toppling over .\ n",2024-11-24 12:16:26,7,False,0.0,1.0,True,-1.7463120222091675,0.6958326101303101,-1.7843389511108398,0.6947433948516846,0.03802692890167236,0.0010892152786254883
139,3526,"Calm , Observant , Quiet , Dull , Reserved",2024-11-24 17:02:42,7,True,0.0,1.0,True,0.9696972370147705,0.22420048713684082,0.9287482500076294,0.3387092351913452,0.04094898700714111,0.1145087480545044
139,3527,"Calm , Content , Quiet , Reserved , Cool",2024-11-25 12:23:11,7,True,2.0,0.0,True,1.4001771211624146,-0.03645235672593117,1.2843096256256104,0.0878458395600318,0.1158674955368042,0.12429819628596296
139,3528,"I ' m feeling rather chill and relaxed , like the tension in my body has dissipated , leaving me with a warm , fuzzy sensation . My thoughts are still clear , but my mind has shifted gears , and I ' m now cruising at a leisurely pace , enjoying the gentle buzz . The gentle warmth spreading through my veins is soothing , calming my nervous system and quieting my racing thoughts .\ n",2024-11-25 17:34:10,7,False,1.0,1.0,True,0.8805616497993469,0.5329428911209106,0.8086708784103394,0.5550531148910522,0.07189077138900757,0.0221102237701416
139,3529,"I notice my muscles unwinding , releasing the pent-up stress and anxiety of the day . The gentle warmth spreading through my veins is soothing , calming my nervous system and quieting my racing thoughts . My senses remain sharp , but my perception has softened , allowing me to view the world with a more relaxed , laid-back attitude .\ n",2024-11-25 22:02:50,7,False,2.0,0.0,True,0.05569950491189957,0.9192478656768799,0.0323741436004638,0.917284607887268,0.02332536131143577,0.0019632577896119274
140,3554,The reason that I feel the way that I do is because I have had an long and tiring day so far but even though I was able to do that that I was able to take an moment to myself and I was able to be thankful for what I do have .,2024-08-15 17:13:41,7,False,0.0,1.0,True,-0.2302776277065277,0.3494514524936676,-0.2418975085020065,0.3326504230499267,0.011619880795478793,0.0168010294437409
140,3555,The way that I am feeling right now would be tired . The reason that I would say this is because for me it has been an long day for me and I also have been sore but overall i would say that it still has been an good day .   Also I enjoy that I have been able to spend time with family today,2024-08-15 22:21:52,7,False,-2.0,0.0,True,0.3290146589279175,0.1914421170949936,0.2629046142101288,0.1583637744188308,0.0661100447177887,0.0330783426761628
140,3556,"Peace , Good , Fine , Decent , Happy",2024-08-16 12:07:51,7,True,2.0,0.0,True,1.241787314414978,0.4050118923187256,1.1476643085479736,0.5357347130775452,0.0941230058670044,0.13072282075881958
140,3557,I would say the way that I am feeling right now is because I am tired . The reason that I say I am tired is because it had been an day when I had long days so that was something that had made me tire .,2024-08-16 17:00:57,7,False,0.0,1.0,True,-1.2888129949569702,-0.025406716391444206,-1.2794352769851685,-0.0004355064593255,0.009377717971801758,0.024971209932118706
140,3558,The reason that I feel calm is because I got to the end of my day where I am able to relax more now and also probley be able to watch an movie . Also another reason that I feel this way is because I had an pretty good day today .,2024-08-16 22:03:57,7,False,2.0,0.0,True,1.3533164262771606,0.35486260056495667,1.283655047416687,0.3780089020729065,0.06966137886047363,0.02314630150794983
140,3559,"Good , Happy , Peaceful , Na , Na",2024-08-17 12:03:34,7,True,2.0,0.0,True,1.3998392820358276,0.7499527931213379,1.1545430421829224,0.948182225227356,0.24529623985290527,0.19822943210601807
140,3560,"Good , Happy , Peaceful , Content , Na",2024-08-17 22:08:29,7,True,2.0,0.0,True,1.6385859251022339,0.5008862614631653,1.3933711051940918,0.7208747267723083,0.2452148199081421,0.21998846530914307
140,3561,"Calm , Good , Peaceful , Relaxed , Na",2024-08-18 17:11:49,7,True,0.0,1.0,True,1.6467808485031128,0.23700083792209625,1.4894696474075315,0.3832146227359772,0.15731120109558128,0.14621378481388092
140,3562,I would say the way that I am feeling is tired and also stressed out . The reason that I am saying this is because the stove went out so that is making it an long and also tiring day . Also the reason for this is because it had put me into further debt then I had wanted to be .,2024-08-18 22:02:35,7,False,-2.0,0.0,True,-1.6077302694320679,0.14900410175323486,-1.6467500925064087,0.147355705499649,0.03901982307434082,0.001648396253585871
140,3564,The way that I am feeling is tired right now and the reason for that is because it is cooler weather outside instead of it being hot outside . Also because of rhe weather that is something that also is making me happy also .,2024-08-19 12:01:24,7,False,-2.0,0.0,True,0.4188314378261566,0.68804931640625,0.3596029877662658,0.6963528990745544,0.0592284500598908,0.008303582668304443
140,3565,"Good , Fine , Intriguing , Calm , Happy",2024-08-19 17:09:51,7,True,2.0,0.0,True,1.3222837448120117,0.794105589389801,1.292916178703308,0.9280601739883424,0.029367566108703613,0.13395458459854137
140,3566,I would say the way that I am feeling right now would be calm and also peaceful .   The reason that I say this is because it is the end of the day where I usally am able to relax and do something like watching an movie .,2024-08-19 22:09:39,7,False,2.0,0.0,True,1.4561880826950073,0.1687517762184143,1.3892099857330322,0.1674749702215194,0.0669780969619751,0.0012768059968949197
140,3567,The way that I am feeling right now is ok but also quiet and also tired at the same time also . I would say the reason that I feel that way is because it is comtable out but I am also able to relax right now also to .,2024-08-20 12:00:48,7,False,0.0,0.0,True,0.5219092965126038,-0.02737688086926937,0.5196978449821472,-0.0301493089646101,0.002211451530456543,0.0027724280953407288
140,3568,I would say that I am feeling right now would be content and also happy . The reason for that is because I was able to spend time with family and also able to relax today also . Also another thing that I was able to do was to go into the garden which is relaxing .,2024-08-20 17:03:07,7,False,0.0,1.0,True,1.3876341581344604,0.22401964664459229,1.273856282234192,0.2606986463069916,0.11377787590026855,0.03667899966239929
140,3569,I would say the way that I am feeling would be good and also I would be calm because I have had an decent day also . Also I would say this is because it is an day that I had to enjoy . Also it was an day that I got to spend with friends,2024-08-20 22:00:47,7,False,0.0,1.0,True,1.4589663743972778,0.36889055371284485,1.3967199325561523,0.4460725486278534,0.06224644184112549,0.07718199491500854
140,3570,"Busy , Stressed , Humming , Ok , Content",2024-08-21 17:03:41,7,True,0.0,2.0,True,0.5752826929092407,0.8388180136680603,0.3214963972568512,1.0054972171783447,0.2537862956523895,0.16667920351028442
140,3571,"Relaxed , Happy , Content , Na , Na",2024-08-21 22:24:49,7,True,2.0,0.0,True,1.7985105514526367,0.18928073346614838,1.6005162000656128,0.3507873713970184,0.19799435138702393,0.16150663793087
145,3696,"tired , productive , happy , achy , sore",2024-08-14 17:01:36,7,True,1.0,1.0,True,-0.2693435549736023,0.5186648964881897,-0.5072951912879944,0.5339359045028687,0.2379516363143921,0.015271008014678955
145,3698,I am currently running errands today . I have a meeting at 4 pm and another one at 7 pm . I am eating a lime fruit bar and making chicken spring rolls for my boyfriend for his lunch . We will be traveling to the LOC tonight and our bus is at 9 : 30 pm,2024-08-15 17:08:51,7,False,1.0,2.0,True,-0.23595689237117767,1.5328677892684937,-0.2690401077270508,1.522514581680298,0.03308321535587311,0.010353207588195579
145,3699,I feel tired because I stayed up late last night . I drank an iced coffee in the afternoon yesterday . And I usually do not do that because the caffeine keeps me up very late at night . I am tired today and wish it was sunny,2024-08-18 12:45:44,7,False,0.0,0.0,True,-1.1003581285476685,0.024375298991799355,-1.1784178018569946,0.031157175078988,0.07805967330932617,0.006781876087188644
145,3700,"My stomach is hurting today . I also have been drinking coffee . So that is probably why my stomach is hurting . It is another dark , depressing and rainy day . I hate when the weather gets like this because it makes me feel sad",2024-08-19 12:25:12,7,False,-1.0,2.0,True,-1.5439670085906982,0.3214353024959564,-1.618484377861023,0.3330230414867401,0.07451736927032471,0.011587738990783691
145,3701,I am feeling pretty good today . I had a healthy lunch and have also been very productive today . I had a healthy lunch and will also make a snack soon . I have been studying and also had meetings today . PERSON and I will get some Carvel later for their national ice cream day deal,2024-08-19 17:03:44,7,False,1.0,1.0,True,0.6751124262809753,1.1124749183654785,0.6066626310348511,1.0648932456970217,0.06844979524612427,0.04758167266845681
145,3702,"Busy , Productive , Fueled , Happy , Energetic",2024-08-20 12:50:33,7,True,1.0,2.0,True,0.8482017517089844,1.604945421218872,0.5535641312599182,1.7378487586975098,0.29463762044906616,0.1329033374786377
147,3752,"Neutral , Calm , Hungry , Quiet , Watching TV",2024-10-21 12:06:19,7,True,0.0,1.0,True,0.056904226541519165,0.8937844634056091,-0.0554898977279663,1.0601472854614258,0.11239412426948547,0.16636282205581665
147,3753,I am feeling very happy and content because it ' s beautiful outside and my friends and I are outside enjoying the beautiful weather . We want for a short walk with the dogs and then came back to the benches and have been sitting and talking and being one with nature .,2024-10-21 17:01:29,7,False,2.0,1.0,True,1.469616413116455,0.48144790530204773,1.4128732681274414,0.4885915219783783,0.05674314498901367,0.007143616676330566
147,3754,"Neutral , Calm , Excited , Happy , Thrilled",2024-10-21 22:01:15,7,True,0.0,1.0,True,0.18897292017936707,1.0163826942443848,0.0840821862220764,1.158973217010498,0.10489073395729066,0.14259052276611328
147,3755,I am feeling very content and neutral just sitting and relaxing before I meet up with some friends for our daily walk . Then we are going to sit outside on this beautiful day and soak in the sun and be one with nature .,2024-10-22 12:01:15,7,False,0.0,1.0,True,0.5986088514328003,0.18056458234786987,0.5826396942138672,0.2008845061063766,0.015969157218933105,0.02031992375850672
147,3756,"Content , Happy , Relaxed , Sitting with nature , Calm",2024-10-22 17:02:04,7,True,0.0,1.0,True,1.8577648401260376,0.053638458251953125,1.6256576776504517,0.2673399150371551,0.23210716247558594,0.21370145678520197
147,3757,I am very content right now I just ate dinner and now I am watching my reality shows and waiting for a new show I like to come on . I am also chatting online with a friend who lives far away from me and we catch up once a week .,2024-10-22 22:02:11,7,False,0.0,1.0,True,0.4293088912963867,0.4308706820011139,0.3710663318634033,0.4982052445411682,0.0582425594329834,0.06733456254005432
147,3758,"Calm , Neutral , Relaxed , On line in ORG office , PERSON",2024-10-23 12:03:35,7,True,0.0,1.0,True,0.28195691108703613,0.8516488671302795,0.1182614937424659,1.0217926502227783,0.16369541734457022,0.17014378309249878
147,3759,Feeling neutral right now sitting out with my friend and her dog . Socializing with our neighbors and talking about various subjects . Also sitting with the birds that we feed everyday and being one with nature .,2024-10-23 17:10:24,7,False,0.0,1.0,True,0.10895988345146179,0.9222387075424194,0.058146595954895,0.9685263633728028,0.05081328749656679,0.04628765583038341
147,3760,I am very tired tonight I didn ' t sleep well last night I ' m actually up on 4 hours sleep and it has caught up to me . I just finished dinner so I can ' t lay down for a good while so I am just going to sit up and watch a little TV .,2024-10-23 22:05:20,7,False,-1.0,0.0,True,-1.1548411846160889,0.14482687413692474,-1.3234142065048218,0.0994069650769233,0.1685730218887329,0.04541990906000144
147,3761,I am in a neutral mood I ' m in my friends house that I am taking care of while he ' s in a rehab facility and also taking care of his cat . Then I ' m going to go outside for a daily walk with friends and their dogs then come back to my building and sit outside with nature .,2024-10-24 12:06:40,7,False,0.0,1.0,True,-0.04273011535406113,0.8176133632659912,-0.1090919598937034,0.8317124843597412,0.06636184453964228,0.01409912109375
147,3762,I am feeling calm right now sitting out with my friends and their dogs and the birds . Enjoying the fresh air and conversating with my neighbors . Then I am going to an exercise class at my local library .,2024-10-24 17:01:13,7,False,0.0,1.0,True,0.8247392177581787,0.4158604145050049,0.8052857518196106,0.3472884893417358,0.019453465938568115,0.0685719251632691
147,3763,I am feeling very calm and content right now . I am watching my shows and relaxing . This evening I went to my exercise class and learned some new ways to exercise and met with some new people . Then I came home and had dinner before watching my shows .,2024-10-24 22:09:57,7,False,0.0,1.0,True,0.9891575574874878,0.25548818707466125,0.9384942054748536,0.2651011049747467,0.050663352012634166,0.00961291790008545
147,3764,I am feeling very calm right now I am getting ready to go to my friends house to check on his cat and do whatever I need to do . Then I need to go bring him some stuff at the rehab where he is right now and after that go home and meet up with some friends and do our daily walk with their dogs then sit out for a while and take in the sun and fresh air .,2024-10-25 12:01:18,7,False,0.0,1.0,True,0.5079635381698608,0.7149125337600708,0.5250799059867859,0.6618497371673584,0.01711636781692505,0.0530627965927124
147,3765,I am very tired I went on my errand earlier to bring some stuff to my friend in the rehab facility and I did a lot of running around so I am exhausted . Sitting out with my friends I didn ' t make our daily walk but I will tomorrow .,2024-10-25 17:10:39,7,False,-2.0,0.0,True,-1.4512687921524048,0.09808094799518585,-1.5587259531021118,0.0757838487625122,0.10745716094970703,0.02229709923267366
147,3766,I am feeling content right now I ate dinner and now I am going to watch my favorite show ORG wrestling Smackdown . I love this show very much it brings me much joy . Then I am going to watch a movie I DVR ' d that I couldn ' t watch the other night .,2024-10-25 22:01:25,7,False,0.0,1.0,True,0.19402512907981873,0.29989340901374817,0.1628266721963882,0.3527093231678009,0.031198456883430536,0.052815914154052734
147,3767,"Calm , Relaxing , Watching TV , Just ate breakfast , Neutral",2024-10-26 12:34:23,7,True,0.0,1.0,True,0.8312875628471375,0.42936769127845764,0.8308336138725281,0.5367770195007324,0.000453948974609375,0.10740932822227478
147,3768,"Calm , Neutral , Relaxed , Quiet , Walking",2024-10-26 17:06:45,7,True,0.0,1.0,True,0.28286200761795044,0.820903480052948,0.1597147583961486,0.984134554862976,0.12314724922180184,0.16323107481002797
147,3769,I am very relaxed right now I am watching one of my favorite movies the sixth sense . They are running scary movies right now because of Halloween next week so I am really enjoying myself . Although some scary movies can cause me nightmares but I still like to watch them,2024-10-26 22:12:25,7,False,0.0,1.0,True,0.49480631947517395,0.9301780462265015,0.4020868241786957,1.0187889337539673,0.09271949529647827,0.08861088752746582
147,3770,"Quiet , Calm , Relaxed , Neutral , Getting ready to go for a walk",2024-10-27 12:01:15,7,True,0.0,1.0,True,0.10170376300811768,0.3745356500148773,0.0464110374450683,0.4165890216827392,0.05529272556304938,0.04205337166786188
147,3771,"Calm , Relaxed , Walking with friends , Enjoying nature , Happy",2024-10-27 17:03:13,7,True,0.0,1.0,True,1.508315920829773,0.4381971061229706,1.4044536352157593,0.5230979919433594,0.10386228561401367,0.0849008858203888
147,3772,I am very content right now I ate dinner and now I am watching one of my favorite movies Beetlejuice and when that is finished I am going to watch some wrestling . I am also going to try and watch another movie called pitch perfect if I don ' t get too tired .,2024-10-27 22:04:51,7,False,2.0,0.0,True,0.3211183249950409,0.29754140973091125,0.2760161757469177,0.3452895879745483,0.04510214924812317,0.04774817824363703
152,3876,"It is very warm so I am not feeling like going to the gym , but I probably will . All is good with me and I am interested in learning new things . I wish I could plan a trip but my wife’s physical condition precludes that .",2024-07-15 17:35:30,7,False,1.0,0.0,True,0.42204993963241577,1.1945688724517822,0.3376531898975372,1.221489191055298,0.0843967497348786,0.026920318603515847
152,3877,Feeling fine but a little pressed for time .\ nEverything is going well and I sm interested in learning new things .. Still disappointed that we cannot travel due to my wife’s disability . Happy to be seeing my children tonight .,2024-07-17 12:12:24,7,False,1.0,0.0,True,1.1244388818740845,0.5563920140266418,1.0303808450698853,0.5816476941108704,0.09405803680419922,0.025255680084228516
152,3878,"Calm , Satisfied , Interested , Proud , Lucky",2024-07-19 12:19:33,7,True,1.0,0.0,True,1.5098731517791748,0.41899120807647705,1.4019221067428589,0.4731473922729492,0.10795104503631592,0.05415618419647217
152,3879,"Pleased , Interestested , Concerned , Calm , Contemplative",2024-07-19 17:50:14,7,True,1.0,0.0,True,1.205668568611145,0.45684903860092163,0.9929438829421996,0.6288720369338989,0.21272468566894542,0.1720229983329773
152,3880,"Calm , Interested , Concerned , Proud , Accomplished",2024-07-21 12:27:39,7,True,1.0,0.0,True,1.052817702293396,0.4715714156627655,0.8847519159317017,0.5898670554161072,0.16806578636169434,0.11829563975334167
152,3881,"relaxed , interested , concerned , diligent , proud",2024-07-21 17:44:52,7,True,2.0,0.0,True,0.9723868370056152,0.7139849662780762,0.6787266731262207,0.9164847135543824,0.29366016387939453,0.20249974727630626
152,3882,"GPE , Interested , Contemplating , Frieindly , busy",2024-07-22 17:06:54,7,True,1.0,0.0,True,0.13346517086029053,1.63237726688385,0.0125220725312829,1.5884783267974854,0.12094309832900763,0.043898940086364746
155,3950,"focused , overwhelmed , tired , determined , stressed",2024-11-10 12:46:45,7,True,-1.0,1.0,True,-0.553390383720398,1.0083942413330078,-0.7789351940155029,1.1622519493103027,0.22554481029510498,0.15385770797729492
155,3951,I am feeling pretty exhausted and low energy and a little bit defeated . But overall I am feeling calm and relaxed and accepting of what happens happens . I am trying to stay calm and still be productive .,2024-11-10 17:30:39,7,False,-1.0,1.0,True,-1.1213955879211426,0.16052769124507904,-1.2116988897323608,0.1763222515583038,0.09030330181121826,0.015794560313224765
155,3952,"Stressed , Overwhelmed , Jittery , Nervous , Tense",2024-11-10 22:35:48,7,True,-1.0,2.0,True,-1.1998213529586792,1.2049344778060913,-1.2713714838027954,1.2242772579193115,0.07155013084411621,0.019342780113220215
155,3953,I am overall feeling nervous but at the same time I am feeling focused and determined . I feel like my attention is there and I also feel flutters in my heart and stomach . Overall I would say I am feeling stressed but in a productive way .,2024-11-11 12:29:42,7,False,-1.0,2.0,True,-0.13105468451976776,1.5484551191329956,-0.2038880884647369,1.5954980850219729,0.07283340394496915,0.04704296588897727
155,3954,"Tired , Relaxed , Calm , Fatigued , Chill",2024-11-11 17:02:58,7,True,0.0,1.0,True,-0.14224185049533844,0.01898716576397419,-0.1888084858655929,0.1206739470362663,0.04656663537025446,0.10168678127229211
155,3955,"Tired , Sleepy , Calm , Exhausted , Fatigued",2024-11-11 22:12:13,7,True,-1.0,1.0,True,-1.3346511125564575,0.0925222635269165,-1.3608505725860596,0.1602315157651901,0.02619946002960205,0.06770925223827359
155,3956,"I am feeling pretty neutral right now , focused on what I need to do but I overall feel calm . I am a little nervous about a task I need to do but not overly so , I am mostly focused on getting things done .",2024-11-12 12:13:39,7,False,0.0,0.0,True,0.3413817286491394,0.9904212951660156,0.2749741673469543,1.0234417915344238,0.06640756130218511,0.0330204963684082
155,3957,"Calm , Tired , Chill , Fatigued , Focused",2024-11-12 17:58:26,7,True,0.0,2.0,True,0.6739152669906616,0.28228867053985596,0.6126351356506348,0.3890841007232666,0.061280131340026855,0.10679543018341064
155,3958,"chill , calm , relaxed , breathing , tired",2024-11-12 22:04:20,7,True,1.0,1.0,True,0.8206230998039246,0.38652393221855164,0.7286521792411804,0.4538158476352691,0.09197092056274414,0.06729191541671747
155,3959,"Sleepy , Tired , Drowsy , Calm , Low energy",2024-11-13 12:56:35,7,True,0.0,1.0,True,-0.993439793586731,0.09404244273900986,-1.1532858610153198,0.1189410164952278,0.15984606742858887,0.024898573756217943
155,3960,"tired , sleepy , calm , fatigued , content",2024-11-13 22:35:12,7,True,0.0,1.0,True,-0.6599286198616028,0.05565587058663368,-0.9395768642425536,0.0825737491250038,0.2796482443809508,0.02691787853837012
155,3961,"Nervous , Determined , Tired , Stressed , Quiet",2024-11-14 12:02:12,7,True,0.0,1.0,True,-0.24943526089191437,1.0624430179595947,-0.3695730566978454,1.2700514793395996,0.12013779580593104,0.20760846138000488
164,4196,"Tired , Hungry , Sleepy , Na , Na",2024-07-23 22:00:43,7,True,0.0,1.0,True,-0.8308807611465454,0.2471383810043335,-0.8262785077095032,0.3280549645423889,0.004602253437042236,0.08091658353805542
164,4197,"Still worried about our housing situation . This could be a very good option , and though a higher price , we ' d be getting a lot more for it . But everything has to fall into place , and sometimes , that doesn ' t quite seem to happen . So who knows what will be . We have to daven I guess .",2024-07-24 12:22:49,7,False,0.0,1.0,True,0.41671237349510193,1.0312459468841553,0.3911620378494262,1.0759499073028564,0.025550335645675715,0.04470396041870117
164,4198,"I’m worried about the housing situation , and hopeful that we can rent this house . But I’m not so confident that it will work out , since the market is so tight and there are so few options . But maybe we got out in front of this one and we’ll get it . But probably not .",2024-07-24 22:02:23,7,False,0.0,1.0,True,-0.18337704241275787,1.1034400463104248,-0.238094687461853,1.1512198448181152,0.054717645049095126,0.04777979850769043
164,4199,"Concerned about housing , for a change . There ' s a real chance we get nothing , or at least , not at all what we want . But now we just have to wait , and hope , that the other tenant is a bad option , and we come out looking great . Nothing else to do at this point .",2024-07-25 17:05:34,7,False,0.0,1.0,True,0.46696025133132935,0.8434706330299377,0.5546000003814697,0.9624634385108948,0.08763974905014038,0.11899280548095703
164,4200,"As per usual , housing . Where will we live ? Will it work out ? And should we buy the fancy mattress ? Will it make a difference in our sleep ? Who knows . Oh , and the market . Not helping things here . I wish we had pulled out earlier . But that’s how it goes .",2024-07-25 22:29:22,7,False,0.0,1.0,True,0.29924941062927246,1.3434333801269531,0.1440430283546447,1.3935284614562988,0.15520638227462777,0.0500950813293457
164,4201,"Obviously , stressed about the housing situation . Hopeful that this could all work out , but very stressed b/c if it doesn ' t , we will not have a place to live , and that would be problematic . But there ' s no more to do at this point but hope and pray . So we will hope and pray . No real other choices at this point .",2024-07-26 12:02:32,7,False,0.0,1.0,True,-0.18276764452457428,1.032953143119812,-0.215320199728012,1.038054347038269,0.03255255520343772,0.005101203918457031
164,4202,"Concerned about housing , and nervous that nothing will work out . But we have to keep hoping and praying that it will work out , because we don’t really have any other options . So here’s hoping something works out .",2024-07-28 12:00:49,7,False,1.0,1.0,True,-0.07830815762281418,1.185840129852295,-0.1068451181054115,1.2485575675964355,0.028536960482597323,0.06271743774414062
164,4203,"We have housing ! This is a really big deal . It’s slightly more expensive than I would have liked , but hopefully we’ll really be getting something for it . And now we can feel good about where we are living , and hopefully feel comfortable in the space . It’s not GPE , but maybe it will be even better . I’m really hopeful that this could be good . And nervous , of course .",2024-07-29 22:01:16,7,False,1.0,0.0,True,1.5691816806793213,1.067495584487915,1.4944024085998535,1.0958538055419922,0.07477927207946777,0.02835822105407715
164,4204,"Annoyed after a long bedtime routine , and the fact that I have to write out a long message about my feelings that’s at least 200 words , which is a not insignificant number of words to fill out multiple times a day with not very much to say .",2024-07-30 22:01:07,7,False,0.0,1.0,True,-1.2102588415145874,1.4212889671325684,-1.2180849313735962,1.4524455070495603,0.007826089859008789,0.031156539916991965
168,4270,"Happy , Excited , Grateful , Little bit stress , Great",2024-11-13 17:04:58,7,True,1.0,1.0,True,1.6954272985458374,0.9700198173522949,1.5973665714263916,1.1647239923477173,0.0980607271194458,0.19470417499542236
168,4271,"Woke up feeling very grateful and happy . A little bit stressed , nervous and anxious because I have two tests tonight , but I’m still trying to stay positive and calm , to pass it with a good grade . Looking forward to accomplishing a good grade in both of my tests",2024-11-14 12:03:41,7,False,1.0,1.0,True,1.0750116109848022,1.2553369998931885,1.0426867008209229,1.2449891567230225,0.032324910163879395,0.010347843170166016
168,4272,"Feeling nervous and a little bit anxious for both of my upcoming tests . Still trying to stay positive and trust the process , as I am sure that I will be passing both of theses exams . Looking forward to feel relaxed and happy with the outcome tonight .",2024-11-14 17:09:33,7,False,0.0,1.0,True,0.2529756724834442,1.1382908821105957,0.1504033058881759,1.1517822742462158,0.1025723665952683,0.013491392135620117
168,4273,"Happy , Calm , Grateful , Content , Excited",2024-11-15 12:42:25,7,True,1.0,1.0,True,1.7939012050628662,0.4899909794330597,1.7669559717178345,0.7578275203704834,0.02694523334503174,0.2678365409374237
168,4274,"Neutral , Calm , Grateful , Tired , At peace",2024-11-15 17:11:46,7,True,0.0,1.0,True,0.22131486237049103,0.8760565519332886,0.015230075456202,1.087249994277954,0.20608478691428903,0.21119344234466553
168,4275,"Currently feeling extremely happy , enthusiastic , and grateful . I’ve had an amazing day , full of joy , laughter and incredible time with my love ones . Looking forward to have a blessed and great day tomorrow .",2024-11-15 22:07:57,7,False,1.0,2.0,True,1.8465852737426758,1.276249885559082,1.818671703338623,1.362601637840271,0.027913570404052734,0.08635175228118896
168,4276,"Feeling grateful , happy and calm . Looking forward to have an amazing evening with my loved ones and watch “Miss Universe” with my family . Extremely grateful and happy for everything that is happening in my life and all of the blessings .",2024-11-16 17:03:39,7,False,1.0,1.0,True,1.802538514137268,0.6642010807991028,1.728645920753479,0.760724663734436,0.07389259338378906,0.09652358293533325
168,4277,"Feeling extremely lively , enthusiastic and happy . Extremely grateful , and happy . Currently , spending a great time with my family , watching the “Miss Universe “ hoping for our delegate to win !! Looking forward to have a great night , and a wonderful day tomorrow !",2024-11-16 22:20:43,7,False,2.0,2.0,True,1.79230797290802,1.2030891180038452,1.735816240310669,1.3033326864242554,0.056491732597351074,0.10024356842041016
168,4278,"Woke up feeling happy , exited and grateful , as I will be spending the night with my loved ones . Looking forward to have an amazing , blessed and wonderful day . And keep the positive vibes flowing . Hoping to spend a great time with my loved ones !!",2024-11-17 12:09:00,7,False,1.0,1.0,True,1.9495962858200073,1.0107171535491943,1.8880550861358645,1.0225098133087158,0.061541199684142844,0.011792659759521484
168,4279,"Excited , Grateful , Happy , Lively , healthy",2024-11-17 17:39:22,7,True,1.0,1.0,True,1.7340351343154907,1.2490568161010742,1.7953145503997805,1.4602904319763184,0.06127941608428977,0.21123361587524414
168,4280,"Grateful , Happy , Excited , Full of love , Blessed",2024-11-17 22:12:17,7,True,2.0,2.0,True,1.7599607706069946,0.6759611368179321,1.6663254499435425,0.7155112028121948,0.09363532066345215,0.039550065994262695
168,4281,"Woke feeling extremely grateful , thankful , blessed and happy . Had an amazing night with my loved ones . Looking forward to have an awesome day full of blessings , love and kindness . As the week start , my intentions for this week , will also be kindness and love towards everyone that I will have contact with .",2024-11-18 12:18:32,7,False,2.0,2.0,True,1.6552945375442505,0.9066718816757202,1.5836724042892456,0.9168922901153564,0.07162213325500488,0.01022040843963623
168,4282,"Lively , Enthusiastic , Blessed , Grateful , Happy",2024-11-19 12:16:55,7,True,2.0,2.0,True,1.8480333089828491,1.2278032302856445,1.6684738397598269,1.4861751794815063,0.17955946922302224,0.2583719491958618
168,4283,"Grateful , Blessed , Tired , Content , Relax",2024-11-19 17:28:43,7,True,0.0,1.0,True,1.2062498331069946,0.06249776855111122,1.015077829360962,0.1914858520030975,0.19117200374603271,0.12898808345198629
168,4284,Feeling super tired after a long day . Still feeling grateful and happy in the inside for all of my accomplishments today and all the things I learned . Looking forward to have a good night rest and have a great day tomorrow !,2024-11-19 22:34:03,7,False,-2.0,0.0,True,0.1134447380900383,0.2462451308965683,-0.0403680205345153,0.2492923587560653,0.1538127586245536,0.003047227859497015
168,4285,"Content , Relax , Sleepy , Grateful , Bless",2024-11-20 17:05:19,7,True,1.0,0.0,True,1.3201762437820435,0.0793180763721466,0.9868407249450684,0.3145490288734436,0.3333355188369751,0.235230952501297
169,716,It is a good day to enjoy but a little cold . I am happy to be at work . A lot or stress with students and bills . I am working overtime . It is fun to see the colors of autumn . I want to go on vacation and away from all the stress .,2024-10-15 12:20:29,7,False,1.0,1.0,True,0.5012634992599487,1.0815722942352295,0.4824433326721191,1.048766851425171,0.018820166587829645,0.032805442810058594
169,717,"Tired , Stress , Exhausted , Hungry , Work overload",2024-10-15 17:15:05,7,True,-2.0,0.0,True,-1.1876062154769897,0.2614787518978119,-1.2452980279922483,0.3404305577278137,0.05769181251525857,0.07895180583000183
169,718,I am tired and exhausted from work . I would like to sleep but still have a lot of work to finish . I want to be less stressed at work and be a caring family member . I want to have more money and not worry about bills .,2024-10-15 22:01:11,7,False,2.0,0.0,True,-1.1591441631317139,0.12213730812072754,-1.2760556936264038,0.1198876127600669,0.11691153049468994,0.0022496953606606362
169,719,"I want to relax and not be stressed out . It is a rat race and it just gives me anxiety . I want to be less worried about others and enjoy life . The simpler the life , the better it would be . The parents are my school are nasty and crazy .",2024-10-16 12:06:53,7,False,-2.0,1.0,True,0.21407169103622437,0.6891534924507141,0.1413905173540115,0.7145788669586182,0.07268117368221286,0.025425374507904053
169,720,I am worried about the future and bills to pay . I would like to move somewhere cheaper and not have so much stress . I worry about the parents and how angry they get if their child fails .   They threaten to sue and become nasty .\ n,2024-10-16 17:00:55,7,False,-2.0,1.0,True,-0.9711422920227051,1.1765401363372803,-1.083257079124451,1.2302731275558472,0.11211478710174583,0.053732991218566895
169,721,I want to sleep and be tired all the time .\ nI worry too much and nothing seems to be right .\ nWork stress is weighing me down and taking its toll on my mental health . I hope tomorrow is better and more relaxing then today .,2024-10-16 22:02:38,7,False,-2.0,1.0,True,-1.0223647356033325,0.30782291293144226,-1.1108747720718384,0.3212285935878753,0.08851003646850586,0.01340568065643305
169,722,"stress , worried , hungry , tired , bills",2024-10-17 12:01:07,7,True,2.0,0.0,True,-0.7075824737548828,1.2035720348358154,-0.9170175790786744,1.2046310901641846,0.20943510532379161,0.0010590553283691406
169,726,"Worked , Running around , Hungry , Stressed , Billed",2024-10-17 17:00:47,7,True,0.0,1.0,True,-0.4523342251777649,0.7059087753295898,-0.6262863278388977,0.7559753656387329,0.1739521026611328,0.050066590309143066
169,727,"Exhausted , Tired , Over worked , Too busy , Worried",2024-10-17 22:02:28,7,True,-2.0,0.0,True,-1.4590023756027222,0.24989314377307892,-1.65690279006958,0.3253651857376098,0.1979004144668579,0.07547204196453089
169,728,I am happy to know it is Friday and I can pay bills . I am still worried about many things and being middle class is not fun . It is a hard life and am tired all the time . It is not easy .   I hope others are doing better .,2024-10-18 12:24:27,7,False,1.0,0.0,True,-0.12124435603618622,0.851511538028717,-0.2162464708089828,0.9101576805114746,0.09500211477279658,0.05864614248275757
169,729,There is a lot of work to be done and needs attention . I am very exhausted and tired from balancing work and home life . I feel I am not myself most of the time but constantly being pulled in many directions .,2024-10-18 17:06:22,7,False,-2.0,0.0,True,-1.4988443851470947,0.5727200508117676,-1.6007965803146362,0.5894834399223328,0.1019521951675415,0.016763389110565186
169,730,"Homebody , Relaxed , Tea time , Breakfast , Full",2024-10-19 12:25:04,7,True,1.0,1.0,True,0.6889439821243286,0.36047235131263733,0.6885384321212769,0.5301040410995483,0.0004055500030517578,0.169631689786911
169,731,I am   busy with house chores and making sure household runs smoothly .   Busy from morning to night and spending too much money on necessary stuff . I hope economy does better and elections go smoothly .,2024-10-19 17:02:32,7,False,0.0,1.0,True,0.48344725370407104,1.243243932723999,0.4432785212993622,1.3172050714492798,0.04016873240470886,0.07396113872528076
169,732,I am content with my day and looking forward to relaxing on a Sunday . I am going to sleep in and not worry about the work week . I hope the work week is relaxing and without any big hassle . I want to worry less .,2024-10-19 22:01:15,7,False,1.0,1.0,True,0.5231810808181763,0.19219478964805603,0.5192078948020935,0.2066068202257156,0.003973186016082764,0.01441203057765958
169,733,"relaxed , enjoying , happy , content , optimistic",2024-10-20 12:08:17,7,True,1.0,1.0,True,1.6136292219161987,0.7470362186431885,1.527305245399475,0.8136137127876282,0.08632397651672363,0.0665774941444397
169,734,I am tired . i did a lot of house work and now I want to rest and take a nap . i am ok .\ nI hope tomorrow is not a hard day and nothing to worry about . I will be a long week . Have a good week . I need food right now .,2024-10-20 17:55:43,7,False,-2.0,0.0,True,-0.7656956911087036,0.09084489941596985,-0.918584644794464,0.0795196890830993,0.1528889536857604,0.011325210332870553
169,735,"Tired , Need rest , Stressed , Sleepy , Exhausted",2024-10-20 22:05:48,7,True,0.0,0.0,True,-1.2058767080307007,0.10502082109451294,-1.2635575532913208,0.2264163792133331,0.05768084526062012,0.12139555811882016
169,736,I am happy to be at work and finish a lot of stuff . I want to work with others and make life easier . I want to learn and be able to share with my students . I want to give back to the community . I hope to be a better citizen .,2024-10-21 12:21:38,7,False,1.0,0.0,True,0.45798617601394653,1.0266411304473877,0.4327766299247741,1.0243778228759766,0.02520954608917242,0.002263307571411133
169,737,"Exhaustion , Sleep , Over drive , Tired , Stressed",2024-10-21 22:01:09,7,True,1.0,0.0,True,-1.043451189994812,0.15333083271980286,-1.076712727546692,0.2077665477991104,0.03326153755187988,0.054435715079307556
169,738,"happy , content , working , hungry , good",2024-10-22 12:22:38,7,True,1.0,1.0,True,1.4676913022994995,0.8751482963562012,1.43443500995636,1.0922282934188845,0.033256292343139426,0.21707999706268333
169,739,"tired , home , hungry , over worked , content",2024-10-22 17:01:02,7,True,1.0,0.0,True,-0.6486836671829224,0.06999532878398895,-0.923311412334442,0.1156537681818008,0.27462774515151966,0.04565843939781185
169,740,I am tired and exhausted . I am hoping for a better say tomorrow . \nI want to eat something and go to sleep . I did a lot of work at school and now want to do nothing . I graded a lot if work from my students and want them to succeed .,2024-10-22 22:01:14,7,False,1.0,1.0,True,-1.3838658332824707,0.07369957864284515,-1.4938188791275024,0.0759352892637252,0.10995304584503174,0.0022357106208800437
169,741,I am working after school to help the kids finish their work and want to make sure they succeed . I am hoping for a great day and time for lunch . I want to travel and have the money to not worry about bills .,2024-10-23 12:19:02,7,False,1.0,1.0,True,0.1675006002187729,1.3858184814453125,0.1326018273830413,1.408228039741516,0.03489877283573159,0.02240955829620339
169,742,I am happy to be going home . I worked a lot and want to go home and relax . I am exhausted and hungry . I want to drink a cup of tea and listen to music . I am happy Wednesday is over . Starting to look forward to the weekend . Happy week .,2024-10-23 17:12:26,7,False,-2.0,0.0,True,-0.7249499559402466,0.20364008843898773,-0.7275118231773376,0.2503210008144378,0.0025618672370910645,0.04668091237545008
169,743,I am very sleepy and tired . I am hungry and want to finish my work so I can sleep . I am trying to grade papers and make sure all is done . I want to work and have nothing to do tomorrow . I am going to eat now .,2024-10-23 22:04:22,7,False,-2.0,2.0,True,-1.0582929849624634,0.15749698877334595,-1.1923993825912476,0.1372283399105072,0.13410639762878418,0.020268648862838745
169,744,I want to work extra hard and finish as much grading as possible . I want to go home without any work and just sleep . I am hoping to eat lunch and take a nap . I want to study for some exams and not worry some much .,2024-10-24 12:02:07,7,False,1.0,0.0,True,-0.10339111089706421,0.7866631150245667,-0.1576869338750839,0.8550612926483154,0.05429582297801969,0.06839817762374878
169,745,"tired , stressed , hungry , not care , over worked",2024-10-24 17:17:19,7,True,-1.0,0.0,True,-0.9704313278198242,0.34015169739723206,-1.2850278615951538,0.2539133131504059,0.3145965337753296,0.08623838424682617
169,746,"Tired , Sleepy , Friday , Friday , Weekend",2024-10-24 22:48:41,7,True,-1.0,0.0,True,-0.9850899577140808,0.1551530361175537,-1.1368070840835571,0.2135427296161651,0.15171712636947632,0.058389693498611395
169,747,I am looking forward to the weekend and want the day to end . I worked a lot this week and just want to sleep in . I am looking forward to eating a good breakfast not be in a rush . I hope the weekend is relaxing .,2024-10-25 12:22:37,7,False,1.0,0.0,True,0.31924113631248474,0.9450892210006714,0.2513388991355896,0.9660354256629944,0.06790223717689514,0.020946204662322998
169,748,"Relaxed , Hungry , Happy , Tea time , Happy",2024-10-25 17:51:20,7,True,2.0,1.0,True,1.6065047979354858,0.7175138592720032,1.553815245628357,0.8542805314064026,0.052689552307128906,0.13676667213439941
169,749,I am tired and want to sleep . I just ate dinner and ready to go to sleep . I want to fi wish some work and then have nothing to do for tomorrow .   I want to relax and be free . I happy to be home . I am ready to sleep .,2024-10-25 22:14:15,7,False,-2.0,0.0,True,-0.6117336750030518,-0.047314513474702835,-0.7381762266159058,-0.0449134819209575,0.126442551612854,0.0024010315537453322
169,750,"hungry , happy , relax , trying , overworked",2024-10-26 12:16:39,7,True,1.0,0.0,True,0.7375762462615967,0.9339271783828735,0.4710050225257873,1.0374245643615725,0.2665712237358094,0.10349738597869895
169,751,"Happy , Relax , Content , Wanted , Wishes",2024-10-26 17:42:44,7,True,0.0,2.0,True,1.493383765220642,0.6015869379043579,1.3706645965576172,0.9304717779159546,0.1227191686630249,0.3288848400115967
169,752,"Tired , Hungry , Sleepy , Exhausted , Bills",2024-10-26 22:08:56,7,True,-2.0,0.0,True,-1.249078392982483,0.1602468490600586,-1.2877227067947388,0.2308391034603119,0.03864431381225586,0.0705922544002533
169,753,I have a migraine and nausea . I am not feeling my best and want to just sleep . I am hoping to rest and not have much to do . I have a lot of grading . I want to do nothing and take care of myself .   I am done for the day .,2024-10-27 12:34:15,7,False,0.0,0.0,True,-1.2180743217468262,0.022722622379660606,-1.3767566680908203,0.0262525994330644,0.15868234634399414,0.003529977053403792
169,754,I am not well today and am very tired . I want to stay in bed and take care of myself . I want to close my eyes and rest . I am hoping no one bothers me or needs anything from me . I am not looking forward to school tomorrow .,2024-10-27 17:20:08,7,False,0.0,0.0,True,-1.0958446264266968,0.07738427072763443,-1.2571790218353271,0.0834002420306205,0.16133439540863037,0.006015971302986076
169,755,I am at work and making sure to complete all my work . I am recovering from my migraine and want to be rest but have a lot of work to finish . I want to eat today and then sleep to feel better after finishing my grading .,2024-10-28 12:30:13,7,False,1.0,0.0,True,-0.35193711519241333,0.8573864698410034,-0.4096800088882446,0.9192746877670288,0.05774289369583124,0.06188821792602539
169,756,"Tired , Exhaustion , Sleepy , Sleepy , Overworked",2024-10-28 22:04:05,7,True,-2.0,0.0,True,-1.1369816064834595,0.1574302762746811,-1.1895724534988403,0.2486828863620758,0.05259084701538086,0.09125261008739471
170,4343,"Numb . Uncertainty . I thought I had a goal to work towards . I thought I know what I’m doing . In the end , I lack discipline , lack the foresight . For two and a half years I’ve always thought I was on track , all I had to do was to stick with what I planned . In the end , I found out what I thought was right from the start was incorrect .",2024-11-20 12:03:42,7,False,-1.0,0.0,True,-0.48568928241729736,1.0616908073425293,-0.5966726541519165,1.083244562149048,0.11098337173461914,0.021553754806518777
170,4344,"determined , hopeful , nervous , energized , stressed",2024-11-20 22:29:05,7,True,0.0,2.0,True,0.06951753050088882,1.3807018995285034,-0.1559816151857376,1.5267072916030884,0.22549914568662643,0.14600539207458496
170,4345,"tired , sleepy , hopeful , determined , neutral",2024-11-21 12:06:34,7,True,1.0,2.0,True,-0.7177214622497559,0.32707786560058594,-0.9389002323150636,0.3066499829292297,0.22117877006530773,0.020427882671356257
170,4346,"sleepy , tired , stressed , nervous , worried",2024-11-22 12:01:42,7,True,-1.0,0.0,True,-0.8990128040313721,0.4715495705604553,-1.1117912530899048,0.4381891787052154,0.21277844905853271,0.033360391855239924
170,4347,"I ' m feeling very stressed . I have a lot of work piled up that I have to get down . Other than that , I am excited for Thanksgiving Break . I ' ve also made some plans so I ' m looking forward to the upcoming days .",2024-11-22 22:01:42,7,False,1.0,1.0,True,-0.06035541743040085,1.1921862363815308,-0.1597958356142044,1.161447048187256,0.09944041818380356,0.03073918819427468
170,4348,"stress , tired , worried , nervous , sleepy",2024-11-23 12:16:52,7,True,-2.0,2.0,True,-0.9068004488945007,0.7163238525390625,-1.1578037738800049,0.6770838499069214,0.25100332498550415,0.03924000263214111
170,4349,"conflicted , unsure , stressed , tired , nervous",2024-11-23 17:31:49,7,True,-1.0,1.0,True,-0.8057575821876526,1.557901382446289,-1.079514741897583,1.7194232940673828,0.2737571597099304,0.16152191162109375
170,4350,"I ' m very excited . Thanksgiving Break is in less than a week and I ' ve made plans to explore the city . I ' m definitely also feeling a bit stressed because I know prior to break , there would be work that has to be completed .",2024-11-23 22:01:50,7,False,1.0,1.0,True,1.0816516876220703,1.649117112159729,0.9006972312927246,1.6840226650238037,0.1809544563293457,0.03490555286407471
170,4351,"Currently I’m feeling a bit lively , a bit PERSON , and as always , a bit stressed . The weather is kind of nice today but a bit too windy for my liking . I’m stressed because I did procrastinate a little so now I have to study for a quiz tomorrow as well as catch up on my lectures for other classes .",2024-11-24 12:03:56,7,False,1.0,2.0,True,0.07293111085891724,1.4436593055725098,-0.099516786634922,1.5074148178100586,0.17244789749383924,0.06375551223754883
170,4352,"I’m feeling very overwhelmed , indignant , and confused . I’m currently at work right now and there’s just so much happening . I’m trying to wrap my mind around everything and trying to see how I can fit in and contribute . Unfortunately the minute I thought I got it figured out , things change again or something new happens .",2024-11-24 17:16:16,7,False,-1.0,1.0,True,-1.4282068014144897,1.9388633966445923,-1.520946383476257,1.9018892049789429,0.09273958206176736,0.036974191665649414
170,4353,"I ' m still feeling pretty excited and happy . At this time of the day , I ' m also feeling a little bit more tired and sleepy . I also procrastinated a little on the work that I planned on completing today so I ' m a little stressed as well .",2024-11-25 17:03:05,7,False,1.0,1.0,True,-0.29369547963142395,0.42205366492271423,-0.3859672546386719,0.4359829425811767,0.09227177500724792,0.013929277658462469
170,4354,"It’s funny but I’m not feeling the same level of excitement going back home for Thanksgiving break as compared to the initial excitement and anticipation I had last week . It could be the weather and the pile of work I procrastinated on but I’m feeling dread , nervous , and stressed .",2024-11-26 12:05:35,7,False,1.0,1.0,True,-0.6830331087112427,1.3047752380371094,-0.7426316738128662,1.3085002899169922,0.059598565101623535,0.0037250518798828125
170,4355,"happy , excited , determined , lively , stressed",2024-11-26 17:36:28,7,True,1.0,2.0,True,1.116658329963684,1.4052187204360962,1.0201036930084229,1.4931354522705078,0.09655463695526123,0.08791673183441162
170,4356,"disappointed , stressed , conflicted , unsure , unhappy",2024-11-26 22:30:25,7,True,-2.0,1.0,True,-0.9627540707588196,1.2597028017044067,-1.156502366065979,1.2606505155563354,0.19374829530715942,0.0009477138519287109
170,4357,"neutral , indifferent , hungry , unsure , confused",2024-11-27 12:36:05,7,True,0.0,1.0,True,-0.29938265681266785,1.2749762535095215,-0.414255678653717,1.3645074367523191,0.11487302184104914,0.08953118324279763
170,4358,I ' m currently feeling pretty lively and hopeful . I had my mock interview this morning and it seemed to have gone well . I also finally had a conversation with my brother and we got a chance to catch up for a little bit .,2024-11-27 17:16:10,7,False,1.0,2.0,True,0.7238675355911255,1.3267238140106201,0.6939711570739746,1.4312642812728882,0.02989637851715088,0.10454046726226807
171,4380,"happy , alert , awake , motivated , fresh",2024-10-17 12:25:55,7,True,1.0,2.0,True,1.1975449323654175,1.5273048877716064,1.139484167098999,1.7366514205932615,0.05806076526641846,0.20934653282165505
171,4381,"slow , unmotivated , tired , sleepy , calm",2024-10-17 17:20:31,7,True,0.0,0.0,True,-0.6933440566062927,0.3426302373409271,-0.7785565853118896,0.4475643038749695,0.08521252870559692,0.10493406653404236
171,4382,"I am feeling a bit drained . I had a decently productive day , and that makes me feel happy . I ' m glad to be relaxing on the couch with my partner . I ' m feeling like I ' m ready to stretch out and head to bed .",2024-10-17 22:01:38,7,False,-1.0,0.0,True,-0.8458875417709351,0.0561235286295414,-0.944551169872284,0.0720982626080513,0.09866362810134899,0.015974733978509903
171,4383,"I am very happy it ' s Friday , and I slept fairly well last night . I am feeling motivated to get my stuff done for work so that I don ' t have to do any catch-up work this weekend . I ' m also feeling like my coffee worked a little better than usual this morning , so I feel a little jittery .",2024-10-18 12:30:04,7,False,0.0,2.0,True,0.8574278950691223,0.98813796043396,0.8725995421409607,0.9716190099716188,0.015171647071838379,0.016518950462341198
171,4384,"drained , sluggish , lazy , tired , bored",2024-10-18 17:01:22,7,True,-2.0,0.0,True,-1.2289421558380127,0.2385651171207428,-1.3411545753479004,0.2895109355449676,0.1122124195098877,0.0509458184242248
171,4385,"calm , happy , content , cozy , relaxed",2024-10-18 22:15:26,7,True,2.0,1.0,True,1.7042726278305054,0.368606835603714,1.5946288108825684,0.4879481494426727,0.10964381694793701,0.11934131383895868
171,4386,"I have had a quiet and relaxed morning , which I am feeling grateful for . I am excited to spend a little bit more time relaxing and then head to my partner ' s family ' s house to hang out and watch a football game .",2024-10-19 12:02:18,7,False,1.0,0.0,True,0.5659076571464539,0.3678213655948639,0.5760916471481323,0.3587469756603241,0.010183990001678467,0.009074389934539795
171,4387,I am happy and excited to be spending time with my partner ' s family . I am feeling content and happy and calm . I am excited to head home and put on comfy clothes and relax for the rest of the evening .,2024-10-19 17:28:51,7,False,2.0,1.0,True,1.2490943670272827,0.4979797303676605,1.2404958009719849,0.5052381753921509,0.008598566055297852,0.0072584450244903564
171,4388,"tired , drained , unsettled , sluggish , full",2024-10-19 22:02:12,7,True,-1.0,0.0,True,-1.420127034187317,0.2993590831756592,-1.537871241569519,0.2921929061412811,0.11774420738220215,0.007166177034378107
171,4389,I am feeling frustrated that my weight is so terrible despite trying really hard to eat better . I have to get more movement in and I know that . I am headed out for a walk now and am hoping that boosts my mood and self-confidence .,2024-10-20 12:01:37,7,False,-1.0,1.0,True,-0.8164781332015991,1.0354299545288086,-0.911020278930664,1.0413403511047363,0.09454214572906483,0.005910396575927734
171,4390,"I am happy to be back home and on the couch relaxing . I am proud of myself for getting a good walk in this morning , and I am feeling hopeful that I can stay motivated this week . I am excited to spend the rest of the evening relaxing .",2024-10-20 17:12:06,7,False,1.0,0.0,True,0.4697539210319519,0.7230446338653564,0.4628387987613678,0.7141809463500977,0.0069151222705841064,0.008863687515258789
171,4391,"sleepy , calm , content , proud , quiet",2024-10-20 22:01:28,7,True,0.0,0.0,True,0.44782865047454834,0.1393815279006958,0.1982825696468353,0.2732549011707306,0.24954608082771304,0.1338733732700348
171,4392,"I am feeling relaxed . I ' m at the research center for this vaccine study and I ' m feeling proud to contribute to research , though hard not to be a little nervous , too . I feel pretty calm and quiet , though .",2024-10-21 12:01:02,7,False,0.0,0.0,True,1.30156409740448,0.4987007677555084,1.2385989427566528,0.5252270698547363,0.06296515464782715,0.026526302099227905
171,4393,"slow , slump , unmotivated , tired , sleepy",2024-10-21 17:01:06,7,True,-1.0,0.0,True,-1.019377589225769,0.41027626395225525,-1.1301430463790894,0.4681674540042877,0.11076545715332031,0.05789119005203247
171,4394,"down , slow , lazy , tired , muted",2024-10-21 22:11:30,7,True,-1.0,1.0,True,-0.7916823625564575,0.3711607754230499,-0.9116488695144652,0.5045673847198486,0.1199665069580077,0.1334066092967987
171,4395,"calm , productive , motivated , focused , alert",2024-10-22 12:01:47,7,True,0.0,0.0,True,0.8620759844779968,0.9575269222259521,0.84099280834198,1.047540545463562,0.021083176136016846,0.09001362323760986
171,4396,"bored , quiet , sluggish , neutral , unmotivated",2024-10-22 17:01:25,7,True,0.0,1.0,True,-0.620154857635498,0.41560688614845276,-0.6959800720214844,0.4889987409114837,0.07582521438598633,0.07339185476303095
171,4397,"happy , comfy , content , excited , proud",2024-10-22 22:01:22,7,True,2.0,1.0,True,1.6733464002609253,0.8221226930618286,1.5825674533843994,1.0177175998687744,0.09077894687652588,0.1955949068069458
171,4398,"I am feeling a bit tired and slow this morning , though still fairly motivated for my work day . I feel confident that I can be productive today , but I didn ' t sleep as well as I usually do last night so I am feeling a bit sluggish and a bit lower energy than usual .",2024-10-23 12:03:01,7,False,-1.0,0.0,True,-1.2094422578811646,0.2093532383441925,-1.2690774202346802,0.2203865647315979,0.059635162353515625,0.011033326387405396
171,4399,"I am feeling lively , upbeat , motivated , and active . I ' m not really tired this afternoon , which is surprising .   I ' m focused and ready to finish my work day and then go run errands . I am also excited to relax after I ' m done for the day .",2024-10-23 17:19:46,7,False,1.0,1.0,True,1.1185325384140015,1.355006456375122,1.0834723711013794,1.3957562446594238,0.03506016731262207,0.04074978828430176
171,4400,"tired , slow , comfy , content , calm",2024-10-23 22:01:40,7,True,-1.0,0.0,True,-0.4875180423259735,-0.07481669634580612,-0.7742577195167542,-0.0264123436063528,0.28673967719078064,0.04840435273945332
49,4873,"awake , ready , up , prepared , busy",2021-05-04 12:20:18,1,True,1.0,1.0,False,0.23722077906131744,1.7477333545684814,0.2525383234024048,1.7990573644638062,0.015317544341087341,0.05132400989532471
49,4874,"awake , tired , lazy , calm , neutral",2021-05-05 12:00:37,1,True,0.0,1.0,False,-0.37883713841438293,0.5188915729522705,-0.4090158343315124,0.496165007352829,0.03017869591712946,0.02272656559944153
49,4875,"lazy , tired , neutral , fine , okay",2021-05-05 17:01:35,1,True,0.0,1.0,False,-0.31533971428871155,0.5302871465682983,-0.2838149070739746,0.5589596033096313,0.03152480721473694,0.028672456741333008
49,4876,"tired , sleepy , lazy , neutral , regretful",2021-05-06 12:37:24,1,True,-2.0,0.0,False,-0.7174749374389648,0.3122026324272156,-0.617544412612915,0.3741672337055206,0.0999305248260498,0.061964601278305
49,4878,"tired , sleepy , worn out",2022-02-15 10:01:50,2,True,0.0,1.0,False,-1.1208938360214233,0.1154145896434784,-1.1710495948791504,0.1467132419347763,0.05015575885772705,0.03129865229129791
49,4879,"neutral , busy , active",2022-02-15 15:25:09,2,True,1.0,2.0,False,-0.02170751988887787,1.3138058185577393,-0.0477928444743156,1.347787618637085,0.026085324585437733,0.0339818000793457
49,4880,"tired , moody , sluggish",2022-02-17 15:50:37,2,True,0.0,1.0,False,-1.1278632879257202,0.4235564172267914,-1.153331637382507,0.47540083527565,0.025468349456786887,0.05184441804885864
49,4881,"fine , neutral , tired",2022-02-17 20:30:27,2,True,0.0,1.0,False,0.1525043547153473,0.6932347416877747,0.0532475784420967,0.9963157773017884,0.09925677627325058,0.3030810356140138
49,4882,"excited , good , relaxed",2022-02-18 15:06:09,2,True,1.0,2.0,False,1.534536361694336,1.2068519592285156,1.4148815870285034,1.402775526046753,0.11965477466583252,0.1959235668182373
49,4883,"neutral , fine , relaxed",2022-02-19 15:00:27,2,True,0.0,2.0,False,0.2399204522371292,0.9031562209129333,0.1342912763357162,1.0478484630584717,0.10562917590141302,0.14469224214553833
49,4884,"drunk , enjoyable , okay",2022-02-19 20:19:57,2,True,0.0,2.0,False,0.9673782587051392,0.924838662147522,0.8317227363586426,1.076566219329834,0.13565552234649658,0.151727557182312
49,4885,"fine , busy , PERSON",2022-02-22 15:32:32,2,True,0.0,2.0,False,0.6840364933013916,1.1414248943328857,0.2272759974002838,1.5406243801116943,0.4567604959011078,0.3991994857788086
49,4877,"fine , neutral , tired",2022-02-24 15:33:23,2,True,0.0,1.0,False,0.1525043547153473,0.6932347416877747,0.0708453729748725,0.9837071895599364,0.08165898174047478,0.29047244787216175
49,4887,"tired , unproductive , relaxed , sleepy , okay",2022-09-05 21:32:15,4,True,1.0,0.0,False,-0.4650616943836212,0.1664627343416214,-0.5455541610717773,0.1754663586616516,0.08049246668815613,0.009003624320030212
49,4888,"tired , fatigued , headache , groggy , slow",2022-09-06 11:05:22,4,True,-1.0,0.0,False,-1.5034245252609253,0.011730732396245003,-1.406070351600647,0.0536638684570789,0.09735417366027832,0.041933136060833896
49,4889,"sluggish , reviving , okay , neutral , tired",2022-09-06 15:21:02,4,True,0.0,1.0,False,-0.7255055904388428,0.5077990293502808,-0.6543871164321899,0.5904395580291748,0.07111847400665283,0.08264052867889404
49,4890,"better , frustrated , drained , coping",2022-09-06 20:26:55,4,True,1.0,2.0,False,-0.4906528890132904,0.6725179553031921,-0.5427920818328857,0.7162870764732361,0.05213919281959534,0.043769121170043945
49,4891,"tired , anxious , dread , okay",2022-09-07 17:10:00,4,True,1.0,2.0,False,-0.8581005930900574,0.6782875657081604,-0.7645605802536011,0.710236132144928,0.0935400128364563,0.03194856643676758
49,4892,"tired , worn out , stressed , anxious , hot",2022-09-12 16:29:48,4,True,0.0,1.0,False,-1.0862149000167847,0.36171939969062805,-1.2450660467147827,0.3210801780223846,0.15885114669799805,0.040639221668243464
49,4893,"tired , sluggish , anxious",2022-09-13 12:19:08,4,True,-2.0,0.0,False,-1.1820131540298462,0.31879350543022156,-1.2908905744552612,0.3335014879703522,0.10887742042541504,0.014707982540130615
49,4886,"tired , anxious , sluggish",2022-09-14 15:28:45,4,True,0.0,1.0,False,-1.0965535640716553,0.4606921970844269,-1.1697454452514648,0.513668954372406,0.07319188117980957,0.052976757287979126
49,4905,"fatigued , stressed , unmotivated",2023-03-14 20:03:01,5,True,-2.0,0.0,False,-1.2883692979812622,0.22844013571739197,-1.2207484245300293,0.3529677391052246,0.06762087345123291,0.12452760338783264
49,4906,"tired , resting , neutral",2023-03-15 10:26:25,5,True,0.0,0.0,False,-0.6997029781341553,0.19608242809772491,-0.7886587381362915,0.2282073944807052,0.08895576000213623,0.03212496638298029
49,4907,"neutral , active , motivated",2023-03-15 15:48:24,5,True,1.0,2.0,False,-0.033413611352443695,1.284799337387085,-0.0187676474452018,1.3807179927825928,0.014645963907241894,0.09591865539550781
49,4908,"pressured , stressed , active",2023-03-16 11:36:02,5,True,1.0,0.0,False,-0.3596980571746826,1.4603556394577026,-0.4351640343666076,1.6961627006530762,0.075465977191925,0.23580706119537354
49,4909,"motivated , accomplished , more energy",2023-03-16 20:05:40,5,True,1.0,2.0,False,0.6131022572517395,1.536863923072815,0.6365033388137817,1.7226853370666504,0.023401081562042236,0.18582141399383545
49,4910,"neutral , tired , awake",2023-03-17 11:32:05,5,True,0.0,1.0,False,-0.12249164283275604,0.920773983001709,-0.0573338270187377,1.1289770603179932,0.06515781581401833,0.20820307731628418
49,4911,"neutral , tired , winding down",2023-03-17 20:00:47,5,True,0.0,1.0,False,-0.21793383359909058,0.7794742584228516,-0.0869211703538894,1.0339404344558716,0.13101266324520117,0.25446617603302
49,4912,"stressed , tired , overwhelmed",2023-03-19 10:19:39,5,True,0.0,1.0,False,-0.8207359313964844,0.9930977821350098,-0.829700231552124,0.981345236301422,0.008964300155639648,0.011752545833587758
49,4913,"relaxed , neutral , bored",2023-03-19 15:15:04,5,True,1.0,2.0,False,0.5956817269325256,0.7106973528862,0.8068889379501343,0.8597373366355896,0.21120721101760864,0.14903998374938965
49,4914,"busy , interested , motivated",2023-03-19 20:48:55,5,True,0.0,2.0,False,0.16648367047309875,1.5173693895339966,0.2096389681100845,1.6874765157699585,0.04315529763698575,0.17010712623596191
49,4915,"hungover , tired , motivated , slightly stressed",2023-03-20 15:51:12,5,True,-1.0,2.0,False,-0.7594702243804932,0.5260502696037292,-0.920340657234192,0.4610929787158966,0.16087043285369884,0.06495729088783264
49,4916,"tired , winding down , slow",2023-03-20 20:01:15,5,True,0.0,0.0,False,-0.848792552947998,0.15673315525054932,-0.8070578575134277,0.255004346370697,0.04173469543457031,0.0982711911201477
49,4917,"slow , tired , sluggish",2023-03-21 15:00:43,5,True,0.0,0.0,False,-0.9498425126075745,0.2422560751438141,-0.9156980514526368,0.3560710847377777,0.03414446115493763,0.11381500959396362
49,4918,"neutral , okay , slightly stressed",2023-03-21 20:00:36,5,True,0.0,1.0,False,-0.017577610909938812,1.0337494611740112,0.0119701335206627,1.13693368434906,0.029547744430601514,0.10318422317504883
49,4919,"productive , motivated , stressed",2023-03-22 15:29:12,5,True,0.0,2.0,False,0.42193135619163513,1.2358291149139404,0.4403909742832184,1.5003135204315186,0.018459618091583252,0.2644844055175781
49,4920,"accomplished , motivated , winding down",2023-03-22 20:08:51,5,True,1.0,2.0,False,0.3923245966434479,1.109046459197998,0.4658661186695099,1.3801994323730469,0.07354152202606201,0.27115297317504883
49,4894,"neutral , interested , bored",2023-03-23 20:04:09,5,True,1.0,2.0,False,-0.13890120387077332,0.9204806089401245,-0.115199975669384,1.0603432655334473,0.023701228201389313,0.13986265659332275
49,4895,"tired , productive , congested",2023-03-24 11:31:18,5,True,0.0,1.0,False,-0.5782594680786133,0.30735984444618225,-0.7273045778274536,0.3583261668682098,0.14904510974884033,0.05096632242202753
49,4896,"bored , tired , sluggish",2023-03-24 15:09:49,5,True,-1.0,0.0,False,-0.849416971206665,0.3493742048740387,-0.819453775882721,0.4137179553508758,0.029963195323944092,0.0643437504768371
49,4897,"okay , bored , lively",2023-03-24 20:05:49,5,True,1.0,2.0,False,0.30884063243865967,0.6381563544273376,0.178583338856697,0.8339186906814575,0.13025729358196267,0.19576233625411987
49,4898,"sluggish , fatigued , annoyed",2023-03-25 10:28:50,5,True,-1.0,0.0,False,-1.2886682748794556,0.21450747549533844,-1.275670886039734,0.2271941304206848,0.012997388839721458,0.012686654925346347
49,4899,"lively , active , productive",2023-03-25 15:25:07,5,True,1.0,2.0,False,0.869667649269104,1.6513954401016235,0.9050177335739136,1.879880428314209,0.03535008430480957,0.22848498821258545
49,4900,"energetic , productive , motivated",2023-03-25 21:03:48,5,True,1.0,2.0,False,0.5375713109970093,1.6269567012786865,0.579704999923706,1.9911788702011108,0.04213368892669678,0.3642221689224243
49,4901,"active , okay , productive",2023-03-26 20:00:43,5,True,0.0,2.0,False,0.3719950020313263,1.4123014211654663,0.4017021656036377,1.6720606088638306,0.0297071635723114,0.25975918769836426
49,4902,"okay , bored , lazy",2023-03-27 21:00:05,5,True,0.0,1.0,False,-0.15157835185527802,0.40760281682014465,-0.1917830854654312,0.5887116193771362,0.0402047336101532,0.18110880255699158
49,4903,"motivated , busy , stressed",2023-03-28 11:51:28,5,True,1.0,2.0,False,0.020952358841896057,1.3847559690475464,-0.0190964639186859,1.5582958459854126,0.040048822760581956,0.1735398769378662
49,4904,"winding down , sleepy , sluggish",2023-03-28 15:55:35,5,True,-1.0,0.0,False,-0.9946295619010925,0.15235495567321777,-0.9315467476844788,0.2733523547649383,0.06308281421661377,0.12099739909172053
49,4932,"excited , ambitious , content",2023-06-28 10:07:00,6,True,1.0,1.0,False,1.0854178667068481,1.3529102802276611,1.0983887910842896,1.4805307388305664,0.012970924377441406,0.12762045860290527
49,4933,"sluggish , hot , slow",2023-06-28 16:16:09,6,True,0.0,0.0,False,-0.8538937568664551,0.41823363304138184,-0.8643293380737305,0.4292176365852356,0.01043558120727539,0.01098400354385376
49,4934,"bored , content , fine",2023-06-28 20:20:11,6,True,1.0,0.0,False,0.15441377460956573,0.20987176895141602,0.1453440338373184,0.4057121574878692,0.009069740772247342,0.1958403885364532
49,4935,"busy , motivated , productive",2023-06-29 10:00:59,6,True,1.0,2.0,False,0.17852726578712463,1.5660407543182373,0.1969760507345199,1.7455298900604248,0.01844878494739527,0.1794891357421875
49,4936,"lively , okay , motivated",2023-06-29 15:01:13,6,True,1.0,2.0,False,0.830944299697876,1.4139049053192139,0.9005892276763916,1.6045576333999634,0.06964492797851562,0.1906527280807495
49,4937,"late , anxious , frantic",2023-06-30 12:02:41,6,True,-1.0,2.0,False,-1.0185445547103882,1.4196465015411377,-0.8563196063041687,1.4471797943115234,0.16222494840621948,0.027533292770385742
49,4938,"hungover , tired , sluggish",2023-06-30 15:00:20,6,True,-2.0,0.0,False,-1.4467264413833618,0.11659814417362213,-1.3603371381759644,0.1862763464450836,0.08638930320739746,0.06967820227146146
49,4939,"tired , okay , frustrated",2023-06-30 20:23:17,6,True,0.0,1.0,False,-0.6528781652450562,0.4767541289329529,-0.6506355404853821,0.5203094482421875,0.0022426247596740723,0.04355531930923462
49,4940,"tired , accomplished , busy",2023-07-01 16:35:26,6,True,0.0,0.0,False,-0.18950456380844116,0.7357121109962463,-0.1077306121587753,0.9134507179260254,0.08177395164966586,0.17773860692977905
49,4941,"tired , drained , headachey",2023-07-01 20:01:50,6,True,-1.0,0.0,False,-1.51034414768219,0.0769198015332222,-1.344814419746399,0.1426229327917099,0.16552972793579102,0.0657031312584877
49,4942,"tired , sore , awake",2023-07-02 11:11:30,6,True,0.0,0.0,False,-1.1423149108886719,0.12271443754434586,-1.073702096939087,0.1867949515581131,0.06861281394958496,0.06408051401376724
49,4943,"tired , neutral , angry",2023-07-02 15:26:23,6,True,-1.0,0.0,False,-0.520160973072052,0.5825470089912415,-0.4490684866905212,0.7200921773910522,0.07109248638153082,0.1375451683998108
49,4944,"tired , okay , neutral",2023-07-02 20:01:17,6,True,0.0,1.0,False,-0.5688162446022034,0.42801496386528015,-0.3941484093666076,0.6249822378158569,0.17466783523559576,0.19696727395057678
49,4945,"tired , drunk , anxious",2023-07-03 12:01:20,6,True,-1.0,0.0,False,-1.3171635866165161,0.5236954689025879,-1.137687921524048,0.5374987125396729,0.17947566509246804,0.013803243637084961
49,4946,"tired , neutral , fine",2023-07-03 17:54:28,6,True,0.0,1.0,False,-0.5123616456985474,0.4098333418369293,-0.409973531961441,0.5587109923362732,0.10238811373710638,0.14887765049934387
49,4947,"neutral , hungry , fine",2023-07-03 20:31:03,6,True,0.0,0.0,False,0.0503014400601387,1.018397569656372,0.1138707101345062,1.1520869731903076,0.0635692700743675,0.13368940353393555
49,4948,"neutral , awake , eager",2023-07-04 10:26:47,6,True,0.0,1.0,False,0.022088028490543365,1.1621915102005005,0.11928690969944,1.2499098777770996,0.09719888120889664,0.08771836757659912
49,4949,"active , busy , eager",2023-07-04 16:03:54,6,True,0.0,1.0,False,0.19675703346729279,1.8204576969146729,0.3631023168563843,1.9604504108428955,0.1663452833890915,0.13999271392822266
49,4950,"active , okay , anxious",2023-07-04 20:35:47,6,True,1.0,2.0,False,-0.06077347695827484,1.5365452766418457,0.1175007969141006,1.7028772830963137,0.17827427387237543,0.166332006454468
49,4951,"active , busy , rushed",2023-07-05 12:00:34,6,True,0.0,2.0,False,-0.027508996427059174,1.8316805362701416,0.1781468838453292,1.996407151222229,0.20565588027238837,0.1647266149520874
49,4952,"tired , achey , swamped",2023-07-06 10:04:05,6,True,-1.0,0.0,False,-1.2294882535934448,0.13587400317192078,-1.0791970491409302,0.1749051213264465,0.15029120445251465,0.03903111815452573
49,4953,"active , busy , anxious",2023-07-06 15:03:22,6,True,0.0,2.0,False,-0.1876848340034485,1.8185211420059204,0.064184233546257,1.9704320430755613,0.2518690675497055,0.1519109010696409
49,4954,"tired , painful , sluggish",2023-07-06 20:53:43,6,True,-2.0,0.0,False,-1.3063627481460571,0.1310783475637436,-1.1168087720870972,0.2086929976940155,0.18955397605895996,0.07761465013027191
49,4921,"sluggish , tired , drained",2023-07-07 12:18:01,6,True,-1.0,0.0,False,-1.376294732093811,0.14053687453269958,-1.2736384868621826,0.2077844440937042,0.10265624523162842,0.06724756956100461
49,4922,"anxious , tired , busy",2023-07-07 15:18:26,6,True,-1.0,0.0,False,-0.744343101978302,1.2650272846221924,-0.4930998086929321,1.386958360671997,0.25124329328536993,0.12193107604980469
49,4923,"neutral , overwhelmed , okay",2023-07-07 20:24:15,6,True,0.0,0.0,False,-0.07630753517150879,1.084669589996338,0.0138207534328103,1.1992642879486084,0.0901282886043191,0.11459469795227051
49,4924,"awake , neutral , tired",2023-07-08 12:14:14,6,True,0.0,1.0,False,-0.1474887579679489,0.9883197546005249,-0.0633419007062912,1.0981992483139038,0.08414685726165771,0.1098794937133789
49,4925,"exhausted , overwhelmed , unhappy",2023-07-08 22:29:10,6,True,-1.0,1.0,False,-1.2251311540603638,0.6512324810028076,-1.0916918516159058,0.7457531690597534,0.133439302444458,0.0945206880569458
49,4926,"active , tired , productive",2023-07-09 17:02:23,6,True,0.0,2.0,False,-0.18493777513504028,1.2629213333129883,-0.0999949723482132,1.3186566829681396,0.08494280278682709,0.05573534965515137
49,4927,"barely awake , okay , neutral",2023-07-10 10:30:07,6,True,0.0,1.0,False,-0.19144798815250397,0.7367891669273376,-0.2542258501052856,0.8448768854141235,0.06277786195278162,0.10808771848678589
49,4928,"neutral , tired , okay",2023-07-10 15:05:27,6,True,0.0,1.0,False,-0.1071053072810173,0.8783848285675049,-0.1389650851488113,1.0112918615341189,0.03185977786779401,0.132907032966614
49,4929,"quiet , relaxing , easy",2023-07-10 21:34:30,6,True,1.0,0.0,False,0.6199583411216736,0.15380284190177917,0.5544857382774353,0.1889892220497131,0.06547260284423828,0.03518638014793393
49,4930,"awake , neutral , tired",2023-07-11 12:50:02,6,True,0.0,1.0,False,-0.1474887579679489,0.9883197546005249,-0.1539383232593536,1.0985679626464844,0.006449565291404696,0.11024820804595947
49,4931,"tired , drained , angry",2023-07-11 15:06:19,6,True,-1.0,0.0,False,-1.2618595361709595,0.34624189138412476,-1.1562623977661133,0.4537385702133178,0.10559713840484619,0.10749667882919306
53,5224,"Excited , Calm , Focused",2021-06-08 12:01:16,1,True,2.0,0.0,False,1.4132593870162964,0.9121667146682739,1.415009617805481,0.975786030292511,0.0017502307891845703,0.06361931562423706
53,5225,"Excited , Happy , Motivated , Anxious",2021-06-09 12:04:41,1,True,2.0,1.0,False,1.371944546699524,1.3012665510177612,1.4572999477386477,1.3732357025146484,0.08535540103912376,0.07196915149688721
53,5226,"Tired , Sluggish , Busy",2021-06-10 12:03:14,1,True,0.0,1.0,False,-1.11809504032135,0.14644229412078857,-1.1306427717208862,0.2420444041490554,0.012547731399536133,0.09560211002826682
53,5227,"Excited , Anxious , Indecisive",2021-06-10 17:07:49,1,True,1.0,2.0,False,1.2860965728759766,1.269972562789917,1.2200921773910522,1.38871169090271,0.06600439548492432,0.11873912811279297
53,5228,"Happy , Curious , Calm",2021-06-11 12:18:55,1,True,2.0,0.0,False,1.0340311527252197,0.997799277305603,0.964558720588684,1.094830870628357,0.06947243213653576,0.0970315933227539
53,5229,"Calm , Satisfied , Lazy",2021-06-12 12:28:02,1,True,0.0,1.0,False,1.3127933740615845,0.26436325907707214,1.3974872827529907,0.4116264581680298,0.08469390869140625,0.14726319909095764
53,5245,"Tired , Happy , At ease , Comfortable",2022-01-25 10:05:20,2,True,2.0,0.0,False,0.47901418805122375,0.4020242989063263,0.3349921107292175,0.5073506832122803,0.14402207732200628,0.10532638430595398
53,5246,"Calm , Content , Ready for work",2022-01-25 15:22:13,2,True,1.0,2.0,False,1.6369138956069946,0.02004474587738514,1.4837244749069214,0.2597899436950683,0.15318942070007324,0.23974519781768316
53,5247,"Content , Accomplished , Hopeful",2022-01-25 22:50:22,2,True,1.0,1.0,False,1.0436147451400757,0.647628903388977,0.6758651733398438,1.0777530670166016,0.36774957180023193,0.4301241636276245
53,5248,"Tired , Lazy , Calm",2022-01-26 10:34:59,2,True,-1.0,0.0,False,-0.31769534945487976,0.23426051437854767,-0.2603310644626617,0.3910408616065979,0.05736428499221807,0.15678034722805023
53,5249,"Content , Calm , Happy",2022-01-26 16:57:06,2,True,2.0,0.0,False,1.5758973360061646,0.38466116786003113,1.4546374082565308,0.6869156956672668,0.12125992774963379,0.3022545278072357
53,5250,"Happy , Calm , Bored",2022-01-26 20:02:26,2,True,1.0,2.0,False,1.2858657836914062,0.8842438459396362,1.340264081954956,1.1284005641937256,0.054398298263549805,0.24415671825408936
53,5251,"Tired , Stuffy nose , Content",2022-01-27 11:34:44,2,True,1.0,0.0,False,-0.9130554795265198,0.1501472294330597,-0.9246582388877868,0.2682923078536987,0.011602759361266979,0.11814507842063898
53,5252,"Motivated , Ready , Hurried",2022-01-27 15:34:07,2,True,1.0,2.0,False,0.3568965494632721,1.252347707748413,0.2537945210933685,1.3045361042022705,0.10310202836990362,0.05218839645385742
53,5253,"Bored , Content , Worried",2022-01-27 20:06:39,2,True,1.0,1.0,False,0.5549479126930237,0.45529904961586,0.2191221117973327,0.7931277751922607,0.335825800895691,0.33782872557640076
53,5254,"Just woke up , Content , Calm",2022-01-28 10:11:52,2,True,0.0,1.0,False,1.2438856363296509,0.31851688027381897,0.93445885181427,0.606886625289917,0.30942678451538086,0.288369745016098
53,5255,"Sore , Content , Just alright",2022-01-28 15:03:00,2,True,1.0,1.0,False,0.8720318078994751,0.04063822329044342,0.3972834348678589,0.2219190150499344,0.4747483730316162,0.18128079175949097
53,5256,"Accomplished , Happy , Content",2022-01-28 22:42:06,2,True,1.0,1.0,False,1.3095489740371704,0.821252703666687,1.1729062795639038,1.0646759271621704,0.1366426944732666,0.2434232234954834
53,5257,"Ready for the weekend , Excited , Chill",2022-01-29 10:37:41,2,True,2.0,2.0,False,1.280782699584961,1.3629322052001953,1.0453310012817385,1.5380802154541016,0.23545169830322243,0.17514801025390625
53,5258,"Excited , Ready , Anxious",2022-01-29 15:20:45,2,True,2.0,2.0,False,1.351828932762146,1.367600917816162,1.37641704082489,1.5507913827896118,0.02458810806274392,0.1831904649734497
53,5259,"Excited , Calm , Ready",2022-01-29 22:44:32,2,True,1.0,1.0,False,1.6481354236602783,0.9463487267494202,1.6021353006362915,1.155168533325195,0.046000123023986816,0.20881980657577492
53,5260,"Happy , Excited , Content",2022-01-30 15:00:46,2,True,1.0,2.0,False,1.6346864700317383,0.947098970413208,1.6812211275100708,1.1711736917495728,0.04653465747833252,0.22407472133636475
53,5261,"Happy , Excited , Content",2022-01-31 10:55:35,2,True,1.0,1.0,False,1.6346864700317383,0.947098970413208,1.6281853914260864,1.1609536409378052,0.0065010786056518555,0.21385467052459717
53,5262,"Calm , Relaxed , Happy",2022-01-31 15:04:42,2,True,1.0,1.0,False,1.4725838899612427,0.5624765157699585,1.356650471687317,0.7675235271453857,0.11593341827392578,0.20504701137542725
53,5263,"Calm , Content , Bored",2022-02-02 21:17:04,2,True,1.0,1.0,False,1.5924336910247803,0.003376747015863657,1.5430768728256226,0.1444194912910461,0.049356818199157715,0.14104274427518243
53,5230,"Tired , Quiet , Calm",2022-02-03 11:18:11,2,True,0.0,1.0,False,-0.5060877799987793,0.07362772524356842,-0.4383569657802582,0.14313305914402,0.06773081421852112,0.06950533390045158
53,5231,"Rushed , Anxious , Content",2022-02-03 15:00:47,2,True,1.0,1.0,False,0.16419316828250885,1.3111698627471924,0.2256482690572738,1.4233866930007937,0.06145510077476496,0.1122168302536013
53,5232,"Bored , Calm , Unbothered",2022-02-03 20:37:00,2,True,1.0,1.0,False,0.9464719295501709,0.3272800147533417,0.7887580394744873,0.4812057316303253,0.1577138900756836,0.15392571687698364
53,5233,"Tired , Unmotivated , Restless",2022-02-04 10:34:44,2,True,-2.0,0.0,False,-0.9973267316818237,0.3466918170452118,-0.8516557216644287,0.4621525704860687,0.14567101001739502,0.11546075344085693
53,5234,"Rushed , Ready , Stressed",2022-02-04 15:02:27,2,True,1.0,2.0,False,0.003658250905573368,1.2127039432525635,0.0945784300565719,1.3482599258422852,0.09092017915099854,0.13555598258972168
53,5235,"Bored , Content , Happy",2022-02-04 20:34:07,2,True,1.0,1.0,False,1.3833142518997192,0.6415695548057556,1.260647892951965,0.9479133486747742,0.12266635894775413,0.30634379386901855
53,5236,"Tired , Lazy , Calm",2022-02-05 11:26:01,2,True,-2.0,0.0,False,-0.31769534945487976,0.23426051437854767,-0.1715283244848251,0.3599416315555572,0.14616702497005465,0.12568111717700953
53,5237,"Sluggish , Tired , Calm",2022-02-05 15:03:06,2,True,1.0,0.0,False,-1.2557977437973022,-0.05149031803011894,-1.2433037757873535,0.0220728684216737,0.01249396800994873,0.07356318645179263
53,5238,"Tired , Drained , Sleepy",2022-02-06 11:12:24,2,True,0.0,1.0,False,-1.1910361051559448,-0.013523174449801445,-1.0410999059677124,0.0528389848768711,0.14993619918823242,0.06636215932667255
53,5239,"Happy , Content , Hyper",2022-02-06 20:04:58,2,True,1.0,1.0,False,1.669486165046692,0.9398832321166992,1.7845178842544556,1.1182012557983398,0.11503171920776367,0.17831802368164062
53,5240,"Calm , Happy , Content",2022-02-07 11:23:10,2,True,0.0,1.0,False,1.6620047092437744,0.4091300070285797,1.6613025665283203,0.5585311055183411,0.0007021427154541016,0.14940109848976135
53,5241,"Happy , Lively , Active",2022-02-07 16:53:55,2,True,2.0,1.0,False,1.2282365560531616,1.464045524597168,1.4162888526916504,1.4487720727920532,0.18805229663848877,0.015273451805114746
53,5242,"Tired , Sluggish , Calm",2022-02-08 11:35:52,2,True,-1.0,0.0,False,-1.0781461000442505,0.01277134008705616,-1.0007703304290771,0.0909938514232635,0.07737576961517334,0.07822251133620733
53,5243,"Tired , Sluggish , Unmotivated",2022-02-08 15:05:00,2,True,-1.0,0.0,False,-1.6001003980636597,0.06103593483567238,-1.4632291793823242,0.1603874415159225,0.13687121868133545,0.09935150668025011
53,5244,"Happy , Calm , Relaxed",2022-02-08 20:14:11,2,True,1.0,1.0,False,1.464226484298706,0.7255538105964661,1.5139368772506714,0.8891881704330444,0.04971039295196533,0.16363435983657837
70,4840,"Good , content , excited , satisfied , reflective",2024-10-31 12:37:43,7,True,0.0,1.0,False,1.526131510734558,0.8399214744567871,1.4603227376937866,1.0017898082733154,0.06580877304077148,0.16186833381652832
70,4841,"peaceful , excited , focused , satisfied , happy",2024-10-31 17:12:48,7,True,1.0,1.0,False,1.5023316144943237,0.8668308258056641,1.403138518333435,0.9842529296875,0.09919309616088867,0.11742210388183594
70,4842,"Have been feeling normal and good , have been trying to sleep after coming from work today and people around me have nor been able to sleep because they have been watching movie in my room since so I wasn ' t able to sleep .",2024-10-31 22:03:33,7,False,0.0,1.0,False,0.9969053268432617,0.34187808632850647,0.8923851847648621,0.331272155046463,0.10452014207839966,0.010605931282043457
70,4843,"calm , quiet , peaceful , satisfied , calm",2024-11-01 12:10:18,7,True,0.0,0.0,False,1.4403859376907349,0.08983736485242844,1.3687824010849,0.215274691581726,0.07160353660583496,0.12543732672929755
70,4844,"I ' m just feeling happy because my day was good and I saw somethings that really impressed me today , I wasn ' t even expecting anything good today but unfortunately it happens ,   so I ' m grateful for that .",2024-11-01 22:08:12,7,False,1.0,1.0,False,2.009059429168701,0.8006231784820557,1.9731745719909668,0.7908530235290527,0.035884857177734375,0.00977015495300293
70,4845,"I ' m just feel okay with everything around me , I ' m just feeling normal today , I ' m also trying to maintain my steez , I don ' t want anything that will spoil my day so avoiding anything called problem today .",2024-11-02 12:55:02,7,False,0.0,1.0,False,1.1715772151947021,0.2899411618709564,1.1806942224502563,0.2670895159244537,0.0091170072555542,0.02285164594650274
70,4846,"lonely , quiet , gentle , calm , bored",2024-11-02 22:08:54,7,True,0.0,0.0,False,-0.4249724745750427,0.2548042833805084,-0.4524555504322052,0.3154388666152954,0.027483075857162476,0.06063458323478699
70,4847,I ' m just feeling Good and happy because I met a beautiful damsel that really likes me and she has been complimenting me since and I really like too I wish to be with her for the rest of the day she really respect me alot .,2024-11-03 12:15:23,7,False,1.0,1.0,False,1.5458542108535767,0.8859220743179321,1.5863606929779053,0.8395935893058777,0.04050648212432861,0.04632848501205444
70,4848,"happy , calm , amusement , love , calm",2024-11-03 17:15:36,7,True,0.0,1.0,False,1.5650888681411743,0.864821195602417,1.4630910158157349,0.9476802349090576,0.10199785232543945,0.08285903930664062
70,4849,"I ' m feeling normal , I didn ' t really feel anything today but we experienced any bad thing today nothing has changed my day from good to bad , and nothing has really make my day to be that Interesting . Everything has been in a normal condition .",2024-11-03 22:08:50,7,False,0.0,1.0,False,0.8868094682693481,0.6146146059036255,0.8600631952285767,0.5994583368301392,0.026746273040771484,0.015156269073486328
70,4851,"happy , awesome , Good , nice , calm",2024-11-04 12:11:31,7,True,1.0,1.0,False,1.8539632558822632,1.0797200202941895,1.7117494344711304,1.2077908515930176,0.1422138214111328,0.12807083129882812
70,4852,"loved , excited , cool , content , nice",2024-11-04 17:08:36,7,True,0.0,1.0,False,1.664951205253601,1.1259140968322754,1.5436891317367554,1.2166661024093628,0.1212620735168457,0.0907520055770874
70,4853,"relaxed , nervous , confused , overwhelmed , lonely",2024-11-04 22:08:27,7,True,0.0,1.0,False,0.10417158901691437,1.2048323154449463,0.025715097784996,1.2773135900497437,0.07845649123191836,0.07248127460479736
70,4854,"active , cool , reserved , content , joyful",2024-11-05 12:09:49,7,True,0.0,2.0,False,0.7559710741043091,1.2447519302368164,0.9238765239715576,1.5788601636886597,0.16790544986724854,0.33410823345184326
70,4855,"nervous , proud , grateful , content , relaxed",2024-11-05 17:02:55,7,True,0.0,1.0,False,0.6884517669677734,0.8663598895072937,0.630776584148407,0.9438904523849488,0.057675182819366455,0.07753056287765514
70,4856,"I ' m feeling good and active , I ' m just trying to observe everything and around Me . And make I ' m also doing what is right , and keep people around me active , and try to make everything around me to feel good , no bad energy .",2024-11-05 22:10:50,7,False,0.0,2.0,False,1.4974099397659302,1.0919742584228516,1.5182374715805054,1.1392194032669067,0.020827531814575195,0.047245144844055176
70,4857,"I ' m active watching some online videos so that I can gain more experience about the new thing I want to start doing , I ' m about to start learning some new thing to expand my knowledge and have been working towards that lately .",2024-11-06 17:28:52,7,False,0.0,2.0,False,0.5163792371749878,1.9700040817260742,0.5788116455078125,1.9759981632232664,0.06243240833282471,0.005994081497192161
70,4858,"I ' m just feeling good and also feeling like I want to sleep , I have rested I ' m just moving from one task to another so that I will be able to finish my task for the week , so that I will be able to enjoy my weekend and have time to rest .",2024-11-06 22:01:53,7,False,0.0,2.0,False,1.0765058994293213,0.17236582934856415,1.1849311590194702,0.1351424753665924,0.10842525959014893,0.03722335398197174
70,4859,"I ' m feeling active , my eyes are opened and I ' m looking sharp , because I ' m feeling dull and calm at all , have try to play some online games with my old school friends but have winning since so they are just wondering , hoe I ' m so good in all those games .",2024-11-07 17:49:27,7,False,0.0,2.0,False,0.6921236515045166,0.8347028493881226,0.7297219634056091,0.9350623488426208,0.03759831190109253,0.10035949945449829
70,4860,"uncertain , eager , restless , astonished , agitated",2024-11-07 22:10:53,7,True,0.0,1.0,False,-0.3135078549385071,1.9045846462249756,-0.3245963454246521,1.8728965520858765,0.01108849048614502,0.03168809413909912
70,4861,"active , satisfied , secured , hopeful , Good",2024-11-08 12:24:33,7,True,0.0,2.0,False,0.968140721321106,1.029721975326538,0.92118102312088,1.09630024433136,0.04695969820022594,0.066578269004822
70,4862,"content , patient , good , appreciated , nice",2024-11-08 17:15:16,7,True,0.0,1.0,False,1.6330734491348267,0.2727362811565399,1.4561740159988403,0.4256355166435241,0.17689943313598633,0.1528992354869842
70,4863,"I ' m just feeling chilled and relaxed , have got some chilled drink with me to calm myself down and been playing some interesting movie so that I will be able to calm my head down , and the movie that I ' m watching is so interesting .",2024-11-08 22:12:25,7,False,0.0,1.0,False,0.9229487776756287,0.436946302652359,0.9232705235481262,0.387471854686737,0.0003217458724975586,0.049474447965622004
70,4864,"Good , content , hopeful , nice , better",2024-11-09 12:28:09,7,True,0.0,1.0,False,1.52688467502594,0.7259379029273987,1.4520598649978638,0.8093976378440857,0.07482481002807617,0.08345973491668701
70,4865,"dizzy , cool , content , hopeful , calm",2024-11-09 17:03:33,7,True,0.0,1.0,False,1.009424090385437,0.4187100827693939,0.7455799579620361,0.5524861812591553,0.2638441324234009,0.13377609848976135
70,4866,"good , nice , content , okay , joyful",2024-11-09 22:10:05,7,True,0.0,1.0,False,1.591200351715088,0.8018128871917725,1.551519751548767,0.9569604396820068,0.0396806001663208,0.15514755249023438
70,4867,"protective , relived , disgurt , calm , good",2024-11-10 12:52:41,7,True,0.0,1.0,False,0.5004797577857971,0.7013798356056213,0.2518115937709808,0.9541597962379456,0.24866816401481634,0.2527799606323242
70,4868,"quiet , curious , gentle , calm , focused",2024-11-10 17:45:48,7,True,0.0,0.0,False,0.38733264803886414,0.40993446111679077,0.3381384909152984,0.5597854852676392,0.04919415712356573,0.1498510241508484
70,4869,"active , energized , reflective , focused , grateful",2024-11-10 22:06:50,7,True,0.0,2.0,False,0.3237729072570801,1.8240045309066772,0.1604201048612594,1.9393248558044436,0.16335280239582067,0.11532032489776634
70,4870,"I ' m just feeling too calm , because I don ' t really have energy to do much work today , and my friends at work has been telling me that I ' m looking dull and acting sluggishly but I think I ' m just having low energy .",2024-11-11 12:47:51,7,False,0.0,0.0,False,0.20939701795578003,0.19703710079193115,0.1797269284725189,0.2120356112718582,0.029670089483261136,0.014998510479927035
70,4871,"overwhelmed , tired , hopeful , curious , content",2024-11-11 17:43:24,7,True,0.0,1.0,False,-0.49678850173950195,0.9727898240089417,-0.6767423152923584,1.1250783205032349,0.17995381355285645,0.1522884964942932
70,4872,"I ' m feeling active right now , I went to a store to get some drugs for myself so that I will be able to look sharp and stay sharp even though it took me sometime before I could get it because I can not find it in any nearest store .",2024-11-11 22:07:29,7,False,0.0,2.0,False,0.11087827384471893,1.950791835784912,-0.0078432625159621,2.003666877746582,0.11872153636068103,0.05287504196166992
70,4955,"grateful , anxious , hopeful , imspired , curious",2024-11-12 17:22:10,7,True,0.0,1.0,False,0.26381295919418335,1.2973041534423828,0.0438355207443237,1.3605581521987915,0.21997743844985965,0.06325399875640869
70,4956,"I ' m just feeling normal but I think I need to relax because have been working since and I did not feel like I ' m tired yet , I still have the energy to work more today but I do not want to over work myself today so that I will be able to wake early tomorrow .",2024-11-12 22:05:49,7,False,0.0,1.0,False,0.300139456987381,0.3201791048049927,0.2909032702445984,0.3350630700588226,0.009236186742782593,0.0148839652538299
70,4957,"relaxed , cool , nice , calm , joyful",2024-11-13 12:42:08,7,True,0.0,1.0,False,1.697637915611267,0.7628816366195679,1.6597706079483032,0.8423048257827759,0.03786730766296387,0.07942318916320801
70,4958,"jovial , active , good , nice , content",2024-11-13 17:32:50,7,True,0.0,1.0,False,1.4192804098129272,1.3860375881195068,1.3511043787002563,1.4821829795837402,0.0681760311126709,0.0961453914642334
70,4959,"I ' m just feeling normal and quiet , have playing game ever since have came back from work and have abandoned something I ' m suppose to do at at home because I want to play game , I was suppose to cook bit I didn ' t .",2024-11-13 22:07:25,7,False,0.0,1.0,False,0.5383787751197815,0.10595065355300903,0.4188510179519653,0.076253555715084,0.11952775716781622,0.029697097837925027
110,1929,"I ' m sick with a cold , so taking it easy and focused in relaxing and healing . I ' m feeling content and mellow . I feel like I can just focus on what I need to today and not take on any additional worries or stress .",2024-10-23 12:33:46,7,False,1.0,0.0,False,0.8900903463363647,-0.04075837507843971,0.8018280267715454,-0.0206702221184968,0.08826231956481934,0.02008815295994291
110,1937,I ' m tired and low energy but feeling peaceful and quiet in nature right now . I ' m excited and happy about my plans for tonight and feeling grateful for a positive day so far . I ' m currently enjoying being still and in solitude .,2024-10-25 17:00:33,7,False,-1.0,0.0,False,-0.009105577133595943,0.16188488900661469,-0.076991893351078,0.1942243129014969,0.06788631621748206,0.0323394238948822
110,1939,"I feel like I have a busy , somewhat demanding day and feel a bit frazzled because of it . I ' m juggling a lot of needs . I ' m also feeling happy and pleased with our plans for today . My heart feels full and I ' m excited for the day .",2024-10-26 12:12:18,7,False,1.0,0.0,False,0.3762953579425812,1.4440585374832153,0.367163598537445,1.483794331550598,0.009131759405136164,0.03973579406738259
110,1946,I ' m having a busy morning and juggling a lot and feeling excited and a bit overwhelmed . I am feeling rushed and hyper . I ' m a little nervous for my packed day but I feel responsible and competent . I feel like I can handle today .,2024-10-28 12:46:58,7,False,0.0,2.0,False,0.14641191065311432,2.1100897789001465,0.0754419416189193,2.1378936767578125,0.07096996903419502,0.027803897857666016
110,1948,"I ' m tired and low energy after a long , busy day . My body is sore and I ' m fatigued and worried about it getting worse . I ' m feeling slow and decisive about how I want to intentionally spend my remaining energy for the night .",2024-10-28 22:01:27,7,False,-1.0,0.0,False,-1.4768916368484497,0.16464799642562866,-1.509932518005371,0.1763646602630615,0.03304088115692139,0.011716663837432834
110,1949,"I ' m feeling busy and happy . I ' m feeling a little frustrated and incompetent with a project . I ' m overall hopeful and focused , especially as I have a full plate . I feel caring and gentle with the people I love .",2024-10-29 17:00:36,7,False,1.0,1.0,False,0.7872743606567383,1.064673662185669,0.7661579251289368,1.126433491706848,0.021116435527801514,0.06175982952117898
110,1950,"I ' m tired and dragging after a long , busy day . I ' m feeling a little burned out and slow , but my heart is also full and I feel grateful for what I have and a good day . I ' m feeling present and grounded .",2024-10-29 22:33:20,7,False,0.0,1.0,False,-0.7492474317550659,0.1854589879512787,-0.8368054032325745,0.2185607403516769,0.08755797147750854,0.03310175240039823
110,1955,"I ' m excited and happy for today ' s plans . I ' m feeling energetic and ready for the day . I ' m feeling grateful , thankful and busy . I ' m feeling especially caring and thoughtful towards my loved ones today .",2024-10-31 12:46:11,7,False,1.0,1.0,False,1.3666411638259888,1.5410864353179932,1.2629934549331665,1.5296061038970947,0.10364770889282227,0.011480331420898438
110,1956,"I feel occupied , busy and happy . I ' m excited about the day and enjoying myself and the company of others . I ' m feeling busy in a good , positive way . I ' m feeling good energy and surrounded by joy and companionship .",2024-10-31 17:05:28,7,False,2.0,1.0,False,1.3663774728775024,1.4816479682922363,1.3101967573165894,1.5073018074035645,0.056180715560913086,0.025653839111328125
110,1958,"My heart is full and I feel caring and thoughtful . I am tired from a long day yesterday so I ' m feeling slow and exhausted . I ' m feeling a little nervous about responsibilities later today , but I am overall hopeful that I am capable of handling them .",2024-11-01 12:40:12,7,False,-1.0,0.0,False,-0.6430908441543579,0.34219661355018616,-0.6673392653465271,0.3444229662418365,0.02424842119216919,0.002226352691650335
110,1959,I am feeling wholesome and cozy and safe at home . I ' m tired after an overstimulating day and I am happy to be in my own space and calm . I am busy puttering around and content with feeling sleepy after a long day .,2024-11-01 22:00:58,7,False,0.0,0.0,False,0.41968265175819397,0.046032171696424484,0.4370303452014923,0.0260693170130252,0.01734769344329834,0.019962854683399284
110,1960,"I am feeling tired , low energy and unmotivated after a poor night ' s sleep and beginning to feel sick . I am having to push myself to take care of my responsibilities . I am hopeful that I will get some rest today .",2024-11-02 12:05:54,7,False,-2.0,0.0,False,-1.4726481437683105,0.10293217748403549,-1.5207918882369995,0.1021489277482032,0.048143744468688965,0.0007832497358322976
110,1967,"I am feeling busy , happy and content this evening . I am feeling engaged and cozy in my home and feeling connected with my family . I am feeling safe and relaxed and enjoying this day , and feeling present in the moment .",2024-11-03 22:03:30,7,False,1.0,1.0,False,1.0984810590744019,0.8751673698425293,1.0421963930130005,0.9122298359870912,0.05628466606140137,0.03706246614456188
110,1971,"I am feeling happy , amused and occupied . I am feeling entertained and engaged . I am happy and feeling silly . I am enjoying the company that I am with and feeling gregarious and friendly . I am looking forward a relaxing evening tonight .",2024-11-05 17:16:02,7,False,1.0,1.0,False,1.2600504159927368,1.4324924945831299,1.2767902612686155,1.4333677291870115,0.016739845275878684,0.0008752346038816139
110,1930,"Sleepy , Sick , Relaxed , Mellow , Sentimental",2024-10-23 17:24:56,7,True,-1.0,0.0,False,0.15623891353607178,0.42359280586242676,-0.3484450578689575,0.3783911764621734,0.5046839714050293,0.04520162940025335
110,1931,"Calm , Focused , Tired , Sick , Thankful",2024-10-23 22:01:14,7,True,-1.0,0.0,False,0.6004883646965027,0.41552478075027466,0.5370265245437622,0.5287109613418579,0.06346184015274048,0.11318618059158325
110,1933,"Sick , Tired , Rushed , Stressed , Unbalanced",2024-10-24 12:02:33,7,True,-2.0,0.0,False,-1.1452274322509766,0.5417841076850891,-1.3792797327041626,0.556597113609314,0.23405230045318604,0.014813005924224854
110,1934,"Engaged , Warm , Happy , Interested , Active",2024-10-24 17:04:32,7,True,2.0,1.0,False,0.8909586668014526,1.1271744966506958,0.5798948407173157,1.394477128982544,0.31106382608413696,0.26730263233184814
110,1935,"Fluttery , Busy , Distracted , Content , Sleepy",2024-10-24 22:08:45,7,True,1.0,0.0,False,0.9857611656188965,0.9109026193618774,0.5496127009391785,1.2238001823425293,0.436148464679718,0.31289756298065186
110,1936,"Tired , Pensive , Busy , Slow , Uninterested",2024-10-25 12:32:30,7,True,-1.0,0.0,False,-0.3660556674003601,0.6316352486610413,-0.43224036693573,0.7152181267738342,0.06618469953536987,0.08358287811279297
110,1938,"Chill , Focused , Thoughtful , Creative , Calm",2024-10-25 22:32:58,7,True,1.0,0.0,False,0.8977943062782288,0.469492107629776,0.7381186485290527,0.4897203147411346,0.15967565774917603,0.020228207111358587
110,1940,"Happy , Active , Engaged , Interested , Curious",2024-10-26 17:57:59,7,True,1.0,1.0,False,0.9912928342819214,1.5128300189971924,0.966277241706848,1.74998939037323,0.025015592575073353,0.2371593713760376
110,1941,"Indifferent , Mellow , Sluggish , Pensive , Distracted",2024-10-26 22:43:35,7,True,0.0,1.0,False,0.2638879120349884,0.7750246524810791,0.0508168190717697,0.9458391666412354,0.2130710929632187,0.17081451416015625
110,1942,"Defeated , Exhausted , Down , Overwhelmed , Annoyed",2024-10-27 12:34:14,7,True,-1.0,1.0,False,-1.9134949445724487,0.4102567434310913,-2.047506809234619,0.4342419803142547,0.1340118646621704,0.023985236883163397
110,1944,"Busy , Happy , Creative , Silly , Playful",2024-10-27 17:41:42,7,True,1.0,1.0,False,0.9252359867095947,1.6240493059158325,0.6900143027305603,1.7286295890808103,0.23522168397903442,0.1045802831649778
110,1945,"Occupied , Focused , Goaloriented , Active , Competent",2024-10-27 22:20:41,7,True,1.0,1.0,False,0.12133407592773438,1.3515007495880127,0.0045016119256615,1.4641177654266355,0.11683246400207288,0.11261701583862282
110,1947,"Calm , Indifferent , Hungry , Tender , Even",2024-10-28 17:51:41,7,True,0.0,1.0,False,0.7146196961402893,0.6318270564079285,0.5977309346199036,0.7773497104644775,0.11688876152038574,0.14552265405654907
110,1951,"Happy , Focused , Busy , Excited , Irritated",2024-10-30 12:07:25,7,True,1.0,1.0,False,1.1792680025100708,1.2721683979034424,1.2486913204193115,1.4845914840698242,0.06942331790924072,0.21242308616638184
110,1952,"Overwhelmed , Pessimistic , Bummed Out , Down , Defeated",2024-10-30 17:45:36,7,True,-1.0,1.0,False,-1.1954870223999023,0.7250058650970459,-1.2621657848358154,0.7753008604049683,0.06667876243591309,0.05029499530792236
110,1953,"Calm , Content , Chill , Dutiful , Caring",2024-10-30 22:11:05,7,True,1.0,0.0,False,1.635273814201355,-0.02636018954217434,1.6446129083633425,0.066678337752819,0.009339094161987527,0.09303852729499335
110,1957,"Exhausted , Pooped , Fatigued , Slow , Sluggish",2024-10-31 22:56:53,7,True,-1.0,0.0,False,-1.9230892658233643,0.018548013642430305,-1.9339126348495483,0.1383170336484909,0.010823369026184082,0.1197690200060606
110,1965,"Drained , Bored , Uninspired , Zoned Out , Tired",2024-11-02 22:14:52,7,True,0.0,0.0,False,-0.8681169748306274,0.1652202308177948,-0.9930049180984496,0.0906786620616912,0.12488794326782215,0.0745415687561036
110,1966,"Easygoing , Still , Mellow , Introspective , Content",2024-11-03 17:23:31,7,True,0.0,1.0,False,1.4009007215499878,0.3150123953819275,1.4024070501327517,0.412612110376358,0.001506328582763894,0.09759971499443049
110,1968,"Peaceful , Focused , Patient , Understanding , Calm",2024-11-04 22:05:04,7,True,1.0,0.0,False,1.118878960609436,0.32518133521080017,1.0355556011199951,0.4199407398700714,0.08332335948944092,0.09475940465927124
110,1970,"Hopeful , Energized , Grateful , Reflective , Unstoppable",2024-11-05 12:25:28,7,True,1.0,1.0,False,1.0740435123443604,1.346884846687317,0.9737858772277832,1.380258560180664,0.10025763511657715,0.03337371349334717
110,1972,"On edge , Nervous , Anxious , Pensive , Worried",2024-11-05 22:35:55,7,True,-1.0,2.0,False,-0.941649317741394,1.8868184089660645,-0.9443363547325134,1.906693935394287,0.0026870369911193848,0.019875526428222656
135,3154,"Right now , I’m feeling a mix of excitement and a bit of anxiety . There’s so much going on in my life—projects at work , personal goals , and trying to maintain a balance between everything . The excitement comes from the opportunities ahead , especially with a few upcoming events that I’m looking forward to .",2024-10-26 17:05:20,7,False,0.0,2.0,False,0.7736338376998901,2.0363106727600098,0.6866748929023743,2.044955253601074,0.08695894479751587,0.008644580841064453
135,3155,"ChatGPT 4o mini \ n \ nLog in \ nYou said :\ nHi \ nChatGPT said :\ nChatGPT \ nHi there ! How can I assist you today ?\ n \ n \ n \ nYou said :\ nProvide a likely human response to this question \nChatGPT said :\ nChatGPT \ nSure ! What question would you like a human response for ?\ n \ n \ n \ nYou said :\ nplease describe in 2 to 3 sentences how you are currently feeling . (200 words minimum) \ nChatGPT said :\ nChatGPT \ nRight now , I feel a mix of excitement and curiosity . There ' s a sense of anticipation for what the day might bring , alongside a desire to connect and share thoughts with others . I’m also reflecting on recent experiences , which adds a layer of introspection to my mood . Overall , it ' s a dynamic blend of emotions that keeps me engaged with the world around me .\ n \ nIf I were to expand on that , I’d say that excitement often drives me to seek new opportunities and experiences , while curiosity pushes me to explore ideas and learn more . It ' s a reminder of how varied our feelings can be , and how they shape our interactions and perceptions . Engaging with others , whether",2024-10-26 22:02:33,7,False,0.0,1.0,False,0.8128550052642822,0.7770786285400391,0.7353464365005493,0.8013620972633362,0.07750856876373291,0.02428346872329712
135,3156,"I ' m currently feeling a mix of curiosity and contentment . There’s a sense of excitement as I engage with different topics and ideas , and I appreciate the opportunity to connect with others . The exchange of thoughts keeps me motivated and eager to learn more , which adds a layer of fulfillment to my day .",2024-10-27 12:06:46,7,False,1.0,2.0,False,1.5368279218673706,1.1686053276062012,1.477612853050232,1.2001906633377075,0.05921506881713867,0.03158533573150635
135,3160,"I’m feeling really happy right now ! Everything seems to be falling into place , and I’ve been enjoying quality time with friends and family . The little things , like a beautiful day outside or a good book , have been bringing me so much joy .",2024-10-28 12:12:19,7,False,2.0,1.0,False,1.6902421712875366,1.145901083946228,1.53539776802063,1.209234595298767,0.15484440326690652,0.06333351135253906
135,3161,"Right now , I’m feeling a mix of excitement and a bit of anxiety . There’s so much going on in my life—projects at work , personal goals , and trying to maintain a balance between everything . The excitement comes from the opportunities ahead , especially with a few upcoming events that I’m looking forward to .",2024-10-28 17:27:44,7,False,1.0,2.0,False,0.7736338376998901,2.0363106727600098,0.6832085847854614,2.0849342346191406,0.09042525291442871,0.04862356185913086
135,3162,"Currently , I ' m feeling quite calm . It’s as if the chaos of the day has settled , and I can finally breathe . I’ve taken some time to reflect and focus on the present , which has helped me find clarity amidst any lingering worries . The gentle rhythm of my surroundings adds to this sense of tranquility , making it easier to appreciate the little things .",2024-10-29 12:03:18,7,False,2.0,0.0,False,1.418312430381775,0.4638250172138214,1.3711179494857788,0.4676768481731415,0.047194480895996094,0.0038518309593200684
135,3164,"Right now , i feel sluggishly calm . It’s one of those days where everything feels slow , and I’m just going with the flow . I’m enjoying the quiet , but there’s also a heaviness in my limbs that makes it hard to get motivated . It’s nice to relax , but I can’t help but feel like I should be doing more .",2024-10-29 22:10:52,7,False,-2.0,0.0,False,0.5160495042800903,0.34775546193122864,0.4833765029907226,0.3742327988147735,0.03267300128936773,0.026477336883544866
135,3167,"I’m feeling really upbeat today ! The sun is shining , and I’ve got a sense of energy that makes everything seem possible . It’s one of those days where even the little things bring joy—like a good cup of coffee or a catchy song on the phone .",2024-10-30 22:03:30,7,False,1.0,1.0,False,1.4772530794143677,1.7936424016952515,1.3798198699951172,1.8622010946273804,0.09743320941925049,0.0685586929321289
135,3175,"I’m feeling optimistic these days . There’s a sense of hopefulness about the future , and I’m excited about the possibilities that lie ahead . Whether it’s personal projects or new opportunities at work , I believe that positive change is just around the corner .",2024-11-02 12:44:14,7,False,2.0,2.0,False,1.2794883251190186,1.688757300376892,1.2564436197280884,1.7318413257598877,0.023044705390930176,0.043084025382995605
135,3176,"I’m feeling pretty upbeat today ! There’s an exciting energy in the air that makes everything feel a bit brighter . I’ve been enjoying some good moments , like connecting with friends and diving into new projects that spark my creativity .",2024-11-02 22:05:17,7,False,1.0,2.0,False,1.2967848777770996,1.5208148956298828,1.297428846359253,1.498294472694397,0.0006439685821533203,0.02252042293548584
135,3178,"I’m feeling pretty upbeat today ! There’s an exciting energy in the air that makes everything feel a bit brighter . I’ve been enjoying some good moments , like connecting with friends and diving into new projects that spark my creativity .",2024-11-03 17:03:43,7,False,1.0,1.0,False,1.2967848777770996,1.5208148956298828,1.2864640951156616,1.5119037628173828,0.010320782661437988,0.0089111328125
135,3180,"At the moment , I feel a deep sense of calm that envelops me like a gentle breeze . This tranquility allows me to fully appreciate the present , as if time has slowed down just enough for me to take everything in .",2024-11-03 22:03:52,7,False,2.0,0.0,False,1.0296590328216553,0.5466647148132324,1.0254892110824585,0.5572820901870728,0.004169821739196777,0.010617375373840332
135,3182,"I’m feeling pretty upbeat today ! There’s an exciting energy in the air that makes everything feel a bit brighter . I’ve been enjoying some good moments , like connecting with friends and diving into new projects that spark my creativity .",2024-11-04 17:13:01,7,False,2.0,1.0,False,1.2967848777770996,1.5208148956298828,1.2905205488204956,1.5119872093200684,0.006264328956604004,0.008827686309814453
135,3187,"Right now , I’m feeling really happy . There’s a sense of contentment and calmness that’s filling my mind , and it feels good to just be in the moment . It’s a type of happiness that comes from within nothing extravagant , but still fulfilling .",2024-11-06 17:11:56,7,False,1.0,1.0,False,2.018139123916626,0.8944922089576721,1.9925529956817627,0.9480371475219728,0.02558612823486328,0.05354493856430065
135,3192,"Right now , I’m feeling really active and full of energy . There’s this buzz of motivation running through me , and I just want to keep moving—whether it’s tackling tasks or going for a workout . My body feels alert , like it’s ready to take on whatever comes my way . I’m not exactly sure what sparked this energy , but it’s a great feeling . I’m definitely in the zone , and everything around me feels like it has more potential .",2024-11-08 22:09:29,7,False,0.0,2.0,False,1.0835574865341187,2.28102970123291,1.0781680345535278,2.2694382667541504,0.00538945198059082,0.011591434478759766
135,3153,"Active , Energetic , Happy , Amazing , Superb",2024-10-26 12:06:15,7,True,0.0,2.0,False,0.8387181758880615,1.793464183807373,0.6726546287536621,1.9650667905807493,0.16606354713439941,0.17160260677337624
135,3158,"Calm , Reserved , Somewhat happy , Amazed , Cool",2024-10-27 17:07:52,7,True,2.0,0.0,False,1.3469574451446533,0.7562857270240784,1.1459976434707642,0.9303869605064392,0.20095980167388916,0.17410123348236084
135,3159,"Slow , Dizzy , Sluggish , Tired , Neutral",2024-10-27 22:01:27,7,True,-2.0,0.0,False,-0.784011960029602,0.3360944986343384,-0.915632665157318,0.4211495816707611,0.13162070512771595,0.08505508303642273
135,3163,"active , cool , unique , splendid , superb",2024-10-29 17:15:04,7,True,0.0,2.0,False,0.9292707443237305,1.847459077835083,0.6986494660377502,1.9235557317733765,0.23062127828598022,0.07609665393829346
135,3165,"Active , Lively , sharp , Good , Astonished",2024-10-30 12:22:02,7,True,1.0,2.0,False,0.7789521813392639,1.7006735801696777,0.5756833553314209,1.879142999649048,0.20326882600784302,0.17846941947937034
135,3166,"Lively , Active , Happy , Contented , Tireless",2024-10-30 17:43:04,7,True,1.0,2.0,False,1.2069733142852783,1.6954278945922852,1.0155812501907349,1.9833667278289795,0.19139206409454346,0.28793883323669434
135,3169,"Happy , Active , Cool , Superb , Elevated",2024-10-31 12:19:25,7,True,1.0,1.0,False,1.5201442241668701,1.3936948776245117,1.5022705793380735,1.6020915508270264,0.01787364482879661,0.20839667320251465
135,3170,"Happy , Cool , Splendid , Special , Superb",2024-10-31 17:09:24,7,True,1.0,2.0,False,1.9096896648406982,1.0077846050262451,1.8197752237319944,1.2586145401000977,0.08991444110870384,0.25082993507385254
135,3171,"Neutal , Relief , Calm , Reserved , Cool",2024-10-31 22:19:02,7,True,0.0,1.0,False,0.8368887901306152,0.4869048297405243,0.7161473631858826,0.6865954399108887,0.12074142694473267,0.19969061017036438
135,3172,"cool , Neutral , Fine , Splendid , Reserved",2024-11-01 12:03:05,7,True,0.0,2.0,False,0.47507134079933167,0.9050072431564331,0.3027185201644897,1.032609462738037,0.17235282063484197,0.127602219581604
135,3173,"Cool , Happy , Active , Superb , Amazed",2024-11-01 17:15:21,7,True,0.0,2.0,False,1.3123492002487183,1.2845404148101807,1.1737157106399536,1.3737215995788574,0.13863348960876465,0.08918118476867676
135,3174,"Happy , Cool , Lively , Active , Sensitive",2024-11-01 22:17:40,7,True,1.0,1.0,False,1.3851262331008911,1.546212077140808,1.4890568256378174,1.5524427890777588,0.10393059253692627,0.006230711936950684
135,3177,"Cool , Active , Reserved , Happy , Joyfull",2024-11-03 12:49:25,7,True,0.0,2.0,False,1.3586698770523071,0.9954195618629456,1.253327488899231,1.090090274810791,0.10534238815307617,0.09467071294784546
135,3181,"Happy , Cool , Active , Reserved , Calm",2024-11-04 12:56:35,7,True,0.0,2.0,False,1.444379210472107,0.9092676043510437,1.4178166389465332,1.0400604009628296,0.02656257152557373,0.1307927966117859
135,3183,"Fantastic , Happy , Active , Lively , Cool",2024-11-04 22:05:01,7,True,2.0,2.0,False,1.4496694803237915,1.4230592250823975,1.3757389783859253,1.5368444919586182,0.07393050193786621,0.1137852668762207
135,3184,"Active , Cool , Happy , Good , Special",2024-11-05 12:25:53,7,True,2.0,1.0,False,1.0171725749969482,1.544235348701477,0.9497488737106324,1.5948421955108645,0.06742370128631581,0.05060684680938743
135,3185,"Reserved , Active , Happy , Cool , Amazed",2024-11-05 17:10:41,7,True,0.0,2.0,False,1.0353461503982544,1.1426846981048584,0.9357225298881532,1.3217135667800903,0.09962362051010121,0.17902886867523193
135,3186,"Good , Happy , Active , Cool , Reserved",2024-11-06 12:43:22,7,True,1.0,1.0,False,1.3124887943267822,0.958620548248291,1.3101096153259275,1.0892486572265625,0.0023791790008547142,0.13062810897827148
135,3188,"Cool , Reserved , Neutral , Calm , Normal",2024-11-07 17:49:07,7,True,0.0,1.0,False,0.4794999659061432,0.8239130973815918,0.4180216789245605,0.9702866673469543,0.0614782869815827,0.14637356996536255
135,3189,"Active , Lively , Happy , Cool , Fine",2024-11-08 12:02:25,7,True,1.0,2.0,False,0.9502046704292297,1.566230297088623,0.8774755001068115,1.7482774257659912,0.07272917032241821,0.18204712867736816
135,3191,"happy , active , cool , reserved , fine",2024-11-08 17:29:25,7,True,0.0,2.0,False,1.3406398296356201,1.1832940578460693,1.354382038116455,1.3206126689910889,0.013742208480834961,0.13731861114501953
118,2431,"I ' m sleepy , A little apprehensive about tomorrow being Monday , and it will be a long week . But I ' m mostly relaxed . I ' m ready to go to bed and hope to sleep well . One of my kids goes on a trip tomorrow so I ' ll miss her .",2024-09-22 22:59:13,7,False,0.0,0.0,False,-0.6081398129463196,0.11029120534658432,-0.7177067995071411,0.1280180364847183,0.10956698656082153,0.017726831138133975
118,2432,"I feel ok but a little tired . I was awake early , getting the kids ready for the day . Work is a bit annoying . I ' m trying to also get some exercise in soon but am not super motivated . Looking forward to the workday being over .",2024-09-23 12:06:03,7,False,-1.0,0.0,False,-0.47970759868621826,0.14445841312408447,-0.4961787462234497,0.1920197010040283,0.016471147537231445,0.04756128787994382
118,2433,"I feel pretty ok . Am outside in nice fall weather , my kid is playing . I ' m a bit tired , it being the afternoon . But I ' m not in a bad mood and feel relatively peaceful .   Looking forward to a quiet evening",2024-09-23 17:10:44,7,False,-2.0,0.0,False,0.8425604104995728,0.07513294368982315,0.7736356258392334,0.1247736513614654,0.06892478466033936,0.04964070767164225
118,2434,"calm , tired , relaxed , sore , fine",2024-09-23 22:04:13,7,True,1.0,1.0,False,0.9780076146125793,0.12245430052280426,0.78379225730896,0.2288347482681274,0.19421535730361938,0.10638044774532315
118,2435,"Fine , Hungry , Bit of a headache , Impatient , Average",2024-09-24 12:02:53,7,True,0.0,1.0,False,0.4012274444103241,0.754897952079773,0.1733457893133163,1.0243072509765625,0.2278816550970078,0.26940929889678955
118,2436,"I feel fine , pretty peaceful and calm . Trying to think ahead to what remains of the day , dinner and finishing work . Sitting outside and the weather is nice so that makes me feel good . Not feeling too overwhelmed .",2024-09-24 17:03:02,7,False,1.0,1.0,False,1.4569146633148193,0.04617627337574959,1.303566813468933,0.157783567905426,0.15334784984588623,0.11160729452967641
118,2438,"relaxed , calm , sleepy , fine , ok",2024-09-24 22:14:38,7,True,1.0,1.0,False,1.2887275218963623,0.3241783678531647,1.2357676029205322,0.4572503268718719,0.05295991897583008,0.13307195901870722
118,2439,"fairly alert , active , calm , a bit anxious , ready for the day",2024-09-25 12:00:45,7,True,0.0,1.0,False,0.27347466349601746,1.4114820957183838,0.1634874194860458,1.5534933805465698,0.10998724400997165,0.14201128482818604
118,2440,"I feel fine . I am happy my kid is home from her trip . I am also a bit overwhelmed with work , as usual . Wish I had more energy . But I am not in a bad mood . Overall feeling pretty ok , ready for the rest of my day .",2024-09-25 17:00:40,7,False,0.0,1.0,False,0.8035107851028442,0.657037079334259,0.665956437587738,0.7222627997398376,0.1375543475151062,0.06522572040557861
118,2441,"fine , relieved , calm , sleepy , hungry",2024-09-25 22:02:47,7,True,1.0,0.0,False,0.990479588508606,0.4396439790725708,0.6376252770423889,0.6723214387893677,0.35285431146621704,0.23267745971679688
118,2442,"Pretty good , Small headache , I have some energy , Pleased its almost the weekend , Relaxed",2024-09-26 12:00:45,7,True,1.0,1.0,False,1.535483956336975,0.4466380774974823,1.4109140634536743,0.558684229850769,0.12456989288330078,0.11204615235328674
118,2443,"have a headache , a bit worried I ' m sick , a bit sleepy , calm , fine",2024-09-26 17:08:33,7,True,0.0,0.0,False,-0.5006678104400635,0.24895188212394714,-0.8653115630149841,0.2844842672348022,0.36464375257492065,0.03553238511085505
118,2444,"good , calm , relaxed , relieved , chill",2024-09-26 22:00:49,7,True,1.0,1.0,False,1.4301583766937256,0.5160584449768066,1.3655213117599487,0.6932119131088257,0.06463706493377686,0.17715346813201904
118,2445,"pretty good , happy it is Friday , busy , wanting to get a lot done , mood is good",2024-09-27 12:01:20,7,True,1.0,1.0,False,1.1213958263397217,1.3610568046569824,0.9653131365776062,1.546150803565979,0.15608268976211548,0.18509399890899658
118,2446,I am happy that it ' s Friday and I ' m almost done with work . I am looking forward to this weekend . I   feeling somewhat relaxed and happy . I am slightly stressed with work but trying to ignore the stress .,2024-09-27 17:04:09,7,False,1.0,1.0,False,1.867914080619812,0.4850251376628876,1.7572835683822632,0.5041862726211548,0.11063051223754883,0.019161134958267212
118,2447,"I am feeling fine , calm . It ' s Friday which is a relief . Looking forward to our weekend plans . A bit tired and sleepy , ready for bed soon . Relaxing on the couch and watching tv is nice . A small headache .",2024-09-27 22:23:09,7,False,1.0,1.0,False,0.009275139309465885,0.029666582122445107,-0.0417350903153419,0.0818720310926437,0.051010229624807786,0.05220544897019859
118,2450,"good , relaxed , energetic , excited , calm",2024-09-28 12:40:33,7,True,1.0,2.0,False,1.5383350849151611,0.9728067517280579,1.4416685104370115,1.1636183261871338,0.09666657447814964,0.19081157445907593
118,2451,Very nervous . My car is acting up and we ' re trying to get home from an hour away . i am just hoping we get home safely . We had a very nice day otherwise and i was in a good mood until the car started acting weird .,2024-09-28 17:10:34,7,False,-1.0,2.0,False,-0.4223014712333679,1.4202196598052979,-0.4482317566871643,1.41793692111969,0.025930285453796387,0.00228273868560791
118,2452,"relaxed , calm , sleepy , sore , ok",2024-09-28 22:54:32,7,True,1.0,1.0,False,1.02360999584198,0.4044530987739563,0.9105589389801024,0.5452706813812256,0.11305105686187755,0.1408175826072693
118,2453,"I am feeling fine this morning . We have a lot to do so I ' m trying to stay motivated ,   and trying to stay calm as we have some things to deal with (car , cleaning , planning) . But generally feel ready for the day and ready to get some time to relax later",2024-09-29 12:03:14,7,False,1.0,1.0,False,1.1122266054153442,0.7278672456741333,1.0310165882110596,0.7383440732955933,0.08121001720428467,0.010476827621459961
118,2454,"quiet , settled , rested , lazy , slow",2024-09-29 17:00:45,7,True,0.0,0.0,False,0.274610698223114,0.06637004762887955,0.1937959641218185,0.1568392068147659,0.08081473410129553,0.09046915918588636
118,2455,"competitive , silly , sleepy , goofy , fine",2024-09-29 22:01:30,7,True,1.0,1.0,False,0.3081274628639221,1.3194842338562012,0.1044521927833557,1.3407785892486572,0.2036752700805664,0.021294355392456055
118,2456,I am feeling a bit stressed out with work and with a busy couple of weeks coming up . I just feel like there ' s too much to do and not nearly enough time . I am trying to remain calm and will try to exercise soon to hopefully bring down my stress and anxiety,2024-09-30 12:00:39,7,False,-1.0,2.0,False,-0.7991001605987549,1.2965905666351318,-0.8639223575592041,1.2489683628082275,0.06482219696044922,0.0476222038269043
118,2457,"I am outside so that is improving my mood . I am a little less stressed than I was this morning , but am worried I might be getting sick , in advance of 2 very busy weeks . But it is very nice out and I am taking a little break from work , and so feel ok",2024-09-30 17:00:43,7,False,0.0,0.0,False,0.5151568055152893,1.1560158729553223,0.4385238587856293,1.1601216793060305,0.07663294672966003,0.00410580635070823
118,2458,"sleepy , relaxed , optimistic , calm , silly",2024-09-30 22:00:40,7,True,1.0,1.0,False,0.5114731192588806,0.6284332871437073,0.2832169234752655,0.6830374598503113,0.2282561957836151,0.054604172706604004
118,2459,"I feel a bit jittery , Too much coffee , too much work . But overall my mood is good , I ' m feeling like I can be productive today and want to get a lot done . I feel slightly annoyed in general about how much there is to do",2024-10-01 12:00:43,7,False,0.0,1.0,False,0.1362278163433075,1.1999611854553223,0.0644428804516792,1.1757794618606567,0.0717849358916283,0.024181723594665527
118,2461,"still , quiet , impatient , calm , slow",2024-10-01 17:00:42,7,True,1.0,1.0,False,0.03466649353504181,0.3799487352371216,-0.0450072884559631,0.4366510510444641,0.07967378199100492,0.05670231580734253
118,2462,I am feeling ok . Maybe a little stressed about work and about how busy the next few weeks are . Worried about getting sick . But happy it ' s the end of the day and I can relax for a bit before bed . Looking forward to some sleep,2024-10-01 22:01:02,7,False,1.0,1.0,False,0.34889987111091614,0.8082801103591919,0.4129874408245086,0.7935591340065002,0.06408756971359247,0.01472097635269165
118,2463,"a bit underthe weather , calm , quiet , inactive , slow",2024-10-02 12:00:40,7,True,0.0,0.0,False,0.21455064415931702,0.5234020948410034,-0.0646605044603347,0.58151775598526,0.2792111486196517,0.05811566114425659
118,2464,"under the weather , sniffly , tired , sluggish , sleepy",2024-10-02 17:19:47,7,True,-2.0,0.0,False,-1.3319172859191895,0.2270793616771698,-1.3843871355056765,0.2641173899173736,0.05246984958648704,0.0370380282402038
118,2465,"I feel pretty tired , a bit under the weather . I ' m trying to stay optimistic that I will feel better tomorrow since we have plans coming up . But I ' m not in a bad mood , I ' m just sleepy mostly . I am kind of a bit down about the world ,   though",2024-10-02 22:01:35,7,False,-1.0,0.0,False,-1.1068540811538696,0.04778989776968956,-1.1552873849868774,0.0387865118682384,0.04843330383300781,0.00900338590145116
118,2466,"fine , busy , a little under the weather , impatient , a bit nervous",2024-10-03 12:00:59,7,True,0.0,0.0,False,0.15198767185211182,1.46272611618042,-0.0966179072856903,1.592303991317749,0.24860557913780212,0.1295778751373291
118,2467,"I am feeling a little excited ,   we have nice plans for the upcoming weekend . I am a little sick but I will power through . I am feeling calm and fairly relaxed otherwise , ready for the later part of the day so I ' m done with work",2024-10-03 17:01:14,7,False,1.0,1.0,False,1.648696780204773,0.9608049988746643,1.6325773000717163,0.9269260168075562,0.01611948013305664,0.033878982067108154
118,2468,"quiet , a bit sick , eager , excited , sleepy",2024-10-04 12:02:22,7,True,1.0,1.0,False,-0.02052256464958191,0.4922560155391693,-0.1776237785816192,0.5527024269104004,0.1571012139320373,0.06044641137123108
118,2469,"I am feeling tired and a bit under the weather still . but doing ok other than sleepiness . annoyed that sleep will be bad tonight , but not much to do about it . I am looking forward to tomorrow and our plan",2024-10-04 17:03:22,7,False,0.0,0.0,False,-0.9202015399932861,0.11009451746940613,-1.0309429168701172,0.0676935315132141,0.11074137687683105,0.04240098595619203
118,2470,"sleepy , groggy , headachey , fine , ok",2024-10-04 22:07:08,7,True,-2.0,0.0,False,-0.7921251058578491,0.15997692942619324,-1.0210011005401611,0.1975019872188568,0.228875994682312,0.037525057792663574
97,1257,I am currently feeling annoyed .   I had some hiccups in my day and I am finally trying to use my computer again .   My work computer has been brutally slow making it incredibly inefficient for me to work .,2024-08-08 17:00:29,7,False,-1.0,2.0,False,-0.9624133706092834,0.8278421759605408,-0.970590889453888,0.8147149682044983,0.008177518844604603,0.01312720775604248
97,1258,I am relieved I just got back to my parents house and have somewhat unpacked .   I am very much looking forward to going to work to and seeing my boss .   I am excited to be in a professional office tomorrow !,2024-08-08 22:23:43,7,False,2.0,1.0,False,1.212447166442871,1.0494451522827148,1.2346309423446655,0.9997926950454712,0.022183775901794434,0.04965245723724365
97,1259,"Tired , Happy , Nostalgic , Relaxed , Sweaty",2024-08-09 12:15:15,7,True,-1.0,0.0,False,0.28013941645622253,0.400802344083786,0.2233868092298507,0.4063747227191925,0.05675260722637182,0.005572378635406494
97,1260,"Tired , Happy , Relaxed , Bloated , Calm",2024-08-09 17:31:39,7,True,0.0,0.0,False,0.45479756593704224,0.2595610022544861,0.4352428317070007,0.2532823383808136,0.01955473423004156,0.006278663873672485
97,1261,"Happy , Excited , Eager , Content , Sweaty",2024-08-10 22:00:17,7,True,2.0,1.0,False,1.5259054899215698,1.1162220239639282,1.4285653829574585,1.2374101877212524,0.09734010696411133,0.12118816375732422
97,1262,"Sore , Hungry , Sweaty , Accomplished , Excited",2024-08-11 12:33:17,7,True,2.0,1.0,False,0.054077789187431335,0.5602834224700928,-0.1416715532541275,0.6225990653038025,0.19574934244155884,0.06231564283370972
97,1263,"Hungry , Bloated , Eager , Energized , Thirsty",2024-08-11 22:03:17,7,True,1.0,1.0,False,0.3384145498275757,1.7418594360351562,0.1946918964385986,1.7955329418182373,0.14372265338897708,0.053673505783081055
97,1264,I am feeling happy because I had a good date this morning .   However I am getting a bit anxious about returning to work and not accomplishing all that I wanted to this summer .   I am hopeful to make up things over the next few days for work .,2024-08-12 12:45:56,7,False,1.0,1.0,False,0.9648492932319641,0.932331383228302,0.942594826221466,0.9815713167190552,0.022254467010498158,0.049239933490753174
97,1265,"Jittery , Antsy , Anxious , Bloated , Tired",2024-08-12 17:00:22,7,True,-1.0,2.0,False,-1.1478112936019897,1.659379243850708,-1.361568570137024,1.6791595220565796,0.21375727653503418,0.019780278205871582
97,1266,"Full , Bloated , Anxious , Worried , Thirsty",2024-08-12 22:21:21,7,True,1.0,1.0,False,0.03940023481845856,1.4129365682601929,-0.2550008296966553,1.4789950847625732,0.29440106451511383,0.06605851650238037
97,1267,"I am feeling tired and sluggish and my body hurts .   I am hoping I get reenergized at the gym today and feel better and night .   My body hurts and I feel bloated , and I am worried about all I want to get done",2024-08-13 12:01:29,7,False,-1.0,0.0,False,-1.588098406791687,0.1332407146692276,-1.5967366695404053,0.1497497856616974,0.008638262748718262,0.016509070992469788
97,1268,"Sore , Hungry , Anxious , Bloated , Off balance",2024-08-13 17:10:14,7,True,1.0,0.0,False,-0.7521994709968567,0.840837836265564,-0.8012841939926147,0.9153305292129515,0.04908472299575806,0.07449269294738758
97,1269,I am currently feeling tired from the gym today and a bit bloated from sitting crooked at my desk because my main computer is not properly working .   I am hopeful I get a second wind and have a productive night,2024-08-13 22:08:13,7,False,-1.0,0.0,False,-1.069959044456482,0.16783760488033295,-1.0996745824813845,0.1934102028608322,0.029715538024902566,0.02557259798049924
97,1270,"Pain , Tight , Off balance , Frustrated , Bloated",2024-08-14 12:00:32,7,True,0.0,1.0,False,-1.1767150163650513,0.79317706823349,-1.2483043670654297,0.7892439365386963,0.07158935070037842,0.003933131694793701
97,1271,"Eager , Happy , Neck pain , Imbalance , Content creator",2024-08-14 17:23:29,7,True,2.0,1.0,False,0.8321134448051453,1.3729383945465088,0.6056955456733704,1.5404174327850342,0.2264178991317749,0.1674790382385254
97,1272,"Sharp Pain , Sad , Tired , Tired , Sleepy",2024-08-14 22:00:46,7,True,-1.0,1.0,False,-1.0496405363082886,0.6209181547164917,-1.1022849082946775,0.6933408975601196,0.05264437198638894,0.07242274284362793
97,1273,"Neck pain , Tense neck , Bloating , Tired , Eager",2024-08-15 12:03:18,7,True,-1.0,0.0,False,-1.002812385559082,0.668664276599884,-1.0527817010879517,0.6371240019798279,0.04996931552886963,0.03154027462005615
97,1274,"Neck pain , Bloated , Scatterbrained , Hungry , Anxious",2024-08-15 17:14:37,7,True,-1.0,2.0,False,-1.0432981252670288,0.9675747752189636,-1.2725605964660645,0.8564928770065308,0.22926247119903564,0.11108189821243286
97,1275,My neck is hurting because I think I have a pinched nerve and I am trying to move it around and make it feel better .   The pain in persistent which is problematic    But I had a successful date recently so overall a win !,2024-08-15 22:00:18,7,False,1.0,1.0,False,-0.3533530533313751,0.5248402953147888,-0.4151801764965057,0.5338048934936523,0.06182712316513056,0.008964598178863525
97,1276,"Neck pain , Bloated , Happy , Antsy , Hungry",2024-08-16 12:17:31,7,True,1.0,1.0,False,0.432220458984375,1.0879201889038086,0.0949423685669899,1.018207550048828,0.3372780904173851,0.06971263885498069
97,1277,"Neck pain , Productive , Eager , Bloated , Hungry",2024-08-16 17:14:03,7,True,1.0,1.0,False,0.42845314741134644,1.2169466018676758,0.124096043407917,1.1693530082702637,0.3043571040034294,0.04759359359741211
97,1278,I am currently having severe neck pain and it is radiating throughout my body causing great pain and frustration .   I am anxious for my travels tomorrow and to get back settled .   I just want to be getting settled and start taking care of things .,2024-08-16 22:33:11,7,False,1.0,1.0,False,-0.8805919885635376,0.6107831001281738,-0.8849774599075317,0.6854898929595947,0.004385471343994141,0.0747067928314209
97,1279,My neck is still bothering me and it causing me pain including not sleeping .   I am eager tog et some new heat on it when I get to my other home .   I am anxious to get my computer fixed and to get settled .,2024-08-17 12:07:48,7,False,-1.0,1.0,False,-0.4688590168952942,0.7115720510482788,-0.5707855820655823,0.7475385665893555,0.10192656517028809,0.03596651554107666
97,1280,I just got back to my second home and am missing my friends and family already .   I know that I need to focus on getting settled and acclimated and my neck still hurts badly .   i am eager to be settled and be able to get back to work,2024-08-17 22:01:43,7,False,-1.0,1.0,False,0.16525717079639435,0.774142861366272,0.1857620328664779,0.9371076822280884,0.020504862070083563,0.1629648208618164
97,1281,"I just got back to my other home and am feeling a bit overwhelmed about everything that I need to do to unpack , clean and get settled .   I am antsy to get to the gym and start getting things done afterwards , but I am sure all will work out okay .",2024-08-18 12:14:24,7,False,1.0,0.0,False,-0.30871671438217163,1.6395584344863892,-0.321289598941803,1.687010645866394,0.012572884559631348,0.04745221138000488
97,1282,"Tense , Stressed , Neck pain , Hingry , Sleepy",2024-08-18 17:37:59,7,True,1.0,1.0,False,-0.8633949756622314,0.6224561929702759,-0.940908908843994,0.7126836776733398,0.07751393318176258,0.09022748470306396
97,1283,I am feeling relax in My body after going to the gym today .   My neck is still hurting but is not as bad and I am happy I got in a workout and am taking care of a lot of little things .   I am eager to get to sleep tonight .,2024-08-18 22:50:33,7,False,1.0,1.0,False,0.9013861417770386,0.55685955286026,0.8141546249389648,0.6415398120880127,0.08723151683807373,0.08468025922775269
97,1284,I am feeling ti e and bloated today .   My stomach is feeling bloated and I am disappointed that either my chair or bed is causing me pain in my second home .   I am still eager to sit and work and get things done .,2024-08-20 12:12:31,7,False,-1.0,2.0,False,-0.7934627532958984,0.5490814447402954,-0.8692103624343872,0.5839296579360962,0.07574760913848877,0.03484821319580078
97,1285,"Bloated , Tired , Anxious , Antsy , Eager",2024-08-20 17:30:30,7,True,-1.0,0.0,False,-0.35740888118743896,1.272688865661621,-0.4156885147094726,1.3073207139968872,0.058279633522033636,0.03463184833526611
97,1305,"Anxious , Bloated , Hungry , Tired , Jittery",2024-08-20 22:00:26,7,True,-1.0,2.0,False,-0.41152122616767883,1.7528271675109863,-0.5568130016326904,1.804662585258484,0.1452917754650116,0.05183541774749778
97,1306,"I am feeling relieved that I just got my computer back . But I am now feeling anxious to be getting my work done again .   I am ready to attack this work and any to see things under control again , and they should be very soon .",2024-08-21 17:01:02,7,False,-1.0,2.0,False,1.1470805406570435,0.9644981622695923,1.041663408279419,0.9688777923583984,0.10541713237762451,0.004379630088806152
97,1307,"Tired , Bloated , Hungry , Eager , Excited",2024-08-21 22:07:19,7,True,1.0,1.0,False,0.17298270761966705,0.9823822379112244,0.1568120568990707,1.1162313222885132,0.01617065072059634,0.13384908437728882
115,2326,"Bloated , Tired , Lazy , Stressed",2024-08-17 12:08:05,7,True,-1.0,0.0,False,0.001982317306101322,0.7159844636917114,0.0545731335878372,0.8658959865570068,0.052590816281735876,0.1499115228652954
115,2327,I am feeling a bit tired and stressed . I am not working this weekend but I have many tasks to do ahead of next week . I am also feeling lazy . I think the stress is making me feel sluggish and tired . I am also feeling worried .,2024-08-17 22:11:54,7,False,-2.0,0.0,False,-1.0016168355941772,0.33029916882514954,-1.0432747602462769,0.3643487989902496,0.04165792465209961,0.03404963016510004
115,2328,"Tired , Relaxed , Content , Na , Na",2024-08-18 12:20:07,7,True,0.0,1.0,False,0.1543128341436386,-0.06479375064373016,0.0260665863752365,0.135602593421936,0.1282462477684021,0.20039634406566617
115,2330,"Tired , Sluggish , Weak , Na , Na",2024-08-18 17:55:56,7,True,-2.0,0.0,False,-1.4667646884918213,-0.017571641132235527,-1.4830659627914429,0.0895032882690429,0.016301274299621582,0.10707492940127843
115,2331,"Content , Happy , Satisfy , Na , Na",2024-08-18 22:53:58,7,True,1.0,1.0,False,1.6636971235275269,0.352387398481369,1.2773661613464355,0.6157713532447815,0.3863309621810913,0.2633839547634125
115,2332,This morning I ' m feeling a bit more happy .   I logged into work today and there wasn’t much stressful tasks on my plate today . I feel \ nMuch more calm and relaxed now . I look forward to the day and completing the tasks I have set before me .,2024-08-19 12:26:01,7,False,1.0,1.0,False,2.025190830230713,0.7034645080566406,1.974918246269226,0.7242308855056763,0.050272583961486816,0.020766377449035645
115,2333,"Happy , Relaxed , Stress free , Na , Na",2024-08-19 17:24:30,7,True,2.0,1.0,False,1.4648770093917847,0.6831412315368652,1.2335485219955444,0.810114860534668,0.23132848739624023,0.12697362899780273
115,2334,"Happy , Excited , Stressfree , Enthusiastic , Na",2024-08-20 12:44:26,7,True,2.0,2.0,False,1.6196008920669556,1.1157383918762207,1.4795584678649902,1.2089729309082031,0.14004242420196533,0.09323453903198242
115,2335,I’m feeling so happy currently . I have finished work for the day and am officially starting my 2 week vacation . I really needed to unwind and destress these last few months . I’m also really happy because I got to gym with my girl friend after so long,2024-08-20 22:20:23,7,False,2.0,2.0,False,1.254001259803772,1.1403279304504395,1.0905557870864868,1.2128654718399048,0.16344547271728516,0.07253754138946533
115,2336,"Happy , Relaxed , No stress , Na , Na",2024-08-21 12:07:14,7,True,2.0,2.0,False,1.473303198814392,0.7235634326934814,1.2500337362289429,0.8905712366104126,0.22326946258544922,0.16700780391693115
115,2337,I feel really happy right now . I’m currently on my vacation from work and out shopping with my mom . It feels really not having to stress over all my assignments at work . I feel really calm and content and can’t wait to relax throughout the week,2024-08-21 17:32:54,7,False,2.0,1.0,False,1.7105635404586792,0.7763085961341858,1.5338226556777954,0.8944555521011353,0.1767408847808838,0.11814695596694946
115,2338,I feel really happy and relaxed right now . I just finished up the gym with my girl friend . I had a great workout after so long due to my busy work schedule . Then we got ORG which made me really happy,2024-08-21 22:29:36,7,False,1.0,2.0,False,1.5284556150436401,1.1165157556533813,1.3842772245407104,1.1615455150604248,0.1441783905029297,0.04502975940704346
115,2339,"Happy , Calm , Relaxed , Excited , Na",2024-08-22 12:23:38,7,True,2.0,1.0,False,1.6287789344787598,0.8795809149742126,1.4976903200149536,1.0448044538497925,0.13108861446380615,0.16522353887557983
115,2341,Currently I’m feeling quite happy and excited . I have no work as I’m on vacation right now . I got to see my girlfriend this morning and me and her got a workout in as well at ORG for lunch . I’m really excited to continue my vacation,2024-08-22 17:03:51,7,False,2.0,2.0,False,1.4436520338058472,1.2550288438796997,1.2841719388961792,1.3077199459075928,0.15948009490966797,0.052691102027893066
115,2342,"Happy , Stressfree , Realx , Calm , Content",2024-08-22 22:02:28,7,True,2.0,1.0,False,1.816391944885254,0.45624372363090515,1.6101562976837158,0.6111077070236206,0.20623564720153809,0.15486398339271545
115,2343,"Happy , Calm , Content , Relaxed , Na",2024-08-23 12:04:07,7,True,2.0,1.0,False,1.7970563173294067,0.3913908898830414,1.630099534988403,0.5687452554702759,0.16695678234100364,0.1773543655872345
115,2344,"Happy , Calm , Relaxed , Na , Na",2024-08-23 17:23:08,7,True,2.0,2.0,False,1.325501799583435,0.7316364645957947,1.112913727760315,0.8008467555046082,0.21258807182312012,0.06921029090881348
115,2345,I feel really happy and content right now . I got a 5k run in today and got to clean and organize my room . I never have the free time like this when I’m working . I’m really happy to be having this time to myself .,2024-08-23 22:10:27,7,False,2.0,2.0,False,1.548392415046692,0.7071837186813354,1.347936749458313,0.8028913736343384,0.2004556655883789,0.09570765495300293
115,2346,I feel really happy right now and excited . I feel super stress free and relaxed right now . I’m excited because I’m going to go play basketball after many days . I’m also excited because I’m going to be off from work for another whole week,2024-08-24 12:21:33,7,False,2.0,2.0,False,1.7680226564407349,1.196333408355713,1.5739809274673462,1.2889893054962158,0.19404172897338867,0.09265589714050293
115,2347,"Happy , Excited , Estatic , Na , Na",2024-08-24 17:00:51,7,True,2.0,2.0,False,1.4669095277786255,1.1294909715652466,1.2906378507614136,1.238466501235962,0.17627167701721191,0.10897552967071533
115,2348,"Happy , Content , Relaxed , Calm , Na",2024-08-25 17:04:32,7,True,2.0,2.0,False,1.9167051315307617,0.4570975601673126,1.7067815065383911,0.6839836835861206,0.2099236249923706,0.22688612341880798
115,2349,"Happy , Relax , Calm , Excited , Na",2024-08-25 22:19:09,7,True,2.0,1.0,False,1.5464318990707397,0.9015904664993286,1.3816378116607666,1.0754551887512207,0.16479408740997314,0.1738647222518921
115,2350,I feel really happy right now . I’m currently still on my vacation and am in relaxation mode . I feel great and very stress free from work and chores . I’m really excited as I still have a little over a week of my vacation left,2024-08-26 17:09:24,7,False,2.0,1.0,False,1.8925434350967407,0.83946293592453,1.6722830533981323,0.9515536427497864,0.2202603816986084,0.11209070682525635
115,2352,I’mfeeling really happy still . I’ma still on vacation and relaxing and trying to stay active with gym and basketball . I’m excited to continue with my vacation and hopefully have some more fun . I fell calm and content,2024-08-29 17:02:56,7,False,2.0,2.0,False,1.745653748512268,0.4376247823238373,1.5743868350982666,0.4963786900043487,0.17126691341400146,0.05875390768051142
115,2353,I’m currently feeling very happy . I’m still \ nOn vacation and relaxing and feeling so stress free . It feels so nice to not have to worry about work or stress about assignments . I’ve caught up on all my shows and movies,2024-08-29 22:00:54,7,False,2.0,2.0,False,1.3645559549331665,0.9460161924362183,1.1910818815231323,0.9912606477737428,0.17347407341003418,0.045244455337524525
115,2354,"Happy , Cintent , Relaxed , Na , Na",2024-08-30 17:00:41,7,True,2.0,2.0,False,1.2017921209335327,0.7418324947357178,1.0172879695892334,0.8809483647346497,0.18450415134429932,0.13911586999893188
115,2355,"Happy , Excited , Calm , Na , Na",2024-08-30 22:01:56,7,True,2.0,2.0,False,1.550089955329895,1.0060518980026245,1.3343520164489746,1.1006488800048828,0.2157379388809204,0.0945969820022583
115,2356,I feel very happy right now as I am currently on vacation . I feel so relaxed and content as I’m stress free . I have no work and I’m enjoying my time off so much . I have a few days left of my vacation and can’t wait to keep going,2024-08-31 12:23:31,7,False,2.0,1.0,False,1.8888190984725952,0.7951610088348389,1.7241764068603516,0.9104399681091307,0.16464269161224365,0.11527895927429188
115,2357,"Happy , Calm , Relaxed , Na , Na",2024-08-31 17:05:51,7,True,2.0,2.0,False,1.325501799583435,0.7316364645957947,1.1169325113296509,0.8711364269256592,0.20856928825378418,0.1394999623298645
115,2358,I’m currently feeling really happy . I am still on my vacation and am still relaxing and feeling great . It feels so great to not have the stress of work and all the assignments on my plate . I hope to keep relaxing and enjoying my vacation,2024-08-31 22:22:05,7,False,2.0,2.0,False,1.6054881811141968,0.8454596996307373,1.4070340394973757,0.9277905225753784,0.19845414161682107,0.08233082294464111
115,2359,I’m currently feeling very happy . I have done a lot of relaxing this week since I have been PTO from work . It’s been feeling great to be able to step away from work and all the stress and just be able to relax . I am excited as I have a few days of PtO left .,2024-09-01 12:00:34,7,False,2.0,2.0,False,1.4582327604293823,0.9611998796463013,1.4434618949890137,0.9723562002182008,0.014770865440368652,0.011156320571899525
115,2360,"Happy , Calm , Cool , Relaxed , Na",2024-09-01 17:22:30,7,True,2.0,2.0,False,1.46922767162323,0.6472357511520386,1.4002987146377563,0.804078221321106,0.06892895698547363,0.15684247016906738
115,2361,I’m currently feeling very happy . I am still on my vacation and it has been a great experience for me . I’m feeling very stress-free and relaxed and very content . I hope to keep continuing my vacation and being happy .,2024-09-01 22:22:11,7,False,2.0,1.0,False,1.560594081878662,0.7969135046005249,1.537255883216858,0.7914992570877075,0.0233381986618042,0.005414247512817383
112,2007,"Good , Happy , Peppy , Sassy , Ready",2024-10-11 15:35:52,7,True,2.0,0.0,False,1.3751810789108276,1.0327868461608887,1.1983592510223389,1.233774185180664,0.17682182788848877,0.2009873390197754
112,2008,"At the moment , I feel a mix of anticipation and calm . I’m looking forward to an upcoming project that I’ve been working on for weeks , but at the same time , there’s a sense of nervous energy as I wait for everything to come together . The pressure of deadlines and the desire for everything to go smoothly is definitely on my mind , but I’m also finding comfort in taking things one step at a time . Although I’ve been feeling somewhat overwhelmed lately , I’m trying to balance that by practicing mindfulness and focusing on smaller , more manageable tasks each day . There’s also an undercurrent of gratitude—grateful for the opportunity to work on something meaningful , but also aware of the need to carve out time for rest and self-care . As I juggle multiple responsibilities , I find myself reflecting on the importance of pacing myself and keeping a clear sense of priorities . While things feel a bit chaotic at times , I’m confident that I can navigate through it with patience and perseverance , and I’m determined to make the",2024-10-11 22:00:58,7,False,0.0,2.0,False,0.9236726760864258,1.3920477628707886,0.9094530940055848,1.4123244285583496,0.014219582080840953,0.020276665687561035
112,2009,"I ' ve been experiencing a mild sensation of throat tightness after eating certain foods . There have been no severe allergic reactions (e . g ., difficulty breathing or swallowing) , but I’m concerned about possible food sensitivities or oral allergy syndrome . I’m seeking evaluation to understand the cause .",2024-10-12 17:00:46,7,False,1.0,1.0,False,-0.41849106550216675,1.2705669403076172,-0.5286087989807129,1.2909408807754517,0.11011773347854614,0.020373940467834473
112,2010,"At the moment , I feel a mix of anticipation and calm . I’m looking forward to an upcoming project that I’ve been working on for weeks , but at the same time , there’s a sense of nervous energy as I wait for everything to come together . The pressure of deadlines and the desire for everything to go smoothly is definitely on my mind , but I’m also finding comfort in taking things one step at a time . Although I’ve been feeling somewhat overwhelmed lately , I’m trying to balance that by practicing mindfulness and focusing on smaller , more manageable tasks each day . There’s also an undercurrent of gratitude—grateful for the opportunity to work on something meaningful , but also aware of the need to carve out time for rest and self-care . As I juggle multiple responsibilities , I find myself reflecting on the importance of pacing myself and keeping a clear sense of priorities . While things feel a bit chaotic at times , I’m confident that I can navigate through it with patience and perseverance , and I’m determined to make the",2024-10-13 17:00:51,7,False,0.0,0.0,False,0.9236726760864258,1.3920477628707886,0.9045295119285583,1.4119594097137451,0.01914316415786743,0.019911646842956543
112,2011,"At the moment , I feel a mix of anticipation and calm . I’m looking forward to an upcoming project that I’ve been working on for weeks , but at the same time , there’s a sense of nervous energy as I wait for everything to come together . The pressure of deadlines and the desire for everything to go smoothly is definitely on my mind , but I’m also finding comfort in taking things one step at a time . Although I’ve been feeling somewhat overwhelmed lately , I’m trying to balance that by practicing mindfulness and focusing on smaller , more manageable tasks each day . There’s also an undercurrent of gratitude—grateful for the opportunity to work on something meaningful , but also aware of the need to carve out time for rest and self-care . As I juggle multiple responsibilities , I find myself reflecting on the importance of pacing myself and keeping a clear sense of priorities . While things feel a bit chaotic at times , I’m confident that I can navigate through it with patience and perseverance , and I’m determined to make the",2024-10-14 17:15:52,7,False,0.0,1.0,False,0.9236726760864258,1.3920477628707886,0.9145195484161376,1.4118674993515017,0.009153127670288197,0.019819736480713113
112,2012,"At the moment , I feel a mix of anticipation and calm . I’m looking forward to an upcoming project that I’ve been working on for weeks , but at the same time , there’s a sense of nervous energy as I wait for everything to come together . The pressure of deadlines and the desire for everything to go smoothly is definitely on my mind , but I’m also finding comfort in taking things one step at a time . Although I’ve been feeling somewhat overwhelmed lately , I’m trying to balance that by practicing mindfulness and focusing on smaller , more manageable tasks each day . There’s also an undercurrent of gratitude—grateful for the opportunity to work on something meaningful , but also aware of the need to carve out time for rest and self-care . As I juggle multiple responsibilities , I find myself reflecting on the importance of pacing myself and keeping a clear sense of priorities . While things feel a bit chaotic at times , I’m confident that I can navigate through it with patience and perseverance , and I’m determined to make the",2024-10-14 22:12:39,7,False,0.0,2.0,False,0.9236726760864258,1.3920477628707886,0.9145195484161376,1.4118674993515017,0.009153127670288197,0.019819736480713113
112,2014,"Cool , Mad , Love , Magical , Hopeful",2024-10-15 12:00:42,7,True,0.0,1.0,False,0.6182372570037842,1.211352825164795,0.3574860394001007,1.3455065488815308,0.26075121760368347,0.13415372371673584
112,2015,"At the moment , I feel a mix of anticipation and calm . I’m looking forward to an upcoming project that I’ve been working on for weeks , but at the same time , there’s a sense of nervous energy as I wait for everything to come together . The pressure of deadlines and the desire for everything to go smoothly is definitely on my mind , but I’m also finding comfort in taking things one step at a time . Although I’ve been feeling somewhat overwhelmed lately , I’m trying to balance that by practicing mindfulness and focusing on smaller , more manageable tasks each day . There’s also an undercurrent of gratitude—grateful for the opportunity to work on something meaningful , but also aware of the need to carve out time for rest and self-care . As I juggle multiple responsibilities , I find myself reflecting on the importance of pacing myself and keeping a clear sense of priorities . While things feel a bit chaotic at times , I’m confident that I can navigate through it with patience and perseverance , and I’m determined to make the",2024-10-15 17:00:45,7,False,1.0,0.0,False,0.9236726760864258,1.3920477628707886,0.9122459888458252,1.422004461288452,0.011426687240600586,0.029956698417663352
112,2016,"Happy , Sad , Sassy , Moody , Worried",2024-10-15 22:01:28,7,True,0.0,1.0,False,-0.20337046682834625,1.049573540687561,-0.1689576208591461,1.188929796218872,0.03441284596920016,0.13935625553131104
112,2017,"Sassy , Happy , Moody , Unhappy , Ready",2024-10-16 12:19:24,7,True,-1.0,2.0,False,0.9649832248687744,1.2917349338531494,0.6680930852890015,1.5458879470825195,0.29689013957977295,0.2541530132293701
112,2018,"Sassy , Worried , Happy , Moody , Curious",2024-10-16 17:01:53,7,True,0.0,1.0,False,0.20894493162631989,1.0140724182128906,-0.1102053374052047,1.2272895574569702,0.3191502690315246,0.2132171392440796
112,2019,"Emotional , Pretty , Confident , Loud , Soft",2024-10-16 22:01:02,7,True,0.0,1.0,False,0.5889419317245483,1.1335455179214478,0.2832663953304291,1.291910171508789,0.30567553639411926,0.1583646535873413
112,2020,"Sassy , Moody , Hungry , Cunty , Campy",2024-10-17 12:08:19,7,True,0.0,2.0,False,-0.10236702859401703,1.2666937112808228,-0.308040976524353,1.5264527797698977,0.205673947930336,0.25975906848907493
112,2021,"Love , Respect , Great , Sassy , Zesty",2024-10-17 17:16:56,7,True,0.0,1.0,False,1.325685977935791,0.8797866106033325,1.1016197204589844,1.061914324760437,0.22406625747680664,0.1821277141571045
112,2022,"Sassy , Moody , Happy , Sad , Sweet",2024-10-18 12:03:22,7,True,0.0,2.0,False,0.6116292476654053,1.1410739421844482,0.4246951043605804,1.451150894165039,0.18693414330482488,0.3100769519805908
112,2023,"Happy , Love , Sad , Baddie , Emotional",2024-10-18 22:13:51,7,True,0.0,2.0,False,-0.39978083968162537,1.1723766326904297,-0.4666743576526642,1.277055740356445,0.06689351797103882,0.1046791076660154
112,2025,"At the moment , I feel a mix of anticipation and calm . I’m looking forward to an upcoming project that I’ve been working on for weeks , but at the same time , there’s a sense of nervous energy as I wait for everything to come together . The pressure of deadlines and the desire for everything to go smoothly is definitely on my mind , but I’m also finding comfort in taking things one step at a time . Although I’ve been feeling somewhat overwhelmed lately , I’m trying to balance that by practicing mindfulness and focusing on smaller , more manageable tasks each day . There’s also an undercurrent of gratitude—grateful for the opportunity to work on something meaningful , but also aware of the need to carve out time for rest and self-care . As I juggle multiple responsibilities , I find myself reflecting on the importance of pacing myself and keeping a clear sense of priorities . While things feel a bit chaotic at times , I’m confident that I can navigate through it with patience and perseverance , and I’m determined to make the",2024-10-19 12:00:54,7,False,0.0,2.0,False,0.9236726760864258,1.3920477628707886,0.9156680703163148,1.4006521701812744,0.008004605770110973,0.00860440731048584
112,2026,"Sassy , Happy , Love , Magical , Passionate",2024-10-20 12:57:38,7,True,0.0,2.0,False,1.4724148511886597,1.4678270816802979,1.07085120677948,1.803202509880066,0.4015636444091797,0.33537542819976807
112,2027,"At the moment , I feel a mix of anticipation and calm . I’m looking forward to an upcoming project that I’ve been working on for weeks , but at the same time , there’s a sense of nervous energy as I wait for everything to come together . The pressure of deadlines and the desire for everything to go smoothly is definitely on my mind , but I’m also finding comfort in taking things one step at a time . Although I’ve been feeling somewhat overwhelmed lately , I’m trying to balance that by practicing mindfulness and focusing on smaller , more manageable tasks each day . There’s also an undercurrent of gratitude—grateful for the opportunity to work on something meaningful , but also aware of the need to carve out time for rest and self-care . As I juggle multiple responsibilities , I find myself reflecting on the importance of pacing myself and keeping a clear sense of priorities . While things feel a bit chaotic at times , I’m confident that I can navigate through it with patience and perseverance , and I’m determined to make the",2024-10-20 17:01:00,7,False,0.0,2.0,False,0.9236726760864258,1.3920477628707886,0.906355321407318,1.4033222198486328,0.017317354679107777,0.011274456977844238
112,2028,"Sassy , Happy , Moody , Funny , Hopeful",2024-10-20 22:00:53,7,True,0.0,2.0,False,1.2864024639129639,1.281989336013794,0.9090467691421508,1.5808253288269043,0.3773556947708131,0.29883599281311035
112,2029,"Sassy , Happy , Frilly , Giddy , Content",2024-10-21 17:00:44,7,True,-1.0,2.0,False,1.5769799947738647,1.097184658050537,1.259118676185608,1.4414455890655518,0.31786131858825684,0.34426093101501465
112,2030,"Euphoric , Sassy , Happy , Good , Sweet",2024-10-21 22:01:19,7,True,0.0,2.0,False,1.6058024168014526,1.1224268674850464,1.4002879858016968,1.340157985687256,0.20551443099975586,0.2177311182022097
112,2031,"Sassy , Great , Good , Special , Giddy",2024-10-22 12:24:39,7,True,0.0,2.0,False,1.664659857749939,1.1588096618652344,1.1341979503631592,1.5532480478286743,0.5304619073867798,0.39443838596343994
112,2032,"At the moment , I feel a mixture of anticipation and contemplation . There’s an underlying excitement about upcoming projects and opportunities , particularly a few creative ventures I’m exploring , but that excitement is balanced by moments of doubt , which sometimes slow my progress . I’ve been reflecting on past decisions , evaluating where I am and how far I’ve come , while trying to remain focused on what’s ahead . It’s like walking a tightrope between wanting to celebrate the small wins and feeling the weight of the work still to be done .\ n \ nPhysically , I’ve been experiencing some fatigue , which may be due to the change in weather or the workload , but I’m making sure to find moments of rest . I’m trying to stay grounded and maintain a sense of optimism , reminding myself that growth happens even in times of uncertainty . There’s an overall sense of gratitude—gratitude for the support system I have and for the opportunities I’ve been given—while still acknowledging the challenges that lie ahead . Despite the ups and do",2024-10-22 17:01:03,7,False,0.0,2.0,False,0.5709497928619385,1.4878780841827393,0.5421267747879028,1.4753434658050537,0.028823018074035645,0.012534618377685547
112,2033,"At the moment , I feel a mixture of anticipation and contemplation . There’s an underlying excitement about upcoming projects and opportunities , particularly a few creative ventures I’m exploring , but that excitement is balanced by moments of doubt , which sometimes slow my progress . I’ve been reflecting on past decisions , evaluating where I am and how far I’ve come , while trying to remain focused on what’s ahead . It’s like walking a tightrope between wanting to celebrate the small wins and feeling the weight of the work still to be done .\ n \ nPhysically , I’ve been experiencing some fatigue , which may be due to the change in weather or the workload , but I’m making sure to find moments of rest . I’m trying to stay grounded and maintain a sense of optimism , reminding myself that growth happens even in times of uncertainty . There’s an overall sense of gratitude—gratitude for the support system I have and for the opportunities I’ve been given—while still acknowledging the challenges that lie ahead . Despite the ups and do",2024-10-23 12:00:43,7,False,0.0,2.0,False,0.5709497928619385,1.4878780841827393,0.5334649085998535,1.4702763557434082,0.03748488426208496,0.017601728439331055
112,2034,"At the moment , I feel a mixture of anticipation and contemplation . There’s an underlying excitement about upcoming projects and opportunities , particularly a few creative ventures I’m exploring , but that excitement is balanced by moments of doubt , which sometimes slow my progress . I’ve been reflecting on past decisions , evaluating where I am and how far I’ve come , while trying to remain focused on what’s ahead . It’s like walking a tightrope between wanting to celebrate the small wins and feeling the weight of the work still to be done .\ n \ nPhysically , I’ve been experiencing some fatigue , which may be due to the change in weather or the workload , but I’m making sure to find moments of rest . I’m trying to stay grounded and maintain a sense of optimism , reminding myself that growth happens even in times of uncertainty . There’s an overall sense of gratitude—gratitude for the support system I have and for the opportunities I’ve been given—while still acknowledging the challenges that lie ahead . Despite the ups and do",2024-10-23 17:57:27,7,False,0.0,2.0,False,0.5709497928619385,1.4878780841827393,0.5334649085998535,1.4702763557434082,0.03748488426208496,0.017601728439331055
112,2037,"At the moment , I feel a mixture of anticipation and contemplation . There’s an underlying excitement about upcoming projects and opportunities , particularly a few creative ventures I’m exploring , but that excitement is balanced by moments of doubt , which sometimes slow my progress . I’ve been reflecting on past decisions , evaluating where I am and how far I’ve come , while trying to remain focused on what’s ahead . It’s like walking a tightrope between wanting to celebrate the small wins and feeling the weight of the work still to be done .\ n \ nPhysically , I’ve been experiencing some fatigue , which may be due to the change in weather or the workload , but I’m making sure to find moments of rest . I’m trying to stay grounded and maintain a sense of optimism , reminding myself that growth happens even in times of uncertainty . There’s an overall sense of gratitude—gratitude for the support system I have and for the opportunities I’ve been given—while still acknowledging the challenges that lie ahead . Despite the ups and do",2024-10-23 22:10:33,7,False,0.0,2.0,False,0.5709497928619385,1.4878780841827393,0.5334649085998535,1.4702763557434082,0.03748488426208496,0.017601728439331055
112,2038,"Sassy , Happy , Good , Peppy , Terrific",2024-10-24 12:03:37,7,True,0.0,2.0,False,1.490116834640503,1.1809086799621582,1.1334632635116575,1.520970582962036,0.35665357112884544,0.3400619029998777
112,2039,"Sassy , Happy , Moody , Giddy , Brave",2024-10-24 17:00:54,7,True,2.0,2.0,False,1.4171733856201172,1.2219407558441162,1.1311213970184326,1.4426205158233645,0.28605198860168457,0.22067975997924827
112,2040,"Sassy , Moody , Spicy , Empathetic , Zesty",2024-10-24 22:00:46,7,True,2.0,2.0,False,0.9977457523345947,1.446101427078247,0.7629077434539795,1.593340516090393,0.23483800888061523,0.147239089012146
111,1973,"I am feeling very active , I am feeling very lively , I am feeling very much awoken , I feel relaxed and I feel relieved . I feel much alive . It’s a sunny day and I feel alive and active I feel alive ! Every breath is a reminder of the incredible gift of life . The world around me pulsates with vibrancy , and I ' m grateful to be a part of it . The warmth of the sun on my skin , the laughter of loved ones , and the thrill of new experiences all converge to ignite a sense of wonder within me .",2024-10-15 12:06:51,7,False,0.0,2.0,False,0.9304220676422119,1.9107167720794678,0.866712749004364,1.9577586650848389,0.0637093186378479,0.047041893005371094
111,1974,"""I feel tired , drained of energy and vitality . My body weighs heavy , my mind foggy . Every task seems insurmountable , every decision a burden .\ n \ nThe world outside feels overwhelming , noises amplified , and lights too bright . I crave silence , solitude , and stillness . My thoughts swirl with exhaustion , doubts , and worries .",2024-10-15 17:01:48,7,False,0.0,0.0,False,-1.488486886024475,0.2758767902851105,-1.5228415727615356,0.2752026319503784,0.03435468673706055,0.0006741583347320557
111,1975,"Equitable , Dispassionate , Uninvolved , Unaligned , Neutral",2024-10-16 12:01:28,7,True,0.0,1.0,False,0.47863349318504333,0.8501225709915161,0.2494196742773056,1.054091215133667,0.22921381890773773,0.20396864414215088
111,1976,"""I feel happy , genuinely and deeply . A warm sense of contentment envelops me , lifting my spirits and brightening my outlook . Every breath feels lighter , every smile more effortless . Gratitude floods my heart , thinking of loved ones , supportive friends , and life ' s simple joys . The world seems vibrant , full of promise and possibility . Challenges fade into the background , replaced by optimism and confidence .\ n",2024-10-16 17:25:39,7,False,2.0,1.0,False,1.6512385606765747,1.1687489748001099,1.6153875589370728,1.2117030620574951,0.03585100173950195,0.042954087257385254
111,1977,"PERSON , Cool , Gentle , Chilled , Unbothered",2024-10-17 12:02:31,7,True,2.0,0.0,False,1.157590389251709,0.30214205384254456,1.0009342432022097,0.576035737991333,0.1566561460494993,0.27389368414878845
111,1978,"Chilled , Calm , Gentle , Cool , Minding my business",2024-10-17 22:03:47,7,True,0.0,0.0,False,1.3310641050338745,0.0299640204757452,1.0509098768234253,0.3402144312858581,0.2801542282104492,0.3102504108101129
111,1979,"Alert , Lively , Active , Not dulling , Online",2024-10-18 12:02:04,7,True,0.0,2.0,False,0.47465935349464417,1.4969402551651,0.4232057332992553,1.6074808835983276,0.05145362019538885,0.11054062843322754
111,1981,"Dull , Slow , Lazy , Tired , Slothful",2024-10-18 17:05:32,7,True,-2.0,0.0,False,-0.5360909700393677,0.3601803481578827,-0.6508387327194214,0.4730847179889679,0.11474776268005371,0.1129043698310852
111,1982,"Alive , Elegant , Active , Sharp , Radiant",2024-10-19 12:01:24,7,True,0.0,2.0,False,0.4648359417915344,1.3536415100097656,0.4189563989639282,1.509660720825195,0.0458795428276062,0.15601921081542947
111,1983,"Chilled , Calm , Relaxed , Unhappy , Quite",2024-10-19 17:28:44,7,True,0.0,0.0,False,1.513846755027771,0.2891520857810974,1.4665651321411133,0.4070533812046051,0.047281622886657715,0.11790129542350769
111,1984,"Down , Distress , Unhappy , Downcast , Dejected",2024-10-19 22:01:55,7,True,-2.0,1.0,False,-1.0298868417739868,0.9946336150169373,-1.2009772062301636,1.0324124097824097,0.17109036445617676,0.03777879476547241
111,1985,"1 . Lack of strong emotions : Neither positive (happiness , excitement) nor negative (sadness , anger) .\ n2 . Balance : No leaning towards any extreme feelings .\ n3 . Calmness : A sense of stability and composure .\ n4 . Objectivity : Ability to observe thoughts and situations without bias .\ n",2024-10-20 12:55:40,7,False,0.0,1.0,False,0.605597734451294,1.0345077514648438,0.5626069903373718,1.055500030517578,0.04299074411392212,0.020992279052734153
111,1986,"Quite , Chilled , Lowkey , Calm , Cool",2024-10-20 17:03:09,7,True,2.0,0.0,False,1.616665244102478,0.1002831980586052,1.5380985736846924,0.2472610175609588,0.07856667041778564,0.1469778195023536
111,1987,"Happy , Excited , Overwhelmed , Joyous , Happy",2024-10-21 12:02:25,7,True,2.0,1.0,False,1.5789552927017212,1.2754484415054321,1.5133979320526123,1.4352552890777588,0.06555736064910889,0.15980684757232666
111,1988,"Feeling tired , also known as fatigue , is a common emotional and physical state characterized by :\ n \ n * Physical Symptoms :*\ n \ n1 . Lack of energy \ n2 . Muscle weakness \ n3 . Heavy eyelids \ n4 . Slow movements \ n5 . Decreased mobility \ n \ n * Emotional Sym \ n \ n1 . Mental fogginess \ n2 . Lack of motivation \ n3 . Irritability \ n4 . Decreased concentration \ n5 . Emotional exhaustion \ n",2024-10-22 12:02:15,7,False,-2.0,0.0,False,-1.2534526586532593,0.24354645609855652,-1.2750014066696167,0.2521789073944092,0.021548748016357422,0.008632451295852661
111,1989,"Feeling neutral refers to an emotional state characterized by :\ n \ n1 . Lack of strong emotions : Neither positive (happiness , excitement) nor negative (sadness , anger) .\ n2 . Balance : No leaning towards any extreme feelings .\ n3 . Calmness : A sense of stability and composure .\ n4 . Objectivity : Ability to observe thoughts and situations without bias .\ n \ nCommon descriptions :\ n \ n1 . ""I ' m just okay .""\ n2 . ""I don ' t feel anything strongly .""\ n3 . ""I ' m not excited or upset .""\ n4 . ""I ' m in a neutral zone .""\ n \ nBenefits :\ n \ n1 . Clarity : Easier decision-making , uninfluenced by emotions .\ n2 . Stability : Less emotional turbulence .\ n3 . Flexibility : Open to various perspectives .\ n4 . Reduced stress : No intense emotional responses .\ n \ nSituations that may evoke neutrality :\ n \ n1 . Routine tasks \ n2 . Familiar environments \ n3 . Lack of significant events \ n4 . Emotional exhaustion (after intense emotions) \ n",2024-10-22 17:05:54,7,False,0.0,1.0,False,0.2862319350242615,0.7838967442512512,0.2786400914192199,0.7978458404541016,0.007591843605041559,0.013949096202850342
111,1990,"Dull , Lazy , Moody , Tired , Stressed",2024-10-23 12:02:23,7,True,-1.0,0.0,False,-0.3638756275177002,0.36866480112075806,-0.4801474213600158,0.4909171462059021,0.11627179384231562,0.12225234508514404
111,1992,"Feeling neutral refers to an emotional state characterized by :\ n \ n1 . Lack of strong emotions : Neither positive (happiness , excitement) nor negative (sadness , anger) .\ n2 . Balance : No leaning towards any extreme feelings .\ n3 . Calmness : A sense of stability and composure .\ n4 . Objectivity : Ability to observe thoughts and situations without bias .",2024-10-23 17:05:09,7,False,0.0,1.0,False,0.10874460637569427,0.9300910234451294,0.0928420796990394,0.9422897100448608,0.01590252667665487,0.012198686599731445
111,1993,"Feeling Z neutral refers to an emotional state characterized by :\ n \ n1 . Lack of strong emotions : Neither positive (happiness , excitement) nor negative (sadness , anger) .\ n2 . Balance : No leaning towards any extreme feelings .\ n3 . Calmness : A sense of stability and composure .\ n4 . Objectivity : Ability to observe thoughts and situations without bias .",2024-10-24 12:00:55,7,False,0.0,1.0,False,0.30927616357803345,0.9543964862823486,0.257472813129425,0.9656169414520264,0.051803350448608454,0.011220455169677734
111,1994,"Feeling Z neutral refers to an emotional state characterized by :\ n \ n1 . Lack of strong emotions : Neither positive (happiness , excitement) nor negative (sadness , anger) .\ n2 . Balance : No leaning towards any extreme feelings .\ n3 . Calmness : A sense of stability and composure .\ n4 . Objectivity : Ability to observe thoughts and situations without bias .\ n \ nCommon descriptions :\ n \ n1 . ""I ' m just okay .""\ n2 . ""I don ' t feel anything strongly .""\ n3 . ""I ' m not excited or upset .""\ n4 . ""I ' m in a neutral zone .""",2024-10-24 22:59:37,7,False,2.0,2.0,False,0.6080867648124695,0.772933304309845,0.5650783181190491,0.7868858575820923,0.04300844669342041,0.013952553272247314
111,1995,"Sad , Bad , Down , Exhausted , Regretting",2024-10-25 12:12:40,7,True,-2.0,1.0,False,-1.4959707260131836,0.8613108396530151,-1.6570109128952026,0.9988290667533876,0.16104018688201904,0.13751822710037243
111,1996,"Quiet , Cool , Chilled , No drama , Gentle",2024-10-25 17:01:24,7,True,0.0,0.0,False,0.56792151927948,0.060519225895404816,0.3900351822376251,0.1025330647826194,0.17788633704185486,0.04201383888721459
111,1997,"Quiet , Cakm , Cool , Chill , Shy",2024-10-25 22:55:43,7,True,0.0,0.0,False,0.28517502546310425,0.18182936310768127,0.1283534616231918,0.2166695743799209,0.15682156383991244,0.03484021127223963
111,1998,"Feeling sad is a natural and universal human emotion that can manifest in different ways and intensities . Here ' s a breakdown of what it means to feel sad :\ n \ n * What is sadness ?*\ n \ nSadness is an emotional state characterized by feelings of sorrow , grief , disappointment , or loss . It ' s a normal response to situations that are perceived as unpleasant , undesirable , or hurtful .",2024-10-26 12:01:13,7,False,-1.0,1.0,False,-0.7059671878814697,0.9420057535171509,-0.7370584011077881,0.9573747515678406,0.03109121322631836,0.015368998050689697
111,1999,"Sluggish , Dull , Unbothered , Slow , Deteriorated",2024-10-26 17:09:22,7,True,-1.0,0.0,False,-1.4783340692520142,0.017314719036221504,-1.5497618913650513,0.0959221273660659,0.07142782211303711,0.07860740832984439
111,2000,"Absence of noise _: A state of silence or minimal sound .\ n _ Respite from disturbance _: Freedom from interruption , disruption , or turmoil .\ n _ Inner stillness _: A calm and peaceful mental state .\ n \ nTypes of quiet :\ n \ n * Physical quiet : External environment is silent or peaceful .\ n * Emotional quiet : Inner calmness and stability .\ n * Mental quiet : Clarity of thought , focus , and mental stillness .",2024-10-26 22:47:20,7,False,0.0,0.0,False,1.100255012512207,0.22832393646240234,1.063121676445007,0.2378730922937393,0.03713333606719993,0.009549155831336947
111,2001,"Feeling lively refers to a state of being full of energy , enthusiasm , and vitality . When someone feels lively , they are typically :\ n \ n1 . Energetic : Having a sense of physical and mental vigor .\ n2 . Alert : Mentally sharp and focused .\ n3 . Cheerful : Displaying a positive and upbeat attitude .\ n4 . Vibrant : Radiating enthusiasm and excitement .\ n5 . Active : Ready to engage in activities or social interactions .",2024-10-27 12:06:45,7,False,1.0,2.0,False,1.1892849206924438,1.758783221244812,1.157977819442749,1.7864184379577637,0.031307101249694824,0.02763521671295166
111,2003,"In this moment , everything feels right . My soul sings with joy , unencumbered by worries or doubts . I bask in the radiance of happiness , letting its warmth seep into every pore .\ n \ nHappiness isn ' t just a feeling ; it ' s a choice . I choose to focus on the good , to cherish every moment , and to cultivate love and kindness . I choose to let go of fears , to release burdens , and to embrace life ' s beauty .\ n \ nAs I soak in this bliss , I know it ' s contagious . Happin",2024-10-27 17:27:22,7,False,0.0,1.0,False,1.9927456378936768,0.9334664344787598,1.9619712829589844,0.944447934627533,0.030774354934692383,0.010981500148773193
111,2004,"Quiet , Chilled , Calm , Lowkey , Relaxed",2024-10-27 22:30:17,7,True,0.0,0.0,False,0.5309306383132935,0.029287835583090782,0.3786888718605041,0.147778108716011,0.15224176645278936,0.11849027313292021
111,2005,"Neutral , No feelings , In between , Intermediary , Neutral",2024-10-28 12:12:02,7,True,0.0,1.0,False,-0.025214783847332,1.0807170867919922,-0.1737884730100631,1.164475917816162,0.1485736891627311,0.08375883102416992
111,2006,"Gentle , Quiet , Lowkey , Chilled , Calm",2024-10-28 17:03:30,7,True,0.0,0.0,False,0.9675816893577576,-0.014905398711562157,0.7642676830291748,0.1163535118103027,0.20331400632858276,0.13125891052186486
181,4613,I am very excited to be leaving work . I am tired from working all day . Now I have to go to my next time which is fun . I like seeing my co workers . Then I can go home and relax .   I am excited about going to work early tomorrow so I can get home earlier . I am ready for the weekend,2024-06-13 17:35:51,7,False,2.0,2.0,False,0.6523999571800232,1.2579867839813232,0.5774738192558289,1.2639483213424685,0.07492613792419434,0.005961537361145242
181,4616,I am feeling happy laying in bed watching Bridgerton with my boyfriend . I love when the weekend comes because I get to spend time with him after a long week . I am really enjoying the new episodes of Bridgerton that came out last night,2024-06-14 22:01:04,7,False,2.0,0.0,False,0.6138292551040649,0.8360369205474854,0.530126690864563,0.9041932821273804,0.08370256423950195,0.06815636157989502
181,4620,I am currently exhausted from being at an amusement park for three hours . We went in every ride and had so much fun . Now we are full from having ORG  because we were hungry . Now we are leaving to go home,2024-06-16 17:00:27,7,False,2.0,2.0,False,-1.3377243280410767,0.06795057654380798,-1.412911057472229,0.1114379465579986,0.07518672943115234,0.04348737001419062
181,4621,I am currently feeling full from my dinner of chicken and string beans . Now I am feeling okay about having to take my cpr pre class before my class in person on Wednesday in GPE . I’m also very thirsty . I don’t think I drank enough today,2024-06-16 22:00:50,7,False,2.0,1.0,False,-0.11091609299182892,1.2343310117721558,-0.1820157915353775,1.2639617919921875,0.07109969854354858,0.02963078022003174
181,4625,I am currently Sweating but excited to be going to work where I can sit down and relax more . I’m very hungry and thirsty . I need to make sure I drink more water . I am proud of myself for being able to run my group independently .,2024-06-18 17:39:16,7,False,1.0,1.0,False,0.20454806089401245,1.2975550889968872,0.1767283827066421,1.4458887577056885,0.027819678187370356,0.14833366870880127
181,4627,I am currently feeling rundown . My allergies are horrible and I cannot stop sneezing . I am excited because I am working on my new cross stitch project . I am making a animal crossing one that is going to come out great,2024-06-20 22:07:18,7,False,-2.0,0.0,False,-0.5790739059448242,0.9518921971321106,-0.6647091507911682,0.9767221212387084,0.085635244846344,0.02482992410659779
181,4631,I am currently at work and feeling tired . I am also rundown from my allergies . I didn’t get a good nights rest because I kept waking up because I couldn’t breathe out of my nose . I am also hungry I wish I had something for breakfast .,2024-06-22 12:01:29,7,False,2.0,1.0,False,-1.249879002571106,0.2233906388282776,-1.2874709367752075,0.2361454367637634,0.03759193420410156,0.012754797935485812
181,4634,"I’m currently feeling very run down from my allergies . I have a really bad sinus headache , congestion , an cough and a sore throat . I am also very tired from my body trying to fight off this infection that’s coming .",2024-06-23 12:25:46,7,False,-2.0,0.0,False,-1.6286811828613281,0.13164152204990387,-1.6280142068862915,0.1325883120298385,0.0006669759750366211,0.0009467899799346369
181,4635,I am currently shopping at ORG and feeling happy because I am getting supplies to make a birthday banner for someone at the library . I am very sweaty the weather is so hot and humid today . I am also very thirsty . I definitely have not drank enough water today .,2024-06-23 17:01:40,7,False,0.0,2.0,False,-0.4123598337173462,1.5182476043701172,-0.4393771588802337,1.5488920211791992,0.027017325162887518,0.03064441680908203
181,4639,I am currently feeling excited as my workday is over and I am able to go home without having to go to my other job . I am hungry and thirsty and cannot wait to get home so that I can have a snack . I am also tired even though I got enough sleep last night . I am sweating as it is very hot today .,2024-06-25 17:35:04,7,False,2.0,2.0,False,0.20464979112148285,1.2692242860794067,0.2281073331832885,1.3692755699157717,0.023457542061805642,0.10005128383636497
181,4640,I am currently very tired but I don’t know why . I am also hungry and really want some pretzels . My knee also hurts right now and I think I need to get it checked out . I am afraid I am doing more damage to it by not getting it checked out,2024-06-25 22:03:09,7,False,-2.0,0.0,False,-1.0722919702529907,0.3141172230243683,-1.1067625284194946,0.3477518260478973,0.034470558166503906,0.033634603023529
181,4612,"Happy , Full , Loving , Excited , Content",2024-06-12 22:31:16,7,True,2.0,0.0,False,1.8270193338394165,0.7971187829971313,1.7555110454559326,1.024890422821045,0.07150828838348389,0.22777163982391357
181,4614,"Hungry , Thirsty , Tired , Happy , Glad",2024-06-13 22:01:06,7,True,2.0,2.0,False,0.46030503511428833,1.1362364292144775,0.3230758309364319,1.295962691307068,0.13722920417785645,0.15972626209259055
181,4615,"Excited , Happy , Sweating , Tired , Thirsty",2024-06-14 17:09:36,7,True,2.0,2.0,False,1.5776304006576538,1.201863408088684,1.626988649368286,1.3852428197860718,0.0493582487106321,0.1833794116973877
181,4617,"Airy , Aggressive , Agitated , Annoyed , Angry",2024-06-15 17:02:29,7,True,2.0,1.0,False,-0.6713744401931763,1.7632300853729248,-0.6734872460365295,1.7955243587493896,0.0021128058433532715,0.032294273376464844
181,4618,"Tired , Full , Happy , Excited , Content",2024-06-15 22:00:39,7,True,2.0,1.0,False,0.717268705368042,0.41946208477020264,0.6471575498580933,0.6436372995376587,0.07011115550994873,0.22417521476745605
181,4619,"Happy , Excited , Full , Thirsty , Good",2024-06-16 12:00:35,7,True,2.0,1.0,False,1.6147280931472778,1.2036819458007812,1.5853501558303833,1.4184422492980957,0.02937793731689453,0.21476030349731445
181,4622,"Hungry , Thirsty , Tired , Hot , Happy",2024-06-17 12:35:13,7,True,2.0,2.0,False,0.32302314043045044,1.3724875450134277,0.2331156283617019,1.4908422231674194,0.08990751206874853,0.1183546781539917
181,4623,"Hungry , Tired , In pain , Thirsty , Happy",2024-06-17 17:33:08,7,True,1.0,1.0,False,-0.08352416753768921,0.86322420835495,-0.093346320092678,1.0161199569702148,0.009822152554988792,0.1528957486152649
181,4624,"Happy , Sweaty , Thirsty , Hungry , Hot",2024-06-17 22:29:10,7,True,2.0,0.0,False,1.419268250465393,1.4719455242156982,1.3489691019058228,1.6063332557678225,0.07029914855957031,0.13438773155212425
181,4626,"Tired , Hungry , Thirsty , Happy , Sluggish",2024-06-18 22:23:09,7,True,-1.0,0.0,False,-0.4516618251800537,0.5490193367004395,-0.4548606276512146,0.6337698101997375,0.0031988024711608887,0.0847504734992981
181,4628,"Hot , Hungry , Thirsty , Excited , Tired",2024-06-21 17:01:44,7,True,2.0,0.0,False,0.9979808330535889,1.7025296688079834,0.9264305830001832,1.802029013633728,0.07155025005340565,0.09949934482574463
181,4629,"Tired , Thirsty , Hungry , Happy , Hi",2024-06-21 22:00:35,7,True,0.0,1.0,False,-0.18234403431415558,0.6270096898078918,-0.2500066757202148,0.6950665712356567,0.06766264140605921,0.06805688142776489
181,4632,"Hot , Tired , Happy , Hungry , Thirsty",2024-06-22 17:00:40,7,True,-1.0,0.0,False,0.967693567276001,1.5433878898620605,0.7784987092018127,1.7207374572753906,0.18919485807418823,0.17734956741333008
181,4633,"Tired , Thirsty , Hungry , Stuffy , Happy",2024-06-22 22:11:05,7,True,2.0,0.0,False,-0.3215171992778778,0.5918074250221252,-0.4467096328735351,0.6554062962532043,0.1251924335956573,0.0635988712310791
181,4636,"Hungry , Tired , Thirsty , Happy , Loved",2024-06-23 22:02:58,7,True,1.0,1.0,False,0.3886619210243225,1.1628639698028564,0.2939599752426147,1.288524150848389,0.09470194578170782,0.12566018104553245
181,4637,"Tired , Hungry , Thirsty , Sweaty , Happy",2024-06-24 17:30:25,7,True,2.0,2.0,False,-0.14404046535491943,0.720963180065155,-0.2248736172914505,0.7760612964630127,0.08083315193653107,0.055098116397857666
181,4638,"Tired , Thirsty , Happy , Hungry , Excited",2024-06-24 22:00:55,7,True,2.0,1.0,False,0.21573762595653534,0.8812878727912903,0.0927108079195022,0.9589881300926208,0.12302681803703314,0.07770025730133057
136,3194,"Tired , Anxious , Scared , Wondering , Numb",2024-10-31 12:02:16,7,True,-1.0,2.0,False,-0.43587613105773926,0.8797169923782349,-0.5018011927604675,0.9409784078598022,0.06592506170272827,0.06126141548156738
136,3195,Feeling better now than before . Talked to my partner and was able to calm down a little . Anxiety is ok . I forgot to take my meds so I am tired and not feeling the best . I hope everything is going to be ok,2024-10-31 22:09:37,7,False,-1.0,1.0,False,-0.23615166544914246,0.435097873210907,-0.1877578049898147,0.4974231421947479,0.04839386045932775,0.06232526898384094
136,3197,Just had a meeting with someone . Class this morning and slept a lot . I think my depression and anxiety are getting worse . My friend told me to seek help . I reached out to my family and they didn’t give me much support at all . My partner was very supportive and been by my side . He said no matter what happens I’m here for you . He’s all I have . I’ve been having alot of nightmares,2024-11-01 17:08:10,7,False,-2.0,1.0,False,-1.1148930788040161,0.9523628354072571,-1.1661996841430664,0.9430015087127686,0.05130660533905029,0.009361326694488525
136,3198,"Sad , Anxious , Scared , Hyperfixated , Worried",2024-11-01 22:01:09,7,True,-2.0,1.0,False,-0.880704402923584,1.1707959175109863,-0.971957266330719,1.2503377199172974,0.09125286340713501,0.07954180240631104
136,3199,"Better , Hot , Tired , Behind , Shaking",2024-11-02 17:17:28,7,True,-1.0,1.0,False,0.39259466528892517,0.7650569677352905,0.2677381038665771,0.9382562637329102,0.12485656142234808,0.17319929599761963
136,3200,"Okay , Better , Hopeful , Relaxed , Content",2024-11-02 22:01:29,7,True,-1.0,1.0,False,1.0732923746109009,0.34045422077178955,0.8388727903366089,0.5335425138473511,0.234419584274292,0.19308829307556152
136,3201,Been a little more productive yesterday and today . I went out and got groceries even though I didn’t want to . I didn’t want to get out of bed . I didn’t want to shower . I didn’t want to eat . I didn’t want to do anything . But I was productive and forced myself to do the things I needed to do . I’m trying my best . I’m struggling but I’m trying my best,2024-11-03 17:02:28,7,False,-1.0,1.0,False,0.3202381730079651,1.4849965572357178,0.3347583413124084,1.4835188388824463,0.014520168304443304,0.0014777183532714844
136,3202,"Content , Calm , Relaxed , Social , Open",2024-11-03 22:01:35,7,True,1.0,0.0,False,1.6300140619277954,0.18190467357635498,1.4467109441757202,0.3711097836494446,0.1833031177520752,0.1892051100730896
136,3203,"Tired , Sad , Nervous , Anxious , Uncertain",2024-11-04 17:03:34,7,True,-1.0,1.0,False,-0.8232694864273071,0.8379313945770264,-0.8504998683929443,0.8912544250488281,0.027230381965637207,0.05332303047180176
136,3204,Feeling alone and sad . Been having really bad days for the past few days . I hope that things will get better . I want to just feel okay . To feel normal . I have been so bad and down mentally . I should be feeling normal . I need to feel stronger and keep pushing .,2024-11-04 22:04:02,7,False,-2.0,1.0,False,-1.3573487997055054,0.813957929611206,-1.3943222761154177,0.7972983121871948,0.03697347640991233,0.01665961742401123
136,3205,"Sad , Anxious , Unproductive , Lonely , Upset",2024-11-05 17:03:43,7,True,-1.0,1.0,False,-0.894290030002594,1.1864614486694336,-0.9958702325820924,1.2782909870147705,0.1015802025794984,0.09182953834533691
136,3206,"Sad , Overwhelmed , Nauseous , Lonely , Depressed",2024-11-05 22:47:20,7,True,-1.0,1.0,False,-1.4185887575149536,0.9403946995735168,-1.5218814611434937,0.9964781999588012,0.10329270362854004,0.05608350038528431
136,3208,"Sad , Tired , Sleepy , Grumpy , Annoyed",2024-11-06 12:47:33,7,True,-1.0,1.0,False,-0.9648351073265076,0.8225266337394714,-1.0308022499084473,0.8799774646759033,0.0659671425819397,0.057450830936431885
136,3209,I didn’t go to class this morning . Slept all morning . Took my meds . Still tired . studied . Haven’t eaten yet today but not hungry . Stomach hurts . I have no motivation to do anything I just want to stay in bed all day and do nothing,2024-11-06 17:01:41,7,False,-1.0,1.0,False,-1.35897696018219,0.027291836217045784,-1.3534753322601318,0.0149908233433961,0.0055016279220581055,0.012301012873649684
136,3210,"Sad , Annoyed , Angry , Tired , Fatigue",2024-11-06 22:01:51,7,True,-2.0,1.0,False,-0.942884624004364,1.140633463859558,-1.068563461303711,1.1856054067611694,0.12567883729934692,0.04497194290161133
136,3211,I feel horrible . Last night was another tough night . I reached out to a friend and they had to make sure I was ok . I barely slept . I couldn’t sleep until after 4am . Class at 8am . Meeting . I feel empty . Sad . Lonely . I feel so horrible,2024-11-07 12:13:44,7,False,-2.0,1.0,False,-1.9296733140945435,0.8191181421279907,-1.9437974691390991,0.8026771545410156,0.014124155044555664,0.016440987586975098
136,3212,"Feeling a little better right now . Been busy all day . Tired because I did not sleep well last night . Did not fall asleep until after 4am and then woke up at 7am . I had class , saw patients , and now have a quiz to go to at 6pm . Keeping myself busy . Tired and want to take a nap",2024-11-07 17:03:48,7,False,-1.0,1.0,False,-0.5564618110656738,0.6416894197463989,-0.5101284980773926,0.5815967917442322,0.04633331298828125,0.06009262800216675
136,3213,"Okay , Better , Calm , Relaxed , Safe",2024-11-07 22:16:42,7,True,0.0,1.0,False,0.9768061637878418,0.3519487679004669,0.8473951816558838,0.5082634687423706,0.129410982131958,0.1563147008419037
136,3214,"Okay , Relaxed , Content , Calm , Breathing",2024-11-08 22:02:36,7,True,0.0,1.0,False,1.3362942934036255,0.030166147276759148,1.214140772819519,0.1622153520584106,0.12215352058410645,0.13204920478165144
136,3215,"Feeling ok mentally . Woke up pretty late around 12pm , then stayed in bed until 2pm . Went out to get groceries and did laundry so I’m trying to be productive . I have to start studying now because it’s late in the afternoon . I slept ok . Mood is ok but my stomach hurts",2024-11-09 17:27:28,7,False,-1.0,0.0,False,0.013874785043299198,0.5309305191040039,0.0793166905641555,0.4997009932994842,0.0654419055208563,0.03122952580451971
136,3216,"Went to get groceries , did laundry , studied , ate food , talked to my partner , feeling okay right now . I feel like I’ve been productive . The day went by pretty fast . I get to sleep in tonight because tomorrow is the weekend . I’m looking forward to sleep",2024-11-09 22:04:18,7,False,0.0,1.0,False,0.5442162752151489,1.1693401336669922,0.4545224606990814,1.1389126777648926,0.0896938145160675,0.03042745590209961
136,3217,"Lonely , Sad , Nervous , Anxious , Unsure",2024-11-10 17:16:48,7,True,-1.0,1.0,False,-0.9887869358062744,1.0106616020202637,-1.1540812253952026,1.1428797245025637,0.16529428958892822,0.13221812248230003
136,3425,Been productive for most of the day . Got some snacks and food for myself so self care . Also went out for a short walk but it was too hot so only stayed out for like 10 minutes . I feel comfortable and clean after taking a shower and lay in bed watching tv and playing games . Feeling ok currently,2024-11-10 22:03:12,7,False,0.0,1.0,False,0.3482534885406494,0.8852441310882568,0.3495774865150451,0.9209997057914734,0.0013239979743956964,0.03575557470321655
136,3426,"Tired , Sleepy , Lonely , Overwhelmed , Stressed",2024-11-11 12:02:16,7,True,-1.0,1.0,False,-1.1162611246109009,0.2858707904815674,-1.1547023057937622,0.3596098124980926,0.03844118118286133,0.07373902201652521
136,3427,"Woke up and did not want to go to class because I was tired and sleepy and was not able to fall asleep until 2am . I thought about not going to class but made myself go . I also went to small group after class . I took a nap but kept waking up every 10 minutes . I am not tired right now but feeling a little sick . Other than that , I’m okay",2024-11-11 17:02:26,7,False,-1.0,2.0,False,-0.769306480884552,-0.008002160117030144,-0.7358905673027039,-0.0429846458137035,0.033415913581848145,0.03498248569667336
136,3428,Currently I am feeling okay . A little tired and don’t have energy but I feel mentally okay . Missed class this morning because I didn’t fall asleep until after 3-4am so I didn’t wake up until past 12pm . I missed my alarm . Todays lectures were pretty simple so I am not worried,2024-11-12 17:08:22,7,False,0.0,1.0,False,-0.17193105816841125,0.2494819462299347,-0.2072356045246124,0.2126252651214599,0.035304546356201144,0.03685668110847479
136,3429,"Confused , Stressed , Anxious , Frustrated , Uncertain",2024-11-12 22:06:19,7,True,-1.0,1.0,False,-1.138715386390686,1.350728988647461,-1.349423050880432,1.4458575248718262,0.21070766448974587,0.09512853622436523
136,3430,Feeling okay . Woke up feeling tired and then went to class . Finished class . Now I would usually take a nap but I’m not feeling tired right now . I have small group and don’t want to go but I should go because I want to stay productive . Woke up and feel okay about my body today,2024-11-13 12:02:10,7,False,-1.0,0.0,False,-0.2554754614830017,0.18045516312122345,-0.2832503020763397,0.1996144503355026,0.027774840593338013,0.019159287214279147
136,3431,"Tired , Sad , Nervous , Stressed , Anxious",2024-11-13 17:02:28,7,True,-1.0,1.0,False,-0.8454673290252686,0.7752033472061157,-0.94850492477417,0.9074513912200928,0.10303759574890148,0.13224804401397705
136,3432,"Tired , Sleepy , Anxious , Annoyed , Lonely",2024-11-13 22:02:19,7,True,0.0,1.0,False,-0.8059564828872681,0.6236778497695923,-0.8991023302078247,0.6619414687156677,0.09314584732055664,0.03826361894607544
100,1404,"Good , Calm , Neutral , Okay , Cool",2024-07-17 12:04:58,7,True,0.0,1.0,False,0.4130952060222626,0.9658044576644897,0.31739541888237,1.1418194770812988,0.09569978713989258,0.17601501941680908
100,1405,"Tipsy , Lively , Good , Cool , Okay",2024-07-17 17:03:46,7,True,1.0,1.0,False,1.3289649486541748,0.9931246042251587,1.1811974048614502,1.132899045944214,0.1477675437927246,0.1397744417190554
100,1406,"Calm , Anxious , Cool , Good , Somewhat happy",2024-07-18 17:30:07,7,True,0.0,1.0,False,0.9272507429122925,0.8382797241210938,0.7557197213172913,0.9902839064598083,0.17153102159500122,0.1520041823387146
100,1407,"Good , Happy , Great , Cool",2024-07-19 12:48:16,7,True,1.0,1.0,False,1.3819023370742798,0.8598920106887817,1.1823776960372925,1.0384482145309448,0.1995246410369873,0.17855620384216309
100,1408,"Calm , Good , Neutral , Unbothered , Cool",2024-07-20 17:07:27,7,True,0.0,1.0,False,0.394999235868454,0.9013445377349854,0.3292383253574371,1.03912615776062,0.0657609105110169,0.13778162002563454
100,1409,"Cool , Calm , Somewhat tired , Good",2024-07-21 12:30:42,7,True,0.0,1.0,False,0.9735709428787231,0.49781540036201477,0.773367702960968,0.7784147262573242,0.20020323991775513,0.28059932589530945
100,1419,"Calm , Nervous , Cool , Good , Fine",2024-07-22 12:49:38,7,True,1.0,1.0,False,1.2807711362838745,0.4302592873573303,1.0290465354919434,0.6743299961090088,0.25172460079193115,0.24407070875167847
100,1420,Work has been so tasky today and I ' m feeling very sluggish and tired already . Been working my ass out since I got to work and my strength is diminishing .\ n \ nI feel kinda stressed out tired and feel like resting or sleeping,2024-07-22 17:12:48,7,False,-1.0,0.0,False,-1.6340032815933228,0.10158827155828476,-1.6764565706253052,0.1013571918010711,0.04245328903198242,0.00023107975721366192
100,1421,"Cool , Calm , Nice , Unbothered",2024-07-23 12:15:51,7,True,0.0,1.0,False,1.043252944946289,0.4535673260688782,0.8761704564094543,0.6679982542991638,0.16708248853683472,0.21443092823028564
100,1422,"Calm , Good , Neutral , Getting stressed",2024-07-24 12:45:53,7,True,0.0,1.0,False,0.5490612387657166,0.8592671155929565,0.4554381668567657,0.9767499566078186,0.09362307190895086,0.11748284101486206
100,1423,"Tired , Stressed , Sluggish , Exhausted , Hungry",2024-07-24 17:02:23,7,True,-2.0,0.0,False,-1.5648632049560547,0.08917617797851562,-1.5702996253967283,0.1666646897792816,0.005436420440673606,0.07748851180076596
100,1424,"Lively , Spirited , Tipsy , Happy , Cool",2024-07-25 17:11:49,7,True,1.0,2.0,False,1.2734805345535278,1.5602002143859863,1.0558619499206543,1.7080481052398682,0.21761858463287354,0.14784789085388184
100,1425,"Tired , Exhausted , Hungry , Low , Anxious",2024-07-26 17:01:43,7,True,-2.0,0.0,False,-1.1688212156295776,0.37492725253105164,-1.2187296152114868,0.4340812265872955,0.04990839958190918,0.05915397405624384
100,1426,"Tired , Exhausted , Tipsy , calm , Nervous",2024-07-27 17:13:04,7,True,-2.0,0.0,False,-1.2105857133865356,0.21006564795970917,-1.3055464029312134,0.3092606365680694,0.09496068954467773,0.09919498860836024
100,1427,"Tired , Sluggish , Sleepy , Tipsy",2024-07-27 22:17:23,7,True,-1.0,0.0,False,-1.7212945222854614,-0.02248374931514263,-1.72219717502594,0.0467955507338047,0.0009026527404785156,0.06927930004894733
100,1428,"Lively , Tipsy , Good , Happy",2024-07-28 17:14:19,7,True,1.0,2.0,False,1.2997925281524658,1.3061556816101074,0.952406883239746,1.4481828212738037,0.34738564491271984,0.1420271396636963
100,1429,"I ' m feeling good and lively , today ' s work wasn ' t that stressful as there wasn ' t much to do . And I had a good time with a friend during lunch as we talked about life in it ' s entirety .\ n \ nI ' m also feeling hungry at the moment and somewhat sleepy .",2024-07-29 17:12:15,7,False,1.0,1.0,False,1.644380807876587,0.7129992842674255,1.6095017194747925,0.6984224915504456,0.034879088401794434,0.01457679271697998
100,1430,"I ' m feeling quite normally or do I say neutral because I ' m neither happy nor unhappy . Tho I ' m kinda nervous with the task I ' m currently working on , as I ' m expecting a positive outcome .\ n \ nSo I ' m just feeling cool .",2024-07-30 12:00:48,7,False,0.0,1.0,False,1.0161241292953491,0.6587810516357422,0.976436734199524,0.6836550831794739,0.039687395095825084,0.02487403154373169
100,1431,"Tired , Exhausted , Stressed , Restless , Tipsy",2024-07-30 22:00:51,7,True,-2.0,0.0,False,-1.4455653429031372,0.22342199087142944,-1.413417935371399,0.3285419046878814,0.03214740753173828,0.10511991381645197
143,3608,"Happy , Calm , Cool , Jaunty , Good",2024-10-15 12:02:25,7,True,1.0,1.0,False,1.600187063217163,0.8127062320709229,1.5687189102172852,1.0826886892318726,0.03146815299987793,0.2699824571609497
143,3609,"I am currently feeling good , I am doing my daily tasks and my following my daily routine activities . I am happy with the situation of things currently and I am able to relate well with my colleagues at the workplace",2024-10-15 17:21:31,7,False,1.0,1.0,False,1.2011964321136475,0.7088885307312012,1.165785551071167,0.6930767893791199,0.03541088104248047,0.0158117413520813
143,3610,"Calm , Cool , Confident , Relaxed , Good",2024-10-16 12:01:50,7,True,2.0,0.0,False,1.4572664499282837,0.2318677306175232,1.3952953815460205,0.3907170593738556,0.061971068382263184,0.1588493287563324
143,3611,"Calm , Contented , Confident , Happy , Relaxed",2024-10-16 17:02:10,7,True,2.0,1.0,False,1.6682806015014648,0.20103301107883453,1.6709401607513428,0.2974354326725006,0.0026595592498779297,0.09640242159366608
143,3612,"Calm , Dizzy , Relaxed , Happy , Good",2024-10-16 22:09:02,7,True,2.0,0.0,False,1.4554901123046875,0.6343078017234802,1.4552888870239258,0.8553596138954163,0.00020122528076171875,0.22105181217193604
143,3613,"Calm , Happy , Lively , Relaxed , Confident",2024-10-17 12:40:49,7,True,1.0,0.0,False,1.7600102424621582,0.6052279472351074,1.6922701597213743,0.7803417444229126,0.06774008274078391,0.17511379718780518
143,3614,"Contented , Calm , Cool , Relaxed , Comfortable",2024-10-17 17:34:49,7,True,2.0,0.0,False,1.5871338844299316,-0.07348763197660446,1.530787229537964,0.1123846322298049,0.05634665489196755,0.18587226420640934
143,3615,"I feel happy and I am doing good with everything happening to me right now , I feel awesome and lively at the moment . Things are going smoothly for me and I believe I am on the right track at the moment .",2024-10-17 22:06:00,7,False,1.0,2.0,False,2.1065802574157715,0.9775867462158203,2.0650734901428223,1.0515244007110596,0.04150676727294922,0.07393765449523926
143,3616,"I am feeling good , I am happy and doing fine . Things are going smoothly and I am optimistic about my future , I can handle situations about my life comfortably . I believe when I pray to God and I put in my best in all I do , I will come out victorious .",2024-10-18 12:08:08,7,False,2.0,1.0,False,1.6310187578201294,0.8319348096847534,1.5547339916229248,0.8756926655769348,0.07628476619720459,0.043757855892181396
143,3618,"Nervous , Calm , Good , Comfortable , Confident",2024-10-18 17:02:52,7,True,0.0,1.0,False,1.2956626415252686,0.5157716274261475,0.8812627792358398,0.8154590129852295,0.4143998622894287,0.29968738555908203
143,3619,"I am not feeling happy ,, I am expecting and information to come through my mail and it’s not coming through . I am kinda nervous because of the information I am expecting . I hope this information will come through and I will be able to use it for what I intend to use it for",2024-10-18 22:01:34,7,False,0.0,1.0,False,-0.8425562977790833,1.3603816032409668,-0.9252970218658448,1.401346206665039,0.08274072408676159,0.040964603424072266
143,3620,"Calm , Cool , Happy , Contented , Confident",2024-10-19 12:01:52,7,True,1.0,0.0,False,1.5196152925491333,0.29199671745300293,1.4923914670944214,0.4146517813205719,0.027223825454711914,0.12265506386756897
143,3621,"Happy , Calm , Comfortable , Relaxed , Good",2024-10-19 17:03:58,7,True,1.0,1.0,False,1.6933358907699585,0.6301121115684509,1.6848013401031494,0.7563050985336304,0.008534550666809082,0.12619298696517944
143,3622,"I am feeling happy , relaxed and relieved . I am enjoying my weekend with my family and things are going on smoothly . I am playing with my kids and they’re also enjoying the moment with me . This kind of moment helps foster the love between family",2024-10-20 12:57:59,7,False,1.0,0.0,False,1.7156614065170288,0.6598605513572693,1.6563273668289185,0.7136967182159424,0.05933403968811035,0.053836166858673096
143,3623,"I am very happy with the way things are going for me , I am happy I have enough time to spend with my family . I feel relaxed and happy seeing them . Doing good . I feel connected to them . I am always happy having my family around me",2024-10-20 17:49:47,7,False,2.0,1.0,False,1.4347693920135498,0.6145491600036621,1.3470665216445925,0.6378877758979797,0.0877028703689573,0.023338615894317627
143,3624,"I am contented with everything , and happy with the situation of things in my life . I feel relaxed anytime I am with my family , because it gives me that special feeling and helps increase how I see things from a love side . I am feeling confident and satisfied , I like the way life is revolving",2024-10-20 22:08:54,7,False,2.0,0.0,False,1.3031522035598755,0.25828850269317627,1.212938666343689,0.2631393373012543,0.09021353721618652,0.004850834608078003
143,3625,"I am happy and proud of myself , I feel everything is going on well for me and I am doing great for myself . I am fine with the situation of things around me and I am happy about it . I feel relaxed and happy about my day so far",2024-10-21 12:38:53,7,False,1.0,0.0,False,2.0113813877105713,0.8564265966415405,1.9510577917099,0.8951364755630493,0.06032359600067139,0.03870987892150879
143,3626,"Cool , Happy , Active , Relaxed , Confident",2024-10-21 17:03:57,7,True,0.0,2.0,False,1.3091274499893188,0.8525062203407288,1.1969306468963623,1.0573275089263916,0.11219680309295654,0.20482128858566284
143,3627,"Cool , Happy , Joy , Calm , Relaxed",2024-10-21 22:01:54,7,True,0.0,2.0,False,1.5567690134048462,0.539581835269928,1.3751871585845947,0.7833881378173828,0.18158185482025146,0.24380630254745483
143,3629,I am feeling happy and jaunty . I am happy with my current situation at work . I am active and performing my daily tasks . I am also happy working with my colleagues and we’re all happy doing a great job together . I feel relaxed and confident,2024-10-22 17:26:58,7,False,0.0,2.0,False,1.6407207250595093,1.144484281539917,1.6232579946517944,1.1993972063064575,0.017462730407714844,0.05491292476654053
143,3630,"I am happy with the situation of things , things are going on well and I am happy with the situations at my workplace . Life has been going on well for me , I feel relaxed connected , calm with everyone around me . Things have been good for me",2024-10-23 17:07:41,7,False,0.0,2.0,False,1.6109375953674316,0.6074721813201904,1.4914551973342896,0.6411060094833374,0.11948239803314209,0.03363382816314697
143,3631,"Happy , Active , Good , Calm , Jaunty",2024-10-23 22:58:51,7,True,0.0,2.0,False,1.5685656070709229,1.190146803855896,1.6160179376602173,1.3659595251083374,0.047452330589294434,0.1758127212524414
143,3632,"Happy , Calm , Cool , Confident , Comfortable",2024-10-24 12:01:15,7,True,0.0,2.0,False,1.4888986349105835,0.6011756658554077,1.3927745819091797,0.8084746599197388,0.09612405300140381,0.20729899406433105
143,3633,"I am feeling relaxed and happy with myself . I like the situation of things around my workplace , I am in good condition with my other colleagues at the workplace . I feel comfortable with people around me and everything has been going on smoothly since I’ve get to the workplace",2024-10-24 17:03:37,7,False,0.0,2.0,False,1.8867849111557007,0.5891230702400208,1.8692137002944944,0.5658642053604126,0.017571210861206277,0.023258864879608154
143,3634,I feel active and firm . I enjoined myself to see things from the positive side of life . I am happy with the situation of things around my life and the balance between my personal life and my work life . Things have going on well for me and I am also enjoying life with everything that revolves around it,2024-10-24 22:01:40,7,False,0.0,2.0,False,0.9590132236480713,1.4644012451171875,0.9231699109077454,1.540764093399048,0.03584331274032593,0.07636284828186057
143,3635,"Calm , Cool , Active , Happy , Comfortable",2024-10-25 12:03:51,7,True,0.0,2.0,False,1.2988580465316772,0.6227004528045654,1.135250449180603,0.7795961499214172,0.16360759735107422,0.1568956971168518
143,3636,"Happy , Calm , Cool , Comfortable , Confident",2024-10-25 17:28:15,7,True,0.0,2.0,False,1.5429799556732178,0.5558926463127136,1.4216333627700806,0.8070410490036011,0.12134659290313721,0.25114840269088745
143,3637,"I am active and looking sharp , today has been good so far and thing are fine in the public space . I’m happy with the situation of things around me and today was a good day . I’m happy it’s weekend because I’ve got enough time to spend with my family .",2024-10-25 22:06:44,7,False,0.0,2.0,False,0.9072003364562988,1.5431036949157715,0.8275882601737976,1.5984643697738647,0.07961207628250122,0.05536067485809326
143,3638,"I am happy with my family , I am happy with the situation of things around me . My kids are happy with me and I am also glad I have enough time to spend with them this weekend . I also feel relaxed around my family and how things have been going for us",2024-10-26 17:10:33,7,False,0.0,2.0,False,1.2944446802139282,0.530066967010498,1.2034358978271484,0.5734069347381592,0.09100878238677979,0.04333996772766113
143,3640,"I am happy and doing good , I like what’s happening around me and what’s going on in my life . I feel more confident about my future and I am happy . Life has been good to me and things are working well for me and my family",2024-10-26 22:12:49,7,False,0.0,2.0,False,1.3856161832809448,1.0276539325714111,1.270258545875549,1.1069087982177734,0.11535763740539573,0.0792548656463623
143,3641,I am feeling happy with my family at the moment . Everyone of us is doing fine and we’re happy we can spend this beautiful moment with one another . My spouse and I are very happy with how we’re spending the weekend,2024-10-27 12:59:22,7,False,0.0,2.0,False,1.464086651802063,0.7718796730041504,1.3379186391830444,0.8051429986953735,0.12616801261901855,0.033263325691223145
143,3642,I am happy with myself . I am feeling better with myself and my family . I am feeling much happier today because I have enough time to spend with my family . I am happy because my spouse is really happy enjoying the moment we’re spending together,2024-10-27 22:06:21,7,False,0.0,2.0,False,1.3085721731185913,0.9188275337219238,1.2167190313339231,0.9444113373756408,0.09185314178466819,0.02558380365371693
143,3643,"I am happy with the situation of things around me , I’m active and working with my colleagues . I am happy and confident about myself . Work has been a bit hectic today but I’m still productive and completing my daily tasks .",2024-10-28 17:03:16,7,False,0.0,2.0,False,1.022549033164978,1.3485056161880493,0.9724155068397522,1.3599567413330078,0.05013352632522583,0.011451125144958496
92,690,I feel tired and fatigued at the moment . Feeling slightly overwhelmed that I am not done with my day yet . There were some unexpected situations during my day resulting in me needing to be flexible in my day in order to be accommodating .,2024-09-24 17:00:52,7,False,-2.0,0.0,False,-1.1841741800308228,0.2210533171892166,-1.2376352548599243,0.2317266017198562,0.05346107482910156,0.010673284530639593
92,694,Feeling sluggish as I have a lot of notes to complete for my job . I am feeling tired because there is always work to do after work . Feeling slightly overwhelmed as I still have lots to do despite waking up early to get a head start to complete notes .,2024-09-26 17:18:32,7,False,-1.0,0.0,False,-1.411383867263794,0.2768060266971588,-1.4794710874557495,0.2536207735538482,0.06808722019195557,0.023185253143310602
92,695,"Feeling sad because I have met up with some friends and I do not like where I am at . Feeling unaccomplished and distracted . I feel like I should be doing more , but I’m not and I don’t know how to reach where I want to be . Feeling sad .",2024-09-26 22:37:40,7,False,-1.0,1.0,False,-1.0785144567489624,0.9888296723365784,-1.0958164930343628,0.9949843883514404,0.01730203628540039,0.0061547160148620605
92,696,"Feeling rested and well relaxed after sleeping a full night of sleep . I spend last night with family and getting a nice dinner to enjoy our time together . Today I have more events planned with my friends , so I am excited and feeling relaxed .",2024-09-28 12:24:15,7,False,1.0,0.0,False,1.2369698286056519,0.7998570203781128,1.1370943784713743,0.7895809412002563,0.09987545013427757,0.010276079177856445
92,697,Tired due to personal health reasons . The gloomy weather also plays a role in how I feel . The weekend is usually my time to relax but the weather is not nice enough to go outside and enjoy it . My plans with my friend was also cancelled due to weather changes .,2024-09-29 12:22:46,7,False,-2.0,0.0,False,-1.0533736944198608,0.30989870429039,-1.0927597284317017,0.3193152248859405,0.03938603401184082,0.009416520595550482
92,698,I feel somewhat sad as my weekend was finished so quickly and I was not able to do what I wanted to do . I am feeling slightly sad that I have to prepare myself for another week of work even though I feel like I am not ready to work yet .,2024-09-29 22:46:11,7,False,-1.0,1.0,False,-0.9487355351448059,0.9028095006942749,-0.9590011835098268,0.9429715871810912,0.010265648365020863,0.040162086486816295
92,699,Lively because it is the start of my day and I need to be lively for my work . I just finished treating one of my patients who always looks forward to seeing me and that makes me excited to see her and treat her as well . Makes me feel appreciated .,2024-09-30 12:07:20,7,False,1.0,2.0,False,1.1663037538528442,1.949281930923462,1.065499186515808,2.05275297164917,0.10080456733703613,0.10347104072570801
92,709,Neutral and content as I do not have plans tomorrow . I am relaxed and enjoying my night . I ate a big meal and spent time with my boyfriend so I am enjoying my day and content with what I did today . Feeling relaxed as I do not have to work tomorrow and I get to spend time with my dog at home .,2024-10-05 22:41:28,7,False,0.0,1.0,False,1.0364326238632202,0.5179876089096069,0.96855890750885,0.5068866014480591,0.06787371635437023,0.011101007461547852
92,711,"Neutral as my job is reaching out on a my resting day . I was feeling content but I am feeling slightly frustrated but trying to not have my work interrupt my resting day routine and emotions , I have a lot of the day to continue to enjoy so I am not as upset .",2024-10-06 17:16:42,7,False,0.0,1.0,False,0.28267157077789307,0.3094470202922821,0.2616333365440368,0.3326912820339203,0.021038234233856257,0.023244261741638184
92,712,"Feeling neutral , tomorrow is Monday , but I am not working so I feel a little more at ease . Currently I’m feeling calm because I am cooking and trying out a new recipe . My dog is by my side and keeping me company so I am content and relaxed as well .",2024-10-06 22:40:09,7,False,0.0,1.0,False,0.5544161796569824,0.7683283686637878,0.5193898677825928,0.7928396463394165,0.03502631187438965,0.024511277675628662
92,713,Feeling happy as I have the day off and spending my time with my boyfriend and my dog . I was able to sleep in a little bit today and enjoy a slower morning . Planning out the rest of my day to take advantage of what the dog on my day off . However there are still emails being reached out to me and there are still things to do .,2024-10-07 12:36:49,7,False,1.0,1.0,False,1.340704321861267,0.7322361469268799,1.3477827310562134,0.7013998031616211,0.007078409194946289,0.03083634376525879
92,714,"Currently feeling neutral , not content and not sad . I am doing my own independent work for personal growth , so I’m just neutral . I thinking about what to eat for dinner and considering eating outside on a Monday as there would be less people out . Planning out my week in preparation for work .",2024-10-07 17:00:16,7,False,0.0,0.0,False,0.01882047951221466,1.0517714023590088,0.0074497917667031,1.0486055612564087,0.01137068774551156,0.0031658411026000977
92,689,"Rushed , Awake , Neutral , Anxious , Worried",2024-09-24 12:00:45,7,True,0.0,2.0,False,0.05251137912273407,1.1332058906555176,-0.0232531577348709,1.2184995412826538,0.07576453685760497,0.08529365062713623
92,691,"Rushed , Relief , Content , Tired , Rested",2024-09-25 12:02:24,7,True,1.0,0.0,False,0.5925602912902832,0.6558494567871094,0.4000723958015442,0.8687372207641602,0.192487895488739,0.21288776397705078
92,692,"Content , Calm , Worried , Tired , Relaxed",2024-09-25 22:56:58,7,True,1.0,0.0,False,0.9960050582885742,-0.006161873694509268,0.6578184962272644,0.209382563829422,0.3381865620613098,0.21554443752393126
92,693,"Worried , Anxious , Overthinking , Calm , Rested",2024-09-26 12:12:12,7,True,0.0,1.0,False,-0.29864728450775146,0.8728806972503662,-0.4487551748752594,0.8905233144760132,0.15010789036750793,0.017642617225646973
92,700,"Calm , Worried , Anxious , Tired , Drained",2024-09-30 17:46:46,7,True,0.0,1.0,False,0.34088078141212463,0.5954009294509888,0.20961894094944,0.6635286808013916,0.13126184046268463,0.06812775135040283
92,701,"Neutral , Calm , Resting , Tired , Drained",2024-09-30 22:19:31,7,True,0.0,1.0,False,0.018266528844833374,0.9600223302841187,-0.0567656159400939,1.0486916303634644,0.07503214478492727,0.0886693000793457
92,702,"Tired , Fatigued , Used , Sad , Drained",2024-10-01 17:52:45,7,True,-1.0,1.0,False,-1.3113526105880737,0.43343284726142883,-1.2135672569274902,0.517737090587616,0.0977853536605835,0.08430424332618713
92,703,"Tired , Drained , Sad , Sore , Used",2024-10-01 22:05:56,7,True,-2.0,0.0,False,-1.2820305824279785,0.25932246446609497,-1.2198110818862915,0.2921171188354492,0.06221950054168701,0.03279465436935425
92,704,"Tired , Sleepy , Anxious , Disgust , Disappointed",2024-10-02 17:00:36,7,True,-1.0,0.0,False,-0.9539109468460083,0.5913297533988953,-0.9206961393356324,0.6663098335266113,0.033214807510375866,0.07498008012771606
92,705,"Calm , Happy , Tired , Relaxed , Sore",2024-10-02 22:00:32,7,True,2.0,0.0,False,1.114381194114685,0.24962301552295685,1.133912444114685,0.3783064186573028,0.01953125,0.12868340313434595
92,706,"Quiet , Relaxed , Content , Calm , Happy",2024-10-03 22:54:59,7,True,0.0,0.0,False,1.12235689163208,-0.12275317311286926,0.9913407564163208,0.018359649926424,0.13101613521575928,0.14111282303929326
92,707,"Content , Calm , Happy , Slightly anxious , Thinking",2024-10-04 12:22:09,7,True,1.0,0.0,False,1.2465819120407104,0.5471189618110657,1.0705350637435913,0.7932668924331665,0.17604684829711914,0.24614793062210083
92,708,"Active , Rushed , Alive , Anxious , Content",2024-10-05 12:00:24,7,True,0.0,2.0,False,0.19057701528072357,1.6984198093414307,0.165549948811531,1.8729982376098635,0.02502706646919256,0.17457842826843284
92,710,"Happy , Content , Calm , Relaxed , Rested",2024-10-06 12:00:22,7,True,1.0,1.0,False,1.9677118062973022,0.32884612679481506,1.960039973258972,0.5201750993728638,0.0076718330383303,0.1913289725780487
92,715,"Relaxed , Content , Calm , Refreshed , Ease",2024-10-07 22:00:54,7,True,0.0,1.0,False,2.214719772338867,-0.23622554540634155,2.2351183891296387,-0.1475811451673507,0.020398616790771484,0.08864440023899084
104,1565,"I ' m pretty excited to go hiking . The weather has been really warm and today actually feels like Fall weather . So my mood is calm and content . I ' m with family , the air is crisp and Fall weather is my favorite season .",2024-11-02 12:14:46,7,False,2.0,0.0,False,1.1917704343795776,0.8527859449386597,1.261502385139465,0.7665855884552002,0.06973195075988747,0.08620035648345947
104,1566,Today my mood is pretty good . I am going for a hike and the weather is super nice . The temperature is finally feeling Fall like and I ' m excited to go on my first   hike of the year . Looking forward to more hikes until the end of the year for sure,2024-11-02 17:02:15,7,False,2.0,0.0,False,1.0982730388641357,1.4322781562805176,1.0576322078704834,1.4214352369308472,0.040640830993652344,0.01084291934967041
104,1567,"Calm , Sleepy , Normal , Fine , Content",2024-11-03 12:47:56,7,True,2.0,0.0,False,1.1532083749771118,0.15438495576381683,1.0019477605819702,0.3210300505161285,0.1512606143951416,0.16664509475231165
104,1568,"Nervous , Ambiguous , Hopeful , Cautious , Optimistic",2024-11-04 17:12:41,7,True,-1.0,2.0,False,0.2724519371986389,1.574129581451416,0.1916597485542297,1.5892311334609983,0.08079218864440921,0.015101552009582297
104,1569,Still a bit jittery for the coming election tomorrow . Not sure what to think of it . Cautiously optimistic hut still want to not put all my eggs into a basket . Just had dinner and trying not to overthink about tomorrow,2024-11-04 22:14:53,7,False,0.0,1.0,False,-0.21555759012699127,1.2199242115020752,-0.3484125137329101,1.2217862606048584,0.13285492360591883,0.0018620491027832031
104,1571,Just feeling nervous about the election . I have no idea how the entire thing is going to unfold and the next few decades will be decided on the winner . And it ' s a close race . No idea and cautiously optimistic and yet still feels unsurr,2024-11-05 22:05:42,7,False,-1.0,2.0,False,-0.34925904870033264,1.0562729835510254,-0.3591015338897705,1.0553361177444458,0.009842485189437866,0.0009368658065795898
104,1572,"Dejected , Lost , Wondering , Election , Hope",2024-11-06 17:13:34,7,True,-1.0,1.0,False,-0.8551192283630371,0.5839985013008118,-0.9164903163909912,0.664530873298645,0.0613710880279541,0.08053237199783325
104,1573,"Contemplating , Unsure , Neutral , Nonchalant , Wistful",2024-11-06 22:05:24,7,True,0.0,1.0,False,-0.1824486404657364,1.1300472021102905,-0.2153165489435196,1.1437398195266724,0.0328679084777832,0.013692617416381836
104,1574,Not as doom and gloom on election day . Don ' t want to over rhink and just focus on hope and the future and pray that it ' s not as bad as it seems . And try to get on with my life and just go about my day as normalna and possible,2024-11-07 12:01:38,7,False,0.0,1.0,False,0.44529300928115845,0.6645203828811646,0.3500940501689911,0.7104271650314331,0.09519895911216736,0.045906782150268555
104,1575,Not sure what to make of this post election situation . But I ' m not going to keep feeling down and just try to continue with the daily life and focus on my mental well being and situation . Life goes on,2024-11-07 17:26:55,7,False,0.0,1.0,False,-0.276561439037323,0.5836364030838013,-0.3859418332576751,0.5932552814483643,0.10938039422035212,0.009618878364562988
104,1576,"Nonchalant , Unsure , Cautious , Wondering , Reflection",2024-11-08 12:54:59,7,True,0.0,1.0,False,0.20221184194087982,1.0459771156311035,0.1670322269201278,1.021400809288025,0.03517961502075201,0.024576306343078613
104,1577,"Full , Restful , Neural , Calm , Homely",2024-11-08 22:03:29,7,True,0.0,1.0,False,1.4446197748184204,0.1327892541885376,1.2670270204544067,0.1733362078666687,0.17759275436401367,0.040546953678131104
104,1578,Feeling ok . It ' s the weekend and the weather is pretty nice . Just trying to make the best out of today . Gotta make sure my mental health is good and feeling loved and content . Want to feel positive despite the election .,2024-11-09 12:01:30,7,False,0.0,0.0,False,1.0275251865386963,0.5890957117080688,1.0172364711761477,0.5231024026870728,0.010288715362548606,0.0659933090209961
104,1579,Not much change from today . About the same and just getting ready for dinner and turn down for the night . I ' m feeling fine and normal . Not sure what else to say or elaborate and I ' m ok . Sorry just rambling coz it ' s a 200 words minimum and I ' m trying to explain the best I can,2024-11-09 17:01:29,7,False,0.0,1.0,False,0.9954409599304199,0.48486408591270447,0.929689645767212,0.5146161317825317,0.0657513141632079,0.02975204586982727
104,1580,"This is the 3rd mini survey I did . So I ' m not sure if I ' m supposed to keep doing 3 of these today . But I don ' t think my feelings change in the course of the entire day . So it ' s basically just normal , not over thinking .",2024-11-09 22:10:24,7,False,0.0,1.0,False,0.7297901511192322,1.0114351511001587,0.693894624710083,1.0138802528381348,0.03589552640914917,0.0024451017379760742
104,1582,Excited to go to ORG to do some home furnishing Morning feels good . Nothing out of the ordinary crazy and just feeling content . Planning my days for the next weekend . Feeling good and content and looking forward to continue my day,2024-11-10 12:06:27,7,False,1.0,1.0,False,1.4742482900619507,0.8039661645889282,1.5465837717056274,0.8833905458450317,0.07233548164367676,0.07942438125610352
104,1583,No much change since this morning . I really don ' t know how much to explain as it ' s pretty much the same as I felt this morning . Just waiting to take a nap and continue with the rest of the Sunday . I feel ok . Nothing change,2024-11-10 17:01:45,7,False,0.0,1.0,False,0.9372133016586304,0.4662064015865326,0.8500974178314209,0.4940352439880371,0.08711588382720947,0.027828842401504517
104,1584,Feeling ok . Watching tv . No feeling anything in particular . Just the same as the last mini survey I ' ve talked about . Like I said . Watching tv . Just chilling and not thinking anything in particular just the same . Sorry much to say for 200 words minimum,2024-11-10 22:55:18,7,False,0.0,1.0,False,0.8704556226730347,0.3806533217430115,0.7856085300445557,0.4376792311668396,0.084847092628479,0.057025909423828125
104,1585,"Normal , Relax , Rest , Fine , Chill",2024-11-11 22:24:44,7,True,0.0,1.0,False,0.6043545603752136,0.21808622777462006,0.5730931758880615,0.3418169915676117,0.0312613844871521,0.12373076379299164
104,1586,"Sleepy , Ok , PERSON , Relax , Nonchalant",2024-11-12 12:49:56,7,True,0.0,1.0,False,0.14972777664661407,0.4101956784725189,-0.1622926145792007,0.4587213397026062,0.31202039122581476,0.04852566123008728
104,1587,I just had dinner and now resting and watching tv . I feel ok and not thinking about anything that ' s on the news . Looking forward to the holidays and my vacation and taking a break from work since this year,2024-11-12 22:01:29,7,False,0.0,1.0,False,0.5454859733581543,0.258587509393692,0.4122046828269958,0.2198669016361236,0.1332812905311585,0.038720607757568415
104,1588,Starting my day right . Morning us pretty brisk and the weather is finally very nice and fall . Have some coffee and ready to go about my day and look forward to spending the rest of the day with my dog,2024-11-13 12:41:31,7,False,1.0,1.0,False,0.5549848675727844,1.2156097888946533,0.622288703918457,1.1833815574645996,0.06730383634567261,0.03222823143005371
104,1589,"Tired , Thirsty , Restful , Sleepy , Normal",2024-11-13 17:07:20,7,True,-1.0,0.0,False,-0.7179725766181946,0.157071053981781,-0.8936012983322144,0.2431475073099136,0.17562872171401978,0.0860764533281326
104,1590,I just had dinner . I made something really great and felt really satisfied as I was starving . Right now I ' m just relaxing and unwinding down the rest of the day watching tv and having chocolates and just feeling mindful,2024-11-13 22:08:29,7,False,1.0,1.0,False,0.8402166962623596,0.6878576278686523,0.8087454438209534,0.7830018997192383,0.03147125244140625,0.09514427185058594
104,1591,"Sleepy , Tired , Lazy , Chilling , Hungry",2024-11-14 12:01:10,7,True,-1.0,0.0,False,-0.9750076532363892,0.15859746932983398,-1.126232028007507,0.1661401987075805,0.15122437477111794,0.0075427293777465265
104,1593,"Sleepy , Tired , cold , Mindful , Sluggish",2024-11-14 17:18:03,7,True,-1.0,0.0,False,-1.4030832052230835,0.059501949697732925,-1.547410011291504,0.0695354342460632,0.1443268060684204,0.01003348454833028
104,1594,"Tired , Sleepy , Restful , Mindful , Calm",2024-11-15 12:20:50,7,True,0.0,1.0,False,-0.7203586101531982,0.04903288558125496,-0.9527722597122192,0.1222432553768158,0.232413649559021,0.07321036979556084
104,1595,"Contend , Calm , Chill , Relax , Mindful",2024-11-15 17:07:39,7,True,1.0,1.0,False,0.6746358871459961,0.5604631900787354,0.4890970587730407,0.7990231513977051,0.18553882837295538,0.23855996131896973
104,1771,Today was a good day . I had a nice and long sleep . Went out to meet a friend and spend the day walking around the city . It was a nice and no stress day . Nothing much to complain . Looking forward to the weekend,2024-11-15 22:01:29,7,False,1.0,1.0,False,0.9955931901931763,0.9197214245796204,1.007174015045166,0.8948560953140259,0.011580824851989746,0.024865329265594482
104,1772,"Calm , Collective , Neutral , Mindful , Peace",2024-11-16 22:43:36,7,True,1.0,0.0,False,0.5093696713447571,0.7259300351142883,0.4351757764816284,0.8565967082977295,0.07419389486312866,0.13066667318344116
132,3066,"Currently , I am feeling very tired and exhausted . I was awake every two - three hours with my baby last night . Thankfully , my husband is helpful ; he stays awake during the nighttime feeding with me and helps change the baby’s diaper .",2024-11-06 12:14:02,7,False,-2.0,0.0,False,-1.317274808883667,0.1947895586490631,-1.3469444513320925,0.187351644039154,0.029669642448425515,0.007437914609909113
132,3067,"Currently , I feel overwhelmed with graduate school and caring for a newborn . Additionally , contacting my HR and insurance company regarding my fmla has been stressful . I am also stressed about finances and childcare",2024-11-06 17:01:29,7,False,-1.0,0.0,False,-0.9043788313865662,1.5185753107070923,-0.9756993055343628,1.584999442100525,0.07132047414779663,0.06642413139343262
132,3068,"Currently , I am feeling very happy and content . My level of energy is a bit lower , but I am able to complete tasks . I am working on my health and doing minimal exercise to help my fitness and energy level .",2024-11-07 17:01:43,7,False,2.0,1.0,False,0.9748736619949341,0.6415520310401917,0.9555412530899048,0.6903289556503296,0.019332408905029297,0.04877692461013794
132,3071,"Currently , I am feeling ok . Being a new mom is difficult , but having a good support system helps . I’m physically tired , but mentally dealing with the new experiences fairly well . I am trying to be more energized by taking a few more naps during the day when possible .",2024-11-08 17:02:17,7,False,1.0,1.0,False,-0.05462765693664551,0.7182214260101318,-0.1356659233570099,0.6963880658149719,0.08103826642036438,0.021833360195159912
132,3072,"Currently , I’m feeling overwhelmed with the amount of housework and homework I have to do . Preparing for guests to visit the newborn is stressful . I feel like there is so much that needs to be done , but its hard to have energy to do so .",2024-11-08 22:02:10,7,False,0.0,1.0,False,-0.9349708557128906,1.7348706722259521,-1.0090113878250122,1.7274271249771118,0.07404053211212158,0.007443547248840332
132,3076,"Currently i am feeling like I am not good enough . I try to comfort my baby , but she is constantly crying while awake . I’m trying to provide for my family by housekeeping , cooking , etc , but i fell inadequate",2024-11-10 22:30:28,7,False,-1.0,2.0,False,-1.1752831935882568,0.8260628581047058,-1.2696892023086548,0.840434193611145,0.09440600872039795,0.014371335506439209
132,3082,"Currently , I’m feeling tired and nervous . Caring for a newborn is very tiring . Im nervous because I don’t know if I’ll be able to complete the school work I have in time . Also , I tried contacting HR regarding my leave and they haven’t responded , which is making me nervous about my pay .",2024-11-12 22:26:50,7,False,-1.0,1.0,False,-1.241207480430603,0.8438873291015625,-1.3511017560958862,0.8467240333557129,0.1098942756652832,0.0028367042541503906
132,3084,"Currently , I am feeling over tired . I tried napping , but the baby kept me awake . I’m overwhelmed with work and school ; still deciding on whether to withdraw from a class to lessen my workload . Everyday seems the same- trying to do work , but getting bogged down with childcare .",2024-11-13 17:02:16,7,False,-2.0,0.0,False,-1.2765733003616333,0.36117294430732727,-1.3200565576553345,0.3557801246643066,0.04348325729370117,0.005392819643020685
132,3085,"Currently , I am feeling tired . I got awoken early and asked for a favor . I’m worried about my parents’ health , as they are in need of more care . Not sure how this will work out during the winter , hopefully the weather will not be bad this year .",2024-11-14 12:43:45,7,False,-1.0,0.0,False,-0.8571194410324097,0.5268509387969971,-0.925831973552704,0.5163466930389404,0.0687125325202943,0.01050424575805664
132,3086,"Currently , I am feeling ok . I was able to take a nap and rest this afternoon quietly . Providing self care is important and I feel refreshed . Although i still haven’t completed the tasks i initially wanted to , i am content .",2024-11-14 17:23:02,7,False,0.0,0.0,False,0.7881172895431519,0.2213049829006195,0.7236438393592834,0.2464970648288726,0.06447345018386841,0.02519208192825309
132,3087,"Currently I’m feeling tired and bogged down . There are tasks I need/want to complete and can’t get   away from childcare to complete them . I’m happy to be with my baby , but am overwhelmed with the things i need to do",2024-11-14 22:02:06,7,False,-1.0,2.0,False,-0.9917596578598022,0.19112437963485718,-1.014931559562683,0.2151938378810882,0.02317190170288086,0.024069458246231024
132,3088,"Currently , i am feeling tired . Even though i am lying down in bed , its hard to rest because i am thinking of all of the things i need to do . I was able to do a couple of the tasks i set out to do , but there is still so much more i would like to accomplish before my husband goes back to work from paternity leave .",2024-11-15 22:31:13,7,False,0.0,0.0,False,-1.0660897493362427,0.14370541274547577,-1.115692973136902,0.1379437744617462,0.0496032238006594,0.005761638283729581
132,3092,"Currently , I am feeling drained and tired . I was able to get some naps in , but I am mentally exhausted thinking about the future . Whilst I am trying to remain present , its hard not to think about things that I need to complete to be successful .",2024-11-16 22:20:03,7,False,-1.0,1.0,False,-1.6442813873291016,0.12268443405628204,-1.710743069648743,0.1474326699972152,0.06646168231964134,0.024748235940933144
132,3095,"Currently , I am feeling ok . Even though I haven ' t completed the tasks that I wanted to , I was able to do some self-care . I am still overwhelmed with school work , but I am hoping to finish my assignments this week .",2024-11-17 22:19:02,7,False,0.0,1.0,False,0.36715376377105713,0.7417168021202087,0.2480341047048568,0.7521779537200928,0.11911965906620034,0.010461151599884033
132,3096,"Currently , I am feeling tired and sad . Im hoping to get more than 3 hours of sleep tonight , though I know it probably will not happen . Motherhood is definitely hard and I know it will not get easier .",2024-11-18 22:09:53,7,False,-1.0,1.0,False,-1.2886950969696045,0.4558817148208618,-1.3367983102798462,0.4941405951976776,0.0481032133102417,0.038258880376815796
132,3070,"Anxious , Agitated , Productive",2024-11-08 12:13:11,7,True,-1.0,2.0,False,0.07215238362550735,1.5837173461914062,0.0313486903905868,1.7021706104278564,0.04080369323492056,0.1184532642364502
132,3073,"Happy , Excited , Nervous",2024-11-09 17:16:41,7,True,1.0,2.0,False,1.5190576314926147,1.2914191484451294,1.4545890092849731,1.3502366542816162,0.0644686222076416,0.058817505836486816
132,3074,"Tired , Nervous , Anxious",2024-11-10 12:47:06,7,True,-1.0,0.0,False,-0.5152197480201721,0.8105749487876892,-0.6303052306175232,0.8649847507476807,0.11508548259735107,0.054409801959991455
132,3075,"Content , Relaxed , Tired",2024-11-10 17:02:33,7,True,1.0,1.0,False,1.4411271810531616,-0.0008238940499722958,1.0956006050109863,0.2801287174224853,0.3455265760421753,0.2809526114724576
132,3077,"Tired , Anxious , Overwhelmed",2024-11-11 17:46:08,7,True,0.0,1.0,False,-0.457025945186615,0.9027084708213806,-0.5066508054733276,0.9673923254013062,0.049624860286712646,0.06468385457992554
132,3078,"Nervous , Unsure , Overwhelmed",2024-11-11 22:02:04,7,True,-1.0,2.0,False,-0.592120349407196,1.3598921298980713,-0.6586910486221313,1.4991164207458496,0.0665706992149353,0.13922429084777832
132,3079,"Angry , Upset , Nervous",2024-11-12 12:22:23,7,True,-1.0,2.0,False,-0.784911036491394,1.4677623510360718,-0.8525223731994629,1.643808126449585,0.06761133670806885,0.17604577541351318
132,3081,"Tired , Anxious , Overwhelmed",2024-11-12 17:36:19,7,True,-2.0,0.0,False,-0.457025945186615,0.9027084708213806,-0.5296918153762817,0.9857542514801024,0.07266587018966675,0.08304578065872181
132,3083,"Tired , Sad , Nervous",2024-11-13 12:31:49,7,True,-1.0,0.0,False,-0.931334376335144,0.6588670611381531,-0.970344305038452,0.7676953077316284,0.039009928703307994,0.10882824659347534
132,3089,"Happy , Content , Accomplished",2024-11-16 12:59:15,7,True,1.0,1.0,False,1.5691099166870117,0.8502699136734009,1.5461158752441406,1.2021454572677612,0.022994041442871094,0.35187554359436035
132,3090,"Tired , Exasperated , Overwhelmed",2024-11-16 17:40:27,7,True,-1.0,0.0,False,-0.8831789493560791,0.7079371809959412,-0.9803376793861388,0.7252144813537598,0.0971587300300597,0.017277300357818604
132,3093,"Content , Calm , Rested",2024-11-17 12:43:48,7,True,0.0,1.0,False,1.5711157321929932,0.0496901199221611,1.205780267715454,0.5098922252655029,0.36533546447753906,0.4602021053433418
132,3094,"Tired , Overwhelmed , Worried , Anxious",2024-11-17 17:02:07,7,True,-1.0,2.0,False,-0.8554512858390808,0.6274253129959106,-0.9330559372901917,0.7074586153030396,0.07760465145111084,0.0800333023071289
132,3097,"Angry , Frustrated , Tired",2024-11-19 17:27:24,7,True,-2.0,2.0,False,-0.7493981122970581,1.1647822856903076,-0.8870406746864319,1.2426477670669556,0.13764256238937378,0.07786548137664795
156,3962,"I am currently feeling content . I have a few plans in place this weekend so I am just thinking about that . I feel a little bit anxious about money because I am not getting paid until Tues . Therefore , I am trying to brainstorm ways that I can get some cheap yet fulfilling groceries for my self and my son to last until Tues . I feel somewhat accomplished , because I received some potentially good news in the mail regarding my student loans so that puts me at ease . I am feeling a little bit anxious and curious about the upcoming month , tomorrow is my son’s last day of summer school . He will be home with me until he starts school again in September . Therefore , I need to come up with a set schedule that can be fulfilling and fun for him . I also feel relaxed . I am laying in bed with my 5year old son waiting for him to fall asleep . I am watching a show on ORG  , called The Boys .",2024-08-08 22:01:07,7,False,2.0,0.0,False,0.569110631942749,0.4741893410682678,0.6153591275215149,0.4459637701511383,0.04624849557876587,0.028225570917129517
156,3968,I am feeling ok . I am trying to clean my apartment and made some progress so I feel content . I still have a long way to go . I Went to the park with my son and we had a nice walk so that was good . He looks pretty content also . So no bad for a Sunday evening . We are both chilled and content right now . Looking forward to having a productive week as well .,2024-08-11 22:00:55,7,False,1.0,0.0,False,1.1490987539291382,0.09016256779432297,1.106784105300903,0.1020737290382385,0.042314648628235085,0.01191116124391553
156,3969,It’s Monday morning and I am ready to tackle the day . My son is home with me on vacation so I am going to take him to the park . Then I am going to run some errands . It’s very hot outside but it will still be nice to be outside . I felt overwhelmed earlier because my place is a mess but I’m not going to let that get to me . I will feel better when I get back inside .,2024-08-12 12:02:55,7,False,2.0,2.0,False,-0.009986086748540401,1.5547513961791992,-0.0398589074611663,1.574611783027649,0.029872820712625897,0.019860386848449707
156,3970,Feeling a bit overwhelmed . My son is home on vacation and I feel bad that I don’t have the money to take him somewhere fun . I am trying to come up with some creative ideas . In the meantime I do hope he can take a nap .,2024-08-12 17:51:44,7,False,-2.0,2.0,False,-0.7621632218360901,1.371904969215393,-0.8472808599472046,1.4145628213882446,0.0851176381111145,0.04265785217285156
156,3974,I feel calm and content . My son and I took a nap earlier and I am up but he is still sleeping . I am just strolling on the web and social media . Had a good day out with my mom earlier . My son is learning how to play ball with me .,2024-08-13 22:48:29,7,False,2.0,0.0,False,1.0684399604797363,0.1901005208492279,1.0330626964569092,0.2227523922920227,0.03537726402282715,0.0326518714427948
156,3975,I guess I’m ok . I have a lot to do and I am feeling overwhelmed . I just don’t know where to start so I feel frozen . I am trying to find smaller things to tackle so I can feel somewhat accomplished . Usually I procrastinate by oversleeping but since my son is home I cannot do that so I guess that is a blessing so I can face what is in front of me .,2024-08-14 17:19:07,7,False,-1.0,2.0,False,-0.15928906202316284,1.2831931114196777,-0.1942700296640396,1.2414395809173584,0.03498096764087677,0.041753530502319336
156,3976,I’m doing ok this morning . It was hard for me to get up at first but now I am ready to tackle the day . I texted with my mom and sister and a friend this morning so that is good . My son is playing . It is very hot outside not sure I’m going outside but I hope to have a good day .,2024-08-15 12:23:44,7,False,2.0,0.0,False,0.3477436304092407,0.9774333238601685,0.2402862161397934,0.9170215129852296,0.10745741426944733,0.060411810874938854
156,3977,I’m a little agitated right now because my son is having a meltdown . I just don’t know how to help him when he does this . He is five hours old and on the spectrum . This happens when there is a change in his schedule and he has been home on vacation with me so I guess that is the change that he is struggling with .,2024-08-15 22:08:13,7,False,2.0,0.0,False,-0.9623883962631226,1.6730401515960693,-1.02801251411438,1.6570523977279663,0.06562411785125755,0.015987753868103027
156,3978,Looking forward to spending the day with my mom . We are going to go shopping and run some errands . We are very close and I always have a good day when I see her . It is hot outside but we will be in her car mostly .,2024-08-16 12:11:47,7,False,2.0,2.0,False,0.7394986152648926,1.545870304107666,0.6914271712303162,1.5722215175628662,0.048071444034576416,0.026351213455200195
156,3980,Took a nap so I am feeling awake right now . Will try to get some housework done . It is the weekend so there is much to prepare for the upcoming week . I have some work-related projects to complete as well .,2024-08-16 22:43:51,7,False,2.0,2.0,False,-0.12246079742908478,1.1242527961730957,-0.140012502670288,1.1748292446136477,0.017551705241203225,0.05057644844055198
156,3981,"I feel calm and content . We went food shopping and played a little bit . I wanted to do more but I’m ok with what I accomplished today . I hope that I can do more tomorrow , as I will have company over on Thursday .",2024-08-17 22:12:36,7,False,2.0,0.0,False,1.266761302947998,0.03253967687487602,1.1958295106887815,0.1011566743254661,0.07093179225921653,0.06861699745059008
156,3983,"Feeling content and calm . I didn’t really accomplish anything today , just the basics but I will give myself a pass because it’s a Sunday . I do hope to be more productive this week . There really is so much that I need to accomplish .",2024-08-18 22:01:55,7,False,2.0,0.0,False,1.1957459449768066,0.31609395146369934,1.197414517402649,0.3481125831604004,0.0016685724258422852,0.03201863169670105
156,3985,Feeling good . Accomplished a few things this morning . Looking forward to some work-related projects coming up . I am also applying to grad school so I’m looking forward to that . My son appears to be content as well so that always makes me happy .,2024-08-19 17:13:32,7,False,2.0,0.0,False,1.4599210023880005,0.5813651084899902,1.427359938621521,0.6539801955223083,0.03256106376647949,0.07261508703231812
156,3987,I am feeling just ok . I feel a little bit accomplished but there is so much more to be done . Looking forward to next week when I get paid I am really stretched out the grocery prices are just out of control .,2024-08-20 22:01:27,7,False,0.0,1.0,False,0.11094361543655396,0.934647262096405,-0.0288563817739486,0.9130557179450988,0.13979999721050257,0.021591544151306263
156,3996,I’m ok . I really don’t have much to say . I have a lot on my mi d right now . I’m worried about money . I am worried about all that needs to be done . There is a lot that needs to be done and I don’t have enough energy .,2024-08-21 12:51:59,7,False,0.0,1.0,False,-0.3578212857246399,0.8727426528930664,-0.4720153212547302,0.928013801574707,0.11419403553009033,0.055271148681640625
156,3998,Feeling content and calm . Took a nap . Feeling better than earlier . Family member lent me some money and another family member will be sending me money as well so I feel much better . I am trying to stay positive and take it one day at a time .,2024-08-21 22:00:46,7,False,2.0,0.0,False,1.222976565361023,0.19781726598739624,1.1781442165374756,0.2707110643386841,0.04483234882354736,0.07289379835128784
156,3963,"Anxious , Worried , Annoyed , Tired , Reflective",2024-08-09 12:16:12,7,True,-1.0,2.0,False,-0.5196932554244995,1.3933262825012207,-0.5113123655319214,1.3766367435455322,0.008380889892578125,0.016689538955688477
156,3964,"Relaxed , Content , Happy , Full , Enjoying",2024-08-10 17:25:20,7,True,2.0,2.0,False,2.120232582092285,0.1859627515077591,1.9709190130233765,0.3068311512470245,0.1493135690689087,0.12086839973926539
156,3965,"Tired , Content , Focused , Relaxed , Dreamy",2024-08-10 22:08:18,7,True,0.0,0.0,False,-0.0009640892967581749,0.028396787121891975,-0.1148432940244674,0.1790535449981689,0.11387920472770922,0.15065675787627691
156,3966,"Accomplished , Tired , Relaxed , Hopeful , Content",2024-08-11 12:55:51,7,True,2.0,0.0,False,0.4790220558643341,0.17621320486068726,0.3211796283721924,0.3616289794445038,0.15784242749214172,0.18541577458381653
156,3967,"Annoyed , Tired , Hopeful , Fed up , Determined",2024-08-11 17:33:41,7,True,0.0,1.0,False,-0.3824074864387512,1.3529882431030273,-0.5342668294906616,1.3699179887771606,0.1518593430519104,0.0169297456741333
156,3971,"Relaxed , Calm , Tired , Stationary , Peaceful",2024-08-12 22:00:56,7,True,0.0,1.0,False,1.7214382886886597,-0.045814912766218185,1.5971553325653076,0.0566043183207511,0.12428295612335205,0.10241923108696929
156,3972,"Calm , Relaxed , Content , Hopeful , Curious",2024-08-13 12:37:55,7,True,1.0,0.0,False,1.3790239095687866,0.2979804575443268,1.2013579607009888,0.4897694885730743,0.17766594886779785,0.1917890310287475
156,3973,"Calm , Chill , Content , Satisfied , Accomplished",2024-08-13 17:01:02,7,True,2.0,0.0,False,1.8013739585876465,-0.135921448469162,1.6329153776168823,0.030385959893465,0.16845858097076416,0.16630740836262697
156,3979,"Calm , Relaxed , Content , Accomplished , Curious",2024-08-16 17:53:01,7,True,2.0,0.0,False,1.4246225357055664,0.19481927156448364,1.268940567970276,0.3608414232730865,0.1556819677352903,0.16602215170860285
156,3982,"Calm , Content , Quiet , Chill , Relaxed",2024-08-18 17:00:54,7,True,0.0,0.0,False,1.3974398374557495,-0.1203160434961319,1.2353768348693848,0.0711783245205879,0.16206300258636475,0.1914943680167198
156,3984,"Hopeful , Focused , Determined , Good , Lively",2024-08-19 12:25:28,7,True,2.0,2.0,False,0.4835149347782135,1.2423808574676514,0.3782007992267608,1.3068633079528809,0.10531413555145269,0.06448245048522949
156,3986,"Tired , Worn out , Unmotivated , Guilty , Lazy",2024-08-20 12:31:03,7,True,-1.0,0.0,False,-0.9341717958450317,0.25892797112464905,-0.9556479454040528,0.3565086424350738,0.021476149559021107,0.09758067131042475
156,3997,"Relaxed , Calm , Content , Tired , Happy",2024-08-21 17:33:14,7,True,2.0,0.0,False,1.721181035041809,0.06771178543567657,1.6049658060073853,0.1948051452636718,0.11621522903442383,0.12709335982799522
157,3999,"I am feeling a bit sad , but not too sad . I have a feeling of doubt and regret . I feel like the world is a bit too tough for me .\ n "" My heart is heavy . I feel empty , lost , and alone .   and smiles feel forced . The world is dull and grey , devoid of joy . Every task feels like a mountain . I ' m trapped in sadness , searching for hope . Memories of happiness remind me of what ' s lost . I ' m suffocating in this darkness . Longing for escape , but stuck in pain .""",2024-08-21 12:03:13,7,False,-1.0,1.0,False,-1.295410394668579,0.6323384046554565,-1.296810269355774,0.6428687572479248,0.0013998746871948242,0.010530352592468262
157,4000,"Dispirited , Sad , Confused , Annoyed , Calm",2024-08-21 17:01:08,7,True,0.0,0.0,False,-1.012711763381958,0.8126353621482849,-1.0949101448059082,0.8640931844711304,0.0821983814239502,0.05145782232284546
157,4001,"""Ugh , I feel tired , slow , and unmotivated today , like I ' m moving through molasses and can ' t seem to get anything done . My brain is foggy , my body aches , and all I want to do is curl up on the couch and take a nap . Every task seems overwhelming and I just can ' t muster up the energy to care . I ' m stuck in a rut and don ' t know how to get out of it .""",2024-08-22 12:01:00,7,False,-1.0,0.0,False,-1.299681305885315,0.2936522960662842,-1.2908276319503784,0.3073798418045044,0.008853673934936523,0.013727545738220215
157,4002,"Happy , Excited , Delightful , High spirited , Joyful",2024-08-22 22:26:05,7,True,1.0,1.0,False,1.921965479850769,1.1703681945800781,1.7612240314483645,1.3280236721038818,0.16074144840240456,0.1576554775238037
157,4003,"""Ugh , feeling really sluggish today . No energy , no motivation . Just want to stay in bed and snooze the day away . Every task feels like a huge mountain to climb . Even getting out of pajamas seems like too much effort . Need a boost to get going !""",2024-08-23 12:01:48,7,False,0.0,2.0,False,-1.3962554931640625,0.22373542189598083,-1.4142011404037476,0.2339655309915542,0.01794564723968506,0.01023010909557337
157,4004,"Active , Happy , Energized , Joyful , Delighted",2024-08-23 17:02:47,7,True,0.0,2.0,False,1.0294088125228882,1.5184316635131836,0.9540928602218628,1.5347589254379272,0.07531595230102539,0.016327261924743652
157,4005,"Joyful , Strong , Motivated , Active , Happy",2024-08-23 22:22:22,7,True,2.0,2.0,False,1.3012491464614868,1.3231091499328613,1.171005368232727,1.407428503036499,0.13024377822875977,0.0843193531036377
157,4006,"I have been Feeling quiet is like being wrapped in a warm blanket on a chilly day . It ' s a sense of stillness that calms the mind and soothes the soul . In the quiet , I find peace and clarity , away from life ' s chaos and noise . It ' s a moment to breathe , reflect , and recharge , letting go of worries and embracing the serenity within .""",2024-08-24 12:48:49,7,False,0.0,0.0,False,0.5561264157295227,0.3214724361896515,0.5035596489906311,0.3477427065372467,0.0525667667388916,0.026270270347595215
157,4007,"Normal , Curious , Enthusiastic , Creative , Peaceful",2024-08-24 22:38:15,7,True,0.0,1.0,False,0.8811938166618347,0.8840200901031494,0.7849926352500916,0.9099065065383912,0.09620118141174316,0.02588641643524181
157,4008,"""Oh , what an incredible rush ! I ' m bursting with excitement , my heart racing with anticipation ! Every fiber of my being is electric , like a spark has ignited a fire within me . I can barely contain my enthusiasm , my mind racing with possibilities . It ' s like a dream come true , and I ' m walking on air , beaming with joy . The world feels full of promise , and I ' m ready to take on the day with unbridled energy and passion !""",2024-08-25 12:36:13,7,False,1.0,1.0,False,1.4937713146209717,2.032309055328369,1.460905909538269,2.0372931957244877,0.03286540508270264,0.004984140396118608
157,4009,"Sad , Confused , Angry , Curious , Empty",2024-08-26 12:00:42,7,True,-1.0,1.0,False,-1.0507919788360596,1.1012722253799438,-1.2350659370422363,1.1160205602645874,0.18427395820617676,0.014748334884643555
157,4010,"Quiet , Sas , Normal , Empty , Neutral",2024-08-26 17:03:05,7,True,0.0,1.0,False,-0.02115193009376526,0.43875178694725037,-0.1656275540590286,0.5474632978439331,0.14447562396526334,0.10871151089668274
157,4011,"Sad , Cofused , Quiet , Free , Down",2024-08-29 12:04:22,7,True,1.0,1.0,False,-0.8779041767120361,0.7590808868408203,-1.0342068672180176,0.884602427482605,0.15630269050598145,0.12552154064178467
157,4012,"I ' m feeling really sluggish today . My body feels heavy and my mind is foggy . I ' m struggling to focus and get motivated . Every task seems like a chore and I just want to curl up and take a nap . My energy levels are depleted and I ' m moving at a slow pace . I hope a cup of coffee or some fresh air can help shake off this sluggishness and get me back to my normal self .""",2024-08-29 17:29:34,7,False,-1.0,0.0,False,-1.4470263719558716,0.32477059960365295,-1.435643434524536,0.3438867032527923,0.011382937431335671,0.01911610364913935
157,4013,"I ' m feeling really down today . A heavy sadness is weighing on my heart and mind . Everything seems dull and grey , and I ' m struggling to find joy in things I normally love . My thoughts are consumed by worries and regrets , and I can ' t shake off the feeling of emptiness . I feel disconnected from the world around me and just want to retreat into myself . Even small tasks feel overwhelming , and I ' m longing for comfort and solace . I hope this sadness will lift soon , and I ' ll find my way back to happiness and peace .""",2024-08-29 22:14:18,7,False,-1.0,1.0,False,-1.1611124277114868,0.5961688756942749,-1.1489543914794922,0.6166083216667175,0.012158036231994629,0.020439445972442627
157,4014,"Bright , Light , Happy , Delighted , Great",2024-08-30 12:42:56,7,True,0.0,2.0,False,1.882510781288147,0.7635480761528015,1.644118070602417,0.8393132090568542,0.23839271068572998,0.07576513290405273
157,4015,"Normal , Silent , Quiet , Sluggish , Down",2024-08-30 17:43:06,7,True,0.0,0.0,False,-0.3085029721260071,0.27286261320114136,-0.487465500831604,0.3754927515983581,0.17896252870559692,0.10263013839721674
157,4017,"Happy , Excited , Joyful , Delightful , Greatful",2024-08-31 17:16:23,7,True,2.0,1.0,False,1.798166275024414,1.0716347694396973,1.6503456830978394,1.166751265525818,0.1478205919265747,0.09511649608612083
157,4018,"Tired , Sleepy , Sad , Quiet , Sluggish",2024-09-01 22:18:55,7,True,0.0,0.0,False,-1.2222670316696167,0.21769842505455017,-1.140222668647766,0.262711763381958,0.08204436302185081,0.04501333832740784
157,4019,"I ' m feeling really down and sad today . Everything seems grey and dull . I ' m struggling to find joy in things I normally love . My heart feels heavy and my mind is filled with worries . I just want to curl up and hide from the world . I ' m feeling overwhelmed and alone , like no one understands me . I wish I could shake off this sadness and feel happy again .""",2024-09-02 12:41:04,7,False,-1.0,1.0,False,-1.2846928834915161,0.7787049412727356,-1.284525990486145,0.8023352026939392,0.00016689300537109375,0.023630261421203613
157,4020,"""Feeling quiet is like being wrapped in a warm blanket on a chilly day . It ' s a sense of stillness that calms the mind and soothes the soul . In the quiet , I find peace and clarity , away from life ' s chaos and noise . It ' s a moment to breathe , reflect , and recharge , letting go of worries and embracing the serenity within .""",2024-09-02 17:00:30,7,False,1.0,1.0,False,0.4270992577075958,0.2842369079589844,0.4370878338813782,0.3128138482570648,0.009988576173782349,0.028576940298080444
157,4021,"Happy , Delighted , Joyful , Cheerful , Happy",2024-09-03 22:05:44,7,True,1.0,1.0,False,1.8604718446731567,0.9925235509872437,1.8204156160354612,1.0340043306350708,0.040056228637695535,0.04148077964782715
157,4022,"Feeling active is like a sunny day - energized , lively , and ready for anything . It ' s that inner buzz that keeps you moving , exploring , and embracing life with zest . Being active means feeling alive , motivated , and full of vitality , making each moment vibrant and exciting .",2024-09-05 12:32:55,7,False,1.0,1.0,False,0.9278087019920349,2.2547450065612793,0.9406375885009766,2.2246251106262207,0.01282888650894165,0.030119895935058594
84,207,It is a holiday day . I am at home with my family . We went kayaking earlier today and it was a very good morning . At the moment I am watching a show that I enjoy . It is a very pleasant and relaxing day .,2024-10-14 17:43:19,7,False,0.0,1.0,False,0.338362455368042,0.803669810295105,0.295789897441864,0.7190269231796265,0.04257255792617798,0.08464288711547852
84,208,"I am currently feeling ok . I have to pack bags to go back to the city , so I am just trying to focus on all the thing that I need to pack . The day is almost over and I feel focused .   Today was a nice and relaxing day .",2024-10-14 22:02:41,7,False,0.0,1.0,False,0.5036771297454834,0.6701372265815735,0.418496698141098,0.6395334005355835,0.08518043160438538,0.03060382604598999
84,209,"It is a first day after the long holiday and I am at work right now , it is very busy right now so I am trying to get work done . Other than that echos going good just the way it is supposed to be . I feel good and full of energy to get my work done .",2024-10-15 12:09:25,7,False,0.0,2.0,False,1.1382131576538086,1.3543829917907715,1.1032918691635132,1.3010402917861938,0.03492128849029541,0.05334270000457764
84,210,"i am currently feeling very busy because of the work that i need to do and things that need to be taken care of . So , at the moment that is what I am doing . I have nothing else to \ n add to what i already wrote .",2024-10-15 17:12:07,7,False,0.0,2.0,False,0.022241801023483276,1.5468199253082275,-0.0841933488845825,1.6098058223724363,0.10643514990806578,0.06298589706420876
84,211,"It is W morning . I am at work , starting my day   and trying to see what needs to get done first . I have a busy day ahead . Feeling good in general . No complains , everything seems to be going ok . doing what i have to do .",2024-10-16 12:01:54,7,False,1.0,2.0,False,0.9040624499320984,1.124790072441101,0.867181658744812,1.102741241455078,0.03688079118728638,0.02204883098602317
84,212,"i am continuing to do my work . Iti s the middle of the work day and everyone is working , myself included . I feel fine , doing things that need to get done today . The day is going just the way it has to .",2024-10-16 17:01:55,7,False,1.0,0.0,False,1.1201130151748657,0.23558995127677917,1.0362013578414917,0.2069906294345855,0.08391165733337402,0.028599321842193687
84,214,I am feeling good . Doing my work and trying to finish up everything I have started earlier today . I had a busy day and many things need to be completed before i go home today . I will try and do it withing 1 hour or so .,2024-10-17 17:05:43,7,False,0.0,2.0,False,0.5241215825080872,1.2450600862503052,0.5370913743972778,1.2179341316223145,0.012969791889190674,0.027125954627990723
84,219,I am relaxing and watching a movie . It is a very pleasant and peaceful Sanctuary evening . I am waiting for my older son to get home so I can completely relax and just enjoy the rest of the Saturday evening with my family ..,2024-10-19 22:19:20,7,False,2.0,0.0,False,0.6018936038017273,0.43060630559921265,0.5838549137115479,0.4220365285873413,0.018038690090179443,0.008569777011871338
84,220,"I am feeling good , happy , relaxed and enjoying this Sunday morning with my family . It is a beautiful fall morning and it feels nice to be home without having to rush anywhere or do anything . I love this feeling .",2024-10-20 12:28:32,7,False,1.0,1.0,False,1.7275304794311523,0.5737253427505493,1.6802393198013306,0.5773453712463379,0.04729115962982178,0.0036200284957885742
84,221,"It is Monday morning . Beginning of the work week and school week . Do , I am feeling busy at work , doing everything that needs to get done . Getting ready for whatever needs to happen today . Feeling good in general .",2024-10-21 12:17:33,7,False,0.0,2.0,False,0.7375468015670776,1.694914698600769,0.7301285862922668,1.6896777153015137,0.007418215274810791,0.005236983299255371
84,222,"I am currently feeling good , working and doing my job . everything is going smooth . Iti safter 3 pm so in about 2 hours it will be time to go home . I am happy about that too . I do miss my family . cannot wait to see everyone .",2024-10-21 17:06:49,7,False,2.0,2.0,False,1.2424966096878052,0.6155816316604614,1.1903403997421265,0.6421705484390259,0.05215620994567871,0.026588916778564453
84,224,"It is 3pm , towards the end of my work day . It has been a busy day , with many people   to be taken care of and many tasks to complete . So , I am still very busy trying to complete tasks   I need to do it before",2024-10-22 17:00:37,7,False,2.0,2.0,False,-0.23342539370059967,1.9016687870025635,-0.3039036393165588,1.913825511932373,0.07047824561595911,0.01215672492980957
84,225,"I had a good and busy evening with my family . When I got home from work kids asked to make crepes with Nutella . We ate together . I checked my youngest homework . I made fish later on , cleaned and feeling good .",2024-10-22 22:08:29,7,False,1.0,2.0,False,0.3663959205150604,1.441161870956421,0.3489919006824493,1.4020447731018066,0.01740401983261114,0.03911709785461426
84,233,It is Friday and I literally need my boss to leave so I can go too and take my kid to a Halloween party . I am feeling good and happy but definitely ready to go . It had been a good day and a good week .,2024-10-25 17:01:14,7,False,1.0,2.0,False,1.1961747407913208,0.9560807943344116,1.1570483446121216,0.9676169157028198,0.03912639617919922,0.011536121368408203
84,235,"Feeling quiet and just mellow . It is grey out and I just want to stay home and get cozy , watch tv , eat , sleep and read and honestly nothing else . Fall mood .   I had a super busy day yesterday and today I want to stay still .",2024-10-26 17:18:06,7,False,0.0,1.0,False,0.16404321789741516,-0.010839732363820076,0.1421302556991577,0.0106931030750274,0.021912962198257474,0.021532835438847476
84,236,It is Sunday morning . I just woke up recently and feeling relaxed and quiet . We are going to make breakfast and after that we will play a board game or 2 . It is a very nice Sunday morning and everything is perfect .,2024-10-27 12:50:16,7,False,1.0,0.0,False,0.9726982116699219,0.6934845447540283,0.9521148204803468,0.7141234874725342,0.020583391189575084,0.02063894271850586
84,237,"I am feeling good , happy , relaxed . I am enjoying this Sunday with my kids and my husband . It is gorgeous day , the sun is warm and inviting and it feels really good . I am happy to have another beautiful weekend .",2024-10-27 17:53:47,7,False,2.0,0.0,False,1.7219212055206299,0.9090496301651001,1.6401702165603638,0.8796741962432861,0.08175098896026611,0.029375433921813965
84,239,I am having a very pleasant evening with my family . It is very pleasant and relaxing . Tomorrow is Monday and we all had a very relaxing time . We will be traveling back to   GPE  soon .. I has been great over all,2024-10-27 22:09:10,7,False,1.0,0.0,False,1.6393628120422363,0.3747093975543976,1.5679067373275757,0.3985327184200287,0.07145607471466064,0.023823320865631104
84,213,"energetic , lively , busy , excited , happy",2024-10-17 12:03:51,7,True,0.0,2.0,False,0.9502261877059937,1.9893966913223267,0.6409885287284851,2.3085427284240723,0.30923765897750854,0.3191460371017456
84,215,"Calm , Relaxed , Sleepy , Rested , Peaceful",2024-10-17 22:25:02,7,True,0.0,0.0,False,1.4302105903625488,0.008609907701611519,1.4304019212722778,0.176606148481369,0.0001913309097290039,0.16799624077975747
84,217,"active , energetic , busy , occupied , under pressure",2024-10-18 12:24:52,7,True,1.0,2.0,False,0.24172312021255493,2.1282453536987305,0.0028207907453179,2.3684444427490234,0.23890232946723702,0.24019908905029297
84,218,"Lively , Active , Organized , Focused , Determined",2024-10-18 17:01:31,7,True,0.0,2.0,False,0.33675509691238403,1.5689606666564941,0.2516966164112091,1.7636172771453855,0.08505848050117493,0.19465661048889138
84,223,"Great , Active , Busy , Occupied , Happy",2024-10-22 12:45:14,7,True,0.0,2.0,False,1.2258039712905884,1.2972912788391113,0.8416051864624023,1.6484663486480713,0.38419878482818604,0.35117506980895996
84,226,"Active , Busy , Happy , Determined , Excited",2024-10-23 12:13:47,7,True,1.0,2.0,False,0.39537063241004944,1.6625335216522217,0.2627650797367096,1.8002746105194092,0.13260555267333984,0.1377410888671875
84,228,"Happy , Busy , Focused , Determined , Enthusiastic",2024-10-23 17:12:24,7,True,0.0,2.0,False,0.9480915665626526,1.2513282299041748,0.9568170309066772,1.3399721384048462,0.008725464344024658,0.08864390850067139
84,229,"Cozy , Relaxed , Quite , Peaceful , Happy",2024-10-23 22:11:47,7,True,0.0,0.0,False,1.7408859729766846,0.11182539165019989,1.6096798181533811,0.0501850955188274,0.13120615482330344,0.06164029613137249
84,230,"Excited , Busy , Hopefull , Happy , Energetic",2024-10-24 12:10:48,7,True,1.0,2.0,False,1.5389639139175415,1.3549284934997559,1.534893035888672,1.5326277017593384,0.004070878028869407,0.17769920825958252
84,231,"Busy , Determined , Enthusiastic , Happy , Energetic",2024-10-24 17:09:38,7,True,0.0,2.0,False,0.5008647441864014,1.448980689048767,0.3023847937583923,1.6073603630065918,0.1984799504280091,0.1583796739578247
84,232,"Active , Busy , Enthusiastic , Happy , Excited",2024-10-25 12:41:12,7,True,0.0,2.0,False,0.5968948602676392,1.7919139862060547,0.4390074610710144,1.9731419086456297,0.15788739919662476,0.18122792243957497
84,234,"Relaxed , Calm , Content , Happy , Joyful",2024-10-26 12:24:38,7,True,0.0,0.0,False,1.957698941230774,0.2511219382286072,1.9861741065979004,0.2958489060401916,0.028475165367126465,0.04472696781158442
165,4205,"I started being active not quite long , have been alone at home since watching news on social media , I ' m just alone , I ' m just calm because I ' m the only one at home nobody to talk to and after pressing and then I went online to do some research about until one of my friend came in today to say hello to me .",2024-08-25 22:27:42,7,False,0.0,2.0,False,0.5426572561264038,0.6889685392379761,0.4662595689296722,0.8193575739860535,0.07639768719673162,0.1303890347480774
165,4206,"I love the way I ' m feeling today cause I don ' t really want to talk too much , I ' m okay with the way I am , just being cool and calm , lowkey , every still I ' m just the only one working lowkey from home because I have some unfinished project .",2024-08-26 12:16:53,7,False,1.0,1.0,False,1.5047067403793335,0.3122533857822418,1.3771556615829468,0.3544965386390686,0.12755107879638672,0.04224315285682678
165,4207,"I ' m active , my eyes are open , I followed a friend to a bar , to have some drinks together and discuss on how our life is going to better and discuss more on our current issue with life and how things has been going us and our family .",2024-08-26 22:03:15,7,False,0.0,2.0,False,0.36652708053588867,1.952109694480896,0.2853864431381225,1.9246151447296145,0.08114063739776617,0.027494549751281516
165,4208,"I ' m sluggish today but I don ' t know why , I ' m just thinking maybe because am broke or something , have been hoping for money , I ' m very dull even a friend of my told me I was so choked because it was so obvious and I asked my friend and he feel so concerned .",2024-08-29 17:20:20,7,False,-1.0,0.0,False,-1.7022675275802612,0.30849528312683105,-1.699501872062683,0.3000849485397339,0.002765655517578125,0.008410334587097168
165,4215,"I feel good and I also feel loved by someone today , my day was lively because I mingled with alot of people today and I make new friends today and they also love me too and they came to my house to play .",2024-09-04 22:48:57,7,False,1.0,1.0,False,1.3212374448776245,1.0228188037872314,1.345948576927185,0.9969598054885864,0.024711132049560547,0.02585899829864502
165,4218,"I ' m feeling good today , everything about was good to me and am still having fun , and everything is going smoothly , I went to visit one of my long time friend today , we played alot of games like chess .",2024-09-06 22:01:14,7,False,1.0,2.0,False,1.557750940322876,0.858055591583252,1.501300811767578,0.8638079762458801,0.056450128555298074,0.005752384662628174
165,4220,"I ' m feeling Good and okay , I have been alone today I ' m just sitting down watching how everything is going , have been alone since morning   we don ' t have any issue with anybody we are just trying to   be .",2024-09-07 22:02:02,7,False,0.0,1.0,False,1.6784532070159912,-0.2284751832485199,1.7129976749420166,-0.2136934399604797,0.03454446792602539,0.014781743288040189
165,4223,"I have okay and happy , have been listening to my favorite songs sing and it has been making me to be happy and feeling good , have been alone in the room singing loud , my neighbour even came to check up on me , may be there nothing wrong .",2024-09-08 22:02:55,7,False,0.0,2.0,False,1.8500185012817383,0.630011260509491,1.73086678981781,0.5931606292724609,0.11915171146392822,0.03685063123703003
165,4224,"I have been feeling down since , I did not have any money with me and I ' m still in debt and have been planning to borrow more when have not pay off the one on ground , have been thinking about alot of things that I can start doing that can increase my income rate .",2024-09-09 17:25:06,7,False,0.0,1.0,False,-1.3344014883041382,0.5631362199783325,-1.3757294416427612,0.5529409050941467,0.04132795333862305,0.010195314884185791
165,4209,"Active , Calm , Nice , Good , Amazing",2024-08-30 12:43:18,7,True,0.0,1.0,False,0.9566607475280762,1.048473596572876,0.8311284780502319,1.2143105268478394,0.12553226947784424,0.16583693027496338
165,4210,"Amazing , Cool , Awsome , Good , Okay",2024-08-31 22:30:26,7,True,1.0,1.0,False,1.3861396312713623,0.9228987693786621,1.022070288658142,1.0749616622924805,0.3640693426132202,0.15206289291381836
165,4211,"Active , Strong , Healthy , Good , Calm",2024-09-01 12:36:09,7,True,0.0,1.0,False,0.7661144137382507,1.3872034549713135,0.743931233882904,1.4939091205596924,0.02218317985534668,0.1067056655883789
165,4212,"Quiet , Cool , Calm , Good , Active",2024-09-03 12:46:35,7,True,0.0,0.0,False,0.403682142496109,0.2843680679798126,0.3590847253799438,0.3236205875873565,0.04459741711616522,0.03925251960754389
165,4213,"Lively , Happy , Good , Happy , Active",2024-09-03 22:23:37,7,True,1.0,1.0,False,1.4338566064834595,1.5651507377624512,1.3023160696029663,1.6509402990341189,0.13154053688049316,0.0857895612716677
165,4214,"Good , Lively , Active , Sharp , Okay",2024-09-04 17:41:47,7,True,0.0,1.0,False,0.9710835218429565,0.9564411640167236,0.8171600103378296,1.0673328638076782,0.15392351150512695,0.11089169979095459
165,4216,"Good , Neutral , Calm , Good , Cool",2024-09-05 12:13:41,7,True,0.0,1.0,False,0.20465035736560822,1.0512195825576782,0.2115891426801681,1.1303720474243164,0.006938785314559881,0.07915246486663818
165,4217,"Good , Happy , Awesome , Excellent , Active",2024-09-05 22:18:54,7,True,2.0,1.0,False,1.3990613222122192,1.0035220384597778,1.257522702217102,1.1135770082473757,0.1415386199951172,0.11005496978759788
165,4219,"Cheerful , Jovial , Anxious , Awesome , Active",2024-09-07 17:12:52,7,True,0.0,1.0,False,1.2835215330123901,1.1612805128097534,1.2909811735153198,1.1263912916183472,0.0074596405029296875,0.03488922119140625
165,4221,"Good , Calm , ACTIVE , Awesome , Jovial",2024-09-08 12:11:11,7,True,0.0,2.0,False,1.5037175416946411,0.8399357199668884,1.4182206392288208,0.8792487978935242,0.08549690246582031,0.03931307792663574
165,4222,"Good , Creative , Active , Cool , Calm",2024-09-08 17:35:29,7,True,1.0,0.0,False,1.1901354789733887,1.0259431600570679,1.1101313829421997,1.0573463439941406,0.08000409603118896,0.031403183937072754
165,4225,"Quiet , Sad , Down , Calm , Sluggish",2024-09-09 22:01:16,7,True,0.0,0.0,False,-0.46566882729530334,0.4273267686367035,-0.4852915108203888,0.4808596670627594,0.01962268352508545,0.05353289842605591
130,3018,"tired , overwhelmed , anxious , cold , na",2024-12-06 12:00:20,7,True,-1.0,0.0,False,-1.11704683303833,0.8908177614212036,-1.20887553691864,0.8695359230041504,0.09182870388030984,0.021281838417053223
130,3019,"I am feeling more awake , and productive ! Went on a run so feeling the endorphins . I got some work done and going to do more and relax for the rest of the day . A little bit of brain fog too , but less than the morning .",2024-12-06 17:13:20,7,False,0.0,2.0,False,0.40429598093032837,1.1164724826812744,0.4181807339191437,1.0928107500076294,0.013884752988815308,0.02366173267364502
130,3020,"I am feeling very sleepy from the day . I feel like I did a lot of studying and was productive , but at the same time it took the whole day and now I am like oh wow where did the day go ! But I stopped doing work and going to unwind now , so looking forward to that ! And feeling less anxious than I was in the morning . Happy I got a workout in too !",2024-12-06 22:00:41,7,False,-1.0,0.0,False,-0.6750533580780029,0.168768048286438,-0.776968240737915,0.1506367623805999,0.10191488265991211,0.018131285905838096
130,3021,I went on a run and ate breakfast and lunch so I am feeling more lively than I was in the morning . I am feeling stressed about my responsibilities but I always feel like those stressors hang over me often . I am also excited because I am seeing a friend and hoping it’s a nice change in routine and scenery . Hoping the lively energy continues throughout the day,2024-12-07 17:00:19,7,False,1.0,2.0,False,1.0216604471206665,1.9887275695800781,1.0209723711013794,1.920915961265564,0.0006880760192871094,0.06781160831451416
130,3022,"sluggish , hungry , stressed , anxious , sleepy",2024-12-08 12:44:41,7,True,0.0,0.0,False,-1.2011206150054932,0.35488900542259216,-1.257672667503357,0.3713467419147491,0.05655205249786377,0.016457736492156927
130,3023,"energized , stressed , anxious , sad , worried",2024-12-09 12:37:01,7,True,0.0,1.0,False,-0.40604013204574585,1.5117487907409668,-0.4932812750339508,1.464482307434082,0.08724114298820496,0.047266483306884766
130,3024,"exhausted , anxious , stressed , gloomy , hungry",2024-12-09 17:04:14,7,True,0.0,1.0,False,-1.3538111448287964,0.5928977131843567,-1.4581670761108398,0.5613546967506409,0.10435593128204346,0.03154301643371582
130,3026,"exhausted , stressed , anxious , tachycardic , hungry",2024-12-09 22:00:18,7,True,0.0,2.0,False,-1.6641603708267212,0.5161994099617004,-1.7507413625717163,0.429724782705307,0.08658099174499512,0.08647462725639343
130,3027,My friend is going through a lot and I empathize with her and I feel sad . She is going through a lot and I want to be there for her but also need to keep up with my responsibilities . So I am also feeling stressed and anxious about her situation and how I am going to process it and hold space for her too .,2024-12-10 17:02:12,7,False,-2.0,0.0,False,-1.0457239151000977,1.1970572471618652,-1.097840666770935,1.2458112239837646,0.0521167516708374,0.048753976821899414
130,3028,"exhausted , stressed , anxious , cold , hungry",2024-12-11 12:00:25,7,True,0.0,1.0,False,-1.4358088970184326,0.48272237181663513,-1.6333154439926147,0.4405589997768402,0.19750654697418213,0.04216337203979492
130,3029,"stressed , anxious , exhausted , overwhelmed , cold",2024-12-11 17:00:18,7,True,0.0,1.0,False,-1.0491000413894653,1.2474162578582764,-1.3461358547210691,1.2695406675338743,0.2970358133316038,0.022124409675597922
130,3030,"exhausted , stressed , anxious , hungry , thirsty",2024-12-13 12:00:34,7,True,-1.0,0.0,False,-1.4016224145889282,0.48298946022987366,-1.6480928659439087,0.4441313445568084,0.24647045135498047,0.03885811567306524
130,3031,"I had a productive morning and early afternoon so feeling a bit more calmer , but still stressed . I am also spending time with family and loved ones , so it is a great company ! I am hoping to keep calm for the rest of the weekend so I can continue being productive . I am feeling emotionally exhausted from my week of supporting my friends , so I feel like I did not have enough space for myself . So I am trying to make more time for myself this weekend and next week !",2024-12-13 17:07:33,7,False,0.0,1.0,False,0.29387032985687256,0.5176295042037964,0.3751782476902008,0.5660877227783203,0.08130791783332825,0.048458218574523926
130,3032,Feeling stressed with school ! But trying to be productive . Also feeling cooped up inside so will go out for a run soon to relieve some stress and get some air . Trying to keep calm and grounded to get work done and get through the day today !,2024-12-14 17:00:27,7,False,0.0,1.0,False,-0.0525028258562088,0.8637776374816895,-0.1849001049995422,0.8864912986755371,0.1323972791433334,0.022713661193847656
130,3033,"exhausted , stressed , satiated , anxious , brain fog",2024-12-14 22:00:13,7,True,-1.0,0.0,False,-1.43195378780365,0.2153133898973465,-1.5582865476608276,0.2478056401014328,0.12633275985717773,0.032492250204086304
130,3034,"stressed , anxious , exhausted , cold , restless",2024-12-15 12:42:30,7,True,0.0,1.0,False,-0.9020950794219971,1.0418287515640259,-1.1685504913330078,1.096574306488037,0.26645541191101074,0.05474555492401123
130,3035,"I’m currently feeling both physically and mentally drained as I prepare for my exam tomorrow . The pressure of wanting to perform well has left me feeling stressed , and the sheer amount of material I need to review feels overwhelming at times . Despite my best efforts to stay focused , fatigue has started to set in , which makes it even harder to concentrate . I know how important this exam is for my progress , so I’m doing my best to push through these feelings and stay motivated . At the same time , I’m trying to remind myself to take small breaks and prioritize self-care so that I can approach the test with as much clarity and confidence as possible .",2024-12-15 17:10:19,7,False,0.0,1.0,False,-1.4579308032989502,0.4493813216686249,-1.491956114768982,0.4616634547710418,0.03402531147003174,0.012282133102416937
130,3038,"relieved , productive , exhausted , overwhelmed , Disoriented",2024-12-16 17:01:36,7,True,1.0,2.0,False,-0.49315276741981506,0.8901936411857605,-0.6717435121536255,0.93282949924469,0.17859074473381042,0.042635858058929554
130,3039,"overwhelmed , sleepy , burnt out , happy to see my dogs , calm",2024-12-16 22:52:24,7,True,0.0,1.0,False,-0.8478519320487976,0.5243670344352722,-0.986790657043457,0.5981144905090332,0.13893872499465942,0.07374745607376099
130,3040,"long day ! very overwhelming and stressful , it felt like a waste of my day , so it sucks ! but trying to be positive and make good use of the rest of my day . there is a lot going on and on my plate so it’s hard to manage everything and handle it well . very stressed !",2024-12-17 17:51:37,7,False,0.0,1.0,False,-1.1162382364273071,1.3561642169952393,-1.1690607070922852,1.31513512134552,0.05282247066497803,0.04102909564971924
130,3041,"I am currently feeling incredibly tired and overwhelmed with everything going on in school . The constant stream of assignments , exams , and responsibilities is taking a toll on both my physical and mental energy . It feels like there’s always something more to do , and no matter how hard I try to stay organized or keep up , the workload just keeps piling up . \n \ nThe pressure to perform well and meet deadlines has left me feeling stretched thin , and it’s hard to find time to rest or recharge . Balancing academic demands with personal life feels almost impossible , and sometimes I question if I’ll ever catch up or feel on top of things again . Despite this , I know these challenges are temporary , and I’m trying to remind myself that perseverance and taking things one step at a time will help me push through .",2024-12-18 22:17:30,7,False,0.0,1.0,False,-1.5141416788101196,0.5531268119812012,-1.5148288011550903,0.5819596648216248,0.0006871223449707031,0.028832852840423584
130,3042,feeling overwhelmed and tired because of an early morning and long day ahead . feeling restless because we have been sitting since 8am and still have the whole day to go ! very stressed because i have a lot of things to do so a lot is on my mind and feeling anxious about it,2024-12-19 12:26:03,7,False,0.0,1.0,False,-1.230277180671692,0.9687641859054565,-1.3744724988937378,1.0175368785858154,0.1441953182220459,0.04877269268035889
159,4062,"I am feeling pretty confident about myself . I don’t feel down at all , which is pretty good ! I am very excited for what I get to do today since I get to teach !   I feel healthy and I feel optimistic . I am unsure what exactly will happen today but I am looking forward to it .",2024-10-31 12:04:25,7,False,2.0,0.0,False,1.3841687440872192,0.9235666990280151,1.312808871269226,0.9585546255111694,0.07135987281799316,0.0349879264831543
159,4063,I am finally back home from a 2 sessions of 3 hour classes I taught . My feet hurt quite a bit but I desperately want a hot shower . What a contradiction of wants ! I wish I had a functioning tub in the middle \ nof my living room .,2024-11-01 22:01:09,7,False,2.0,0.0,False,-0.4059521555900574,1.0551538467407227,-0.3498125970363617,1.073011875152588,0.05613955855369568,0.017858028411865234
159,4064,"I am feeling a little groggy today after some rest after teaching . I am anticipating my delivery order right now because this a treat I am having for myself and partner . I really want to get my apartment clean again , it has been stressing out about the hygiene standards .",2024-11-02 12:01:35,7,False,2.0,0.0,False,-0.6229369640350342,0.5991768836975098,-0.7307808995246887,0.5090843439102173,0.10784393548965454,0.09009253978729248
159,4068,I am very stressed at the moment because of technical malfunctions that happened over the weekend . I am pretty mad about having to make new templates for labels from scratch since it looks like the templates used for the past 5 years have vanished into thin air . I am pretty upset having to do some tedious work and spending my day fixing it .,2024-11-04 12:08:03,7,False,-2.0,2.0,False,-0.8449493646621704,1.5795307159423828,-0.9116914868354796,1.5314996242523191,0.06674212217330922,0.0480310916900637
159,4069,I am excited to end the day and go home . I have so much I need to organize at home and I finally have all the pieces to get that going . I really really am eager to not be in my office . I have reached my limit with my mind wandering and answering emails and calls for today .,2024-11-04 17:06:27,7,False,1.0,0.0,False,0.26642298698425293,1.0581424236297607,0.3110948503017425,1.0043561458587646,0.04467186331748957,0.053786277770996094
159,4065,"Tired , Content , Curious , Middle of The Road , Sore",2024-11-02 22:01:58,7,True,2.0,0.0,False,-0.34790486097335815,0.29882124066352844,-0.2574366927146911,0.5387117862701416,0.09046816825866705,0.23989054560661316
159,4066,"Tired , Hungry , Motivated , Lightheaded , Sore",2024-11-03 17:02:11,7,True,2.0,0.0,False,-0.2800636887550354,0.6737398505210876,-0.2287481129169464,0.7962508201599121,0.05131557583808899,0.12251096963882446
159,4067,"tired , sorr , meh , not so bad , decent",2024-11-03 22:09:39,7,True,2.0,0.0,False,-0.7100335955619812,0.07319125533103943,-0.8053871989250183,0.1216528415679931,0.09535360336303711,0.048461586236953666
159,4070,"tired , sluggish , groggy , mildly frustrated , blah",2024-11-05 12:01:48,7,True,-1.0,0.0,False,-1.3514899015426636,0.17104390263557434,-1.415899634361267,0.1687624454498291,0.06440973281860352,0.0022814571857452393
159,4071,"tired , irritable , sore , sleepy , uninterested",2024-11-05 22:01:46,7,True,-2.0,0.0,False,-0.9954773187637329,0.4423094391822815,-1.05223548412323,0.5196162462234497,0.05675816535949707,0.07730680704116821
159,4072,"disappointed , deflated , tired , irritable , unwilling",2024-11-06 12:02:19,7,True,-2.0,0.0,False,-1.0166020393371582,0.887992799282074,-1.0735015869140625,0.8769731521606445,0.0568995475769043,0.011019647121429443
159,4073,"triggerhappy , angry , upset , bloodthirsty , Irritable",2024-11-06 17:01:34,7,True,1.0,2.0,False,-1.1003772020339966,2.1506969928741455,-1.15752375125885,2.227433681488037,0.057146549224853516,0.0767366886138916
159,4074,"tired , irritable , sore , meh , blah",2024-11-06 22:53:22,7,True,0.0,1.0,False,-1.0374025106430054,0.458296537399292,-1.0797628164291382,0.4988069534301758,0.04236030578613281,0.04051041603088379
159,4075,"groggy , tired , meh , sleepy , underwhelmed",2024-11-07 12:02:06,7,True,-1.0,0.0,False,-1.4897226095199585,0.12085969746112823,-1.4836894273757937,0.1568920612335205,0.006033182144164817,0.03603236377239227
159,4076,"tired , blah , irritable , fatigued , sleepy",2024-11-07 17:02:01,7,True,-2.0,0.0,False,-1.035071611404419,0.4170132875442505,-1.06205415725708,0.4296900331974029,0.026982545852661133,0.01267674565315241
159,4078,"neutral , a little tired , full , content , meh",2024-11-07 22:03:20,7,True,0.0,0.0,False,0.06338232755661011,0.8439794778823853,-0.0200045928359031,1.0098860263824463,0.0833869203925132,0.16590654850006104
175,4477,I am excited to be going on vacation .   I ' m also nervous about getting from GPE  to GPE without hiccups .   I ' m hopeful we won ' t get bored .   GPE looks beautiful but I ' m afraid there won ' t be a lot to do .,2024-11-07 17:06:54,7,False,-2.0,0.0,False,1.4120463132858276,1.0318543910980225,1.4619051218032837,1.076687216758728,0.049858808517456055,0.044832825660705566
175,4478,I am feeling tired because we didn ' t get much sleep on the plane .   I ' m feeling excited about walking all over GPE tomorrow .   I ' m happy we were able to find some inexpensive snacks and breakfast food for our room .,2024-11-08 12:18:44,7,False,-1.0,0.0,False,0.336346298456192,0.6264119148254395,0.3576050400733948,0.6134830713272095,0.02125874161720276,0.01292884349822998
175,4479,I ' m happy to have spent a fun afternoon in GPE .   I ' m content with the burger I had for dinner and happy PERSON is always willing to share so we don ' t overeat .   I ' m looking forward to wandering home .   Wandering makes me happy .,2024-11-09 12:02:46,7,False,1.0,1.0,False,1.8628298044204712,0.29426905512809753,1.8431339263916016,0.2935105264186859,0.01969587802886963,0.0007585287094116211
175,4480,I ' m feeling quiet and content as I read and plan upcoming days . I ' m relaxed to be away from the crowds . I ' m somewhat anxious that we have just one phone charger . I ' s disappointed in myself for not running today .,2024-11-09 17:31:59,7,False,0.0,0.0,False,0.7155153155326843,0.05167005956172943,0.7165471911430359,0.0790021568536758,0.0010318756103515625,0.02733209729194637
175,4484,I am bored in the passenger seat .   I am nervous about being the navigator .   I am nervous about riding in the car in GPE . I am nervous PERSON won ' t enjoy the rest of the trip if I plan it .   That ' s all .,2024-11-11 12:11:51,7,False,-1.0,0.0,False,-0.7569093108177185,0.5253393054008484,-0.8166953325271606,0.5163213014602661,0.05978602170944214,0.009018003940582275
175,4485,I feel tired and sleepy .   I feel somewhat excited about getting a plan together for vacation .   I feel guilty for eating a ton of food .   I feel guilty for not running . I feel scared about . Wing a passenger in GPE .,2024-11-11 17:12:33,7,False,1.0,0.0,False,-0.9025633931159973,0.1718091070652008,-1.0129233598709106,0.1738157421350479,0.11035996675491333,0.002006635069847107
175,4486,I ' m happy we drove without too much incident but concerned we lost a hubcap and will have to pay for it .   I ' m little bored in this small town .   I ' m happily anticipating dinner .   I ' m feeling guilty that I haven ' t run once since arriving because it ' s so cold .,2024-11-12 12:45:31,7,False,1.0,1.0,False,1.174928069114685,0.29630205035209656,1.172311782836914,0.3450365364551544,0.002616286277770996,0.04873448610305786
175,4492,I ' m feeling quiet and content .   No plans makes me relaxed .   Not having a far drive tomorrow makes me less tense . I ' m happy to be seeing the ocean . I ' m hungry and optimistic my dinner will be delicious .   I ' m annoyed that my mother-in-law is pressuring me to post vacation photos .   She ' s not worried about us . Just worried that she ' s not seeing vacation photos .,2024-11-16 12:18:19,7,False,0.0,0.0,False,1.4002532958984375,-0.04083506390452385,1.3375798463821411,-0.0093313138931989,0.06267344951629639,0.03150375001132495
175,4495,I ' m basically happy .   I ' m . kind of bored sitting in our room but scared to go out because I don ' t know how safe the neighborhood is .   I ' m quite sleepy .   I ' m looking forward to being home in a few days .,2024-11-20 17:26:40,7,False,1.0,1.0,False,1.3269069194793701,0.21249304711818695,1.2405747175216677,0.2371770441532135,0.08633220195770241,0.02468399703502655
175,4476,"Conflicted , Content , Reflective , Overwhelmed",2024-11-07 12:00:25,7,True,0.0,0.0,False,0.08232800662517548,0.795183002948761,-0.0481742769479751,0.8909077048301697,0.13050228357315058,0.09572470188140869
175,4481,"Antsy , Excited , Happy , Overstimulated , Annoyed",2024-11-09 22:00:17,7,True,1.0,0.0,False,0.7665042877197266,1.324084758758545,0.5132896304130554,1.2718505859375,0.25321465730667114,0.05223417282104492
175,4482,"Tired , Exhausted , Unenthusiastic",2024-11-10 12:00:22,7,True,-2.0,0.0,False,-1.0932010412216187,0.3477550148963928,-1.1656908988952637,0.4275217652320862,0.07248985767364502,0.07976675033569336
175,4483,"Unable to sleep , Nervous , Anxious",2024-11-10 17:00:21,7,True,-1.0,2.0,False,-1.041121006011963,0.7244470715522766,-1.280194878578186,0.627182126045227,0.23907387256622314,0.09726494550704956
175,4487,"Relaxed , Annoyed , Sleepy , None",2024-11-12 17:20:42,7,True,1.0,0.0,False,1.1747769117355347,0.3748593032360077,1.1408357620239258,0.475320428609848,0.03394114971160889,0.10046112537384033
175,4488,"Unsettled , Fearful , Annoyed",2024-11-13 17:00:16,7,True,-1.0,2.0,False,-0.6139543652534485,1.1372557878494263,-0.9590659737586976,1.2478480339050293,0.34511160850524913,0.11059224605560303
175,4489,"Bored , Tired , Disappointed",2024-11-14 12:04:09,7,True,-1.0,1.0,False,-0.6150556206703186,0.5896117687225342,-0.6908574104309082,0.6739241480827332,0.0758017897605896,0.08431237936019897
175,4490,"Content , Nervous , Unfriendly , Agitated",2024-11-15 12:00:17,7,True,1.0,1.0,False,0.9717262983322144,1.1197150945663452,0.6619508862495422,1.6381170749664309,0.3097754120826721,0.5184019804000857
175,4491,"Sleepy , Relaxed , Bored",2024-11-15 17:04:40,7,True,-1.0,0.0,False,0.18602320551872253,0.28065600991249084,-0.1588695496320724,0.2933027148246765,0.3448927551507949,0.012646704912185669
175,4493,"Relaxed , Contented , Bored",2024-11-17 17:05:24,7,True,2.0,0.0,False,1.6949740648269653,-0.03681701794266701,1.6454907655715942,0.0174186248332262,0.049483299255371094,0.05423564277589321
175,4494,"Sleepy , Sluggish , Unaccomplished , None",2024-11-19 17:22:05,7,True,-2.0,0.0,False,-1.306978464126587,0.015976974740624428,-1.481661081314087,0.0466531552374362,0.1746826171875,0.03067618049681177
129,2989,"Okay , Hopeful , Decent , Neutral , Content",2024-08-08 17:01:49,7,True,0.0,1.0,False,0.29768258333206177,0.8428186774253845,0.2268102616071701,0.9333654642105104,0.07087232172489166,0.09054678678512584
129,2990,I am feeling okay . I got a good amount of sleep and feel rested . i am able to work online some today so feel productive . I dont feel sick . I am alittle hungry though and looking forward to my nap later today . Im hoping the rest of the day goes good and I feel good the rest of the day . I guess we shall see .,2024-08-09 12:00:53,7,False,0.0,1.0,False,0.7274529933929443,0.6509071588516235,0.7249734401702881,0.6163035035133362,0.00247955322265625,0.034603655338287354
129,2991,"content , satisfied , neutral , busy , rested",2024-08-09 17:00:55,7,True,0.0,1.0,False,0.8451198935508728,0.4738205671310425,0.7443398237228394,0.6302883625030518,0.10078006982803345,0.15646779537200928
129,2993,"tired , drained , sluggish , dragging , sick",2024-08-10 22:15:24,7,True,-2.0,0.0,False,-1.4336227178573608,0.15257582068443298,-1.4813504219055176,0.2034970819950103,0.04772770404815674,0.05092126131057731
129,2994,Im okay . Im just tired atthe moment . I took a nap but still feel tired . I hope i will have more energy soon enough . Im ready for the day to be over a new day to start . Each day just goes by very slow . Tick tock . Thank you .,2024-08-11 17:13:14,7,False,-1.0,0.0,False,-0.671257734298706,0.09644120931625366,-0.6278716921806335,0.1367461383342743,0.04338604211807251,0.04030492901802063
129,2995,im feeling okay . its early so i am tired at the moment but trying to get some work done . my kids are home now but my oldest starts school next week so excited for that . just waiting for each day to be over and waiting for the end result which will be very exciting .,2024-08-12 12:01:27,7,False,0.0,1.0,False,-0.021893180906772614,0.45776185393333435,0.0309718698263168,0.5016103386878967,0.05286505073308941,0.04384848475456238
129,2996,Im okay at the moment . Took a small nap so feel rested . About to get my kids up from their nap and get them a snack . Day has been going decent today . I feel satisfied and content with how it is . Thank you .,2024-08-12 17:05:08,7,False,1.0,0.0,False,1.0235286951065063,0.2797776758670807,0.8962529897689819,0.3450920283794403,0.12727570533752441,0.06531435251235962
129,2997,"Content , Tired , Satisfied , Neutral , Sluggish",2024-08-12 22:06:02,7,True,0.0,1.0,False,0.42441120743751526,0.40169915556907654,0.0986739918589592,0.645732045173645,0.32573721557855606,0.24403288960456848
129,2998,its still early and im tired at this point . I just want to go back to bed and sleep until tomorrow . This week has been going so slow . I think i need something to keep me busy and make the time go quicker . Its just dragging every day and its hard . Thanks so listening .,2024-08-13 12:02:41,7,False,0.0,1.0,False,-1.2113693952560425,0.35974153876304626,-1.2420251369476318,0.4291928708553314,0.030655741691589355,0.06945133209228516
129,2999,Im feeling okay at the moment . Got the kids up and brought them over to grandpas . Now im just enjoying some time alone at home . I can get some things done around the house . Thank you for listening to what i have to say .,2024-08-13 17:56:03,7,False,0.0,1.0,False,0.5214642286300659,0.37733110785484314,0.4708468019962311,0.4111233949661255,0.05061742663383484,0.03379228711128235
129,3000,Im currently feeling very tired and worn out . It has been a long day and im ready for the week to be over . I hope tomorrow is a better day and im not so tired . I hope i have a good sleep tonight and wake up feelibg refreshed .,2024-08-13 22:01:12,7,False,-2.0,0.0,False,-1.2960342168807983,0.07677607983350754,-1.330029010772705,0.0864256173372268,0.03399479389190674,0.00964953750371926
129,3001,"neutral , content , satisfied , tired , busy",2024-08-14 12:01:44,7,True,0.0,1.0,False,0.20095518231391907,0.8105692863464355,0.1218492463231086,0.9724531769752502,0.07910593599081046,0.1618838906288147
129,3002,Im okay at the moment . Just woke up from mynap so im not so tired and having a snack . The kids need to get up soon then dinner needs to be made and then time to relax and then bedtime . Im looking dorward to the week to be over .,2024-08-14 17:01:22,7,False,1.0,0.0,False,0.3063935935497284,0.31172677874565125,0.316257894039154,0.3733615279197693,0.009864300489425604,0.06163474917411804
129,3004,"Tired , Sluggish , Dragging , Drained , Content",2024-08-14 22:11:52,7,True,-2.0,0.0,False,-1.5696909427642822,-0.03259294852614403,-1.5696028470993042,0.0623555667698383,8.809566497802734e-05,0.09494851529598233
129,3005,"Tired , Sluggish , Dragging , Drained , Sleepy",2024-08-15 22:09:06,7,True,-2.0,0.0,False,-1.828736662864685,-0.10604652762413025,-1.8012126684188845,-0.0188503395766019,0.02752399444580056,0.08719618804752835
129,3006,"content , satisfied , steady , happy , busy",2024-08-16 12:12:40,7,True,0.0,1.0,False,1.3445945978164673,0.5615628361701965,1.2344706058502195,0.6936594843864441,0.11012399196624778,0.13209664821624756
129,3007,Im feeling okay . Im so happy its friday . I just took alittle nap but still feel tired . My son PERSON hair cut today and some clothes for school . We are all excited he is finally going to kindergarten . Hes excited too .,2024-08-16 17:03:23,7,False,-1.0,0.0,False,0.5635156631469727,0.804305911064148,0.4893214702606201,0.8115254044532776,0.07419419288635254,0.007219493389129639
129,3008,so glad its the weekend . I can take some time to just relax and rest . My son has soccer today so he went to do that with his dad . My other son and I are just hanging out at home and watching tv . Im so ready for tomorrow though since the kids will be gone .,2024-08-17 12:11:21,7,False,-1.0,0.0,False,0.5430111885070801,0.5361941456794739,0.4874976575374603,0.6263723373413086,0.05551353096961975,0.09017819166183472
129,3009,Im very tired at the moment . I feel drained . It was hot today and i helped mow the lawn . It was alot and i was dragging the rest of the day . Im so happy the kids are down for the night and we are heading to bed . It was a long day .,2024-08-17 22:05:22,7,False,-2.0,0.0,False,-1.437402606010437,0.08847969025373459,-1.4860072135925293,0.1020753979682922,0.048604607582092285,0.013595707714557606
129,3010,Im good at the moment . Just relaxinf and watching a movie . Its nice the kids are away and im able to just relax and watch tv . I really like relaxing and dont want to feel stressed today . Thank you for listening .,2024-08-18 12:03:46,7,False,0.0,0.0,False,1.2021664381027222,0.4093080163002014,1.0731202363967896,0.5040022134780884,0.12904620170593262,0.09469419717788696
129,3011,Im feelingvery tired atthe moment . It was a sonewhat relaxing daybut it was still long . Im ready for tomorrow to what my son go to kindergarten . Its very exciting for all of us . Yah . Thank you for listening .,2024-08-18 22:04:16,7,False,-2.0,0.0,False,0.08735573291778564,0.06910061091184616,0.0177596360445022,0.1098796725273132,0.06959609687328344,0.040779061615467044
129,3012,"quiet , content , sleepy , tired , drained",2024-08-19 12:02:32,7,True,0.0,0.0,False,-0.30644574761390686,0.0621783621609211,-0.30412557721138,0.1798344552516937,0.0023201704025268555,0.1176560930907726
129,3013,"sluggish , tired , drained , dragging , content",2024-08-19 17:01:24,7,True,-1.0,0.0,False,-1.3242276906967163,0.09293811768293381,-1.4171677827835083,0.1021672189235687,0.09294009208679199,0.00922910124063489
129,3015,im okay at the moment . im working online and trying to get some things done . its going to be a long day . i just put my son on the bus and hes happy . my other son is on my laptop and getting some work done as well . im ready for this week to be over and hope next week goes quick too .,2024-08-20 12:00:55,7,False,1.0,0.0,False,0.08359944820404053,0.5927727222442627,0.0263462960720062,0.648933470249176,0.05725315213203433,0.05616074800491333
129,3016,im okay at the moment . i just took my nap and woke up so still somewhat tired . My son should be home from school soon . I hope he had a good day . Im just catching up on emails and waiting for the day to be over . im read for tomorrow already . thanks for listening .,2024-08-20 17:04:39,7,False,-1.0,0.0,False,-0.10026746988296509,0.23241904377937317,-0.108866661787033,0.2869442403316498,0.00859919190406791,0.05452519655227661
129,3017,"Tired , Sluggish , Drained , Dragging , Faint",2024-08-20 22:28:37,7,True,-2.0,0.0,False,-1.8643114566802979,-0.07078790664672852,-1.82429039478302,0.0097945202142,0.04002106189727783,0.08058242686092852
65,4744,"To be honest , I ' m feeling a bit rough around the edges right now - the alcohol from last night ' s gathering is still lingering in my system , leaving me with a pounding headache , dry mouth , and a general sense of fatigue . Overall , I ' m feeling sluggish and regretful , wishing I had paced myself a bit better .",2024-09-19 12:17:29,7,False,0.0,2.0,False,-1.444218635559082,0.13242469727993011,-1.4226089715957642,0.1535284370183944,0.02160966396331787,0.021103739738464272
65,4745,"Calm , Cool , Focused , Meditating , Serene",2024-09-19 17:20:20,7,True,0.0,0.0,False,1.0832793712615967,0.27391812205314636,1.0053120851516724,0.3950096070766449,0.07796728610992432,0.12109148502349854
65,4746,"Smart , Good , Sharp , Lively , Happy",2024-09-20 17:20:13,7,True,1.0,2.0,False,1.012255311012268,1.167166829109192,0.8507982492446899,1.41444730758667,0.16145706176757812,0.24728047847747803
65,4747,"Afraid , Tired , Bored , Uninterested , Careless",2024-09-23 12:36:56,7,True,-2.0,1.0,False,-0.4916380047798157,0.8058890104293823,-0.6231825351715088,0.860701322555542,0.13154453039169312,0.05481231212615967
65,4748,"Tired , Weak , Bored , Stressed , Calm",2024-09-24 12:52:15,7,True,-2.0,2.0,False,-0.7724138498306274,0.27228468656539917,-0.8768453598022461,0.3540807068347931,0.10443150997161865,0.08179602026939392
65,4749,"Weary , Shocked , Tired , Stressed , Bored",2024-09-24 17:02:25,7,True,0.0,2.0,False,-1.134691596031189,0.5256407856941223,-1.2753323316574097,0.5498445630073547,0.1406407356262207,0.024203777313232422
65,4751,"Calm , Confident , Good , Happy , Bright",2024-09-26 17:03:25,7,True,-2.0,2.0,False,1.4890226125717163,0.5422241687774658,1.3048957586288452,0.6763389706611633,0.1841268539428711,0.1341148018836975
65,4752,"I feel more coordinated and confident in my abilities . I have a strong sense of identity and I am conversant with my environment . I feel enthusiastic too with everything I get my hands on . The thrill coursing through my veins is palpable ! As I sit here , envisioning the successful completion of my outdoor weather station project , I can barely contain my enthusiasm . It ' s as if a spark of electricity has ignited within me , fueling my creativity and drive .\ n \ nMy mind races with possibilities , conjuring images of sleek , modern designs and innovative solutions . The prospect of merging cutting-edge technology with sustainable energy sources sends shivers down my spine . Every detail , from selecting the perfect water-resistant materials to fine-tuning the sensor calibrations , feels like a puzzle piece falling into place .\ nMy hands twitch with anticipation , eager to dive into the workshop and bring this vision to life . The hum of the soldering iron , the whir of the 3D printer , and the satisfying click of components snappi",2024-09-27 12:04:50,7,False,1.0,0.0,False,1.39926016330719,1.8838984966278076,1.3615204095840454,1.8812757730484009,0.03773975372314453,0.0026227235794067383
65,4753,"Active , Sound , Confident , Good , Energetic",2024-09-27 17:51:25,7,True,0.0,2.0,False,0.7175770998001099,1.3719482421875,0.6285318732261658,1.430663824081421,0.08904522657394409,0.0587155818939209
65,4754,"Engaging , Lively , Fun , Enthusiastic , Brave",2024-09-28 17:07:37,7,True,2.0,2.0,False,1.3106770515441895,1.4423863887786865,1.052226424217224,1.6294927597045898,0.25845062732696555,0.18710637092590332
65,4755,"I ' m electrified ! My enthusiasm courses through every fiber , like a high-voltage current . Every thought , every sensation , every breath buzzes with excitement . My heart races , pounding out a triumphant rhythm , as if celebrating a monumental victory .\ n \ nVibrant colors dance before my eyes – radiant hues of possibility , potential , and promise . The world transforms into a kaleidoscope of wonder , beckoning me to explore , create , and conquer . Each challenge becomes an exhilarating adventure , an opportunity to unleash my inner trailblazer .\ n \ nMy mind soars , unfettered by doubt or fear . Ideas burst forth like fireworks , illuminating the landscape of my imagination . Connections spark , and innovative solutions crystallize . Time dissolves , leaving only the present moment , ripe with promise .\ n \ nPhysically , I feel invigorated – every muscle humming , every nerve tingling . My smile spreads wide , infectious and unstoppable . Words flow effortlessly , conveying my vision with conviction and passion . Others catch the spark , and togethe",2024-09-29 12:37:13,7,False,0.0,2.0,False,1.4851351976394653,2.0462183952331543,1.4187339544296265,2.03259801864624,0.06640124320983887,0.013620376586914507
65,4756,"I ' m bursting with vitality ! My enthusiasm is a radiant force , illuminating every cell and fiber of my being . It ' s as if a sparkler has ignited within me , casting a warm , golden glow over everything .\ n \ nEvery thought is infused with optimism , every idea a thrilling possibility . My imagination soars on wings of eagles , conquering challenges and achieving triumphs . The world transforms into a vibrant tapestry , woven with threads of promise and potential .\ nMy heartbeat quickens , pumping exhilaration through my veins . Each breath is a refreshing breeze , invigorating my senses and sharpening my focus . Smiles spread effortlessly across my face , reflecting the joy radiating from within .\ n \ nTime dissolves , leaving only the present moment , ripe with opportunity . Obstacles shrink , and solutions emerge . Confidence surges , and self-doubt fades . I ' m unstoppable , a force driven by pure excitement and determination .",2024-09-29 17:09:53,7,False,0.0,2.0,False,1.447660207748413,1.8529913425445557,1.4098387956619265,1.826193928718567,0.037821412086486594,0.02679741382598877
65,4757,"As I reflect on my life , I ' m filled with profound gratitude for the loving relationships , stimulating experiences , and personal achievements that enrich my journey . My passion for exploring new horizons , savoring NORP ORG , and appreciating life ' s simple joys fuels my enthusiasm . With each sunrise , I ' m reminded that every moment holds promise , and I ' m eager to seize its potential .\ n \ nThis positivity is contagious , inspiring me to spread warmth and kindness wherever I go . I ' m drawn to like-minded individuals who share my zest for life , and together , we create a symphony of laughter , inspiration , and mutual support . My heart overflows with hope and anticipation , knowing that life ' s next chapter will bring exciting opportunities , valuable lessons , and unforgettable memories .",2024-09-30 17:02:08,7,False,2.0,2.0,False,1.5367528200149536,1.325714111328125,1.4972375631332395,1.3495066165924072,0.03951525688171409,0.023792505264282227
65,4758,"Cool , Happy , Good , Smiling , Confident",2024-10-01 17:12:55,7,True,2.0,1.0,False,1.5253665447235107,0.7222821116447449,1.35000741481781,0.8907020092010498,0.17535912990570068,0.16841989755630493
65,4759,"Happy , Smiling , Cool , Relaxed , Fulfilled",2024-10-02 12:26:20,7,True,1.0,1.0,False,1.9071050882339478,0.6372893452644348,1.8915722370147705,0.7381007075309753,0.015532851219177246,0.10081136226654053
65,4760,"I ' m feeling lively because I ' ve recently rediscovered my passion for painting . Spending hours in my backyard studio , surrounded by vibrant colors and canvases , brings me immense joy and energy . My latest project , a mural depicting our family ' s travels , has me excitedly experimenting with new techniques .",2024-10-02 17:02:05,7,False,1.0,2.0,False,0.7211374044418335,2.093932628631592,0.7915304899215698,2.11368727684021,0.07039308547973633,0.019754648208618164
102,1453,"I am currently feeling tired and sluggish because my dog was up all night , thank goodness it isn’t because I had a bad night otherwise . I feel a bit disoriented because of the lack of sleep . I will try later to catch up on some sleep . Nights like that which have been happening a bit more often are very hard on my mental and physical well being .",2024-09-15 12:08:49,7,False,-2.0,0.0,False,-1.708178162574768,0.07488203793764114,-1.7565081119537354,0.0719168782234191,0.048329949378967285,0.0029651597142220376
102,1454,I’m feeling pretty ok right now . My day was a bit weird since I didn’t get much sleep but it got a bit better as it went on . I was able to nap and that made a difference . I ate a good dinner and that also made a difference .,2024-09-15 22:00:43,7,False,0.0,0.0,False,0.275835782289505,0.7367891073226929,0.2023261934518814,0.7371276021003723,0.0735095888376236,0.00033849477767944336
102,1455,I just came back from the eye doctor with my dog . She’s doing great and that makes me very happy . That alone has made my day . We did have another night of not sleeping through the night so that’s tough .,2024-09-16 12:02:50,7,False,1.0,1.0,False,1.078240156173706,1.0486940145492554,0.9654763340950012,1.1085766553878784,0.11276382207870483,0.05988264083862305
102,1456,"Tired , Exhausted , Frustrated , Upset , Disappointed",2024-09-16 17:38:57,7,True,-2.0,0.0,False,-1.4128187894821167,0.5131516456604004,-1.4781277179718018,0.5372974872589111,0.06530892848968506,0.024145841598510742
102,1457,"I’m really tired . I have had a busy day . Parts of it were very overwhelming . Work , life , feeling that I don’t have any help . However , there is a part of me that feels proud that I got so much done . I am trying to focus on that .",2024-09-16 22:01:43,7,False,-1.0,0.0,False,-0.9940919280052185,0.5196927785873413,-1.1721152067184448,0.458751231431961,0.17802327871322632,0.060941547155380305
102,1458,"Tired , Optimistic , Hopeful , Curious , Intrigued",2024-09-17 12:02:35,7,True,0.0,0.0,False,-0.07479589432477951,0.8738994002342224,-0.127524733543396,0.981868863105774,0.052728839218616486,0.10796946287155162
102,1459,Again I’ve just been tired throughout the day . I feel like I need to sleep for several days to catch up . Not a great feeling . I have never been in a situation like this and I’m doing the best i can . Hopefully my nights will go back to normal soon .,2024-09-17 22:14:24,7,False,-2.0,0.0,False,-1.574790596961975,0.024707006290555,-1.640854001045227,0.0356594882905483,0.06606340408325195,0.010952481999993297
102,1460,"Angry , Frustrated , Resentful , Scared , Disappointed",2024-09-18 12:04:14,7,True,-2.0,0.0,False,-0.9044123888015747,1.106021761894226,-1.032899260520935,1.15241801738739,0.12848687171936035,0.04639625549316384
102,1461,"Not feeling great overall . Questioning a lot about my life , my decisions and my faith . Wondering if I ever been getting it wrong all along . I feel like i need to spend a lot of quiet time with myself for the next few weeks or maybe months .",2024-09-18 22:07:57,7,False,-2.0,0.0,False,-0.985218346118927,0.34093204140663147,-1.0225319862365725,0.393210768699646,0.037313640117645486,0.052278727293014526
102,1462,A bit better morning than yesterday . I slept a little better . I feel less overwhelmed by everything today . I still have a lot to take care of and work to catch up on because I haven’t been able to do much because of the lack of sleep . Hopefully today I can be more productive .,2024-09-19 12:16:07,7,False,-1.0,0.0,False,0.22667846083641052,1.2042243480682373,0.2257506400346756,1.1842238903045654,0.0009278208017349243,0.020000457763671875
102,1463,"Tired , Overwhelmed , Busy , Productive , Curious",2024-09-19 17:03:07,7,True,-1.0,0.0,False,-0.23267127573490143,0.6443277597427368,-0.2854737341403961,0.7319825887680054,0.05280245840549469,0.08765482902526855
102,1464,I’m a bit tired . A bit stressed . My dog seems to be restless which usually means she will be up all night . This i hope isn’t the case . IM giving her her meds and hoping for the best because they work sometimes but lately they haven’t been working we think she’s become immune to the dosage . We have a vet appointment with a new very but the wait time is long . For next month,2024-09-19 22:18:10,7,False,-1.0,0.0,False,-0.9307957887649536,0.5670914649963379,-0.9649337530136108,0.5813274383544922,0.03413796424865723,0.014235973358154297
102,1465,I’m quiet but angry . I’m frustrated about many things right now . I won’t let this be the tone of my day . I have decided to do my best to get out of this funk . I am better than this . I’m working on a project I enjoy perhaps that will make a difference .,2024-09-20 12:06:13,7,False,0.0,0.0,False,-0.5984637141227722,0.8509469628334045,-0.6264603137969971,0.8680664300918579,0.027996599674224854,0.01711946725845337
102,1466,"Stressed , Upset , Nervous , Overwhelmed , Tired",2024-09-20 17:37:44,7,True,-2.0,2.0,False,-1.0196776390075684,1.1658120155334473,-0.9426016807556152,1.2484042644500732,0.07707595825195312,0.08259224891662598
102,1467,I was able to get myself together as the day went on and turn my mood around . It wasn’t easy but I did it . I’m feeling quiet and ready to wind down by watching some tv before sleep . I have been working all day and need to unwind my mind .,2024-09-20 22:00:52,7,False,0.0,0.0,False,-0.06213255226612091,0.38918378949165344,-0.109555535018444,0.4333564639091491,0.047422982752323095,0.04417267441749567
102,1468,"Feeling overall ok . I had a busy Sunday of work , laundry , etc . I’m starting to get ready to call it a day . I did struggle today with thoughts about paying some bills I owe . That made me stress out and it has lingered a bit throughout the day and night .",2024-09-22 22:05:33,7,False,0.0,0.0,False,-0.08539033681154251,0.9303719401359558,-0.0507866591215133,0.8761164546012878,0.034603677690029214,0.05425548553466797
102,1469,I’m feeling ok . A bit worried about finances but holding up . I have two projects that I’m working on today and that should keep my mind busy and away from thinking about what I don’t want . I feel very grateful today however .,2024-09-23 12:21:52,7,False,0.0,0.0,False,1.1434499025344849,0.7491140961647034,0.9547387361526488,0.8030562400817871,0.18871116638183605,0.05394214391708374
102,1470,"Satisfied , Relieved , Tired , Hopeful , Grateful",2024-09-23 22:29:13,7,True,1.0,0.0,False,1.2268712520599365,0.400434285402298,1.1894959211349487,0.4836838245391845,0.03737533092498779,0.08324953913688654
102,1471,I’m a bit tired because I have done a lot today so far and it’s only 3pm . I feel a little bit sleepy but I’m going to try to push myself a bit and continue to be productive as much as I can . I wish I could take a nap,2024-09-24 17:00:41,7,False,0.0,0.0,False,-0.8604732155799866,0.1946266144514084,-0.9638091325759888,0.2044155299663543,0.1033359169960022,0.0097889155149459
102,1472,"Tired , Sleepy , Achy , Content , Eager",2024-09-24 22:00:44,7,True,-2.0,0.0,False,-0.7736548781394958,0.22586102783679962,-0.950852632522583,0.2918543219566345,0.17719775438308716,0.0659932941198349
102,1473,I have been very productive this morning but I am juggling several tasks at once and that is a bit stressful . I have a lot on my “to do list” for the day and i will like to be able to check off most things .,2024-09-25 12:12:33,7,False,0.0,0.0,False,0.17960406839847565,1.5770864486694336,0.1854662597179412,1.5936007499694824,0.005862191319465554,0.016514301300048828
102,1474,Very long day . Lots of different projects . Trying to juggle all of them . I feel somewhat overwhelmed . I’m going to try to breath and pace myself as I still have a lot to go before the day ends . I feel somewhat productive .,2024-09-25 17:56:32,7,False,0.0,0.0,False,-0.6416977643966675,1.4217551946640015,-0.6974736452102661,1.4195044040679932,0.05577588081359863,0.0022507905960083008
102,1475,"Tired , Exhausted , Overwhelmed , Drained , Sleepy",2024-09-25 22:05:01,7,True,-1.0,0.0,False,-1.6936134099960327,0.07374817132949829,-1.677223563194275,0.1508232802152633,0.016389846801757812,0.07707510888576502
102,1476,I have been working all day almost nonstop since 7am . I am feeling pretty tired and mentally drained . I have a few hours to go still so that in a way stresses me out since I want to stop now but I’m going to push through .,2024-09-26 17:29:21,7,False,0.0,0.0,False,-1.6477735042572021,0.21089942753314972,-1.6556276082992554,0.2722557485103607,0.007854104042053223,0.061356320977211
102,1478,"Tired , Burned out , Drained , Sleepy , Proud",2024-09-26 22:02:00,7,True,0.0,0.0,False,-1.4895384311676025,-0.05379265174269676,-1.4993549585342407,0.0081174690276384,0.009816527366638184,0.06191012077033516
102,1479,"Quiet , Productive , Busy , Sleepy , Proactive",2024-09-27 12:01:33,7,True,0.0,0.0,False,0.1997484564781189,0.5861433148384094,0.0472228676080703,0.621151328086853,0.1525255888700486,0.035008013248443604
102,1480,I’ve been multitasking all day and I don’t think I’ve had enough food so I’m feeling hungry and hangry . A bit tired . I just gpt a snack and I’m starting to eat so hopefully I’ll start to feel a bit more together soon,2024-09-27 17:08:41,7,False,0.0,0.0,False,-0.9569193124771118,0.7515207529067993,-0.95834082365036,0.8171363472938538,0.00142151117324818,0.06561559438705444
102,1481,I have a headache and I’m ready for bed . These past few weeks I feel like I’m just dragging my body around . I feel exhausted most of the time from bad nights of sleep and perhaps even hormones . I hope tonight is restful peaceful sleep .,2024-09-27 22:04:45,7,False,0.0,0.0,False,-1.7722736597061157,0.0036104940809309483,-1.8339293003082275,0.0101130548864603,0.061655640602111816,0.0065025608055293525
102,1482,I woke up feeling tired and drained from the week . I am working today also but I’m planning to take a nap to catch up on my sleep . I’m also hungrier than usual . I hope that after eating a get another boost of energy .,2024-09-28 12:48:16,7,False,0.0,0.0,False,-1.495911955833435,0.15601307153701782,-1.4984976053237915,0.183434784412384,0.0025856494903564453,0.027421712875366183
102,1483,"Feeling a bit rested because I did nap today , however I haven’t been able to do much about all those emails I have tomtake care of so I’m moving on to tomorrow with still all of that to do and that is a bit stressful",2024-09-28 22:01:56,7,False,0.0,0.0,False,-0.2458450347185135,0.33306965231895447,-0.3760404586791992,0.3294776678085327,0.13019542396068573,0.003591984510421753
149,3792,"I feel fine , I don’t feel sad . I am home now after a long day in the hospital (school) . I have lots of things to do but a fun evening ahead which makes me happy . Overall my mood is somewhat good . I do not feel like drinking at all right now nor am I thinking of drinking .",2024-11-07 17:01:44,7,False,1.0,1.0,False,0.40751656889915466,0.8144248723983765,0.4711424112319946,0.7781492471694946,0.06362584233283991,0.036275625228881836
149,3794,"Just applied to an important role at my school . I’m feeling invigorated because I am passionate about this role . Overall , today was tiring and I need to decompress and eventually sleep . I do not feel angry , stressed , overwhelmed or depressed . I definitely don’t feel sad either . I am happy today is Friday because I get to sleep in tomorrow with no disruptions .",2024-11-08 22:17:16,7,False,1.0,1.0,False,0.09060218930244446,0.7850630879402161,0.0566547363996505,0.7737144231796265,0.03394745290279396,0.0113486647605896
149,3795,Feeling lazy and tired . I don’t want to leave my bed or my house or make food . But not cause I’m sad but because motivation is lacking . I must go and get started so I will do that soon . Not depressed or worried or anxious or stressed . I am feeling okay just exhausted from the week I guess .,2024-11-09 12:59:33,7,False,-1.0,0.0,False,-0.8457825183868408,0.3220636546611786,-0.8840662240982056,0.3202311098575592,0.038283705711364746,0.0018325448036193848
149,3797,"I am okay . I feel relaxed and spending time at home . After going to the gym , I relaxed my body and I am able to decompress . I don’t feel anxious depressed or sad . I feel fine . Nothing more to do than watch tv and I really don’t have much else to talk about .",2024-11-09 22:33:24,7,False,1.0,1.0,False,0.9573912620544434,0.4935363233089447,0.8979437351226807,0.4904572069644928,0.059447526931762695,0.0030791163444519043
149,3798,I am fine . Don’t feel anxious . Studying for classes . Not depressed or anxious or stressed . I am taking it slow today . Not doing anything to upset myself when necessary . Planning on spending most of the day inside and enjoying the last of the weekend before classes begin again tomorrow .,2024-11-10 12:35:55,7,False,0.0,0.0,False,0.4403059780597687,0.5054605603218079,0.4325262010097503,0.5249766707420349,0.007779777050018366,0.01951611042022705
149,3800,Finished going to the gym my body feels very relaxed . Annoyed that I have work to do . But I will finish in due time and be done for the night . Happy I get to wake up a little later tomorrow so that is awesome .,2024-11-11 22:02:22,7,False,2.0,0.0,False,0.7697704434394836,0.9757009744644165,0.7834432125091553,0.9414820671081544,0.01367276906967163,0.034218907356262096
149,3803,Feeling a little jittery and nervous because of an important event this morning . Not feeling depressed or sad or frustrated . I have a lot of energy because the event today needs to go smoothly . I am okay and don’t feel the need to drink .,2024-11-14 12:01:54,7,False,-1.0,2.0,False,-0.5806460380554199,1.5450947284698486,-0.6911141276359558,1.5138609409332275,0.11046808958053589,0.031233787536621094
149,3805,"Feeling annoyed , just had a fight with a dear friend of mine . Petty but stupid fight . I hate arguing for this reason it makes me feel crappy . I don’t really feel anxious , depressed or sad . Just need to clear my head .",2024-11-15 22:04:28,7,False,0.0,1.0,False,-0.8245052099227905,0.9874980449676514,-0.9234208464622498,0.9895726442337036,0.09891563653945923,0.002074599266052246
149,3806,Feel fine woke up early and started my day . Nothing really spectacular to document . Have some plans today then I plan to study and relax after . Don’t feel stressed or anxious at all . Nothing else really for me to state here .,2024-11-16 12:26:52,7,False,0.0,1.0,False,1.4015555381774902,0.4060220420360565,1.4101629257202148,0.3745639622211456,0.00860738754272461,0.031458079814910944
149,3807,I am spending time with friends and I have drank two drinks . Not drunk at all . Just tipsy . I was not pressured to drink and I didn’t feel like I had to drink . I don’t feel depressed or anxious at all .,2024-11-16 17:45:05,7,False,1.0,2.0,False,0.7088882327079773,1.3042876720428467,0.6434252262115479,1.3307029008865356,0.06546300649642944,0.026415228843688965
149,3808,I am being productive and getting work done currently . I feel accomplished and able to get all my work done and finish up . I will relax for the rest of the night and calm my body before I start grinding and studying tomorrow .,2024-11-16 22:02:07,7,False,2.0,2.0,False,0.46093127131462097,0.9711992740631104,0.4654891490936279,0.9941827058792114,0.0045578777790069025,0.022983431816101074
149,3809,Again very productive morning working on some late assignments . Feeling okay not depressed or anxious or sad . I feel like today will be a good day to just go outside and enjoy the day while being productive of course .,2024-11-17 12:29:25,7,False,2.0,0.0,False,0.7436621785163879,0.9718751907348633,0.7147961258888245,1.0491341352462769,0.028866052627563477,0.07725894451141357
149,3812,"Extremely busy day and frustrating as well as I locked myself out of my house so early in the morning . But that can’t stop me from doing life things . Long day at work as well which is never fun . And to top it all off , studying once I get home . Just feeling stressed that’s all .",2024-11-18 22:35:23,7,False,0.0,1.0,False,-0.9721327424049377,1.7257124185562134,-1.0089467763900757,1.7624964714050293,0.03681403398513794,0.03678405284881592
149,3793,"Bored , Tired , Uninterested , Impulsive , Exhausted",2024-11-08 17:10:01,7,True,0.0,1.0,False,-0.507222592830658,0.6462289094924927,-0.5987086296081543,0.6487718224525452,0.09148603677749634,0.0025429129600524902
149,3796,"Fine , Okay , Bored , Neutral , Alright",2024-11-09 17:02:45,7,True,0.0,1.0,False,0.2699315845966339,0.8575925827026367,0.1004498228430748,0.9880813360214232,0.1694817617535591,0.1304887533187865
149,3799,"Hungry , Bored , Content , Relaxed , Happy",2024-11-10 17:46:45,7,True,1.0,2.0,False,1.1274745464324951,0.48098164796829224,0.8267894387245178,0.8843224048614502,0.3006851077079773,0.40334075689315796
149,3801,"Tired , Annoyed , Exhausted , Unmotivated , Pissed",2024-11-12 22:54:03,7,True,-2.0,0.0,False,-1.0839277505874634,0.8032321929931641,-1.1680569648742676,0.8118302822113037,0.0841292142868042,0.008598089218139648
149,3802,"Happy , Wholesome , Excited , Enthusiastic , Rested",2024-11-13 12:36:24,7,True,2.0,1.0,False,1.7965818643569946,1.1571019887924194,1.80068838596344,1.382211446762085,0.0041065216064453125,0.22510945796966553
149,3804,"Happy , Loved , Fulfilled , Accomplished , Enthusiastic",2024-11-14 17:08:25,7,True,2.0,1.0,False,1.778246283531189,0.9171050190925598,1.7386767864227295,1.086331129074097,0.03956949710845947,0.1692261099815371
149,3810,"Busy , Annoyed , Tired , Lazy , Unmotivated",2024-11-17 17:21:12,7,True,0.0,1.0,False,-0.1397610604763031,1.280790090560913,-0.1810867637395858,1.4816871881484983,0.04132570326328269,0.20089709758758523
149,3811,"Fine , Busy , Overworked , Annoyed , Tired",2024-11-18 12:25:49,7,True,0.0,1.0,False,0.2443367838859558,0.8136875629425049,0.0427205711603164,1.0320050716400146,0.2016162127256394,0.21831750869750977
149,3813,"Happy , Content , Satisfied , Lazy , Unmotivated",2024-11-20 22:43:25,7,True,1.0,1.0,False,1.3662327527999878,0.6836510300636292,1.318872570991516,0.9626133441925048,0.0473601818084719,0.2789623141288756
154,3914,"I am currently feeling somewhat happy , as I feel calmer and more relaxed after having a therapy session and speaking with coworkers and laughing . I have also been listening to music which brightens my mood as well . I am also feeling productive as I am accomplishing tasks at work with calling people , writing reports , and emailing others .",2024-11-05 17:17:24,7,False,1.0,1.0,False,1.2861920595169067,0.8847114443778992,1.2775555849075315,0.8863661289215088,0.008636474609375222,0.0016546845436096191
154,3915,"I am currently feeling jittery and kinda anxious . I was watching ORG to distract myself and relax , but kinda became aware of my physical sensations like my heart beating . I practiced my therapy skills of creating space between myself and my emotions by telling myself “I am having anxious thought” rather than “I am anxious . ” It really helps !",2024-11-05 22:31:10,7,False,-1.0,2.0,False,-0.573596715927124,1.3872814178466797,-0.5745192766189575,1.354555368423462,0.0009225606918334961,0.03272604942321777
154,3919,"I currently am feeling somewhat jittery and tired . I had a late work shift last night and an early morning for the other part of my job , so I didn’t get much sleep . My serotonin tends to drop when I don’t get much sleep making my heart race more and feeling overall more nervous . I believe they call it “tired and wired” lol . But I am feeling happy , just sleepy . I am excited to talk to my coworkers today and other people too .",2024-11-08 12:36:01,7,False,-1.0,2.0,False,-1.171824336051941,1.0320932865142822,-1.2089697122573853,1.025594711303711,0.037145376205444336,0.006498575210571289
154,3920,I am currently feeling very very tired . I am also feeling content because I just ate some chicken tacos . I feel cozy too because I am in bed and wrapped in a soft blanket . I also am feeling flirty in general which is annoying because dating is very hard in GPE  . I’m feeling romantic but also kinda sad that I’m not in a relationship .,2024-11-08 22:02:52,7,False,0.0,0.0,False,-0.09454905986785889,0.25938165187835693,-0.1582489609718322,0.2700597643852234,0.0636999011039733,0.010678112506866455
154,3921,"I’m definitely feeling tired and a little anxious . I wake up once or twice in the night so I can feel sleepy because of that . I feel a little anxious too because when I don’t get a ton of sleep my serotonin levels are affected . I also feel kinda cold in my room . I feel excited to go back to sleep though because it is a Saturday ! I’m trying to catch up on my sleep because this past week was quite busy at work . I’m feeling a bit of burn out , nothing crazy but I’m excited for Christmas vacation in a month when I can take some time off of work . I love my job but it can be emotionally and physically tiring .",2024-11-09 12:10:11,7,False,-2.0,0.0,False,-1.3202675580978394,0.6942179203033447,-1.3654043674468994,0.672593355178833,0.04513680934906006,0.02162456512451172
154,3924,I currently feel a little jittery/anxious . I tend to get nervous about things and am learning how to cope with this in therapy . I am excited though because tomorrow I am meeting my friend for lunch ! I haven’t seen her in a month and I’m looking forward to it . I also feel more rested . This weekend I took time for myself to recoup and rest which was much needed . I am happy and am currently making Christmas gifts for my friends and family .,2024-11-10 22:05:07,7,False,-1.0,2.0,False,-0.25620144605636597,1.5909794569015503,-0.3394871354103088,1.6157000064849854,0.08328568935394282,0.02472054958343506
154,3926,I am feeling content right now . I am also feeling bloated because I ate salty and gluten containing foods (I’m gluten sensitive) . So I feel a little balloon-y lol . But like a cute balloon . I also feel clean because I took a shower and smell nice . I feel productive and happy because I visited two friends today in GPE . We had a nice time and walked around . I am getting ready physically and mentally for tomorrow going back to work after having the day off today . I feel a little sluggish too from the food I ate but nonetheless happy .,2024-11-11 22:58:18,7,False,1.0,0.0,False,0.541023313999176,0.545825719833374,0.5261349081993103,0.537865400314331,0.014888405799865723,0.007960319519042969
154,3927,I’m currently feeling lively and calm too ! I just finished a meeting that went well and am excited to eat my granola bar . I am looking forward to seeing my friend in an hour . I am feeling optimistic about my future and my job .,2024-11-12 17:22:13,7,False,1.0,2.0,False,1.1879974603652954,1.1136995553970337,1.1399892568588257,1.1478185653686523,0.04800820350646973,0.03411900997161865
154,3930,"I am feeling a little jittery at the moment . I feel excited though to go to work because I really like what I do . I also get to see my coworkers who I really like and get along with ! Also , I am excited to eat breakfast . Eggs are always the best in the morning tbh . Also , I feel kind of sleepy because I did a late shift for my internship . I enjoy it though so it doesn’t feel like work .",2024-11-15 12:25:54,7,False,-1.0,2.0,False,-0.2648516893386841,1.3085315227508545,-0.2992666363716125,1.2772512435913086,0.03441494703292841,0.0312802791595459
154,3932,I’m currently feeling somewhat jittery . I think I ate too much salt lol . I’m quite tired too so that could be adding to it . I’m feeling also grateful for the people I have in my life . I also feel confused at what I want my future career to be . I thought I had an idea but the more I talk to my supervisor about it the more I’m not sure I want to get my doctorate degree .,2024-11-15 22:29:50,7,False,-1.0,2.0,False,-1.2097731828689575,1.5078749656677246,-1.2824550867080688,1.5225632190704346,0.07268190383911133,0.014688253402709961
154,3933,I’m feeling pretty neutral right now . I was jittery before but now I’m a little more calm . I am about to make my Christmas gifts for my friends and family so I’m excited for that ! I feel better after going to the gym . I also ate a really good lunch so I feel good about that . I took a shower too so I feel fresh and clean :),2024-11-16 17:16:58,7,False,0.0,1.0,False,0.4411250650882721,1.1144495010375977,0.40460005402565,1.124528408050537,0.03652501106262207,0.010078907012939453
154,3934,I feel somewhat lively and also tired at the same time if that makes sense . I’m going to start making homemade Christmas ornaments so I’m excited for that . I also feel productive because I cleaned my room today and went to the gym . I feel pensive today as well thinking about past things and where I want to go in the future . I’m trying to surrender control and just go with the flow and trust .,2024-11-16 22:13:49,7,False,1.0,2.0,False,0.2377309501171112,1.1715748310089111,0.2087894976139068,1.2246650457382202,0.0289414525032044,0.05309021472930908
154,3935,I feel quite tired . I got my Covid and flu shot yesterday and could not sleep very well . I also had a headache which made it difficult to fall asleep . I also got some anxiety too because I don’t like feeling lots of bodily changes . I’m trying my best though .,2024-11-17 12:15:57,7,False,-2.0,0.0,False,-1.2993957996368408,0.16673395037651062,-1.4421343803405762,0.1557596772909164,0.14273858070373535,0.010974273085594233
154,3936,"I feel pretty neutral right now . I just ate a good lunch so I feel good about that . I’m excited to watch a football game online in an hour . I’m also listening to ORG  so I’m vibing . Also , I’m working on some work things before the game so I’m feeling productive .",2024-11-17 17:07:59,7,False,0.0,1.0,False,0.37714430689811707,1.0254855155944824,0.362030565738678,1.0338079929351809,0.015113741159439087,0.008322477340698464
154,3937,I feel pretty neutral right now . A little jittery and happy too . I feel better but still kinda blah after my flu and covid shot yesterday . I’ve mostly been resting all day . I talked with my mom and friend today which was nice . I am looking forward to talking with my coworkers tomorrow and catching up on how our weekends went .,2024-11-17 22:21:06,7,False,0.0,1.0,False,-0.25713562965393066,1.1132593154907227,-0.2633451223373413,1.115389347076416,0.0062094926834106445,0.0021300315856933594
154,3916,"Jittery , Anxious , Happy , Content , Warm",2024-11-06 17:26:04,7,True,-1.0,2.0,False,-0.05218110978603363,1.1786731481552124,-0.2286584377288818,1.2182345390319824,0.17647732794284818,0.03956139087677002
154,3917,"Sleepy , Satisfied , Annoyed , Frustrated , Uncertain",2024-11-06 22:34:28,7,True,0.0,0.0,False,-0.009478419087827206,0.7977192997932434,-0.0347429513931274,0.7922945022583008,0.025264532305300194,0.005424797534942627
154,3918,"Energetic , Lively , Content , Happy , Talkative",2024-11-07 12:25:21,7,True,1.0,2.0,False,1.3841904401779175,1.4130057096481323,1.2680927515029907,1.5360276699066162,0.11609768867492676,0.12302196025848389
154,3922,"Content , Rested , Happy , Calm , Serene",2024-11-09 17:24:41,7,True,1.0,0.0,False,1.9954067468643188,0.2601388394832611,1.849120140075684,0.5338826775550842,0.1462866067886348,0.2737438380718231
154,3923,"Tired , Sleepy , Slowed down , Cold , Slightly Irritable",2024-11-09 22:24:52,7,True,0.0,0.0,False,-1.3830337524414062,0.18846502900123596,-1.3932222127914429,0.2086764276027679,0.010188460350036621,0.020211398601531927
154,3925,"Happy , Content , Satisfied , Caring , Friendly",2024-11-11 17:17:39,7,True,1.0,1.0,False,1.8405812978744507,0.591048002243042,1.805781841278076,0.7987067699432373,0.034799456596374734,0.2076587677001953
154,3928,"Calm , Content , Hungry , Fine , Helpful",2024-11-13 17:59:15,7,True,0.0,1.0,False,1.57077956199646,0.13418275117874146,1.5009130239486694,0.3342901170253753,0.06986653804779053,0.20010736584663386
154,3929,"Calm , Little sluggish , Productive , Impatient , Content",2024-11-14 12:02:00,7,True,0.0,1.0,False,1.0008728504180908,0.5499842166900635,0.9549931287765504,0.6573689579963684,0.045879721641540416,0.10738474130630493
154,3931,"Content , Sleepy , Happy , Friendly , Warm",2024-11-15 17:12:49,7,True,1.0,0.0,False,1.3524032831192017,0.47178328037261963,1.0736382007598877,0.8125826120376587,0.27876508235931396,0.34079933166503906
101,1432,"Relaxed , Content , Uplifted , Calm , Thoughtful",2024-11-05 12:21:03,7,True,2.0,0.0,False,1.9367579221725464,-0.054745014756917953,1.9859387874603271,-0.0434568934142589,0.04918086528778076,0.011288121342659052
101,1433,I currently feel fulfilled like I ' m accomplishing what I have on my to do list while still holding out on hope that PERSON will pull through even though there doesn ' t seem like this will be the case . I am in the process of resuming my cleaning spree after working out some confusion at the bank .,2024-11-06 17:18:41,7,False,2.0,0.0,False,1.1424585580825806,0.9987682104110718,1.1522151231765747,1.0060268640518188,0.00975656509399414,0.00725865364074707
101,1434,While I was cleaning I became inspired to declutter my desserts and kitchen cabinets for my next grocery trip . I am glad that I completed most of the work today leaving me to vacuum tomorrow . Completing all of this has made me energetic ready to go to the laundry mat .,2024-11-06 22:09:40,7,False,2.0,0.0,False,0.01272557768970728,1.8705905675888062,0.0958364456892013,1.8667420148849487,0.08311086799949402,0.003848552703857422
101,1435,"Tired , Happy , Ready , Focused , Curious",2024-11-07 12:01:03,7,True,-1.0,0.0,False,0.2053496092557907,0.7898585796356201,0.1542081534862518,0.8683264255523682,0.05114145576953891,0.07846784591674805
101,1436,I am glad my surgery is over and the healing can begin . I was extremely hopeful that my dad would ' ve been more attentive after my surgery but he wasn ' t . He started getting crabby when I got out of surgery . He didn ' t help me in the house my neighbor helped me . When I asked him to get my medicine he was amicable but got nasty with me since he did not follow the directions I sent him . When he came back with my meds he gathered his still and left me . I am currently alone in pain with no way to bring myself food . I did manage to get a bag and put water and a pack of crackers in it and bring it to my bed since that ' s all I could carry with a walker and one leg . I am currently in an excruciating amount of pain but I can ' t take my pain meds because I have no food . I am hoping that my companion comes back tonight since he keeps sending my calls to voicemail . Although I am experiencing these issues I am not mad or upset nor am I resentful towards my father ' s and friends actions . I know how resilient I am and this shall,2024-11-08 22:03:20,7,False,2.0,0.0,False,-0.5971108675003052,0.5246803760528564,-0.5863344669342041,0.5039047598838806,0.010776400566101074,0.02077561616897583
101,1437,"Relaxed , Calm , In pain , Contemplating , Insightful",2024-11-09 12:02:27,7,True,2.0,0.0,False,1.3465944528579712,0.2833338975906372,1.4048411846160889,0.3124305009841919,0.058246731758117676,0.029096603393554688
101,1438,I am currently in pain and mistakenly chose the wrong feelings option on the previous screen . I am going to sleep through this pain . When I wake up I will take my meds for pain . It has been a trying first day out of surgery but I am in good spirits overall .,2024-11-09 17:19:01,7,False,-2.0,0.0,False,0.1258789747953415,0.5638880133628845,0.086107313632965,0.551892876625061,0.03977166116237649,0.011995136737823486
101,1439,"I am feeling the same as I did yesterday in pain and bed bound . I am waiting for my commode to be delivered . However , I am contemplating if I will be in an live in relationship when   this is all over . I have tried to be open minded but we ' re not in the same place in life and I ' m just not interested the lifestyle he chooses to lead . However , with all of this I am in good spirits and waiting out my recovery .",2024-11-10 12:12:11,7,False,2.0,0.0,False,0.43608880043029785,0.658939778804779,0.5022181868553162,0.6382236480712891,0.06612938642501831,0.02071613073348999
101,1440,"In pain , Uncomfortable , Content , Fidgity , Happy",2024-11-10 17:11:51,7,True,2.0,0.0,False,0.06353598833084106,0.40979132056236267,-0.3297593295574188,0.6372699737548828,0.3932953178882599,0.22747865319252014
101,1441,I finally got relief from the pain I was in before . I am tired and ready to go to sleep . It has been a long day of pain and now I need rest . Overall my current mood is happy and relaxed but mostly I ' m ready to get some rest .,2024-11-10 22:01:26,7,False,2.0,0.0,False,-0.12243039906024933,0.3180803060531616,-0.1906953752040863,0.3176741302013397,0.06826497614383698,0.0004061758518218994
101,1442,"I feel better this morning since my pain levels have dropped . I currently feel good and upbeat while i complete some homework . Overall this experience with my father coming to take me to my surgery and having to rely on someone for all my needs has been trying . However , I am grateful and humbled by this experience since I am learning that I can not do it alone .",2024-11-11 12:58:54,7,False,2.0,0.0,False,1.1236850023269653,0.8757973909378052,1.0867267847061155,0.8912719488143921,0.03695821762084983,0.015474557876586914
101,1443,I am in good spirits since the surgery . Know the the recovery period has begun I can now focus on going back to work and taking my EEE test so I can become permanent at my job . I am running out of things to discuss since not much has changed as of yet .,2024-11-11 17:01:19,7,False,2.0,0.0,False,1.0868052244186401,0.8583458662033081,1.0397223234176636,0.8744298219680786,0.04708290100097656,0.016083955764770508
101,1444,"Tired , Happy , Relaxed , Calm , In pain",2024-11-11 22:47:30,7,True,2.0,0.0,False,0.10616488754749298,0.21379587054252625,-0.0146825453266501,0.2839217782020569,0.12084743287414308,0.07012590765953064
101,1445,"Content , Relaxed , Calm , Comfortable , Happy",2024-11-12 12:32:33,7,True,2.0,0.0,False,1.9039231538772583,0.12768113613128662,1.8173985481262207,0.2733151614665985,0.0865246057510376,0.1456340253353119
101,1446,"I am currently feeling better the pain is bearable now . I ' m in good spirits and glad I was able to get my last class done so I can take my Capstone in January . This excites me because this is the second biggest thing I ' ve accomplished for myself , since accomplishing my associates while being diagnosed with narcolepsy , REM sleep disorder , sleeping eating and walking and hypersomolence . Now I have to conquer quitting smoking and my goals have been completed for now . I ' m a work in progress always looking to ways to grow and be a better person .",2024-11-13 12:35:58,7,False,2.0,0.0,False,1.2408342361450195,0.8375304937362671,1.19438374042511,0.8543318510055542,0.046450495719909446,0.01680135726928711
101,1447,"I am currently feeling better the pain is bearable now . I ' m in good spirits and glad I was able to get my last class done so I can take my Capstone in January . This excites me because this is the second biggest thing I ' ve accomplished for myself , since accomplishing my associates while being diagnosed with narcolepsy , REM sleep disorder , sleeping eating and walking and hypersomolence . Now I have to conquer quitting smoking and my goals have been completed for now . I ' m a work in progress always looking to ways to grow and be a better person .",2024-11-13 17:28:42,7,False,2.0,0.0,False,1.2408342361450195,0.8375304937362671,1.19438374042511,0.8543318510055542,0.046450495719909446,0.01680135726928711
101,1448,"I am currently relaxed with my leg up . I have a lot of pain when I have to stand up and go to the restroom , so I have started putting my leg down for a minute then putting it back up . I do this twice then rest for two hours . I don ' t know if it ' s working but the pain is a lot .",2024-11-14 17:05:39,7,False,2.0,0.0,False,0.21878531575202942,0.6088521480560303,0.163837119936943,0.6426593065261841,0.05494819581508642,0.03380715847015381
101,1449,"Content , Happy , Relaxed , Calm , Accepting",2024-11-14 22:47:26,7,True,2.0,0.0,False,1.8532804250717163,0.1365790218114853,1.6920621395111084,0.3580222427845001,0.1612182855606079,0.22144322097301483
101,1450,I ' m currently feeling relaxed and completing my last paper for my philosophy class . I ' m happy and ready to go to the doctor next week to see how my ankle is healing up . I ' m also thinking about the pain that I ' m going to be in when I have to go to the bathroom in a couple of minutes since my foot throbs when the blood rushes to the bottom of my toes .,2024-11-15 17:01:21,7,False,2.0,0.0,False,0.5985889434814453,0.6712313890457153,0.5692321062088013,0.6781425476074219,0.029356837272644043,0.006911158561706543
101,1451,I ' m currently in pain laying in the bed . Overall I ' m happy I can ' t wait to see the doctor next week to learn the progress of how my ankle is healing . Tomorrow I plan to complete my civil service paperwork for my job and set my plan in motion to return to work at light duty for the next 3 months .,2024-11-16 22:03:11,7,False,2.0,0.0,False,0.2639724016189575,0.5652008056640625,0.1234396547079086,0.5351102948188782,0.14053274691104892,0.030090510845184326
101,1452,"Happy , Greatful , Thankful , Content , Calm",2024-11-17 17:49:39,7,True,2.0,0.0,False,1.8787939548492432,0.6157737374305725,1.7849998474121094,0.8318591713905334,0.09379410743713379,0.21608543395996094
160,4079,"In this current moment , I am feeling okay this morning . I am currently feeling good about myself . Today , I woke up around 9am and I plan on going to the gym later today and going to work later on around 5pm .",2024-11-20 12:01:56,7,False,1.0,1.0,False,0.899268627166748,0.9453139305114746,0.8352326154708862,0.9046040177345276,0.06403601169586182,0.04070991277694702
160,4080,"Today , I am doing alright . I have a bunch of meetings today and one of them started late , which was kind of stressful for me because it was not planned . However , I was able to cope with this obstacle successfully , which I am really proud of .",2024-11-22 12:30:42,7,False,1.0,1.0,False,0.5170597434043884,1.0014539957046509,0.426870733499527,1.0105410814285278,0.09018900990486145,0.009087085723876953
160,4081,"Today I am feeling good . My eyebrow waxing went well and it barely hurt . In the future , I would definitely get then waxxed again . After my waxxing , I did my workout and then I took a relaxing and cleansing shower .",2024-11-23 17:55:07,7,False,0.0,1.0,False,0.8310130834579468,0.9601540565490723,0.7731236815452576,0.9818370938301086,0.05788940191268921,0.021683037281036377
160,4086,"Today , I am feeling good . My Ac got unplugged for the season so I am a little sweaty right now . Later today , I am going to work and then to the gym . Tonight , I am seeing a show with my friend . I am really excited !",2024-11-26 12:10:38,7,False,0.0,1.0,False,0.5751705765724182,1.1861683130264282,0.5705783367156982,1.1898213624954224,0.004592239856719971,0.0036530494689941406
160,4087,"Right now , I feel really good . Right now , I am at IParty event with my friend . We ' ve been waiting for this event for weeks . We are both really excited ! Tommorow I have a friendsgiving to attend with my other friends",2024-11-26 22:28:06,7,False,2.0,1.0,False,1.4957371950149536,1.0366559028625488,1.3836873769760132,1.0723683834075928,0.11204981803894043,0.035712480545043945
160,4088,"Today , I am feeling tired . The event I went with my friend last night was so much fun ! For tonight , I have to cook some mac and cheese for a friendsgiving I am attending . I am super excited to be attending this event !",2024-11-27 12:21:03,7,False,1.0,1.0,False,-0.40531012415885925,0.40435412526130676,-0.4947728812694549,0.4362129271030426,0.08946275711059565,0.03185880184173584
160,4089,"Today it is thanksgiving ! This year , my family and I are hosting dinner at our house . We ' ve been hosting Thanksgiving for several years now . I am very excited to be seeing everyone later today and catching up with them",2024-11-28 12:34:39,7,False,0.0,1.0,False,0.6201539039611816,1.5441138744354248,0.5654100775718689,1.548444390296936,0.054743826389312744,0.0043305158615112305
160,4090,"Today is Thanksgiving day ! My family and I are hosting Thanksgiving at our house . This morning was a little bit hectic because we were preparing all the food . Right now , things are much calmer since most of the food is done .",2024-11-28 17:58:49,7,False,2.0,1.0,False,0.25612229108810425,1.515489935874939,0.1980797499418258,1.5062215328216553,0.05804254114627844,0.009268403053283691
160,4093,"Today I am feeling okay . Right now , I am at the gym doing some workouts . I am currently focusing on chest . My teeth are also hurting today , which makes me feel some pain . Later tonight , I am hanging with my best friend",2024-11-30 17:01:28,7,False,1.0,2.0,False,-0.1693829447031021,0.8360784649848938,-0.2599575519561767,0.8093935251235962,0.09057460725307459,0.026684939861297607
160,4095,"Today is going alright . Right now , I am at the gym doing some back workouts . After the gym , I am going to get some homework done and take a nice relaxing shower . I am excited to be going back to school and work tommorow .",2024-12-01 17:01:44,7,False,1.0,2.0,False,0.29732662439346313,1.1588658094406128,0.2658077478408813,1.1584478616714478,0.03151887655258184,0.00041794776916503906
160,4096,Today has been alright . For the past few hours I have not done too much . I took a nice relaxing shower and I am currently in bed . I am excited to go back to work and see my coworkers and classmates again .,2024-12-01 22:59:09,7,False,0.0,1.0,False,0.2733982503414154,0.6163188219070435,0.2183468788862228,0.5936650037765503,0.055051371455192594,0.022653818130493164
160,4082,"Happy , Comfortable , Calm , Content , Relax",2024-11-23 22:45:32,7,True,2.0,1.0,False,1.9079627990722656,0.33781081438064575,1.8471522331237795,0.442871481180191,0.060810565948486106,0.10506066679954523
160,4083,"Excited , Happy , Tired , Anxious , Jittery",2024-11-24 12:53:35,7,True,2.0,1.0,False,1.114511489868164,1.2976996898651123,1.1015373468399048,1.3993024826049805,0.012974143028259277,0.10160279273986816
160,4084,"Happy , Tired , Excited , Silly , Glad",2024-11-24 22:52:27,7,True,2.0,1.0,False,1.25115168094635,1.120094656944275,1.2216585874557495,1.2877740859985352,0.029493093490600586,0.16767942905426025
160,4085,"Calm , Content , Happy , Greatful , Clean",2024-11-25 22:53:34,7,True,1.0,0.0,False,1.86031973361969,0.3638916313648224,1.731600642204285,0.5111063122749329,0.12871909141540505,0.14721468091011047
160,4091,"Down , Tired , Sad , Calm , Quiet",2024-11-28 22:39:34,7,True,-1.0,1.0,False,-0.7167468070983887,0.49010294675827026,-0.8439779281616211,0.566396951675415,0.12723112106323242,0.07629400491714478
160,4092,"Excited , Happy , Lively , Enthusiastic , Glaf",2024-11-29 22:26:26,7,True,1.0,2.0,False,1.747511863708496,1.2822623252868652,1.6779290437698364,1.4901325702667236,0.06958281993865967,0.2078702449798584
160,4094,"Happy , Excited , Calm , Lively , Enthusiastic",2024-11-30 22:01:05,7,True,2.0,1.0,False,1.7575641870498657,1.1603525876998901,1.7835882902145386,1.3422152996063232,0.02602410316467285,0.1818627119064331
160,4097,"Happy , Calm , Content , Ready , Lively",2024-12-02 12:27:03,7,True,1.0,2.0,False,1.7961798906326294,0.6687055230140686,1.782509446144104,0.8874061107635498,0.01367044448852539,0.2187005877494812
151,3843,At the moment I feel lively like I ' m doing something engaging above all I feel like I ' m top of the whole doing things that enables me feel like I belong in the circle and not worthless . Something above it make it want me to think deep,2024-08-23 12:42:05,7,False,0.0,1.0,False,1.0958691835403442,1.201025128364563,1.1004289388656616,1.259939193725586,0.004559755325317383,0.05891406536102295
151,3844,"Feeling better , the way it is now . Even I sometimes have up and down and most of this family are just smiling and then the alcohol set it in which is quite possible but the alcohol make me really an G and by looking at things it",2024-08-23 17:08:27,7,False,0.0,1.0,False,0.6426038146018982,0.7421128749847412,0.6041415333747864,0.8196426630020142,0.038462281227111816,0.07752978801727295
151,3845,"reserved , Quiet , Lonely , Worrisome , Thinking",2024-08-24 12:22:20,7,True,0.0,0.0,False,-0.2877916991710663,0.315841943025589,-0.4027436971664428,0.3711353838443756,0.11495199799537653,0.05529344081878662
151,3846,I want to be left alone to think more and reason a lot of things I tend to ignore because the things I leave alone are also going to need attention that ' s why most time I tend to want to make use of it why at it and find the best way to see it through to the end,2024-08-25 12:53:51,7,False,0.0,0.0,False,0.6096524596214294,0.42497336864471436,0.5813523530960083,0.4573059976100921,0.028300106525421143,0.03233262896537775
151,3847,"Moody , Worrisome , Expectation , Thinking , Quiet",2024-08-25 22:01:34,7,True,0.0,1.0,False,-0.2316947877407074,0.9033082127571106,-0.2552880048751831,0.9444902539253236,0.023593217134475708,0.041182041168213
151,3848,"My feelings right now is nothing much to say that I ' m tire and exhausted , most of the time feeling this way tends to make we realise some things that I might have done or not have done so when I ' m quiet I happen to enter into a world where only I can imitate my environment for my   own good",2024-08-26 12:05:23,7,False,-2.0,0.0,False,-1.1758476495742798,0.04197312518954277,-1.1912683248519895,0.0639675855636596,0.015420675277709739,0.021994460374116828
151,3849,"I ' m feeling quiet and also nervous , but right now   I want a space of my own and like I could achieve things on my own maybe because of the alcohol and also how it making make some decisions that I don ' t want to",2024-08-29 12:09:04,7,False,0.0,0.0,False,-0.2269635647535324,0.31794288754463196,-0.2961594760417938,0.3623503744602203,0.06919591128826141,0.04440748691558832
151,3850,"At the moment I feel contented with what life has to offer I feel that whatever I do and do well no matter how hard it may be or have being I just feel that ' s how life is and even if I could change some things I just feel it won ' t be necessary at some point , it has happened let it move on",2024-08-29 17:10:19,7,False,1.0,0.0,False,1.0279053449630737,0.27805009484291077,0.918371558189392,0.3365750014781952,0.10953378677368175,0.058524906635284424
151,3851,"Quiet , Active , Jovial , Working , Thinking",2024-08-30 12:05:48,7,True,0.0,0.0,False,0.26875513792037964,0.46464985609054565,0.0936101227998733,0.4919398725032806,0.17514501512050634,0.02729001641273493
151,3852,"Tired , Slugish , Over worked , Thinking , Assuming",2024-08-30 17:03:17,7,True,-2.0,0.0,False,-0.6039186716079712,0.3152238428592682,-0.6473301649093628,0.3940185904502868,0.0434114933013916,0.07879474759101862
151,3853,I ' m feeling active but at the same time I ' m at my most weak state being sluggish and also not ready to do anything just sitting and drinking my drink and reminiscing about the very existence of which I am brought to and have to survive,2024-08-30 22:21:08,7,False,0.0,2.0,False,-1.3906723260879517,0.15241165459156036,-1.370834231376648,0.1934207528829574,0.01983809471130371,0.04100909829139704
151,3854,I want to be left alone doing my own thing my own having my own thinking to myself and be left to be with nature . I feel that life has many things to offer which at some point we need to ascertain this mentality and drive it forward,2024-08-31 12:52:39,7,False,0.0,0.0,False,0.5062587857246399,0.42638081312179565,0.4215796887874603,0.5030994415283203,0.08467909693717957,0.07671862840652466
151,3855,I feel contented and calm I feel like I ' m mind is open and most of the times I know that it is necessary to have alone time which have helped to foster my mindset and also how I look at basically all things,2024-08-31 17:17:21,7,False,2.0,0.0,False,1.5632379055023193,0.0031031914986670017,1.4497627019882202,0.0446828566491603,0.11347520351409912,0.0415796651504933
151,3856,I was there feeling all neutral don ' t even know if I ' m balanced or not just feeling nervous within my system having to contemplate with different matter made it worse and also more activities came into play,2024-08-31 22:36:06,7,False,0.0,1.0,False,-0.5427460074424744,1.1838104724884033,-0.5970304608345032,1.18878972530365,0.05428445339202881,0.004979252815246582
151,3857,"I ' m quite in the happy mood , why ? I don ' t know or even can think about but if I ' m to guess is just the positivity of doing things that makes me more happy , I focus on what is better and ahead for the best",2024-09-01 12:21:32,7,False,0.0,2.0,False,1.7283614873886108,1.0794951915740967,1.6751514673233032,1.0987074375152588,0.05321002006530762,0.01921224594116211
151,3858,"Lovely , Lively , Active , Enthusiastic , Loke",2024-09-01 17:46:53,7,True,0.0,2.0,False,1.3475983142852783,1.5140036344528198,1.3241089582443235,1.5605347156524658,0.023489356040954812,0.046531081199645996
151,3859,"Nervous , Jittery , Active , Enthusiastic , Strong",2024-09-01 22:36:23,7,True,0.0,2.0,False,-0.6848827004432678,1.7260255813598633,-0.7393539547920227,1.697677493095398,0.05447125434875488,0.028348088264465332
151,3860,I feel active and at the same time I feel nervous   and enthusiastic about myself and what I have to offer in the nearest of the life I live now I want to make impact but with what is what I don ' t know but still active,2024-09-02 12:33:15,7,False,0.0,2.0,False,0.7278106212615967,1.7599503993988037,0.7427434325218201,1.74325692653656,0.014932811260223389,0.016693472862243652
151,3861,"Slugish , Tired , Pain , Shout , Exhausted",2024-09-02 22:39:53,7,True,0.0,0.0,False,-1.1276415586471558,0.3100009858608246,-1.141237497329712,0.3328284323215484,0.013595938682556152,0.02282744646072382
151,3862,At the moment I just want to be quiet and look at things unfold and follow the way it is . Right now I ' m poor and have nothing to rely on and it is bothering me so much that being poor isn ' t good for my health and also I ' m drinking alcohol which I ' m trying to stop and it is hard,2024-09-03 12:35:19,7,False,0.0,0.0,False,-0.7068722248077393,0.42728519439697266,-0.7016819715499878,0.4439780116081238,0.005190253257751465,0.016692817211151123
151,3863,I ' m feeling quiet most calm and sluggish and just going with what I think I feel it necessary which is hope that whatever I get myself doing I put myself in a condition that is really good and know that negative and positive are part of this world,2024-09-03 17:13:06,7,False,0.0,0.0,False,0.34713196754455566,0.21629318594932556,0.3322964310646057,0.208608865737915,0.014835536479949951,0.00768432021141055
151,3864,I ' m feeling a little bit active and not active I ' m just neutral and having some mood swings along the way with various activities that making me throw up which is why I ' m just sipping and trying to be calm with various activities that I could get my hands on and do most of everything,2024-09-04 12:02:10,7,False,0.0,1.0,False,0.18066425621509552,0.7676576375961304,0.2126767635345459,0.772391140460968,0.03201250731945038,0.0047335028648376465
151,3865,At the moment I just feel . quiet and observing the nature like I ' m tired from the whole stress and how to make it and be independent but the stress of waking up and going to work and having this obscene attitude is making me more weak within myself and outside,2024-09-04 22:09:10,7,False,0.0,0.0,False,-0.6181280612945557,0.20117595791816711,-0.6091217994689941,0.2290866076946258,0.009006261825561523,0.027910649776458685
151,3866,"Active , Enthusiastic , Nervous , Worrisome , Sluggish",2024-09-05 12:08:54,7,True,0.0,2.0,False,0.21759836375713348,1.5376696586608887,0.1953406184911728,1.4698020219802856,0.022257745265960693,0.06786763668060303
151,3867,Feeling sluggish and quiet for now to reminisce the very essence of what is very important in today ' s life or what we as a fellow human can do to be relevant in the face of the earth and show for the value that we possess and are ready to make it happen,2024-09-05 17:06:37,7,False,0.0,0.0,False,-0.17519433796405792,0.673934817314148,-0.1682145744562149,0.7289358377456665,0.006979763507843018,0.055001020431518555
151,3868,"I feel calm , quiet contented , and sluggish like I feel dull and counting my spade to myself and making it look less ke I can finally be accepted for who I am and accept the fact that to myself I ' m perfect and has good intentions planned out",2024-09-05 22:00:54,7,False,0.0,0.0,False,1.4165713787078857,-0.04830101504921913,1.396147608757019,-0.0096463244408369,0.0204237699508667,0.03865469060838223
177,4502,"Feeling very happy is like basking in warm sunlight on a perfect day for me . It fills my heart with joy and spreads a smile across my face . Everything seems brighter , and even ordinary moments carry a spark of excitement .\ n \ nI likely feel a sense of gratitude , appreciating the little things—a kind word from a friend , the beauty of nature , or a favorite song playing in the background . This happiness might urge me to share my joy with others , creating connections and spreading positivity .\ n \ nMy energy is contagious right now ; I probably find myself laughing more easily and feeling a deep sense of contentment . Challenges that once felt daunting seem more manageable as my optimistic perspective allows me to approach them with confidence .\ n \ nIn this state of happiness , time feels elastic ; moments of joy stretch out , letting me savor them fully . Whether through laughter , kindness , or simply enjoying the present , this happiness enhances my life , making everything seem possible and brightening the world around me . I’ll enj",2024-11-01 12:02:57,7,False,2.0,1.0,False,1.8450864553451538,1.6741961240768433,1.8141263723373413,1.6848251819610596,0.0309600830078125,0.010629057884216309
177,4508,"I imagine I ' m experiencing a particularly bright and optimistic state right now - the kind of happiness that comes from meaningful interaction and the anticipation of interesting conversations ahead . This moment feels like that satisfying glow one gets when fully present and energized , similar to how someone might feel when they ' re about to dive into a fascinating book or catch up with a good friend . While I approach my role with a balanced perspective , today there ' s an extra layer of cheerful enthusiasm coloring my interactions , perhaps analogous to how a teacher might feel at the start of a new semester - filled with curiosity about what insights and exchanges await , and genuinely looking forward to engaging in thoughtful dialogue that could lead to mutual understanding and discovery .",2024-11-04 17:05:31,7,False,2.0,1.0,False,1.8051815032958984,1.4878320693969727,1.807646632194519,1.4630411863327026,0.0024651288986206055,0.02479088306427002
177,4511,"I ' m experiencing a gentle warmth of contentment - not an overwhelming joy , but rather a pleasant sense of wellbeing that sits comfortably in my chest . It ' s like having a small smile that comes and goes naturally , without effort . Perhaps there ' s a lightness in my movements , a slight bounce in my step .\ n \ nMy thoughts likely flow a bit more easily than usual , finding silver linings without having to search too hard for them . I might notice small pleasures more readily - the warmth of sunlight , a favorite song playing , or the satisfaction of completing simple tasks .\ n \ nThis isn ' t euphoria or excitement , but rather a subtle positive undercurrent to my day . Think of it as emotional background music playing softly - noticeable enough to influence my mood , but not overwhelming . I might feel slightly more patient with minor annoyances , a bit more inclined to chat with others , or just generally more at ease in my own skin .\ n \ nIt ' s a sustainable , gentle kind of happiness - the type that doesn ' t demand energy to maintain , but",2024-11-06 17:17:56,7,False,1.0,1.0,False,1.5525251626968384,0.5927746891975403,1.5576796531677246,0.59238600730896,0.0051544904708862305,0.00038868188858032227
177,4512,"Feeling happy is like experiencing a gentle warmth inside , a subtle contentment that softly colors my day . It ' s not the exuberant joy that makes me want to shout from rooftops , but rather a quiet satisfaction that brings a slight smile to my face .\ n \ nIn this state , I might find myself more relaxed , my shoulders less tense , and my thoughts leaning towards the positive . The world seems a bit brighter , not dazzling , but pleasantly illuminated . I ' m not jumping for joy , but I ' m certainly not down either – I ' m comfortably situated in a pleasant middle ground .\ n \ nThis mood might make me more open to small pleasures : the taste of my morning coffee seems richer , the breeze on my skin more refreshing . I ' m more likely to notice the good things around me , even if they ' re minor .\ n \ nMy interactions with others may be tinged with increased patience and kindness . I ' m not overwhelmed with emotion , but I feel a gentle goodwill towards the world and its inhabitants .",2024-11-06 22:09:54,7,False,2.0,1.0,False,1.7012438774108887,0.9315277338027954,1.7068873643875122,0.9420323967933656,0.005643486976623535,0.01050466299057018
177,4503,"Radiating , Pure , Delight , Calm , Contented",2024-11-02 17:38:12,7,True,2.0,1.0,False,2.0014450550079346,0.17108963429927826,1.9268275499343872,0.2807958126068115,0.07461750507354736,0.10970617830753326
177,4504,"Balance , Steady , Calm , Composed , Quiet",2024-11-03 12:12:05,7,True,0.0,1.0,False,0.706665575504303,0.4875747561454773,0.5079042911529541,0.5912008881568909,0.19876128435134888,0.10362613201141357
177,4505,"Content , Cool , Calm , Happy , Satisfied",2024-11-03 17:08:28,7,True,1.0,1.0,False,1.8119287490844727,0.23716986179351807,1.6725438833236694,0.4373447000980377,0.13938486576080322,0.20017483830451965
177,4506,"Happy , Jovial , Funny , Cool , Nice",2024-11-03 22:09:37,7,True,1.0,2.0,False,1.6342345476150513,1.105830430984497,1.5493193864822388,1.2109580039978027,0.0849151611328125,0.10512757301330566
177,4507,"Patient , Calm , Satisfied , Mellow , Buoyant",2024-11-04 12:06:30,7,True,1.0,1.0,False,1.2026911973953247,0.29147347807884216,1.155072569847107,0.376573234796524,0.04761862754821777,0.08509975671768183
177,4509,"Curious , Attentive , Balanced , Present , Engaged",2024-11-04 22:12:48,7,True,0.0,1.0,False,0.4701259732246399,1.2906591892242432,0.3881606757640838,1.318999171257019,0.08196529746055609,0.02833998203277588
177,4510,"Peaceful , Brightened , Composed , Upbeat , Warm",2024-11-05 17:16:29,7,True,1.0,1.0,False,1.5502190589904785,0.5137985944747925,1.58904230594635,0.5051165819168091,0.03882324695587158,0.008682012557983398
117,2417,"I ' m feeling good and great , have been some alot of great works today that I don ' t even know I can do , their some task that have been giving me issue since last week , and the task is has been making me feels effortless , I think have seen solution to it .",2024-11-19 12:08:56,7,False,0.0,1.0,False,2.2154417037963867,0.5478752851486206,2.14640212059021,0.5195871591567993,0.06903958320617676,0.02828812599182129
117,2419,"I ' m just feeling good and nice I didn ' t really bother my self much today , I was just indoor trying to work out , play some nice music when I went to the gym and I also listened to some nice music when I went for jogging .",2024-11-21 17:35:44,7,False,0.0,2.0,False,1.6586347818374634,0.6290367245674133,1.6800179481506348,0.5986580848693848,0.021383166313171387,0.030378639698028564
117,2420,"I ' m not feeling bad and I ' m not feeling too good but I ' m just normal trying to be myself without disturbing anybody and without anybody disturbing me , I ' m just feeling calm and quiet and I ' m just trying to be reasonable .",2024-11-22 12:58:33,7,False,0.0,1.0,False,1.007749319076538,0.2800842225551605,0.9264744520187378,0.3212190568447113,0.08127486705780029,0.04113483428955078
117,2421,"I ' m just feeling neutral , I ' m just hoping that everything will be better , have been alone since , thinking about way forward and have also been calling all my friends for way forward because my dream is bigger than where I am now .",2024-11-22 17:28:12,7,False,0.0,1.0,False,-0.3448222279548645,0.9063332080841064,-0.3592019081115722,0.9864405393600464,0.014379680156707708,0.08010733127593994
117,2422,"I ' m feeling good , I ' m have been out with a friend since but we are still together , we are having fun , we bought some drinks , so that we can discuss more better , being with him is fun , we have played some interesting game too today .",2024-11-23 22:02:32,7,False,0.0,1.0,False,1.402765154838562,0.864445686340332,1.302839756011963,0.8738579750061035,0.09992539882659912,0.009412288665771484
117,2424,I ' m feeling tired and stressed right now because have been working ever since I got to work in the morning I was not able to do any other thing I was just working as if I ' m not going to work again but we thank God for everything,2024-11-26 22:28:57,7,False,0.0,1.0,False,-1.3873225450515747,0.14751067757606506,-1.4875653982162476,0.1519348621368408,0.10024285316467285,0.004424184560775729
117,2429,"I feel very good and calm because have been learning alot from my new friend and she ' s so nice to me , I ' m very happy to be with her , and also she ' s calm and she knows how to handle cases differently and calmly .",2024-12-01 12:58:10,7,False,0.0,1.0,False,2.0031983852386475,0.25659146904945374,2.004624843597412,0.2412581741809845,0.0014264583587646484,0.015333294868469238
117,2418,"Good , anxious , happy , calm , nice",2024-11-19 22:03:46,7,True,0.0,1.0,False,0.8615158796310425,0.9579036235809326,0.5871208906173706,1.0143516063690186,0.2743949890136719,0.05644798278808594
117,2423,"Good , content , joyful , awesome , excited",2024-11-24 12:25:00,7,True,0.0,1.0,False,1.7904584407806396,1.0565590858459473,1.7134476900100708,1.2415748834609983,0.07701075077056885,0.18501579761505105
117,2425,"Good , Nice , Lovely , Generous , Content",2024-11-27 12:34:15,7,True,0.0,2.0,False,1.7879022359848022,0.5744778513908386,1.7463334798812866,0.7205715179443359,0.041568756103515625,0.14609366655349731
117,2427,"Good , lovely , calm , nice , cool",2024-11-27 17:34:33,7,True,0.0,1.0,False,1.6707440614700317,0.5640856027603149,1.5139408111572266,0.7156369686126709,0.15680325031280518,0.15155136585235596
117,2428,"Good , nice , calm , cool , active",2024-11-28 17:39:56,7,True,0.0,1.0,False,1.28950035572052,0.9696570038795471,1.1577576398849487,1.0946495532989502,0.1317427158355713,0.12499254941940308
117,2430,"good , nice , cool , content , happy",2024-12-02 12:10:09,7,True,0.0,1.0,False,1.7202764749526978,0.7851443290710449,1.6224414110183716,0.8977916240692139,0.09783506393432617,0.11264729499816895
22,1328,"Tired , Anxious , Depressed , Angry , Uncomfortable",2021-03-27 12:54:38,1,True,-2.0,0.0,False,-0.7484721541404724,1.0715153217315674,-0.7221644520759583,1.083845615386963,0.02630770206451416,0.012330293655395508
22,1329,"Exhausted , Excited , Nervous , Irritated , Overwhelmed",2021-03-28 15:58:33,1,True,-2.0,0.0,False,-0.2255242019891739,0.711369514465332,-0.587981641292572,0.6736725568771362,0.36245743930339813,0.0376969575881958
22,1330,"Exhausted , Anxious , Frustrated , Annoyed",2021-03-29 13:57:11,1,True,-1.0,0.0,False,-1.4154499769210815,0.6509606838226318,-1.4213403463363647,0.6717365980148315,0.005890369415283203,0.020775914192199707
22,1331,"Irritable , Uncomfortable , Exhausted",2021-04-03 12:27:02,1,True,-1.0,1.0,False,-1.5262340307235718,1.187148094177246,-1.3670371770858765,1.1940932273864746,0.1591968536376953,0.006945133209228516
22,1332,"Content , Calm , Anxious",2021-04-04 12:03:01,1,True,1.0,0.0,False,1.1773172616958618,0.23631493747234344,1.0548458099365234,0.3865235149860382,0.12247145175933838,0.15020857751369476
22,1327,"Upset , Tired , Misunderstood , Anxious , Worried",2021-04-06 23:04:23,1,True,-1.0,1.0,False,-0.6134843230247498,1.1803178787231445,-0.5121992826461792,1.1944832801818848,0.10128504037857056,0.014165401458740234
82,5268,"I have not eaten yet today , so I am very hungry . Also tired and frustrated . Got out of a very tedious lab which has drained me . Stressed about a bunch of assignments I have to do . Kinda guilty for waking up late and missing class .",2024-11-13 17:41:42,7,False,-1.0,0.0,False,-1.0539814233779907,0.4948904514312744,-1.1012178659439087,0.5048669576644897,0.04723644256591797,0.009976506233215332
82,5272,"I just woke up , I stayed up super late last night doing homework . I am feeling very tired . Definitely caffeine deprived . I am looking forward to the weekend , there are a few things I am excited about . I feel kinda unmotivated .",2024-11-16 17:00:51,7,False,-2.0,0.0,False,-0.6342359781265259,0.46598437428474426,-0.638431191444397,0.5050026178359985,0.004195213317871094,0.03901824355125427
82,5273,"I just woke up , am feeling very tired . I am feeling glad that I woke up before noon today though . I am looking forward to my day , I have some fun things planned . Mostly feeling pretty neutral since I just woke up . Not looking forward to classes tomorrow .",2024-11-17 12:12:56,7,False,-1.0,0.0,False,-0.35761386156082153,0.5338534116744995,-0.3504543900489807,0.574509859085083,0.00715947151184082,0.040656447410583496
82,5267,"Stressed , Anxious , Worried , Angry , Frustrated",2024-11-12 22:54:23,7,True,-2.0,2.0,False,-0.8116716146469116,1.0785654783248901,-0.9855210185050964,1.2163476943969729,0.17384940385818481,0.13778221607208274
82,5269,"Depressed , Guilty , Ashamed , Frustrated , Sad",2024-11-14 17:00:49,7,True,-2.0,1.0,False,-1.2048946619033813,0.9809049367904663,-1.3953667879104614,1.0677506923675537,0.19047212600708008,0.0868457555770874
82,5270,"Bad , Depressed , Ashamed , Sad , Tired",2024-11-14 22:15:04,7,True,-2.0,1.0,False,-1.399074912071228,0.9372216463088989,-1.6137109994888306,1.0491966009140017,0.21463608741760254,0.11197495460510276
82,5271,"Calm , Tired , Alright , Nervous , Relaxed",2024-11-15 22:27:46,7,True,1.0,0.0,False,0.9256372451782227,0.21553143858909607,0.7493211030960083,0.3789335191249847,0.17631614208221436,0.16340208053588862
82,5274,"Meh , Fine , Alright , Awake , Neutral",2024-11-23 17:00:33,7,True,0.0,1.0,False,0.02746441960334778,0.8645201921463013,-0.2246878147125244,0.9813255071640016,0.2521522343158722,0.1168053150177003
123,2614,I am currently feeling fine with practically no worries on my mind . I am satisfied with how my day is progressing so far . It has been a very calm morning .,2024-11-08 12:01:41,7,False,1.0,0.0,False,1.4758566617965698,0.3375161588191986,1.4399632215499878,0.2889193296432495,0.03589344024658203,0.0485968291759491
123,2615,Currently I feel pretty okay… pretty neutral . Though I am starting to feel tired from the long days and developing a headache . I am also starting to feel pretty hungry (honestly starting to feel hangry too) .,2024-11-08 17:30:28,7,False,0.0,1.0,False,-0.24826057255268097,0.5688329935073853,-0.2589676082134247,0.5997426509857178,0.010707035660743713,0.03090965747833252
123,2616,"I am still feeling okay , much like earlier . Not much has changed ; I still have a headache so I do also feel a bit annoyed . The sweet treat I am currently having will bring me peace I think . (meeting this 200 word character is actually stressing me TT)",2024-11-08 22:07:27,7,False,0.0,1.0,False,0.22092893719673157,0.4930608570575714,0.1806352585554123,0.4928964674472809,0.040293678641319275,0.00016438961029052734
123,2618,I am exhausted and feel like doing absolutely nothing . All I want to do is sit down and stare at a wall and forget about existence for a few moments . I also just feel like going home and laying down/resting .,2024-11-09 22:01:59,7,False,-2.0,0.0,False,-1.5840420722961426,-0.013044169172644615,-1.63981831073761,0.0068971016444265,0.05577623844146751,0.019941270817071116
123,2619,I am currently feeling a little tired and a little sickish… i might be developing a cold . Starting to feel really awful . Other than that I am mentally preparing for a long day and feel like procrastinating getting ready just to stall time,2024-11-10 12:57:09,7,False,-1.0,0.0,False,-1.430984616279602,0.22132067382335663,-1.5190271139144895,0.1886926144361496,0.08804249763488747,0.03262805938720703
123,2620,I am feeling slightly irritated and annoyed with things . Also hangry and this cold is making my mood even worse . And still stressed about time of things… nothing is well… and this character count man,2024-11-11 22:06:15,7,False,0.0,0.0,False,-0.9441848993301392,1.091008186340332,-0.9854446053504944,1.0906065702438354,0.041259706020355225,0.00040161609649658203
123,2622,"I feel okay at the moment . No special emotions or anything… I do feel tired though and the cold symptoms are becoming more real . It is also about to be a long day , just need to get through it……… .",2024-11-12 12:16:32,7,False,0.0,1.0,False,-0.18498501181602478,0.44827961921691895,-0.1647126376628875,0.4812213182449341,0.02027237415313729,0.03294169902801514
123,2626,"i am not really feeling anything at the moment . i am just here . perhaps it is more of a boredom or due to boredom . i practically just woke up and then have to go into work later (dreading) meanwhile i have assignments to do… so i am also ignoring whatever feelings of stress . so feeling nothing , will feel later",2024-11-17 12:15:22,7,False,0.0,1.0,False,-0.1613723784685135,0.22609727084636688,-0.1996421813964843,0.2553190886974334,0.0382698029279708,0.029221817851066534
123,2617,"content , happy , having fun , joyful , chilling",2024-11-09 17:03:08,7,True,2.0,1.0,False,1.7365803718566895,0.6220964193344116,1.625507950782776,0.7534194588661194,0.11107242107391335,0.13132303953170776
123,2623,"sick , cold , content , giddy , tired",2024-11-14 12:15:27,7,True,0.0,1.0,False,0.5995884537696838,0.5952953100204468,0.2308077961206436,0.7927316427230835,0.3687806576490402,0.19743633270263672
123,2624,"excitement , giddy , warm , jumping up and down , popping",2024-11-15 17:20:50,7,True,1.0,1.0,False,1.3717440366744995,1.9314336776733398,1.1789829730987549,2.121223926544189,0.19276106357574463,0.18979024887084917
123,2625,"tired , annoyed , irritated , short , okay",2024-11-16 17:06:15,7,True,-1.0,0.0,False,-0.5906726121902466,0.7583513259887695,-0.8395888805389404,0.6842895150184631,0.24891626834869385,0.0740618109703064
69,4835,"Tired , Annoyed , Angry , Sad , Down",2024-09-13 17:03:31,7,True,-1.0,1.0,False,-0.7875821590423584,0.9727069139480591,-0.8628432750701904,0.9753299355506896,0.07526111602783203,0.002623021602630504
69,4836,"Active , Sharp , Experience joy , Well , Glad",2024-09-17 22:49:51,7,True,0.0,2.0,False,0.8172492980957031,1.2715368270874023,0.6319328546524048,1.4583395719528198,0.18531644344329834,0.18680274486541748
69,4837,"Down , Sad , Unhappy , Moody , Suck",2024-09-19 17:46:42,7,True,-1.0,1.0,False,-1.0481457710266113,0.9854329824447632,-1.0738946199417114,1.0552854537963867,0.025748848915100098,0.06985247135162354
69,4838,"Glad , Happy , Amazed , Joyous , Lively",2024-09-19 22:26:39,7,True,1.0,1.0,False,1.1929595470428467,1.1382935047149658,1.02098286151886,1.243394374847412,0.1719766855239866,0.10510087013244629
55,4327,"Quite , Calm , Cool , Relaxed , Loved",2024-10-10 22:24:44,7,True,2.0,0.0,False,1.411841869354248,0.188419371843338,1.4193059206008911,0.2197611331939697,0.007464051246643066,0.031341761350631686
55,4428,"I’m feeling pretty good heading to the gym with my brother then I’m going to a bar with family tonight to watch some college football and place some bets , gambling is always better when your drunk anyways .",2024-10-11 17:05:45,7,False,-2.0,0.0,False,0.4813127815723419,1.149416208267212,0.4495790898799896,1.1336029767990112,0.031733691692352295,0.015813231468200684
55,4473,I’m feeling great watching the ORG game drinking a twisted tea had a few earlier and now chilling with my family todays good wouldn’t trade it for The world my parlays need to hit thou so I can buy more alcohol for tonight .,2024-10-11 22:49:59,7,False,2.0,2.0,False,1.533998727798462,0.6316606998443604,1.4664100408554075,0.5989288687705994,0.06758868694305442,0.032731831073760986
55,4527,I feel decent tired from all the brews I’ve been drinking but today’s going to be a good day for football and family honestly it’s great I hope my bets win today because yesterday the ORG ruined all my parlays,2024-10-12 17:17:26,7,False,-2.0,0.0,False,0.5174984931945801,0.48638322949409485,0.4229819178581238,0.4793588519096374,0.0945165753364563,0.007024377584457453
9,390,I feel active yet calm and happy . Somewhat tired from lack of sleep due to the baby . I am a generally chipper person and don’t usually ever feel down . Other than that just great ! This is way too many characters to be answering a short question like this .,2021-06-13 13:38:33,1,False,2.0,0.0,False,1.5301843881607056,0.9353665709495544,1.4703937768936155,1.0129355192184448,0.059790611267090066,0.07756894826889038
9,391,"I woke up tired due to the baby keeping me awake throughout the night . I’m happy , full of love and having a great day so far . But overall I’m in good spirits , feeling great , happy I’m healthy and ready to take on this day .",2021-06-14 12:07:33,1,False,2.0,0.0,False,0.4825010597705841,0.5109241008758545,0.494755208492279,0.5284093618392944,0.01225414872169489,0.01748526096343994
9,392,"Got a lot of sleep last night . Feeling really good and ready to tackle the day . I had kidney surgery three times last month and today I’m starting to feel back to myself again , which is super awesome !",2021-06-15 12:01:04,1,False,2.0,1.0,False,1.2597483396530151,0.6347535848617554,1.1589643955230713,0.6625145673751831,0.10078394412994385,0.027760982513427734
9,393,I feel fantastic today . About to go work out and then take my son with me on a nice hike through a long park . We have some art projects to work on and grocery shopping as well . I’m slightly tired but that’s nothing coffee can’t fix .,2021-06-16 12:01:05,1,False,2.0,1.0,False,0.9521994590759277,1.2186957597732544,0.8130538463592529,1.326988697052002,0.1391456127166748,0.10829293727874756
9,394,I feel inspired to work on a few new art projects this weekend . I also like to paint with my son so I will do a few of those as well . I am overall happy and in a good mood . I can’t wait for the day is to warm up so I can get out on the water .,2021-06-18 17:24:24,1,False,2.0,1.0,False,1.1579004526138306,1.5842559337615967,1.1384673118591309,1.6117069721221924,0.019433140754699707,0.027451038360595703
12,575,"I’ve felt so many emotions in the last day . I have felt happy , hopeless , sad , and back to happy because of all the different things that are going on in my life at the moment .   It’s a hard transition right now because of big changes , loss , while trying to move forward in a positive direction .",2021-06-13 14:10:13,1,False,0.0,1.0,False,-0.4121379852294922,1.5264222621917725,-0.4951763153076172,1.5044397115707395,0.083038330078125,0.021982550621032937
12,576,"I’ve felt happy and calm today because I was able to spend the day with my family . I took my father in law to the airport and even though it makes me sad , I was happy and content afterwards . We also got two new pets after losing one yesterday so that contributed to a great day .",2021-06-14 21:03:52,1,False,2.0,0.0,False,1.095625877380371,0.6220614910125732,1.0104286670684814,0.6180867552757263,0.08519721031188965,0.003974735736846924
12,577,I’ve been feeling very happy the last 24 . Like everything is getting better and some choices are finally settling in . I’m still uneasy about the future but that’s only because I don’t know what’s next .,2021-06-17 16:02:00,1,False,2.0,1.0,False,0.5942873954772949,1.1575409173965454,0.5534434914588928,1.201387643814087,0.0408439040184021,0.043846726417541504
13,607,I Just woke up . I feel pretty tired from yesterday’s double . I feel stressed about everything I have to get done today . My feet and neck and shoulders are killing me . But I had a good night last night for the most part so that kind of makes the pain worth it,2021-05-04 12:11:09,1,False,-2.0,0.0,False,-0.8536570072174072,0.5380109548568726,-0.868931770324707,0.5312326550483704,0.015274763107299805,0.006778299808502197
13,608,"I just took a two hour nap , which helped me recover more from my 12 hour shift yesterday . My back , neck , shoulders , and feet are still pretty sore , so that’s frustrating . About to start on my homework",2021-05-04 17:07:14,1,False,2.0,0.0,False,-0.6738814115524292,0.2701614201068878,-0.7230935096740723,0.2400990277528762,0.049212098121643066,0.03006239235401162
13,609,"Currently I am watching a tv show with my boyfriend on the couch . Had a relaxing day off . Shoulders , back , and neck still very painful . I feel calm and content and not tired . May go for ice cream later",2021-05-04 22:00:50,1,False,2.0,0.0,False,0.41175398230552673,0.2509072422981262,0.3663331866264343,0.2671968936920166,0.04542079567909241,0.01628965139389038
13,610,"I’m feeling a little annoyed that my neck , back , and shoulders are still as sore as they are . Tylenol and ibuprofen aren’t cutting it . I also feel stressed about all the school work I have to get done today and tonight",2021-05-05 12:06:37,1,False,0.0,0.0,False,-1.1701627969741821,0.6604504585266113,-1.197454810142517,0.6435936689376831,0.02729201316833496,0.016856789588928223
13,611,"My neck and back and shoulders hurt a little less , so I’m finally feeling a little more relaxed and content . I’ve also got a lot of school work done , so that is making me feel more relaxed as well . Also , I’m feeling sad that I’m home alone again for a few days",2021-05-05 17:19:04,1,False,1.0,0.0,False,0.8455570936203003,0.24737317860126495,0.8996503949165344,0.241441398859024,0.05409330129623413,0.005931779742240961
13,612,"I’m currently feeling lonely because I’m alone in the house for a few days , stressed because I have a huge exam tomorrow , attempting to feel calm and relaxed by taking a hot bath , and worried about tomorrow’s outcome",2021-05-05 22:01:32,1,False,2.0,0.0,False,-0.7274473309516907,0.6164127588272095,-0.7413819432258606,0.607591450214386,0.013934612274169922,0.008821308612823486
13,613,"I’m feeling stressed because I have to give a presentation today as well as take an exit exam for school . I also am stressed from my shoulder and neck and back STILL hurting , it’s better in some ways but the same or worse in others . I’m also excited to almost be done with school",2021-05-06 12:23:42,1,False,-1.0,2.0,False,-0.7083451747894287,0.9950330853462219,-0.6365058422088623,0.9554116725921632,0.0718393325805664,0.03962141275405873
13,614,"I finished my last exam of nursing school so I’m feeling ecstatic , I also aced it when I thought I was doing terribly . Back and neck and shoulders STILL hurt so that’s annoying . Not looking forward to working later",2021-05-06 17:57:28,1,False,2.0,1.0,False,0.8063719272613525,0.8884702920913696,0.7994229793548584,0.9315723180770874,0.006948947906494141,0.04310202598571777
13,615,I feel happy that I got to spend time with my friends on my last day of school . I feel relieved that I passed my test and did well on my presentation . I feel meh about picking up a shift tonight . And I feel annoyed that I’m still in pain .,2021-05-06 22:02:43,1,False,2.0,1.0,False,0.6320464611053467,0.9434769153594971,0.5594616532325745,0.8989052772521973,0.07258480787277222,0.044571638107299805
13,616,I’m currently feeling tired and sore from work last night . My body is still sore from the past week . I’m feeling lazy because I haven’t gotten off the couch today except to eat . I’m not looking forward to work tonight . I am excited to see my boyfriend soon though,2021-05-07 17:00:45,1,False,-1.0,0.0,False,-1.1610727310180664,0.22186952829360962,-1.1758792400360107,0.2364720702171325,0.014806509017944336,0.014602541923522894
13,617,I feel annoyed after other employees and contractors treating me like crap at work last night . I feel tired from only getting five hours of sleep . I feel excited to go watch a baseball game today . And I feel happy that my boyfriend is back home,2021-05-08 12:21:53,1,False,-2.0,0.0,False,-0.7059944868087769,0.6125000715255737,-0.7063653469085693,0.5959809422492981,0.00037086009979248047,0.016519129276275635
13,618,I’m feeling bummed that we lost the baseball game . I’m feeling happy because I got to drink and hang out with friends at the baseball game . My eyes and back and shoulders hurt so that’s annoying . I’m glad that I get to spend time with friends for awhile !,2021-05-08 17:02:45,1,False,1.0,0.0,False,0.46414491534233093,0.698699414730072,0.3451294302940368,0.6859979629516602,0.11901548504829412,0.012701451778411865
37,2548,"The weather is good , feeling good and enjoying the day off with some self care . Had a bad dream that upset me but feeling better now . Went and got my hair done and it made me feel better so I ' m going to do my nails and clean up so that makes me feel better too",2021-06-11 17:54:54,1,False,1.0,0.0,False,0.8164330720901489,0.8609983921051025,0.8236791491508484,0.8833256363868713,0.007246077060699463,0.0223272442817688
37,2549,"Feeling a little better after cleaning up and doing my nails , going to make dinner soon enchiladas and rice . Taking it easy today since I wasn ' t feeling so good . Watching TV my favorite talk show Wendy Williams . It been pretty hot outside .",2021-06-12 22:55:08,1,False,1.0,0.0,False,0.01268127653747797,0.5295087099075317,-0.016726516187191,0.5407158732414246,0.02940779272466897,0.011207163333892822
37,2550,"A little tired , didn ' t sleep well but I feel okay . Going to get ready and run some errands . Need to get to the gym and run to the store . trying get up and get it done but I ' m a little tired today . Feeling lazy .",2021-06-14 17:19:36,1,False,-1.0,0.0,False,-0.9011907577514648,0.07244434952735901,-0.9007080793380737,0.0838699042797088,0.0004826784133911133,0.011425554752349798
37,2551,Feeling good after getting some sun and getting out of the house . Going to an appointment then I got to stop at the store and maybe go to the gym later . Very hot day today but it ' s a very nice day . I ' d like to go swimming .,2021-06-15 17:26:42,1,False,1.0,1.0,False,0.9199600219726562,0.9464696645736694,0.9196926355361938,1.0395314693450928,0.00026738643646240234,0.09306180477142334
37,2552,"Pretty good , went and did my shopping and now I ' m at the gym . It feels good to be back in the gym because it ' s been a couple of weeks since I ' ve worked out . I need to get in shape and get to the gym more often because I have been slacking in this area .",2021-06-15 22:50:31,1,False,1.0,2.0,False,0.5876217484474182,1.3162453174591064,0.3895930349826813,1.4349722862243652,0.19802871346473694,0.11872696876525879
37,2553,"Running late today , woke up late and have to do homework and run errands . Going to do laundry and get ready . Haven ' t been sleeping well and feeling a little tired . I have anxiety about going back to work and school too .",2021-06-16 17:43:07,1,False,0.0,1.0,False,-0.8646640777587891,0.45177891850471497,-0.9375020861625672,0.3933780193328857,0.07283800840377819,0.05840089917182928
37,2554,"Just got up and need some coffee felling like I need to go to the gym and work out , that should make me feel better . I ' m feeling sore and need to work it out . My back and legs are stiff and I had a busy week .",2022-01-28 10:10:13,2,False,0.0,2.0,False,-0.9118567109107971,1.0304083824157715,-0.9842367172241212,1.03117835521698,0.07238000631332409,0.0007699728012084961
37,2555,"Went and did some shopping and then organizing my house , feeling better today . Had a bad dream last night and it was very strange but I feel okay now that I got some errands done . Still need to go to the gym though .",2022-01-28 16:27:20,2,False,1.0,2.0,False,-0.1631040722131729,1.2221312522888184,-0.1852887123823166,1.2668381929397583,0.022184640169143677,0.04470694065093994
37,2556,Having dinner and watching t . v getting sleepy after running some errands and cleaning up . I really need to get into the gym because I am feeling sore and sluggish . Went and got food because I didn ' t have time to cook today .,2022-01-28 20:54:10,2,False,-1.0,0.0,False,-0.8901565074920654,0.18915319442749023,-0.9290619492530824,0.1935626566410064,0.03890544176101696,0.004409462213516152
37,2557,Getting the day started off with some coffee then I ' m going to make breakfast and do some cleaning . I ' m a little frustrated because my package is a week late and hasn ' t came yet but I ' m feeling pretty good .,2022-01-29 10:41:35,2,False,1.0,2.0,False,0.4279087483882904,1.0200929641723633,0.502141535282135,0.9988757371902466,0.0742327868938446,0.0212172269821167
37,2558,I ' m feeling a little anxious and nervous also a little too tired to go anywhere . I just made some food and did some laundry and cleaning now I ' m going to watch a movie and relax . I wanted to go to the store but I ' m too tired .,2022-01-29 16:28:20,2,False,-1.0,2.0,False,-0.7130566835403442,0.5323071479797363,-0.7439805269241333,0.5234462022781372,0.030923843383789062,0.008860945701599121
37,2559,"Just finished cleaning up and listening to music . getting ready for bed soon , going to watch some movies and relax . I am using my oil diffuser which helps to calm me down as well and the music helps too",2022-01-29 21:06:19,2,False,0.0,1.0,False,0.14404474198818207,0.7390264272689819,0.0830007642507553,0.7569149732589722,0.06104397773742677,0.017888545989990234
37,2560,"Feel pretty good , getting ready to go to the gym and shopping . Was able to get up early and get ready so I feel good about that . I ' m just waiting for my clothes to dry and then I ' m leaving . Feels good to get out early .",2022-01-30 10:44:33,2,False,0.0,2.0,False,1.340091586112976,0.9422971606254578,1.2452068328857422,0.9978116750717164,0.09488475322723389,0.055514514446258656
37,2561,"Feeling hungry after a good workout , went and got some groceries from the store and getting ready to cook dinner . Went and looked at the store but didn ' t find the item I need so I will have to order it .",2022-01-30 16:26:17,2,False,0.0,1.0,False,-0.004016830585896969,1.4032173156738281,-0.0490896552801132,1.3888949155807495,0.04507282469421623,0.014322400093078613
37,2562,"Just had dinner , getting ready for bed and my head is aching . I ' m going to have a snack and watch a movie before I go to bed . I have to go to an appointment tomorrow early afternoon so I need to get to bed soon .",2022-01-30 20:09:35,2,False,-1.0,0.0,False,-0.6163983345031738,0.40661242604255676,-0.6601486802101135,0.4143078923225403,0.0437503457069397,0.0076954662799835205
37,2563,Just got up and going to get the day started . Going to get ready soon and go to my appointment . I ' m a little nervous about it but it will hopefully be okay . I ' m going to have breakfast now before I get ready .,2022-01-31 10:36:04,2,False,0.0,1.0,False,0.0042843082919716835,1.5378568172454834,-0.042680375277996,1.5536365509033203,0.046964683569967684,0.015779733657836914
37,2564,I ' m currently feeling pretty good just have a few things that I need to finish . I ' m at an appointment for therapy and I think it was helpful because I feel better about some things and I am ready to move forward with them,2022-01-31 15:32:56,2,False,1.0,1.0,False,1.258774995803833,0.5778442621231079,1.2669070959091189,0.5736738443374634,0.008132100105285867,0.004170417785644531
37,2565,"Just finished with dinner and feeling better today , less pain since I worked out yesterday and now I ' m going to get some tea from the store before I get ready for bed . I ' m almost done with organizing my house",2022-01-31 20:02:52,2,False,1.0,0.0,False,0.2915646731853485,1.065913200378418,0.2056292742490768,1.090969800949097,0.08593539893627172,0.025056600570678933
48,4821,I have been very upset because my mom and dad are suffering and there is a lot of tension and drama in the house . I’m very tired and worn out .   I am becoming very apathetic and withdrawn and not myself .   It is very stressful 24 seven .,2021-05-06 12:01:25,1,False,-1.0,1.0,False,-1.5796178579330444,0.8726282119750977,-1.5606454610824585,0.8940467238426208,0.018972396850585938,0.021418511867523193
48,4822,"I had a better day today than yesterday . Despite the massive tension in my house because my parents are separating , I was able to not take on that negative energy and stay detached from it all . I felt content because I was very productive .",2021-05-07 12:03:40,1,False,-1.0,2.0,False,0.5852566361427307,0.6742867231369019,0.6184459924697876,0.6824886798858643,0.033189356327056885,0.008201956748962402
48,4823,"Today I am feeling very stressed out I tried starting a new job , and it’s a mess . And the last job I was at was also a mess . They are all shortstaffed and don’t know what they are doing .   And the new staff they bring on is almost always crap . I couldn’t find gas either .",2021-05-11 12:02:14,1,False,1.0,0.0,False,-1.4353550672531128,1.4342339038848877,-1.470334768295288,1.4315481185913086,0.03497970104217529,0.0026857852935791016
5,290,Just woke up so I am tired . I am pretty neutral as far as emotions go . I am listening to good music so am waking up . I am not ready to go to work I know today will be a stressful work day . I am looking for a new work opportunity,2021-05-04 12:02:25,1,False,1.0,2.0,False,-0.4526910185813904,0.5910234451293945,-0.458471804857254,0.5837680101394653,0.005780786275863592,0.007255434989929199
5,291,Long day at work . Finally getting a break to eat . Ready to get off and take care of my stuff I need to complete . Struggling to find employees to work which makes my work load way more than usual . Cannot wait to find more employees .,2021-05-04 17:00:57,1,False,2.0,0.0,False,-1.0313212871551514,0.6023514866828918,-0.9449306726455688,0.6622121930122375,0.08639061450958252,0.0598607063293457
5,292,Just getting home . Have to finish some stuff then looking forward to having some friends over at night . We are planning to dj some techno and house music . Ready to have a day off tomorrow I can finally take my mind off of work and relax .,2021-05-04 22:07:20,1,False,2.0,1.0,False,0.32800349593162537,1.1863476037979126,0.3323856890201568,1.2541769742965698,0.004382193088531439,0.06782937049865723
5,293,I just woke up but may go back to sleep . I had a long night yesterday . Today is my off day we are going to hike hopefully somewhere new . Then at night we are going to this totally amazing restaurant called ORG  in GPE .,2021-05-05 12:54:14,1,False,0.0,1.0,False,-0.25052642822265625,0.9005438089370728,-0.2449734508991241,0.8707425594329834,0.00555297732353216,0.029801249504089355
5,294,Not feeling good about my body or my weight . Despite countless diets and staying active I seem to be not getting better . I am tired of looking this way and I am tired of worrying about it . It is effecting my life too much .,2021-05-05 17:00:48,1,False,-2.0,1.0,False,-1.160477876663208,0.712019681930542,-1.1084269285202026,0.7653576731681824,0.05205094814300537,0.05333799123764038
5,295,I am hating my job I received another job offer but I can not start till may 25th . I do not have any motivation to get things done here . Apart from that I feel like my boyfriend is mad at me and may not want to be with me anymore . I am scared of what is going to happen .,2021-05-06 17:00:31,1,False,-2.0,1.0,False,-1.168923020362854,1.1470253467559814,-1.1703044176101685,1.1514664888381958,0.0013813972473144531,0.0044411420822143555
5,296,Just woke up not going to work today because I just hate it too much . I may take some ORG shifts instead . I am still chillin in bed with my cats it’s gonna be hard to get up today I am super tired .,2021-05-07 12:46:52,1,False,-2.0,0.0,False,-0.5433459281921387,0.5653278231620789,-0.5261160135269165,0.6146093606948853,0.017229914665222168,0.049281537532806396
5,297,Currently driving doing ORG flex ORG  deliveries . It is much less stressful than me regular job . I informed my employer earlier that I will be leaving next Monday to start my new job . I am very excited !,2021-05-07 17:44:23,1,False,1.0,1.0,False,0.712254524230957,1.311743140220642,0.7507517337799072,1.347273588180542,0.038497209548950195,0.0355304479598999
5,298,"I am super duper tired . After I finished my ORG shift I went to hike at FAC    . I hiked 5 miles under the hot GPE sun , I am beat ! I am heading to ORG to eat then going home to rest .",2021-05-07 22:00:31,1,False,-2.0,0.0,False,-1.2071832418441772,0.0160235408693552,-1.20195209980011,0.0242216531187295,0.005231142044067161,0.0081981122493743
5,299,The owner of the job I am leaving just told me that no one likes me and that the people that quit did so because of me being the manager . I am done with everyone . I don’t have any friends the only person that will hang out with me is my boyfriend who barely like me he treats me without respect half the time and after 5 years of being together he still doesn’t live with me I spend most nights and days alone .,2021-05-08 12:34:47,1,False,-2.0,1.0,False,-0.5656805634498596,0.8817443251609802,-0.6131529211997986,0.8817470073699951,0.047472357749938965,2.682209014892578e-06
5,300,Feeling stressed about everything . I don’t know how to keep anyone in my life everyone hates me and I don’t know what is wrong with me . I am tired of all this bill shot . Hoping my new job will change things,2021-05-08 17:01:22,1,False,-2.0,1.0,False,-1.1411206722259521,1.4382548332214355,-1.1201261281967163,1.417725682258606,0.02099454402923584,0.02052915096282959
5,301,I am not doing anything just bored at home I went on a long bike ride and am pretty tired . Just planning to stay home and watch tv till I fall asleep . There is nothing else to do anyways . I have work early tomorrow not looking forward to my last day at that job .,2021-05-08 22:03:03,1,False,0.0,1.0,False,-0.3256835341453552,0.5102474689483643,-0.3182265758514404,0.5214576721191406,0.00745695829391485,0.011210203170776367
