user_id,text_id,text,timestamp,collection_phase,is_words,valence,arousal,is_seen_user,time_str,valence_preds,arousal_preds
3,256,I ' m on my first day off of three and feeling pretty good . Just been lazy today and trying to clean the house here and there . I enjoy being home and spending time with my daughters ............\ nThey are both sleeping now so I ' m gonna watch some ORG haha \ n,2021-06-14 20:17:40,1,False,1.0,1.0,True,year: 2021 month: 06 day: 14,0.82781583070755,0.3593788146972656
3,257,I have been feeling pretty good . Enjoying my last day off apparently . I got called in tomorrow to work a private party of 40 golfers . So that should be some pretty decent money I think . I also have a doctor ' s appointment in the am so that should be fun .,2021-06-15 19:12:56,1,False,1.0,1.0,True,year: 2021 month: 06 day: 15,1.0123072862625122,0.8241123557090759
3,258,"Feeling good today , just got back from a Dr ' s appointment .   Grabbed some burger king on the way home for me and my oldest daughter . It was surprisingly good for a change . Bartending a private party later tonight",2021-06-16 14:36:11,1,False,1.0,0.0,True,year: 2021 month: 06 day: 16,1.1329542398452759,0.6283552050590515
3,249,Last night I bartended a private party of 45 golfers . They were alot of fun and I made some decent money . I ' ve been feeling pretty good regardless of this cold that won ' t seem to go \naway . But I work tonight and it should be busy so I ' m excited,2021-06-17 14:43:36,1,False,1.0,1.0,True,year: 2021 month: 06 day: 17,0.5301951766014099,0.9283178448677063
3,250,I ' ve been feeling pretty good except for the fact that I can ' t get enough sleep it seems . Im so tired when I wake up that I almost need a nap instantly .   I have work tonight again so maybe I can get a nap in before,2021-06-18 12:35:39,1,False,1.0,1.0,True,year: 2021 month: 06 day: 18,-0.1038888543844223,0.1822022646665573
7,349,Last night I felt pretty high on life aftera good shift at work . I had a couple of light drinks after work . Today I have been really dragging and trying to find motivation and alertness . 200 character rule is silly .,2021-03-13 16:07:30,1,False,-1.0,0.0,True,year: 2021 month: 03 day: 13,0.2963908910751343,0.6479768753051758
7,350,I have been feeling generally extremely tired . I got a full night of sleep and did not have any drinks . Heading into work for a night shift now and still can ' t snap out of the foggy feeling . Why do you require 200 characters .,2021-03-14 17:46:14,1,False,-2.0,0.0,True,year: 2021 month: 03 day: 14,-0.9778838157653809,-0.1799974888563156
10,411,"Happy , Content , Relaxed , Calm , Tired",2021-06-12 12:10:12,1,True,2.0,0.0,True,year: 2021 month: 06 day: 12,1.5588011741638184,0.5372163653373718
10,412,"Quiet , Calm , Content , Happy , Tired",2021-06-12 22:00:42,1,True,2.0,0.0,True,year: 2021 month: 06 day: 12,1.2078737020492554,0.5573548078536987
10,413,"Tired , Content , Happy , Calm , Relaxed",2021-06-13 12:05:52,1,True,2.0,0.0,True,year: 2021 month: 06 day: 13,0.8198307156562805,0.3979550898075104
17,1090,"I am just getting up . I feel okay , a little tired/sluggish yet . I am fixing to start my schoolwork . And I have class today for about 5 hours . Lab for bio and chemistry . Hopefully I’ll continue to feel ok through the day .",2022-09-07 10:01:21,4,False,-1.0,0.0,True,year: 2022 month: 09 day: 07,0.7147296071052551,0.3949192464351654
17,1091,"I am good/okay today . I just got out of class , and have another class to go to . I enjoy school , as long as i understand it . I’m hungry , hopefully i don’t start to feel sick because I’m hungry . I am still stressed about money . But it will work it w , somehow .",2022-09-07 15:18:55,4,False,2.0,0.0,True,year: 2022 month: 09 day: 07,1.0553745031356812,0.31700393557548523
17,1092,"I am hurting a little this evening . I don’t feel the best . I am still stressed about money . But I did get my rent and one of three things paid . So I have two left . It will work out somehow . Other than that , I am okay .",2022-09-07 20:37:50,4,False,2.0,0.0,True,year: 2022 month: 09 day: 07,-0.8136298060417175,0.14647065103054047
17,1093,"I am okay , king of tired today . I had to get up early for a dentist appt , I have some broken teeth that need to be fixed . I finally got into a dentist with a sliding pay scale . Yay me . Still stressed about money . I got three things to pay , before the twentieth . It will work out somehow .",2022-09-08 10:06:38,4,False,2.0,0.0,True,year: 2022 month: 09 day: 08,-0.3449570834636688,0.0283689945936203
17,1094,"I am very happy at the moment . I wanted a job at a particular restaurant , and they called me today for an interview . Yaaay . I hope it goes well . I can at least get my foot in the door . I’m so excited . She said everyone that I know there , that I’ve worked with before , gave me very high recommendations .",2022-09-08 15:06:05,4,False,2.0,1.0,True,year: 2022 month: 09 day: 08,1.2071670293807983,1.0108437538146973
17,1095,"I am at work . I feel bad tonight . I have a headache . It has been such a good day until the headache . I got the new job , hired me on the spot due to others   recommendations of me . Made me feel good !! I hope I like it there , kind of nervous .",2022-09-08 20:13:35,4,False,1.0,0.0,True,year: 2022 month: 09 day: 08,0.500575065612793,0.5309478044509888
17,1096,"I am okay today . I do not feel the best , but I feel okay . I am a little tired , but I am excited to start my new job ! I just got hired , on the spot , yesterday . That made me feel really good . I am content . I am worried about money still . I hope I am not making a mistake .",2022-09-09 10:01:15,4,False,0.0,1.0,True,year: 2022 month: 09 day: 09,1.2852063179016113,0.38490745425224304
17,1097,"I am pretty good today . My stomach has not felt the best , besides that and being stressed about money , I am pretty good . I am on my way to work now . But I will be leaving there and starting my new job soon .",2022-09-09 15:08:03,4,False,2.0,0.0,True,year: 2022 month: 09 day: 09,1.2393670082092285,0.35798799991607666
17,1098,"I am at work . It is a little busy , but not like usual . I have one of the worst sections again ! I will not make what others makes and I am sick of it ! I am so glad I am leaving this place !!! I will be glad when two weeks are up .",2022-09-09 20:05:49,4,False,1.0,0.0,True,year: 2022 month: 09 day: 09,-0.3353986144065857,0.31724199652671814
17,1062,"I am at work . We will see how today goes . The last few shifts I have not really made anything . That is why I am leaving this place . I am stressed about money , and not making anything . I have stuff to pay and I’m getting worried that I will not be able to do it .",2022-09-10 10:21:34,4,False,2.0,0.0,True,year: 2022 month: 09 day: 10,-0.5938622951507568,0.7246089577674866
17,1063,"I feel good today . I am a little upset with work , again . I should have been able to pick where I was tonight , while others can , I guess I can not . I HATE the favoritism there . It is do not fair !! Anyway . I am still stressed out about money . I didn’t make any thing this morning except hourly , no tips at all . I am so mad !",2022-09-10 15:01:00,4,False,2.0,0.0,True,year: 2022 month: 09 day: 10,-0.051150448620319366,0.5518331527709961
17,1064,"I am ready to go home already . I’m tired . I hate working doubles , but I need the money so bad . I am stressed due to money . I have stuff to pay with not a lot coming in right now . That’s one of the reasons I’m switching jobs .",2022-09-10 20:03:17,4,False,1.0,0.0,True,year: 2022 month: 09 day: 10,-0.8248821496963501,0.17499157786369324
17,1065,"I am okay today . I am trying to do homework this morning as I start my new job today , just for training . I gave my two weeks at the other place , last day is the 24th of this month . That makes me happy ! That I do not have to deal with their Bull Shìt anymore . I am still stressed about money .",2022-09-11 11:04:12,4,False,1.0,1.0,True,year: 2022 month: 09 day: 11,0.7281806468963623,0.6935436725616455
17,1066,I am on the way to my new job . I am going to get some if the training done . So I am happy about that . I am still stressed about money . I am broke . I hate being broke . I have bills I need to pay . I am afraid I will not have enough to pay everything . I hate that feeling .,2022-09-11 15:05:52,4,False,2.0,1.0,True,year: 2022 month: 09 day: 11,0.14298507571220398,0.8095974922180176
17,1067,"I am good . I am at my new job . It is a lot to learn ! A lot ! But I will get it . And I found out we have to wait for our tips , I do not like that at all . But maybe it will work out better that way . Who knows ?? Still stressed about money , but maybe that’ll be over soon too !!",2022-09-11 20:12:22,4,False,2.0,0.0,True,year: 2022 month: 09 day: 11,0.6290435791015625,0.4643544852733612
17,1068,"I feel pretty good today . I am a little hungry , but besides that I am god this morning . I am off today , but I do have a doctors appointment and then class for three hours . But no work !! I am starting to really stress about money . I did not make hardly anything at work last week , really the last ten weeks .",2022-09-12 10:29:47,4,False,1.0,1.0,True,year: 2022 month: 09 day: 12,1.257814645767212,0.4199148118495941
17,1069,"I am okay . I feel okay . Pretty good actually today . I have gotten through my drs appointment and school for three hours , I have the evening off to work on school work . Study , whatever . But no work . I need to get as much as I can though tonight and tomorrow morning cause I’ll be busy the rest of the week with both jobs .",2022-09-12 15:39:14,4,False,2.0,0.0,True,year: 2022 month: 09 day: 12,1.0682364702224731,0.3133639991283417
17,1070,"I am starting to feel a little bad this evening . My legs are bothering me and I am super tired . I am ready to go to bed , but I have my grandson . I am still stressed about money . The 20th is getting closer and closer . I am getting worried .",2022-09-12 21:46:20,4,False,2.0,0.0,True,year: 2022 month: 09 day: 12,-1.4228851795196533,0.1278187483549118
17,1071,"I am doing school work and I have my grandson . He is two . So I am trying to Do it . I have to work this evening at my old job . Hopefully I make some money , because I sure need it to pay some bills . I do not know what to do about money right now . I am so stressed . I feel okay , just stressed .",2022-09-13 10:00:51,4,False,2.0,0.0,True,year: 2022 month: 09 day: 13,-0.39291441440582275,1.070350170135498
17,1072,"I am feeling okay . Not the greatest , but I’m okay . I am just getting to work . I need to eat , so I came   in early . I hate looking at food and being hungry !! I am stressed about money , hopefully I make some tonight . I sure need it .",2022-09-13 15:00:48,4,False,2.0,0.0,True,year: 2022 month: 09 day: 13,0.6245922446250916,0.330278217792511
17,1073,"I am at work . I do not feel very good . I have one table left and I have finished everything , except that table . I wish they would go so I could go home !! I am so tired tonight . I am so stressed . I just want to go home .",2022-09-13 21:25:14,4,False,-1.0,1.0,True,year: 2022 month: 09 day: 13,-1.200903058052063,0.056709036231040955
17,1074,"I had my first inspection today for my home , I was stressed about that because my boyfriend smokes in garage and we aren’t supposed to . But I think everything went okay . I am still stressed about money . My back is hurting today . I have class at 12 : 30 . I am trying to do schoolwork that I do not completely understand .",2022-09-14 10:49:33,4,False,1.0,0.0,True,year: 2022 month: 09 day: 14,-0.8125163912773132,0.7430306673049927
17,1115,"I do not feel well at all . I am hurting very badly . My legs and my back . It has been for   several days now . I go to the dr I’m the morning . Other than that I’m ok I guess . Money could be better , but hopefully it will be soon .",2023-03-09 21:02:46,5,False,-2.0,0.0,True,year: 2023 month: 03 day: 09,-0.8155058026313782,0.2571501135826111
17,1116,"I am still hurting bad today . I am at a drs appointment at the moment . I have to with this evening . Not looking forward to that , but I do need the money . Not working for a month back in December really hurt me .",2023-03-10 10:07:24,5,False,-2.0,0.0,True,year: 2023 month: 03 day: 10,-1.239836573600769,0.2407899647951126
17,1117,"I feel okay at the moment , but I’m fixing to into work . I’m hungry , I need to eat really quick . Hopefully tonight goes well , I am not able to do a lot cause of hurting so bad the last few days . Mentally I am ok I guess . I’m not too stressed at the moment .",2023-03-10 15:12:57,5,False,0.0,1.0,True,year: 2023 month: 03 day: 10,0.8697579503059387,0.4913259446620941
17,1118,I was having a good night until someone took the wrong copy of their receipt . I worked for them and had to pay because of tip outs . That completely sucks . I don’t even feel like going this Shìt tonight ! And I get screwed ? Fuck that . I hate this Shìt sometimes .,2023-03-10 20:11:05,5,False,-1.0,1.0,True,year: 2023 month: 03 day: 10,-0.7795440554618835,0.49515578150749207
17,1119,"I feel okay this morning , hurting some still . I am working on schoolwork . I have to work this afternoon at 3 : 30 . Hopefully I will make some money , because I sure need it . I am content this morning . I’m not too stressed .",2023-03-11 10:03:54,5,False,1.0,1.0,True,year: 2023 month: 03 day: 11,1.3064284324645996,0.280210942029953
17,1120,"I feel okay I guess , my back is beginning to hurt pretty badly . My shift starts in 29 minutes , so I’m fixing to head to work . I am content , not super happy at the money cause of hurting , but I am good .",2023-03-11 15:01:14,5,False,0.0,1.0,True,year: 2023 month: 03 day: 11,1.1965832710266113,0.22727952897548676
17,1121,"I am okay tonight , still hurting , but the night has gone by quickly because I’ve been pretty busy . I do not feel good , but I need the money so   bad . I am still at work , I’m the bathroom stall at the moment filing this out . I am content , not stressed , and calm right now .",2023-03-11 20:05:38,5,False,2.0,0.0,True,year: 2023 month: 03 day: 11,0.3217759132385254,0.25012198090553284
17,1122,"I am okay this morning . I am content , tested , not hurting too bad , and I have the day , and tomorrow off from work . Although , I do have schoolwork to do . My other half has to work , so I can concentrate on my school work today , for the most part anyway . I’m not stressed . I am working and making money .",2023-03-12 10:05:11,5,False,2.0,0.0,True,year: 2023 month: 03 day: 12,1.45291268825531,0.5493367314338684
17,1123,"I am hurting bad again , so I am not feeling well . I need to take a test for school , but it’s is timed , 75 minutes . I don’t feel up to that right now .   But I’ll get it done . I’m very tired . But I am content . I am not happy happy , but I am okay . I am off from work , that is one thing . I can relax today , besides doing schoolwork .",2023-03-12 15:01:29,5,False,-2.0,0.0,True,year: 2023 month: 03 day: 12,-0.36162909865379333,0.03322489559650421
17,1124,"I am still doing schoolwork , but I have gotten a lot done today I think . I am caught up on everything I need to do and I am a little ahead as of right now . I just took a test and made a 94 . I have a 4 . 0 gpa this semester , so I’d say I am doing well in that aspect . I am content . Not sad , not stressed . I got money coming tomorrow and Wednesday , so that’s good and I’m off tomorrow again . Happy days",2023-03-12 20:01:10,5,False,0.0,1.0,True,year: 2023 month: 03 day: 12,1.3126752376556396,0.6061103343963623
17,1125,"I am okay this morning . I am hurting a little , but not too awful bad yet . I got my money from the school , my pell grant , so that’s good . I can post some bills and buy some new work shoes , as they are expensive . This makes me less stressed about money for sure .",2023-03-13 10:06:18,5,False,2.0,0.0,True,year: 2023 month: 03 day: 13,0.8384813666343689,0.25199347734451294
17,1126,"I am good . I spent the Afternoon with my daughter , did a little shopping . Got my granddaughters birthday presents and some new work shoes . I needed them , my feet were killing Me at the end of my shift . I am content . I am good . Not stressed . I have a little money , that helps a lot . Plus I’m off today . Yay .",2023-03-13 15:01:00,5,False,2.0,0.0,True,year: 2023 month: 03 day: 13,1.39097261428833,0.3301084637641907
17,1127,"I am content and calm this evening . I have been off today and yesterday from work , so I am rested , until tomorrow anyway . I work a double tomorrow . Not looking forward to that at all . But I an ok right now",2023-03-13 20:09:24,5,False,2.0,0.0,True,year: 2023 month: 03 day: 13,1.5138291120529175,0.20064552128314972
17,1128,I am okay . I just got to work so I do not have long to do this . I am okay though . I am in a pretty good mood I guess . Been up since early . I had to take my daughter to work . It’s going to be a good day .,2023-03-14 10:04:19,5,False,2.0,0.0,True,year: 2023 month: 03 day: 14,1.4296035766601562,0.7448421120643616
17,1129,"I am okay . I am good . I am in a good mood today . I made a little cash this morning but I’m walking out the door to go to my other job for this evening . Still serving , just a different place .   Anyhow , they are both money . I am having a pet good day",2023-03-14 15:02:45,5,False,1.0,1.0,True,year: 2023 month: 03 day: 14,1.6504693031311035,0.6475262641906738
17,1130,"My feet hurt and I’m ready to go home . I spent 150 on non slip shoes that aren’ Are slipping every where . I am really upset about that . I am tired , but I am content . Other than that , I am good . I am ready to go home and go to bed .",2023-03-14 21:28:12,5,False,-2.0,0.0,True,year: 2023 month: 03 day: 14,-0.19753502309322357,0.10878418385982513
17,1131,"I am okay today , kind of hurting some . I just had three teeth fixed that have been broken for a while , so that is a good thing . I work later , not really looking forward to that , but like always I need the money . I am very happy about my teeth being fixed , as it hurt to eat before .",2023-03-15 10:51:53,5,False,1.0,0.0,True,year: 2023 month: 03 day: 15,0.6675860285758972,0.4942663609981537
17,1132,"I took my shoes back , after cleaning then really well . They took them back . I figured I would try and it worked , thankfully . I am fixing to leave to go to work . I an okay , I am hurting a little today . Other than that I a good though . Can not wait to get home and see   my man tonight , I am missing him today . I am content , happy , and calm .",2023-03-15 15:05:11,5,False,2.0,0.0,True,year: 2023 month: 03 day: 15,1.1400203704833984,0.3204459547996521
17,1133,"I am done at work , no more tables at the moment . But we have to stay and clean the floors , what fun for everyone ! I am ready to go home . I’m tired . I have to work all day tomorrow , and that is a lot on me . But I’ll be okay .",2023-03-15 20:12:55,5,False,1.0,0.0,True,year: 2023 month: 03 day: 15,-0.3358164429664612,-0.012013242579996586
17,1134,"I am running late this morning . I am on the way to work , but later by about 25 minutes . I had school work to do and had to run somewhere before work . Other than that I am good . I’m content and not stressed this morning . Making okay money again so that helps a lot . I’m just tired a lot between that and school too .",2023-03-16 10:19:30,5,False,2.0,0.0,True,year: 2023 month: 03 day: 16,0.40201878547668457,0.32508131861686707
17,1135,"I just got screwed out of $130 that I should   not babe have . That really makes me angry . I can’t drop crying and I’m so mad . I got the night off from work , which is cool . But I’m off tomorrow night as well , and I didn’t think about that . I could’ve worked this evening . I thought I was off next Saturday , but I was wrong . Great Shìt , huh ? lol",2023-03-16 15:22:38,5,False,-2.0,1.0,True,year: 2023 month: 03 day: 16,-0.7402941584587097,0.7465875744819641
17,1136,"I am okay , now . I sure was bit earlier though . I was so upset . I do not have the money for someone to just charge me for an extra 135 . 00 . I just do not get it . Anyway , I paid most of it and a lot of other stuff today . At least I don’t have to worry with that .",2023-03-16 20:16:38,5,False,2.0,0.0,True,year: 2023 month: 03 day: 16,0.007648909464478493,0.3647690415382385
17,1137,"I content and okay this morning . I feel okay , so that helps a lot . I have to work this evening , but that’s fine too . They gave me the night off last night and I got to keep my grandson . So I got to see him and spend some time with him . That makes me happy , as long as he’s good . lol",2023-03-17 10:03:34,5,False,2.0,0.0,True,year: 2023 month: 03 day: 17,1.7525098323822021,0.28229400515556335
17,1138,"I am doing fine today . I feel okay . Got most of my bills paid now . I just got to work for   the evening . I hate serving , but I love the money I can make , so I guess it evens out . lol . Anyway , I hope it will be a good night .",2023-03-17 15:23:20,5,False,2.0,0.0,True,year: 2023 month: 03 day: 17,1.2819342613220215,0.30348750948905945
17,1139,"I have had one shitty night . It was supposed to be a good night !!! I hate life sometimes and I hate freaking people sometimes !! Sometimes I just feel like I don’t want to do this anymore . Not that I won’t , just feel like that . I’m very sad and angry . I’m calm , but angry .",2023-03-17 20:22:15,5,False,2.0,0.0,True,year: 2023 month: 03 day: 17,-1.010706901550293,0.5276614427566528
17,1099,"I am off today . I feel okay today , so that is good . So far anyway . I have some school work to do , so that is what I am   working on now . Hopefully today will be a good day , especially after the night I had last night . It was a terrible night .",2023-03-18 10:09:09,5,False,0.0,1.0,True,year: 2023 month: 03 day: 18,0.7936285138130188,0.20210088789463043
17,1100,"I have waited my whole day . Sleeping on and off . I am just so tired . Exhausted is more like it . Other than that , I am good today . It’s my day off today . I am feeling good and I am okay . Have a great day whomever is ? this vv",2023-03-18 15:01:19,5,False,-2.0,0.0,True,year: 2023 month: 03 day: 18,0.43237191438674927,0.10261158645153046
17,1101,"I have been so tired all day today . I have slept most of the day away . I haven’t gotten much school work done today and I needed to . I’ll have to get up early in morning and get done fine before work . Other than that I’m good . I’m not hurting too Bad today , so that is good .",2023-03-18 20:09:17,5,False,-2.0,0.0,True,year: 2023 month: 03 day: 18,-0.6884322166442871,-0.21957062184810638
17,1102,"I am okay right now , but I do have to work tonight . I have a lot of schoolwork to do , I should’ve done more yesterday , now I’m going to get behind or have a lot to do over the next few days . To top it off I read the wrong chapter in one class , so now I have to do that again . On top of working tonight . Uggghh . I’m content , quiet , calm at the moment .",2023-03-19 10:50:16,5,False,0.0,0.0,True,year: 2023 month: 03 day: 19,0.39250415563583374,0.19203008711338043
17,1103,"I am tired and don’t feel very good . I wish I didn’t have to with this evening . But I have to leave in like 10 minutes to head that way . I need the money , so I’ll go . We have bills to pay . Just life I guess . I’m just tired .",2023-03-19 15:01:28,5,False,-2.0,0.0,True,year: 2023 month: 03 day: 19,-1.218902826309204,-0.06519396603107452
17,1104,"I am at work , trying to close down for the night . It was slow , but I still made 100 . Fortunately . One table even stiffed me tonight . That sucked . Other than that I’m okay , content and calm . I am fixing to go home , so that makes me happy . Yaaay",2023-03-19 20:40:18,5,False,2.0,0.0,True,year: 2023 month: 03 day: 19,0.8444170355796814,0.1853358894586563
17,1105,"I am okay , content , calm , quiet . I am home alone , doing school work . I have all day with the exception of a mandatory meeting at work at 4 today , other than that I can concentrate on my schoolwork and get a lot done today . I feel okay today , so far anyway . I’m not stressed , not yet anyway lol .",2023-03-20 10:03:55,5,False,0.0,0.0,True,year: 2023 month: 03 day: 20,1.3069038391113281,0.49579373002052307
17,1106,"I am okay . I’ve been working on schoolwork all morning . But I have to leave soon to go to a 4 : 00 mandatory meeting at work . They are rolling out a new menu . At least we get to eat . For free . So we can try everything new if we like . That will be good at least . My back is hurting a little , but I’m okay mainly .",2023-03-20 15:02:37,5,False,0.0,1.0,True,year: 2023 month: 03 day: 20,0.7349333763122559,0.5698701739311218
17,1107,"I do not feel good . My back and legs are hurting . I just fell asleep because I was waiting on them to stop while laying down . It sucks , bad . But I will be okay , when am I not ?? I’m very quiet today . Very claim . Just tired .",2023-03-20 20:52:35,5,False,-2.0,0.0,True,year: 2023 month: 03 day: 20,-1.1495935916900635,-0.14079204201698303
17,1108,"I just got to work . I hate working here two mornings a week . I like my evening job much better . But this is cash and the other is every two week . Anyway I’m ok , hurting a Little . I’m content . I’m calm . I’m quiet . Ready to get this over with",2023-03-21 10:01:07,5,False,0.0,1.0,True,year: 2023 month: 03 day: 21,0.5351762175559998,0.15483243763446808
17,1109,"Hi to whoever is reading this . I can never think of anything so I just tell you how I am feeling . I am   okay . I feel okay . Hurting some , but mainly I’m okay . My bills are mainly paid , so I’m not stressing that at the moment . I don’t have a lot of money , but everything that needed to get paid is paid . That’s a good thing .",2023-03-21 15:00:59,5,False,1.0,1.0,True,year: 2023 month: 03 day: 21,0.900675892829895,0.44977402687072754
17,1110,"Having a pretty good night so far . Started out hurting really bad , but that’s eased up some now . I do feel better , probably walked it off . I am ready to go home though . I’m tired . I am content , calm . A bit lively tonight . Have a great evening !!",2023-03-21 20:05:18,5,False,1.0,2.0,True,year: 2023 month: 03 day: 21,1.159210443496704,0.17956103384494781
17,1111,"You need more choices in how we feel , like aggravated being one ! I am so aggravated with my school work at the moment . Other than that I am okay I guess . I feel okay . Just trying to figure out an assignment for school and I don’t know what to do for it at all .",2023-03-22 10:09:22,5,False,-1.0,1.0,True,year: 2023 month: 03 day: 22,-0.13295944035053253,0.6790778636932373
17,1112,"I am getting ready to leave to go to work . They just put in the app that 2 could have the night off , I wanted to reply so bad , but I need the money on my check and need it period . I have bills coming up . I am okay right now . Had a pretty good day so far . I got to see my daughter for a little bit , that’s always a good thing . Have a good day !!",2023-03-22 15:01:46,5,False,0.0,1.0,True,year: 2023 month: 03 day: 22,0.8715331554412842,0.3907948434352875
17,1113,"I just got done eating . I was supposed to work but it was really slow so I went home . Trying to work on schoolwork . I am I little tired , but I guess I am okay other than that . I do wish I has more energy .",2023-03-22 20:06:56,5,False,0.0,1.0,True,year: 2023 month: 03 day: 22,-0.6188017725944519,0.37260037660598755
17,1114,"I am pretty good this morning . I just got to work and I was late . I fell back to sleep , I did not mean to . I would not have come if I did not need the money . I do not like this place . But I am only here 2 days a week . So I will deal right now . Hello by the way !",2023-03-23 10:26:09,5,False,2.0,0.0,True,year: 2023 month: 03 day: 23,0.5440015196800232,0.46176737546920776
17,1155,"I just woke up . I feel ok . I have to work today . I am content , not really happy because I   just opened my eyes . I have about gotten my bills all caught up , so I’m not stressed out . I work in a few hours . From 1 : 00 until I get cut tonight . Not looking forward to that .",2023-06-25 10:45:16,6,False,1.0,0.0,True,year: 2023 month: 06 day: 25,1.3251094818115234,0.3873008191585541
17,1156,"I’m okay , pretty content/happy . I’m at   work , just happen to be on   break at the moment . I’m fixing to go back in though . I only had one table when I got there , then went on break . lol . What a waste of time ! That aggravated me ,   but it is what it is . I’m okay besides that , I feel okay today .",2023-06-25 15:00:53,6,False,1.0,1.0,True,year: 2023 month: 06 day: 25,1.273165225982666,0.2989048957824707
17,1157,"I feel bad right now . My stomach starting hurting really bad at work and I had to leave early . Thankfully they let me . They are good about that . I am content and calm , other than that . I’m not really stressed about money right now .",2023-06-25 20:06:59,6,False,0.0,1.0,True,year: 2023 month: 06 day: 25,-0.2588076591491699,0.29576781392097473
17,1158,"I am up and alive ! I’m content and calm . I have the day off today , so I’m running some errands . I feel okay right now , so that’s good . I can relax today , no work . I go back to work tomorrow evening . That’s ok though , because I like the people I work with .",2023-06-26 10:07:11,6,False,2.0,0.0,True,year: 2023 month: 06 day: 26,1.5677038431167603,0.3121064603328705
17,1159,"I am okay . I guess I feel okay , so that should mean I’m okay , right ? I’m not stressed about money . I am stressed about 2 of my grown children though . They have some health issues going on , and I can’t help but to worry about them . Other than that , I’m okay .",2023-06-26 15:15:31,6,False,-1.0,0.0,True,year: 2023 month: 06 day: 26,0.9854043126106262,0.2928226888179779
17,1160,"I do not feel the best tonight , I hate feeling bad . My legs hurt so bad . I absolutely HATE feeling like this . I guess I am stressed about my kids , their health , 2 of them anyway . I wish I was rich and could god what I could for them , but I barely scape by myself .",2023-06-26 20:04:15,6,False,-1.0,0.0,True,year: 2023 month: 06 day: 26,-0.8733591437339783,0.21343885362148285
17,1161,"I just had to pull my account Negative to post something my step daughter told me was paid already . So   I am stressed out about that . My stomach hurts . I don’t feel good right now . I am so sick of Shìt happening with my bills ! Last month we lost our Internet provider babies they said we were paying with faulty cards , that we didn’t own . We’ve only paid it with one card the whole time . It’s just ridiculous .",2023-06-27 10:04:34,6,False,-1.0,1.0,True,year: 2023 month: 06 day: 27,-1.072640061378479,0.6579410433769226
17,1162,"I am very tired today . I did not sleep well last night . Not I’m on the way to work , tired as hell . My stomach is hurting , o tried to get out of work , no such luck . Maybe it will be a good night anyway .",2023-06-27 15:06:40,6,False,-1.0,0.0,True,year: 2023 month: 06 day: 27,-1.181957721710205,-0.2060590535402298
17,1163,"I am at work . I feel okay , just really tired today . I did not sleep well last night . I’m worried about 2 out of 5 of my children , their health . That doesn’t help me sleep well . I feel okay other than that I guess . I am ready to go home .",2023-06-27 20:23:49,6,False,1.0,0.0,True,year: 2023 month: 06 day: 27,-0.2714916169643402,0.060831084847450256
17,1164,"I am okay . I feel okay . Just tired . I have to work this evening , so I have the day off until 3 : 30 anyways . I get so tired of working , but you need money so what can you do ? But I get bored as hell not working too , so again , what can you do ?",2023-06-28 10:01:07,6,False,0.0,0.0,True,year: 2023 month: 06 day: 28,-0.7014601230621338,0.12782640755176544
17,1165,"I am on the way to work . I am running late . Because I am hungry . My stomach is hurting because I’m so hungry , so I just had to get something . I am okay today , not feeling too bad I guess , and that always helps .",2023-06-28 15:21:53,6,False,1.0,0.0,True,year: 2023 month: 06 day: 28,-0.08694885671138763,0.3288727402687073
17,1166,"I feel okay . I’m still at work . It’s been pretty slow , which definitely affects my money . I’m not hitting right now , so that’s a plus . I am ready to go home though . I’m really tired . About ready for bed , lol .",2023-06-28 20:19:43,6,False,2.0,0.0,True,year: 2023 month: 06 day: 28,0.008318664506077766,0.10434587299823761
17,1167,"I woke up late . Had to be at work at 11 , and woke up see 10 : 30 . I told you yesterday how tired I was . And I hate Thursdays . They are so slow at work . I need the money , so hopefully it’ll be busy . It if   nice out . I feel okay besides being tired .",2023-06-29 10:55:17,6,False,-1.0,0.0,True,year: 2023 month: 06 day: 29,-0.8678693175315857,0.15408392250537872
17,1168,"I slept in , not on purpose , by accident , but I feel so much better today ! I’m not nearly as tired ! I am at work . Today has been okay . I’m not hurting yet today , so that’s   a good thing . Work has been okay today .",2023-06-29 15:01:46,6,False,1.0,2.0,True,year: 2023 month: 06 day: 29,0.912401020526886,0.6047015190124512
17,1169,"I have had a good day . I haven’t been hurting too awfully bad . Work has been okay . The best part is I have felt okay , I am still tired , but not like I was . Thankfully . I am fixing to get off work , but I still have one table left at the moment . I am waiting on them to get done .",2023-06-29 20:13:17,6,False,1.0,2.0,True,year: 2023 month: 06 day: 29,1.0802655220031738,0.4783811569213867
17,1170,"My stomach is hurting this morning . Not feeling the best . But I have not been up long , so we will see how the day goes . My back and legs are hurting today . Maybe it’ll go away . I’m not too stressed at the moment . But that may come later . I don’t know . I’m getting too old to serve !!",2023-06-30 10:22:07,6,False,-1.0,0.0,True,year: 2023 month: 06 day: 30,-0.704544723033905,0.12422330677509308
17,1171,"I’m at work , in the bathroom . I don’t have long . I have two tables and I’m waiting in drinks . I feel ok , although I didn’t this morning . I felt really bad . Thankfully I feel better now . I’m not too stressed , so that’sgood .",2023-06-30 16:06:17,6,False,1.0,2.0,True,year: 2023 month: 06 day: 30,0.7477115392684937,0.5026461482048035
17,1172,"I at work and my umph is wearing down . My energy is depleting . We still have 50 minutes until close , then side work , side work , side work !! I still feel okay , I’m just tired . Ready   to go home . Just to do it all day tomorrow .",2023-06-30 20:10:01,6,False,-1.0,0.0,True,year: 2023 month: 06 day: 30,-0.9561600089073181,-0.12444238364696503
17,1173,"Hi ! I just got out the shower , trying to get ready for work . I don’t feel the Need , but not the worst other . I guess I’m okay right now . I do not really want to work though , but I need the money so I go , every day but one day a week . I get tired , I’m almost 50 now . But you got to do what you got to do , right ? I’m not stressed at the moment .",2023-07-01 10:01:47,6,False,0.0,1.0,True,year: 2023 month: 07 day: 01,0.3783595561981201,0.7448438405990601
17,1174,"I am okay today . A little tired , and hurting a little , but I’m okay . I’m at work . Had to go to the bathroom . I’m still worried about my kids , but other than that I’m okay . Money is ok right now , bills are paid anyway .",2023-07-01 15:07:58,6,False,1.0,2.0,True,year: 2023 month: 07 day: 01,0.9268820285797119,0.2311503142118454
17,1175,"I just got off work . I am very tired . I am on the way home now , thankfully . My feet hurt really bad . Other than that , I am okay . Still worried about my kids , not so much money at the moment . I will be glad you get home .",2023-07-01 20:57:02,6,False,-1.0,0.0,True,year: 2023 month: 07 day: 01,-0.2500627636909485,0.10163436830043793
17,1176,"I am okay right now . I am still laying in bed at the moment , but I’ve been up and down for the last two hours . I am not hurting too bad at the moment . I have work in two   hours . Hopefully it’s busy , so I can make some money .",2023-07-02 10:00:56,6,False,0.0,1.0,True,year: 2023 month: 07 day: 02,0.7778218388557434,0.32337069511413574
17,1177,"I am very tired . My feet hurt really bad , so do my legs and I have a few hours left at work still . That sucks . I went in at 12 , not in on break . I am Tim to grab some food really quick . I do not feel very good today . I really don’t at all .",2023-07-02 15:07:19,6,False,-1.0,0.0,True,year: 2023 month: 07 day: 02,-1.5917421579360962,-0.3005765378475189
17,1178,"I am on   the way home . I just got off work . I an do very tired . My head hurts from getting so hot . It is thumping right now . I will be glad to get home and just sit for a while . I an off tomorrow , thankfully .",2023-07-02 20:07:51,6,False,-2.0,0.0,True,year: 2023 month: 07 day: 02,-0.511557400226593,-0.028338029980659485
17,1179,"Good morning . I feel okay this morning , so far . Today is my day off . I plan on going to get my grandson , my daughter , and we are going to my friends house to go to the pool for a bit . It should be fun . I do not ever do anything , so hopefully I’ll continue to feel ok .",2023-07-03 10:03:21,6,False,1.0,2.0,True,year: 2023 month: 07 day: 03,1.184228777885437,0.4040360152721405
17,1180,"I did not end up going to the pool today with my grandson . I went and bought a bunch of stuff to take him and they would not let me . That was very disappointing for me , it upset me quite   badly . I guess that is life , he is not my child . I goes they do not trust me . I do not know . Anyway , I am tired today , but it’s my day off .",2023-07-03 15:00:54,6,False,0.0,2.0,True,year: 2023 month: 07 day: 03,-1.0513489246368408,0.35098031163215637
17,1181,"I have emailed y’all , with no reply . I am not going to continue to do this with no pay . I haven’t gotten any compensation yet , and I have by now usually . Please check into this . Other than that I’m fine .",2023-07-03 20:00:57,6,False,0.0,1.0,True,year: 2023 month: 07 day: 03,0.1391841620206833,0.3793167471885681
17,1140,"I have not been up long . I do not feel the best . My stomach is hurting today . I just got out of the shower . Getting ready for work . You need to check into my payment , I haven’t got one yet . Please check into that for me . It’s beginning to stress me out .",2023-07-04 10:01:58,6,False,-1.0,0.0,True,year: 2023 month: 07 day: 04,-0.9228596091270447,0.2917110025882721
17,1141,"I am okay today . I am on break , I am   fixing to head back to work to finish out my shift . Why haven’ti gotten paid yet ??? That’s PERSON to stress   me out bad . I try so hard to do these for y’all and not miss one , but I’m not being compensated at all this time . Other than that , I am good today . Thank you",2023-07-04 15:06:47,6,False,0.0,1.0,True,year: 2023 month: 07 day: 04,0.9704881310462952,0.302929550409317
17,1142,"Hello ! I want my money for doing this ! I have emailed y’all , no reply . I’ve put messages in here , no nothing . I need the money , that’s why I do this . I feel like Shìt . I’m hurting like hell . Go to hell",2023-07-04 21:49:44,6,False,-1.0,0.0,True,year: 2023 month: 07 day: 04,-0.480145663022995,0.9023059010505676
17,1143,"Hello ! I feel like Shìt . That’s my honest answer in how I feel right now . They put me upstairs last night , and my hip is killing my this morning . It’s hard to walk . I work at 3 : 30 again today . Hopefully I’m not updated again ! I’m not really stressing , just hoping my check comes through today like it usually does , I’m not sure cause yesterday was a holiday . I need to post my rent today .",2023-07-05 10:03:43,6,False,-2.0,0.0,True,year: 2023 month: 07 day: 05,-0.3357448875904083,0.3507483899593353
17,1144,"I am still hurting . My hip , from climbing the stairs over and over again last night . It feels somewhat better , but it is still hurting . I am worried I won’t get my check in time to pay my rent in time . Which is today . Hopefully it comes through this evening where I can jump online and post it .",2023-07-05 15:02:15,6,False,-2.0,0.0,True,year: 2023 month: 07 day: 05,-0.7627204656600952,0.35313907265663147
17,1145,"I feel a lot better this evening than I did this morning . My hip isn’t hurting like it was , that’s for sure . I got my rent paid , I was also worried about that being on time . Thankfully it was . I hope . I am tired , but I do not work until 3 : 30 tomorrow evening yaaay .",2023-07-05 22:19:10,6,False,0.0,0.0,True,year: 2023 month: 07 day: 05,0.7522516846656799,0.3225991129875183
17,1146,"Hello . I still have not received any compensation for doing this . It is really starting to bother me , why am I doing this ?????\ nI feel okay , I’m just really tired . I’m so tired of being tired . And not feeling good . Is this all that getting older is ? Not feeling good ? Of course if I’m honest , I can’t remember the last time I did feel good .",2023-07-06 10:03:41,6,False,-1.0,0.0,True,year: 2023 month: 07 day: 06,-0.863239586353302,0.16647253930568695
17,1147,"I am tired . I am also tired of feeling bad all the time . I am always tired , of course I’m not 20 anymore so I assume that has something to do with it . lol . I just get tired of feeling like this . Other than that , I hired I’m okay .",2023-07-06 15:22:26,6,False,-1.0,0.0,True,year: 2023 month: 07 day: 06,-0.9479018449783325,-0.03218807280063629
17,1148,"I am at work , I have an hour left to go , then sidework . Yay ! Not ! We have to scrub the floors tonight , so we will be here even later . I hate scrubbing the floors ! It sucks . My hip is feeling some better , thankfully . I could barely walk the other night",2023-07-06 20:06:03,6,False,1.0,0.0,True,year: 2023 month: 07 day: 06,-0.20106296241283417,0.5989165902137756
17,1149,"I finally got my money for doing these !! Thank you ! I am feeling ok this morning . I do not work until 3 : 30 , but I have to go get my daughter at 12 , then do some running around before then . I’m not really stressing about anything today . I’m not hurting , yet , so that’sa good thing .",2023-07-07 10:00:40,6,False,1.0,1.0,True,year: 2023 month: 07 day: 07,1.2239617109298706,0.5142534375190735
17,1150,"I’m starting to feel really tired and my legs are beginning to hurt .   My legs have hurt since I was a little girl . I don’t know why , but I hate it . It sucks bad . I’m not too stressed about anything . Although I would love not to go to work this evening .",2023-07-07 15:02:37,6,False,-1.0,0.0,True,year: 2023 month: 07 day: 07,-1.3538849353790283,-0.10222025215625763
17,1151,I got off work early cause I was not feeling good . I’m so tired . And don’t feel very good today . I think I feel better tonight than I did this morning though . I was dragging around 3 : 00 . I am not stressed out . I’m okay in that department .,2023-07-07 20:01:30,6,False,-1.0,0.0,True,year: 2023 month: 07 day: 07,-0.7303145527839661,-0.09941206872463226
17,1152,"I am feeling okay this morning I guess . I have to work at 12 , so I am fixing to get ready . I have to work until close , but hopefully it’ll be good money . Hopefully I stay feeling okay as well . I hate feeling bad . I’m not stressed at the moment , I am okay I’m that department .",2023-07-08 10:49:42,6,False,0.0,1.0,True,year: 2023 month: 07 day: 08,1.3506662845611572,0.4720797836780548
17,1153,"I am on break . I have to go back in just a few minutes . We only get 30-45 minutes break . I have just enough time to come home , sit for a few   and go back . I feel okay today . My hip is hurting some , but not too awful bad today . I’m not too stressed . Have a great day !!",2023-07-08 15:10:25,6,False,1.0,0.0,True,year: 2023 month: 07 day: 08,0.9792736172676086,0.3383338153362274
17,1154,"I am at work . I am cut , but still have tables . I am tired . But overall it’s been a price good day . My legs are beginning to ache some . I am ready to go home , but my tables and sidework . Have a great night !!!",2023-07-08 20:48:33,6,False,0.0,0.0,True,year: 2023 month: 07 day: 08,-0.3914278745651245,-0.11248721182346344
18,1302,"Happy , Cheerful , Lucky , Inspired , Calm",2022-05-07 15:00:00,3,True,2.0,1.0,True,year: 2022 month: 05 day: 07,1.7467498779296875,1.1145908832550049
18,1303,"Content , Calm , At ease , Accepting , Excited",2022-05-08 12:20:00,3,True,1.0,0.0,True,year: 2022 month: 05 day: 08,1.3898963928222656,0.46420392394065857
18,1304,"Calm , Content , Happy , Guilty , At peace",2022-05-08 16:34:00,3,True,1.0,0.0,True,year: 2022 month: 05 day: 08,1.3812823295593262,0.7125774025917053
18,1286,"Content , Excited , Productive , Calm , At ease",2022-05-09 20:01:00,3,True,2.0,1.0,True,year: 2022 month: 05 day: 09,1.547645092010498,0.7602115273475647
18,1287,"Content , At peace , Happy , Excited , Pleasant",2022-05-10 22:14:00,3,True,2.0,0.0,True,year: 2022 month: 05 day: 10,1.483451247215271,0.6607131958007812
18,1288,"Calm , Excited , Happy , Optimistic , Content",2022-05-12 17:44:00,3,True,2.0,0.0,True,year: 2022 month: 05 day: 12,1.5925958156585693,0.737777590751648
18,1289,"Excited , Happy , Content , Stoked , Elated",2022-05-13 12:16:00,3,True,2.0,2.0,True,year: 2022 month: 05 day: 13,1.5791902542114258,1.2991077899932861
18,1290,"Happy , Calm , Excited , Content , Pumped",2022-05-13 17:37:00,3,True,2.0,1.0,True,year: 2022 month: 05 day: 13,1.758339285850525,0.8941356539726257
18,1291,"Happy , Excited , Loved , Calm , Content",2022-05-13 20:00:00,3,True,2.0,1.0,True,year: 2022 month: 05 day: 13,1.6694029569625854,0.9364490509033203
19,1313,"Awake , Busy , Annoyed , Overwhelmed , Aggravated",2021-06-15 12:02:00,1,True,0.0,2.0,True,year: 2021 month: 06 day: 15,0.6361270546913147,1.421419620513916
19,1314,"Busy , Annoyed , Too much to do , Not enough time , Tired",2021-06-16 13:05:21,1,True,0.0,1.0,True,year: 2021 month: 06 day: 16,0.2925871014595032,1.5231024026870728
19,1315,"Overworked , Underpaid , Stressed out , Hungry , Thirsty",2021-06-17 12:08:12,1,True,0.0,1.0,True,year: 2021 month: 06 day: 17,-0.8994985222816467,0.5232018232345581
19,1316,"Hungover , Tired , Achy , Hot , Hungry",2021-06-18 12:03:18,1,True,-2.0,0.0,True,year: 2021 month: 06 day: 18,-0.4614211618900299,0.44701087474823
20,1319,"Anxiety , Happy , Tired , Rested , Happy",2021-06-16 21:19:29,1,True,1.0,1.0,True,year: 2021 month: 06 day: 16,0.34811389446258545,0.8280563354492188
20,1320,"Happy , Tired , Full filled",2021-06-17 22:00:20,1,True,1.0,1.0,True,year: 2021 month: 06 day: 17,1.19203519821167,0.9907937049865723
23,1348,I have felt pretty good . I did have to work last night but after two days off it was easier to get through it and it was a little busy . I was also able to hang out with a coworker so it helped me cut some of the stress away .,2021-05-16 14:15:31,1,False,1.0,1.0,True,year: 2021 month: 05 day: 16,0.34123510122299194,0.3994673192501068
23,1336,Good day off with the family . It makes it easier to relax when I can spend time with my kids instead of stressing about what’s going on at home . But it’s been a good day until I have to go back later to work fir the next 6 days .,2021-05-17 12:03:46,1,False,2.0,1.0,True,year: 2021 month: 05 day: 17,0.8766222596168518,0.4300183355808258
23,1337,"Again just work , I have a bunch of projects I’m doing at home right now so it’s tiering to work 10hrs and drive 2 hours , get up in the am and work on the house . Motivation is a big problem , especially in my advanced age , I sometimes need a day to relax .",2021-05-18 21:57:01,1,False,-1.0,0.0,True,year: 2021 month: 05 day: 18,-0.36186376214027405,0.4139705300331116
23,1338,"Tired , mostly just then end of the work week and I need to get through one more day . It gets tougher and tough to be customer facing all the time and pretend that you “care” when realistically we just want to make money . At work I just kinda shutdown , the same questions over and over again , you can only tell 10 people in a night that there is still food being cooked at 6 pm when the bar is full of people eating food .",2021-05-20 14:05:12,1,False,0.0,1.0,True,year: 2021 month: 05 day: 20,-0.9740062355995178,0.19886599481105804
23,1339,"Got through work last night ok because I have a few days off , but it makes it easier to know I don’t have to travel to and from work for a few days . Again it’s just been tough to get through the days when you work 6 days in a row with one day off in between .",2021-05-21 15:57:51,1,False,1.0,1.0,True,year: 2021 month: 05 day: 21,-0.19947144389152527,0.5239918828010559
23,1340,"You know sleep is super important , when I get time off , I usually go to bed by 11 or 12 and the kids get me up by 7-8am . I feel a lot better today than I did yesterday just because of a good night sleep and not having to stress about going to work .",2021-05-22 16:08:37,1,False,1.0,1.0,True,year: 2021 month: 05 day: 22,-0.0776447281241417,0.2983188331127167
24,1415,"Tired , Sneezy , Grumpy , Hopeful , Sore",2021-06-12 12:06:08,1,True,0.0,1.0,True,year: 2021 month: 06 day: 12,-0.7345795631408691,0.20422376692295074
24,1416,"Tired , Grumpy , Hot , Gross , Groggy",2021-06-12 17:13:01,1,True,0.0,1.0,True,year: 2021 month: 06 day: 12,-0.586775004863739,0.39526209235191345
24,1417,"Tired , Hot , Lethergic , Calm , Grumpy",2021-06-13 12:50:55,1,True,2.0,0.0,True,year: 2021 month: 06 day: 13,-0.02483408711850643,0.2565620541572571
24,1418,"Stressed , Tired , Hot , Hungry , Headachy",2021-06-13 17:49:45,1,True,1.0,0.0,True,year: 2021 month: 06 day: 13,0.5185774564743042,0.8008542060852051
25,1490,"I am a heart person . Trust me I feel every emotion and sometimes for no reason . If I have a feeling inside me , I let it out , and I be ready for whatever consequences or results that feeling will bring .",2021-06-11 17:59:23,1,False,2.0,1.0,True,year: 2021 month: 06 day: 11,0.3688356280326843,1.4023640155792236
25,1491,I’M LOOKING FORWARD TO THE END OF THE PANDEMIC .   I HOPE TO SEE ALL MY FRIENDS AND GO OUT DRINKING AGAIN .   BETTER WITH FRIENDS THAN DRINKING ALONE .   THIS PANDEMIC HAS MADE ME REALIZE HOD FRIENDS AND FAMILY ARE REALLY IMPORTANT .,2021-06-11 22:09:58,1,False,2.0,0.0,True,year: 2021 month: 06 day: 11,0.09319224953651428,0.6077167391777039
33,2209,"Sleepy , Tired , Sluggish , Neutral , Quite",2022-09-07 20:19:14,4,True,0.0,0.0,True,year: 2022 month: 09 day: 07,-1.2303285598754883,-0.09637399017810822
33,2210,"Sleepy , Tired , Sluggish , Content , Quite",2022-09-08 11:12:01,4,True,-1.0,0.0,True,year: 2022 month: 09 day: 08,-0.9884147047996521,-0.28195032477378845
33,2211,"In pain , Jittery , Tired , Fatigued , Sleepy",2022-09-08 15:09:29,4,True,-2.0,2.0,True,year: 2022 month: 09 day: 08,-1.5405728816986084,0.6337988376617432
33,2212,"Tired , Sleepy , Irritated , Fatigued , Quite",2022-09-08 20:00:56,4,True,-2.0,0.0,True,year: 2022 month: 09 day: 08,-1.510408878326416,0.04071444272994995
33,2213,"Sluggish , Tired , Fatigued , Sleepy , Annoyed",2022-09-09 10:09:37,4,True,-1.0,0.0,True,year: 2022 month: 09 day: 09,-1.8358068466186523,0.0019483556970953941
33,2214,"Irritated , Mad , Angry , Tired , Sleepy",2022-09-09 15:40:23,4,True,-2.0,0.0,True,year: 2022 month: 09 day: 09,-0.9749628901481628,1.0870270729064941
33,2215,"Sluggish , Tired , Sleepy , Irritated , Mad",2022-09-09 20:10:50,4,True,-1.0,0.0,True,year: 2022 month: 09 day: 09,-1.740210771560669,0.044567301869392395
33,2176,"Quite , Sleepy , Sluggish , Content , Calm",2022-09-10 10:10:09,4,True,2.0,0.0,True,year: 2022 month: 09 day: 10,0.10719937086105347,0.16791167855262756
33,2177,"Quiet , Content , Calm , Neutral , Sleepy",2022-09-10 15:00:50,4,True,0.0,0.0,True,year: 2022 month: 09 day: 10,0.7764439582824707,0.5120453834533691
33,2178,"Quiet , Content , Calm , Excited , Happy",2022-09-10 20:45:14,4,True,0.0,0.0,True,year: 2022 month: 09 day: 10,1.4779982566833496,0.5154259204864502
33,2179,"Neutral , Content , Quiet , Sleepy , Emotional",2022-09-11 10:48:19,4,True,0.0,1.0,True,year: 2022 month: 09 day: 11,-0.08446020632982254,0.6353834867477417
33,2180,"Sleepy , Tired , Fatigued , In pain , Emotional",2022-09-11 15:00:50,4,True,-1.0,0.0,True,year: 2022 month: 09 day: 11,-1.4730584621429443,-0.10599596798419952
33,2181,"Tired , Emotional , Sleepy , Content , Annoyed",2022-09-11 20:31:29,4,True,-2.0,0.0,True,year: 2022 month: 09 day: 11,-0.904579222202301,0.0714825689792633
33,2182,"Annoyed , Mad , Irritated , Sleepy , Tired",2022-09-12 10:35:05,4,True,-2.0,0.0,True,year: 2022 month: 09 day: 12,-1.0335853099822998,1.1691025495529175
33,2183,"Annoyed , Mad , Irritated , Sluggish , Sleepy",2022-09-12 15:22:45,4,True,-2.0,0.0,True,year: 2022 month: 09 day: 12,-1.0976239442825317,1.0412262678146362
33,2184,"Tired , Sleepy , Irritated , Annoyed , Mad",2022-09-12 20:16:55,4,True,-2.0,0.0,True,year: 2022 month: 09 day: 12,-1.46322500705719,0.25289225578308105
33,2185,"Sleepy , Tired , Annoyed , Irritated , Quiet",2022-09-13 10:32:43,4,True,0.0,1.0,True,year: 2022 month: 09 day: 13,-1.090789794921875,0.16387690603733063
33,2186,"Sleepy , Tired , Quiet , Irritated , Annoyed",2022-09-13 15:39:33,4,True,-2.0,0.0,True,year: 2022 month: 09 day: 13,-0.8769673705101013,0.2172597348690033
33,2187,"Sleepy , Quiet , Exhausted , Irritated , Annoyed",2022-09-13 20:01:50,4,True,-2.0,0.0,True,year: 2022 month: 09 day: 13,-1.0215357542037964,0.2846064567565918
33,2188,"Tired , Sleepy , Sluggish , Quiet , Restless",2022-09-14 10:02:25,4,True,-1.0,0.0,True,year: 2022 month: 09 day: 14,-1.725759744644165,-0.15338781476020813
33,2189,"Sleepy , Tired , Sluggish , Irritated , Annoyed",2022-09-14 15:00:33,4,True,-2.0,0.0,True,year: 2022 month: 09 day: 14,-1.6038779020309448,-0.005068854428827763
33,2190,"Sleepy , Tired , Mad , Annoyed , Exhausted",2022-09-14 21:48:03,4,True,-2.0,0.0,True,year: 2022 month: 09 day: 14,-1.5656449794769287,0.1288553774356842
33,2191,"Quiet , Sleepy , Tired , Neutral , Anxious",2022-09-15 10:03:38,4,True,0.0,1.0,True,year: 2022 month: 09 day: 15,-0.5529218316078186,0.40621429681777954
33,2192,"Sleepy , Tired , Irritated , Annoyed , Anxious",2022-09-15 15:02:36,4,True,-1.0,0.0,True,year: 2022 month: 09 day: 15,-1.2259242534637451,0.16846831142902374
33,2233,"Anxious , Sleepy , Tired , Annoyed , Overwhelmed",2023-03-11 20:07:21,5,True,0.0,1.0,True,year: 2023 month: 03 day: 11,-0.6687843203544617,0.8549967408180237
33,2234,"Sluggish , Tired , Anxious , Jittery , Sleepy",2023-03-12 12:24:44,5,True,-2.0,0.0,True,year: 2023 month: 03 day: 12,-1.5413057804107666,0.20145811140537262
33,2235,"Sluggish , Tired , Content , Nervous , Anxious",2023-03-12 16:00:11,5,True,-1.0,0.0,True,year: 2023 month: 03 day: 12,-1.0866855382919312,0.1433638483285904
33,2236,"Tired , Sluggish , Anxious , Sleepy , Sad",2023-03-12 20:02:53,5,True,-1.0,0.0,True,year: 2023 month: 03 day: 12,-1.5588116645812988,-0.04853278398513794
33,2237,"Sluggish , Tired , Sleepy , Annoyed , Anxious",2023-03-13 10:21:17,5,True,-2.0,0.0,True,year: 2023 month: 03 day: 13,-1.5429720878601074,0.03190906345844269
33,2238,"Tired , Sluggish , Sleepy , Anxious , Annoyed",2023-03-13 15:01:26,5,True,-2.0,0.0,True,year: 2023 month: 03 day: 13,-1.4943029880523682,0.045716121792793274
33,2239,"Sluggish , Tired , Sleepy , Annoyed , Mad",2023-03-14 10:02:45,5,True,-2.0,0.0,True,year: 2023 month: 03 day: 14,-1.6290597915649414,0.0942196249961853
33,2240,"Tired , Annoyed , Sluggish , Sleepy , Anxious",2023-03-14 15:01:40,5,True,-2.0,0.0,True,year: 2023 month: 03 day: 14,-1.5271090269088745,0.03704488277435303
33,2241,"Tired , Sluggish , Sleepy , Content , Neutral",2023-03-14 20:01:01,5,True,-2.0,0.0,True,year: 2023 month: 03 day: 14,-1.3527382612228394,-0.04522125422954559
33,2242,"Tired , Sleepy , Sluggish , Annoyed , Mad",2023-03-15 10:50:39,5,True,-2.0,0.0,True,year: 2023 month: 03 day: 15,-1.599423885345459,0.01781100034713745
33,2243,"Sleepy , Tired , Anxious , Calm , Quite",2023-03-15 15:44:30,5,True,0.0,1.0,True,year: 2023 month: 03 day: 15,-0.45908644795417786,-0.0452282577753067
33,2244,"Quiet , Tired , Sleepy , Anxious , Annoyed",2023-03-15 20:01:23,5,True,0.0,0.0,True,year: 2023 month: 03 day: 15,-0.3611893653869629,0.2896521985530853
33,2245,"Sleepy , Angry , Annoyed , Anxious , Jittery",2023-03-16 10:01:16,5,True,-1.0,0.0,True,year: 2023 month: 03 day: 16,-0.745494544506073,0.9227465391159058
33,2246,"Sluggish , Tired , Angry , Annoyed , Mad",2023-03-16 15:01:26,5,True,-2.0,0.0,True,year: 2023 month: 03 day: 16,-1.4151396751403809,0.3499813377857208
33,2247,"Tired , Sluggish , Aggravated , Mad , Annoyed",2023-03-16 20:02:45,5,True,-2.0,0.0,True,year: 2023 month: 03 day: 16,-1.4332209825515747,0.06289128959178925
33,2248,"Sleepy , Tired , Anxious , Jittery , Quiet",2023-03-17 10:01:19,5,True,0.0,0.0,True,year: 2023 month: 03 day: 17,-0.7680349349975586,0.10816466808319092
33,2249,"Quiet , Sleepy , Tired , Calm , Neutral",2023-03-17 16:34:53,5,True,0.0,1.0,True,year: 2023 month: 03 day: 17,0.03563334047794342,0.335927277803421
33,2250,"Quiet , Anxious , Annoyed , Mad , Sleepy",2023-03-17 20:08:31,5,True,0.0,1.0,True,year: 2023 month: 03 day: 17,0.39174550771713257,0.5640175342559814
33,2251,"Tired , Sleepy , Sluggish , Anxious , Sad",2023-03-18 10:49:12,5,True,-2.0,0.0,True,year: 2023 month: 03 day: 18,-1.542629361152649,-0.04294808208942413
33,2252,"Tired , Sleepy , Sad , Anxious , Annoyed",2023-03-18 15:06:00,5,True,-1.0,1.0,True,year: 2023 month: 03 day: 18,-1.2781877517700195,0.21111156046390533
33,2253,"Tired , Sluggish , Sleepy , Annoyed , Anxious",2023-03-18 21:11:42,5,True,-2.0,0.0,True,year: 2023 month: 03 day: 18,-1.5300836563110352,0.060058675706386566
33,2254,"Tired , Sluggish , Sleepy , Angry , Annoyed",2023-03-19 10:48:49,5,True,-2.0,0.0,True,year: 2023 month: 03 day: 19,-1.5912818908691406,0.10904692113399506
33,2255,"Sleepy , Tired , Anxious , Annoyed , Mad",2023-03-19 15:14:57,5,True,0.0,1.0,True,year: 2023 month: 03 day: 19,-0.8963235020637512,0.23597566783428192
33,2256,"Tired , Anxious , Sleepy , Jittery , Angry",2023-03-19 20:01:16,5,True,-2.0,0.0,True,year: 2023 month: 03 day: 19,-1.0747405290603638,0.6388822793960571
33,2216,"Tired , Sluggish , Anxious , Sleepy , Annoyed",2023-03-20 10:16:56,5,True,-2.0,0.0,True,year: 2023 month: 03 day: 20,-1.5601112842559814,0.0646297037601471
33,2217,"Sleepy , Annoyed , Tired , Mad , anxious",2023-03-20 15:01:45,5,True,0.0,1.0,True,year: 2023 month: 03 day: 20,-1.096850872039795,0.34241750836372375
33,2218,"Tired , Sleepy , Quiet , Content , Calm",2023-03-20 22:58:44,5,True,0.0,0.0,True,year: 2023 month: 03 day: 20,-0.6090502738952637,-0.14942601323127747
33,2219,"Sleepy , Tired , Annoyed , Mad , Angry",2023-03-21 10:05:51,5,True,-2.0,0.0,True,year: 2023 month: 03 day: 21,-1.1147782802581787,0.3360722064971924
33,2220,"Tired , Sleepy , Annoyed , Mad , Anxious",2023-03-21 15:22:30,5,True,-1.0,1.0,True,year: 2023 month: 03 day: 21,-1.1488456726074219,0.3146055042743683
33,2221,"Tired , Sluggish , Anxious , Annoyed , Jittery",2023-03-21 20:28:25,5,True,-2.0,0.0,True,year: 2023 month: 03 day: 21,-1.385740041732788,0.4015927016735077
33,2222,"Mad , Annoyed , Anxious , Tired , Sleepy",2023-03-22 10:01:19,5,True,-2.0,0.0,True,year: 2023 month: 03 day: 22,-0.7773216366767883,1.1281887292861938
33,2223,"Annoyed , Sluggish , Tired , Sleepy , Anxious",2023-03-22 15:01:07,5,True,-2.0,0.0,True,year: 2023 month: 03 day: 22,-1.2910231351852417,0.35286447405815125
33,2224,"Annoyed , Mad , Anxious , Tired , Sleepy",2023-03-22 20:01:03,5,True,-2.0,0.0,True,year: 2023 month: 03 day: 22,-0.6258878111839294,1.1936942338943481
33,2225,"Annoyed , Mad , Sleepy , Tired , Sluggish",2023-03-23 10:31:45,5,True,-1.0,0.0,True,year: 2023 month: 03 day: 23,-1.1924288272857666,0.5463862419128418
33,2226,"Tired , Sluggish , Annoyed , Mad , Angry",2023-03-23 15:00:53,5,True,-2.0,0.0,True,year: 2023 month: 03 day: 23,-1.380690336227417,0.2623521387577057
33,2227,"Sluggish , Tired , Sleepy , Annoyed , Mad",2023-03-23 20:00:41,5,True,-2.0,0.0,True,year: 2023 month: 03 day: 23,-1.6070553064346313,0.1131369024515152
33,2228,"Sluggish , Tired , Sleepy , Anxious , Jittery",2023-03-24 10:08:30,5,True,-2.0,0.0,True,year: 2023 month: 03 day: 24,-1.5725200176239014,0.12165039777755737
33,2229,"Sleepy , Tired , Anxious , Jittery , Nervous",2023-03-24 15:00:54,5,True,-2.0,0.0,True,year: 2023 month: 03 day: 24,-1.0560967922210693,0.3707287311553955
33,2230,"Annoyed , Anxious , Jittery , Tired , Sluggish",2023-03-24 20:02:24,5,True,-2.0,0.0,True,year: 2023 month: 03 day: 24,-0.7857799530029297,1.4192816019058228
33,2231,"Anxious , Jittery , Nervous , Sluggish , Tired",2023-03-25 10:04:17,5,True,0.0,1.0,True,year: 2023 month: 03 day: 25,-0.6672865748405457,1.753840446472168
33,2232,"Sluggish , Tired , Jittery , Sleepy , Annoyed",2023-03-25 15:44:35,5,True,-2.0,0.0,True,year: 2023 month: 03 day: 25,-1.670441746711731,0.30958136916160583
33,2272,"Tired , Sluggish , Sleepy , Anxious , Sad",2023-06-29 10:15:01,6,True,0.0,1.0,True,year: 2023 month: 06 day: 29,-1.5396746397018433,-0.019353806972503662
33,2273,"Sluggish , Tired , Anxious , Sad , Down",2023-06-29 15:03:34,6,True,-2.0,0.0,True,year: 2023 month: 06 day: 29,-1.3749563694000244,0.06271320581436157
33,2274,"Tired , Sluggish , Anxious , Sad , Annoyed",2023-06-29 20:00:50,6,True,-2.0,0.0,True,year: 2023 month: 06 day: 29,-1.3935266733169556,0.09791971743106842
33,2275,"Sleepy , Tired , Anxious , Uneasy , Annoyed",2023-06-30 10:27:54,6,True,-1.0,0.0,True,year: 2023 month: 06 day: 30,-1.2016685009002686,0.11749102175235748
33,2276,"Annoyed , Tired , Sleepy , Anxious , Overwhelmed",2023-06-30 15:26:12,6,True,-2.0,2.0,True,year: 2023 month: 06 day: 30,-1.118509292602539,0.6403809189796448
33,2277,"Tired , Sluggish , Annoyed , Mad , Sad",2023-06-30 20:07:11,6,True,-2.0,0.0,True,year: 2023 month: 06 day: 30,-1.4968290328979492,0.19317694008350372
33,2278,"Sleepy , Quiet , Tired , Anxious , Sad",2023-07-01 10:50:51,6,True,0.0,1.0,True,year: 2023 month: 07 day: 01,-0.8601590991020203,0.05427192151546478
33,2279,"Tired , Annoyed , Sluggish , Sleepy , Anxious",2023-07-01 15:06:12,6,True,-2.0,0.0,True,year: 2023 month: 07 day: 01,-1.5206295251846313,0.03914640098810196
33,2280,"Annoyed , Angry , Anxious , Sleepy , Tired",2023-07-01 20:00:55,6,True,-2.0,0.0,True,year: 2023 month: 07 day: 01,-0.7345812916755676,1.097741961479187
33,2281,"Sleepy , Tired , Sluggish , Anxious , Sad",2023-07-02 10:06:39,6,True,-2.0,0.0,True,year: 2023 month: 07 day: 02,-1.3499622344970703,-0.10238717496395111
33,2282,"Sleepy , Tired , Happy , Content , Quiet",2023-07-02 17:28:36,6,True,-2.0,0.0,True,year: 2023 month: 07 day: 02,-0.056924834847450256,-0.06144951283931732
33,2283,"Tired , Sleepy , Sluggish , Calm , Quiet",2023-07-02 20:14:13,6,True,-2.0,0.0,True,year: 2023 month: 07 day: 02,-1.3085838556289673,-0.18708862364292145
33,2284,"Sluggish , Tired , Sad , Sleepy , Foggy",2023-07-03 10:02:40,6,True,-2.0,0.0,True,year: 2023 month: 07 day: 03,-1.7009743452072144,0.04994955658912659
33,2285,"Sleepy , Tired , Annoyed , Sluggish , Angry",2023-07-03 15:03:08,6,True,-2.0,0.0,True,year: 2023 month: 07 day: 03,-1.4794715642929077,0.001949637196958065
33,2286,"Tired , Sluggish , Sleepy , Sad , Anxious",2023-07-03 20:05:49,6,True,-2.0,0.0,True,year: 2023 month: 07 day: 03,-1.4549999237060547,0.0039616962894797325
33,2287,"Tired , Sluggish , Sleepy , Quiet , Calm",2023-07-04 10:01:01,6,True,-2.0,0.0,True,year: 2023 month: 07 day: 04,-1.3084193468093872,-0.1579803228378296
33,2288,"Sleepy , Tired , Anxious , Sad , Jittery",2023-07-04 15:05:59,6,True,0.0,1.0,True,year: 2023 month: 07 day: 04,-1.0700398683547974,0.21968138217926025
33,2289,"Tired , Sluggish , Sleepy , Content , Quiet",2023-07-04 20:00:45,6,True,-2.0,0.0,True,year: 2023 month: 07 day: 04,-1.1567776203155518,-0.18678851425647736
33,2290,"Content , Calm , Tired , Sluggish , Sleepy",2023-07-05 10:16:39,6,True,0.0,1.0,True,year: 2023 month: 07 day: 05,0.7284117341041565,0.24447055160999298
33,2291,"Tired , Sluggish , Annoyed , Sleepy , Irritated",2023-07-05 15:04:09,6,True,-2.0,0.0,True,year: 2023 month: 07 day: 05,-1.6715153455734253,0.055470943450927734
33,2292,"Quiet , Sleepy , Tired , Exhausted , Content",2023-07-05 20:49:04,6,True,0.0,0.0,True,year: 2023 month: 07 day: 05,0.2528122663497925,0.04783548414707184
33,2293,"Sad , Anxious , Nervous , Sluggish , Tired",2023-07-06 10:18:10,6,True,-1.0,1.0,True,year: 2023 month: 07 day: 06,-1.3755879402160645,0.48206785321235657
33,2294,"Tired , Sleepy , Sick , Sluggish , Quiet",2023-07-06 15:10:30,6,True,-2.0,0.0,True,year: 2023 month: 07 day: 06,-1.48079252243042,-0.16475528478622437
33,2295,"Sluggish , Miserable , Tired , Sleepy , Anxious",2023-07-06 20:25:03,6,True,-2.0,0.0,True,year: 2023 month: 07 day: 06,-1.5978988409042358,-0.0861615538597107
33,2296,"Sick , Tired , Sleepy , Anxious , Sluggish",2023-07-07 10:41:59,6,True,-2.0,0.0,True,year: 2023 month: 07 day: 07,-1.492394208908081,-0.08971710503101349
33,2297,"Sick , Tired , Sluggish , Sleepy , Miserable",2023-07-07 15:03:27,6,True,-2.0,0.0,True,year: 2023 month: 07 day: 07,-1.681721568107605,-0.11123734712600708
33,2298,"Miserable , Sad , Tired , Sleepy , Sluggish",2023-07-07 20:00:48,6,True,-2.0,0.0,True,year: 2023 month: 07 day: 07,-1.596285104751587,0.07651388645172119
33,2257,"Sick , Miserable , Tired , Sluggish , Sleepy",2023-07-08 10:03:32,6,True,-2.0,0.0,True,year: 2023 month: 07 day: 08,-1.6311472654342651,-0.029269039630889893
33,2258,"Sick , Tired , Sluggish , Sleepy , Anxious",2023-07-08 16:19:53,6,True,-2.0,0.0,True,year: 2023 month: 07 day: 08,-1.3984403610229492,-0.0682787224650383
33,2259,"Sick , Miserable , Tired , Sleepy , Anxious",2023-07-08 20:02:48,6,True,-2.0,0.0,True,year: 2023 month: 07 day: 08,-1.353595495223999,-0.017360180616378784
33,2260,"Sleepy , Tired , Sluggish , Sick , Anxious",2023-07-09 10:13:43,6,True,-2.0,0.0,True,year: 2023 month: 07 day: 09,-1.3863344192504883,-0.1719108521938324
33,2261,"Tired , Sluggish , Annoyed , Sleepy , Sick",2023-07-09 15:16:08,6,True,-2.0,0.0,True,year: 2023 month: 07 day: 09,-1.700866460800171,-0.046602487564086914
33,2262,"Tired , Sluggish , Sleepy , Sick , Anxious",2023-07-09 20:29:20,6,True,-2.0,0.0,True,year: 2023 month: 07 day: 09,-1.4965163469314575,-0.07595779001712799
33,2263,"Tired , Sleepy , Sluggish , Anxious , Irritated",2023-07-10 10:07:15,6,True,-2.0,0.0,True,year: 2023 month: 07 day: 10,-1.5716912746429443,0.03580006957054138
33,2264,"Tired , Annoyed , Slow , Anxious , Sleepy",2023-07-10 15:26:12,6,True,-2.0,0.0,True,year: 2023 month: 07 day: 10,-1.177758812904358,0.15863709151744843
33,2265,"Tired , Sleepy , Sluggish , In pain , Anxious",2023-07-10 20:04:52,6,True,-2.0,0.0,True,year: 2023 month: 07 day: 10,-1.5114450454711914,-0.05932752788066864
33,2266,"Tired , Quiet , Sleepy , Anxious , Nervous",2023-07-11 10:36:43,6,True,0.0,1.0,True,year: 2023 month: 07 day: 11,-0.8884637951850891,0.16598264873027802
33,2267,"Annoyed , Mad , Irritated , Anxious , Tired",2023-07-11 15:00:48,6,True,-2.0,0.0,True,year: 2023 month: 07 day: 11,-0.6922975182533264,1.5943849086761475
33,2268,"Drained , Tired , Sluggish , Sleepy , Anxious",2023-07-11 20:28:07,6,True,-2.0,0.0,True,year: 2023 month: 07 day: 11,-1.3820183277130127,-0.056327760219573975
33,2269,"Sleepy , Quiet , Calm , Tired , Slow",2023-07-12 10:07:25,6,True,0.0,1.0,True,year: 2023 month: 07 day: 12,-0.5918139815330505,-0.002583608962595463
33,2270,"Exhausted , Sleepy , Tired , Sluggish , Slow",2023-07-12 15:38:04,6,True,-2.0,0.0,True,year: 2023 month: 07 day: 12,-1.7918181419372559,-0.04418834298849106
33,2271,"Anxious , Irritated , Sluggish , Sleepy , Tired",2023-07-12 20:03:14,6,True,-2.0,0.0,True,year: 2023 month: 07 day: 12,-0.7996484041213989,0.9914764165878296
34,2367,I feel like I dont have enough time in my day . Work has been understaffed and busy which makes me feel agitated and like I ' m not fast enough or good at my job . I feel rushed and unaccomplished . I have no energy and don ' t want to deal with people .,2021-05-04 16:26:06,1,False,-1.0,0.0,True,year: 2021 month: 05 day: 04,-1.2821242809295654,0.730951189994812
35,2410,"Energetic , Happy , Bothered , Hungry , Annoyed",2021-03-27 12:00:36,1,True,1.0,2.0,True,year: 2021 month: 03 day: 27,1.0799938440322876,1.724442958831787
35,2411,"Bored , Productive , Curious , Bothered , Calm",2021-03-29 12:00:54,1,True,0.0,1.0,True,year: 2021 month: 03 day: 29,1.0506439208984375,1.3338528871536255
42,3830,I am off today . I had an early night with my kids after an amazing meal and some fun and games . I woke up early to overcast skies which was perfect for taking the dog for a long walk to get a cup of coffee and some breakfast . I ' m feeling calm and centered . My body has physically recovered from the weekend and I am finally re-hydrated and feeling rested .,2021-06-15 12:08:59,1,False,2.0,0.0,True,year: 2021 month: 06 day: 15,0.875683605670929,0.5111948847770691
42,3831,Today is my day off . I am spending the day with my family . I will not be answering anymore survey questions that require lengthy answers because it is taking me away from my family which is what helps my emotional stability .,2021-06-15 17:06:39,1,False,2.0,0.0,True,year: 2021 month: 06 day: 15,0.5870293974876404,0.38279426097869873
42,3832,With my family With my family With my family With my family With my family With my family With my family With my family With my family With my family With my family With my family With my family With my family With my family,2021-06-15 22:21:15,1,False,2.0,0.0,True,year: 2021 month: 06 day: 15,0.5017905831336975,0.4725460708141327
42,3833,"I ' ve just finished meditating . I need to clock . in at work in 75 minutes . I am feeling calm and centered , I ' ve properly hydrated and had a healthy meal and am ready for the physical stress of the night ahead . It ' s supposed to be slow which means I can focus on the guest experience that much more .",2021-06-16 17:16:04,1,False,2.0,0.0,True,year: 2021 month: 06 day: 16,0.9675204753875732,0.5609049797058105
43,3994,I am going in to work tonight . Not really looking forward to it . I am really hopping that the night goes by quickly so I can go home and sleep . I am pretty tired today . I am not really feeling like I can give 100 % tonight .,2021-06-15 17:26:31,1,False,0.0,1.0,True,year: 2021 month: 06 day: 15,-0.9151357412338257,0.29693603515625
43,3995,"Since I filled out the questionnaire on yesterday , I have been feeling a bit tired , sleepy sluggish and need to get some sleep . Last night at work was ok , I was busy . Customers were steady , so I never got to take a break .",2021-06-16 12:54:20,1,False,-2.0,0.0,True,year: 2021 month: 06 day: 16,-1.1966774463653564,-0.31213605403900146
43,3988,"Yesterday was a better day as far as for how I was feeling . I went to a friends house and she put food on the grill . Got to relax a bit . Still feel really tired so I just want to go to sleep , but I cant I have too much to do .",2021-06-17 12:01:58,1,False,1.0,1.0,True,year: 2021 month: 06 day: 17,-0.3509170114994049,0.20983703434467316
43,3989,In the past 24 hours I have been feeling a bit overwhelmed . I have a lot going on in my personal life dealing with another service industry entity and not understanding the level of service that they provided for me when I hired them for my big day .,2021-06-18 12:03:31,1,False,1.0,0.0,True,year: 2021 month: 06 day: 18,-0.3475605845451355,0.9594308733940125
54,3540,I am feeling great I have enough time to interracial with friends via call which i am having a great time doing I get to talk about exciting things and fun I am also having amazing time with friends we get to speak about things that bound us,2024-10-14 12:31:30,7,False,1.0,1.0,True,year: 2024 month: 10 day: 14,1.5916944742202759,1.0859814882278442
54,3644,"Active , Very good , Excited , Calm , Happy",2024-10-14 17:02:02,7,True,2.0,0.0,True,year: 2024 month: 10 day: 14,1.1089589595794678,1.4033827781677246
54,3725,I feel alive and happy and I’m active at work having conversations with people and also talking about lo of things with my colleagues which is also making my day fun and very interesting Just left a conference call with my friends we get to check up on each other which actually make me feel secured knowing fully well I have friends who really cares about each other,2024-10-15 12:04:22,7,False,2.0,2.0,True,year: 2024 month: 10 day: 15,1.5605052709579468,1.1572771072387695
54,3834,I feel happy and delighted concerning my life . The joy can be noticed from my facial expression and mood . The way the environment whether makes me feel like someone that is renewed with hope . and ability .,2024-10-15 17:27:33,7,False,2.0,1.0,True,year: 2024 month: 10 day: 15,1.2811343669891357,1.3253915309906006
54,3913,"Active , Good , Calm , Cool , Enthusiast",2024-10-16 12:04:02,7,True,2.0,0.0,True,year: 2024 month: 10 day: 16,1.0654820203781128,1.307563066482544
54,4016,I feel good got to meet with an old time friends and we dot to talk about soo many things and I also have good time playing video games an I did hang with friends and family and I am also excited to meet with friends,2024-10-16 17:06:42,7,False,1.0,2.0,True,year: 2024 month: 10 day: 16,1.11967134475708,0.8611350059509277
54,4077,I feel very good and happy having interesting conversations with my colleagues at work we are also having fun and talking about why we find our work interesting and also talking about our weaknesses and strength and also our plans for the future,2024-10-17 12:47:32,7,False,2.0,1.0,True,year: 2024 month: 10 day: 17,1.197845220565796,0.9787456393241882
54,4164,Currently I feel good and happy and at the moment I’m having a wonderful time at work and it’s Friday and it’s weekend i just have this positive feeling I’m going to have a wonderful time with my kids and my wife so at the moment I’m just imagining how the weekend is going to be with my family,2024-10-18 12:26:20,7,False,1.0,1.0,True,year: 2024 month: 10 day: 18,1.3243606090545654,0.9846508502960205
54,4228,"Happy , Excited , Calm , Active , Cool",2024-10-18 17:56:41,7,True,2.0,2.0,True,year: 2024 month: 10 day: 18,1.6087925434112549,1.139545202255249
60,2588,Hi ! Having a mani n pedi done right now . So relaxing and peaceful .    Having such quiet time to meditate and reflect on the week and actually start planning for the week n weekend   hoping that next week will be a busier week than this week in relation to work,2024-07-26 17:01:57,7,False,2.0,0.0,True,year: 2024 month: 07 day: 26,1.1494460105895996,0.19728688895702362
60,2599,"Relaxing , Accomplished , Fulfilled , Expecting , Relaxed",2024-07-26 22:07:45,7,True,2.0,0.0,True,year: 2024 month: 07 day: 26,1.3183718919754028,0.4697900712490082
60,2610,Happy Saturday —-beautiful day out . Super excited to get out there today . We r going to the FAC in GPE   .   Lots of walking to do history to see and admire . N structures to view and be in awe of .    Love the cloisters and the water views . Amazing spectacular !!! Enjoy this glorious day !,2024-07-27 12:01:16,7,False,2.0,0.0,True,year: 2024 month: 07 day: 27,1.393092155456543,1.0119130611419678
60,2621,Hi happy Saturday !   Just walked thru the museum absolutely amazing beautiful breathe taking .   Going to lunch in midtown . NORP food is what I want right now . Did lots of walking inside and outside . Feeling inspired and amazing,2024-07-27 17:01:03,7,False,2.0,0.0,True,year: 2024 month: 07 day: 27,1.2564367055892944,1.3437367677688599
60,2632,"Fulfilled , Relaxed , Happy , Proud , Calm",2024-07-27 22:13:49,7,True,2.0,0.0,True,year: 2024 month: 07 day: 27,1.9893944263458252,0.49640288949012756
60,2643,"Calm , Happy , Excited , Blessed , Content",2024-07-28 12:01:51,7,True,2.0,0.0,True,year: 2024 month: 07 day: 28,1.848217487335205,0.5943477153778076
60,2655,"Happy , Excited , Thrilled , Fulfilled , Content",2024-07-28 17:16:02,7,True,2.0,0.0,True,year: 2024 month: 07 day: 28,1.8765281438827515,1.0215636491775513
60,2666,Hi happy Sunday . Feeling relaxed fulfilled and happy . Went to the ORG  game with my middle child . He took the railroad into GPE met me there and we went to see our favorite baseball team play and unfortunately lose . Although they lost we had a shaving time together bonding laughing n eating . FYI best lobster rolls at FAC  ever . $35 will get u one . Ouch . Great Sunday !,2024-07-28 22:02:23,7,False,2.0,0.0,True,year: 2024 month: 07 day: 28,1.38064444065094,0.5149531364440918
60,2870,"Happy , Content , Busy , Excited , Fulfilled",2024-07-29 12:00:35,7,True,2.0,0.0,True,year: 2024 month: 07 day: 29,1.9619317054748535,0.9736169576644897
60,2881,Happy Monday !   Feeling accomplished ! \n8 am went to LOC to pick up immunizations papers for my 3 college kids . Followed my getting a tire patched and ordering a new tire for my daughter . \nI also showed 2 rentals to a new client . Hoping he takes one of the rentals . \nMaybe more appointments later and maybe a yoga class later though . My day changes on a daily,2024-07-29 17:07:37,7,False,2.0,0.0,True,year: 2024 month: 07 day: 29,0.5800890922546387,1.0242435932159424
60,2891,"Fulfilled , Ready , Tired , Accomplished , Content",2024-07-29 22:01:07,7,True,2.0,0.0,True,year: 2024 month: 07 day: 29,1.601043701171875,0.6021013855934143
60,2900,"Relaxed , Happy , Excited , Busy , Fulfilled",2024-07-30 12:02:20,7,True,2.0,0.0,True,year: 2024 month: 07 day: 30,1.9335323572158813,0.5373600125312805
60,2911,Hi happy taco Tuesday !!! Feeling great rescued and accomplished !   Lots done and lots more to do !!! \nRunning to library in a bit and off to do errands . Banking food shopping and then off to cook dinner for my kids .   Also looking to get my daughters apartment ready in just a few weeks,2024-07-30 17:02:47,7,False,2.0,0.0,True,year: 2024 month: 07 day: 30,1.5086268186569214,1.1441491842269897
60,2922,"Fulfilled , Excited , Calm , Peaceful , Happy",2024-07-30 22:04:05,7,True,2.0,0.0,True,year: 2024 month: 07 day: 30,2.0215518474578857,0.7064330577850342
60,2933,Feeling great . Calm energized at the same time . Went to 6 am beach yoga . Amazing way to start the day . Followed by 8 am yoga at my studio .    Busy day ahead so happy began it with physical and mental practice,2024-07-31 12:00:34,7,False,2.0,0.0,True,year: 2024 month: 07 day: 31,1.5796263217926025,1.0037329196929932
60,2940,Hi happy Wednesday . Feeling good . Accomplished still lots more to do .   Feeling like the week is flying by —cannot believe tomorrow is August —-summer is almost over . Kids back to college so much to do in the next 2-3 weeks . Will pace myself to get all done,2024-07-31 17:00:52,7,False,2.0,0.0,True,year: 2024 month: 07 day: 31,1.255111813545227,1.0021660327911377
60,2942,"Content , Tired , Fulfilled , Expectant , Satisfied",2024-07-31 22:00:20,7,True,2.0,0.0,True,year: 2024 month: 07 day: 31,1.4379299879074097,0.434200257062912
60,2952,"Calm , Content , Busy , Excited , Happy",2024-08-01 12:00:28,7,True,2.0,0.0,True,year: 2024 month: 08 day: 01,1.8391190767288208,0.6008419394493103
60,2953,Happy August first ! Feeling accomplished . 2 hours of yoga this morning so feeling physically and emotionally good . Had an appointment with a client today . Not a good match but feeling positive .   I absolutely need more clients and soon .   Hoping interest rates get lower and prices of homes do as well . Feeling hopefull,2024-08-01 17:00:53,7,False,2.0,0.0,True,year: 2024 month: 08 day: 01,1.6010820865631104,0.774429440498352
60,2959,"Accomplished , Fulfilled , Tired , Calm , Peaceful",2024-08-01 22:24:04,7,True,2.0,0.0,True,year: 2024 month: 08 day: 01,1.4095592498779297,0.4584391415119171
61,3069,"Tired , Annoyed , Sleepy , Happy , Furious",2024-08-11 22:00:48,7,True,2.0,0.0,True,year: 2024 month: 08 day: 11,-0.36638307571411133,0.4717949330806732
61,3080,"Happy , Excited , Frustration , Annoyed , Sad",2024-08-12 12:56:20,7,True,2.0,0.0,True,year: 2024 month: 08 day: 12,1.0493357181549072,1.0883444547653198
61,3091,"Tired , Annoyed , Furious , Boredom , Upset",2024-08-12 22:00:21,7,True,2.0,0.0,True,year: 2024 month: 08 day: 12,-0.9570011496543884,0.41722404956817627
61,3102,Right now I ' m feeling annoyed and anxious so much that I don ' t get time to myself everybody wants their needs taken care of off of you I have a person and I have my own needs and I need things taken care of as well So with that being said tomorrow appointments at then I ' m going to,2024-08-13 12:36:59,7,False,2.0,0.0,True,year: 2024 month: 08 day: 13,-0.8841040134429932,0.7557273507118225
61,3113,Haven ' t woken up for my nap I ' m now going to cook lunch and pick up the kids and then come home and then read a book help the kids with homework feed the cats and wait on other truth now that I ' m in my chair I can relax and wait on the rest of the day today and and then cook later on a great meal,2024-08-13 17:00:26,7,False,2.0,0.0,True,year: 2024 month: 08 day: 13,0.8285865187644958,0.08338402211666107
61,3124,"Hot , Tired , Frustration , Worried , Scared",2024-08-14 12:05:47,7,True,2.0,0.0,True,year: 2024 month: 08 day: 14,-0.6312896609306335,0.7928364276885986
61,3136,Finally home . I can start cleaning the bathroom and mop in the hallway as well throwing up the trash I ' m clean and organized things . And then after that I will make a lunch and then I ' ll be able to relax,2024-08-15 12:39:44,7,False,2.0,0.0,True,year: 2024 month: 08 day: 15,0.5191186666488647,0.7743518948554993
61,3146,"Tired , Happy , Annoyed , Mad , Curious",2024-08-15 17:00:22,7,True,1.0,0.0,True,year: 2024 month: 08 day: 15,0.04523646831512451,0.9112421870231628
61,3157,"Tired , Depress , Sad , Conflicted , Trapped",2024-08-15 22:22:08,7,True,2.0,0.0,True,year: 2024 month: 08 day: 15,-1.3737945556640625,0.42934325337409973
61,3168,"Happy , Hunger , Satisfied , Content , Enjoyment",2024-08-16 22:00:26,7,True,2.0,0.0,True,year: 2024 month: 08 day: 16,1.401900291442871,0.8878492712974548
64,4710,"Calm , Peaceful , Happy , Delightful , Grateful",2024-08-18 17:17:33,7,True,2.0,0.0,True,year: 2024 month: 08 day: 18,1.6832419633865356,0.4941242039203644
64,4711,Been feeling okay not sad not too happy \nThe fact that I have work and all of that is just stress \nIt’s time for bed and I’m stressed thinking of how the day will go and also how things will turn out \nIt’s abit fine but not too fine \nI’m also jovial and welcoming,2024-08-18 22:02:10,7,False,0.0,1.0,True,year: 2024 month: 08 day: 18,1.1915392875671387,0.650661289691925
64,4712,"I’m somewhat contented because I have a couple of things on my mind \nAs it is a lot of stress on my mind and also drama here and there ,\nI feel tired and worried \nI feel contented too \nI feel anxious \nI feel worried too",2024-08-19 12:05:11,7,False,1.0,0.0,True,year: 2024 month: 08 day: 19,0.6968591809272766,0.569251537322998
64,4713,"Thoughtful , Enjoying , Relaxed , Calm , Happy",2024-08-19 17:11:42,7,True,1.0,1.0,True,year: 2024 month: 08 day: 19,1.5398800373077393,0.40763354301452637
64,4714,I’m calm and down \nI’m actually not bad today wasn’t a rough day it was a stressful day the drama was just there so I feel stressed and unhappy and all of that \nI feel good but not entirely happy and all of that I’m just feeling grateful and all of that \nI feel much more better,2024-08-19 22:00:36,7,False,1.0,0.0,True,year: 2024 month: 08 day: 19,1.388970136642456,0.3185322880744934
64,4716,"Excitement , Exceptional , Hot headed , Joyed , Calm",2024-08-20 12:16:52,7,True,2.0,1.0,True,year: 2024 month: 08 day: 20,1.461173415184021,1.524885654449463
64,4717,"Jiggy , Chill , Calm , Simple , Hungry",2024-08-20 17:06:05,7,True,2.0,0.0,True,year: 2024 month: 08 day: 20,0.6191422939300537,1.113703966140747
64,4718,"Freaky , Fresh , Calm , Okay , Chilled",2024-08-21 12:42:50,7,True,1.0,0.0,True,year: 2024 month: 08 day: 21,1.074589729309082,1.312124252319336
64,4719,"I feel very demure , I feel happy words can’t even express how I’m feeling and all of that \nI have been good in recovery , I feel extra playful \nI feel like the world is on a different planet of excess joy from others \nI feel evolved and calm",2024-08-21 17:02:37,7,False,2.0,1.0,True,year: 2024 month: 08 day: 21,1.4314091205596924,0.3678734302520752
64,4733,"I’m feeling contented , I’m calm and happy I’m feeling goosebumps and chills , I’m feeling a whole lots of drama and all of that \nI’m feeling a different vibes from wahala \nI’m feel happy and stress less \nI’m feeling highly recommended and highly motivated and appreciated",2024-08-21 22:04:35,7,False,2.0,0.0,True,year: 2024 month: 08 day: 21,2.088832139968872,0.728632390499115
64,4734,"Feeling bright , Calm , Feeling relaxed , Left out , Hot tempared",2024-08-22 12:01:07,7,True,1.0,1.0,True,year: 2024 month: 08 day: 22,1.3122880458831787,0.6203781962394714
64,4735,"Sense of relief , Little work load , Overwhelming , Relaxed , Exceptional",2024-08-22 17:06:34,7,True,2.0,1.0,True,year: 2024 month: 08 day: 22,1.230337142944336,0.5259351134300232
64,4736,"Relaxed , Sleepy , High , Restful , Dramatic",2024-08-22 22:00:52,7,True,2.0,0.0,True,year: 2024 month: 08 day: 22,1.1579785346984863,0.42077574133872986
64,4737,"Sexy , Happy , Calm , Extra , Extreme",2024-08-23 12:07:18,7,True,2.0,0.0,True,year: 2024 month: 08 day: 23,1.1489092111587524,1.1507744789123535
64,4738,"Joyful , Excited , Appreciated , Chill , Fly",2024-08-23 17:02:54,7,True,1.0,0.0,True,year: 2024 month: 08 day: 23,1.7635329961776733,1.0815016031265259
64,4740,"I’m feeling active , I’m sleepy too , I’m unhappy at the moment , I had a fight with with someone so I feel disappointed , I practically feel very stressed ,\nI’m feeling okay as well \nI’m abit traumatized and stressed out , I miss my babe and all",2024-08-23 22:08:04,7,False,0.0,2.0,True,year: 2024 month: 08 day: 23,-0.2220378816127777,0.6319583654403687
64,4741,"Sleepy , Cheesy , Calm , Soft , Hungry",2024-08-24 12:06:58,7,True,2.0,0.0,True,year: 2024 month: 08 day: 24,-0.08587458729743958,0.2609611451625824
64,4742,"Funny , Chilled , Calm , Excited , Relaxed",2024-08-24 17:10:15,7,True,2.0,0.0,True,year: 2024 month: 08 day: 24,1.5805165767669678,1.0030437707901
64,4743,"I feel jiggy , I feel calm and relaxed , I’m just everywhere \nNo much drama I feel good and all of PERSON \nThank y’all for him being there \ nI feel responsible \nI feel preservation or the house \ nSo everything is now drama and a lot of parental responsibility I feel very ready and all",2024-08-24 22:03:59,7,False,2.0,0.0,True,year: 2024 month: 08 day: 24,1.199201226234436,1.2603797912597656
67,4806,I am currently feeling neutral I ' m at neither sad or happy I ' m just normal . I ' m playing some video games at the moment and later on I will eat something . After that I will be on my phone and then take a shower and then sleep,2024-11-08 22:44:10,7,False,0.0,1.0,True,year: 2024 month: 11 day: 08,0.11491717398166656,0.6795064210891724
67,4807,"I currently feel tired it as   a very   long day yesterday I had to work a long shift and what I do is dishwashing and it ' s really tiring . Later on the day I wlll do some chores , be on my phone and eat and then take a bath and that ' s it",2024-11-10 17:00:36,7,False,0.0,1.0,True,year: 2024 month: 11 day: 10,-1.1529110670089722,-0.19114702939987183
67,4808,"Calm , Relaxed , Happy , Neutral , Tired",2024-11-10 22:02:13,7,True,0.0,1.0,True,year: 2024 month: 11 day: 10,1.0311201810836792,0.595585286617279
67,4809,I current feel neutral neither tired or happy or sad just neutral . Might do some laundry later help my mother out with some errands . Do online surveys do some research on how to make some extra cash . Later on I will eat and scroll through reels for a bit,2024-11-11 17:20:27,7,False,0.0,1.0,True,year: 2024 month: 11 day: 11,0.13925030827522278,0.46876052021980286
67,4810,Currently feel sleepy and tired had to go do something early in the morning and feel tired . Might take a little nap for now and then I will pick up my brother from school . Then when I get back home i will clean,2024-11-13 12:31:33,7,False,0.0,0.0,True,year: 2024 month: 11 day: 13,-0.8830083012580872,0.052456334233284
67,4811,"Calm , Neutral , Relaxed , Normal , Happy",2024-11-14 17:17:42,7,True,0.0,1.0,True,year: 2024 month: 11 day: 14,0.5865941643714905,0.7273553609848022
67,4812,I currently feel neutral I don ' t feel happy or sad just normal . Currently I will eat something and then I will help my brother with homework and then I will take a quick shower and then I will scroll through my phone for a bit and then sleep,2024-11-14 22:50:11,7,False,0.0,1.0,True,year: 2024 month: 11 day: 14,-0.18009261786937714,0.48359641432762146
67,4813,"Calm , Relaxed , Happy , Neutral , Sleepy",2024-11-15 17:24:37,7,True,0.0,1.0,True,year: 2024 month: 11 day: 15,1.018518328666687,0.5788247585296631
67,4815,I currently feel tired since I bought a tv from ORG and I went carrying it from GPE to where I live . It was heavy so I came a little fatigued from my hands and biceps . Later on I will take a quick bath and eat something,2024-11-15 22:34:20,7,False,0.0,1.0,True,year: 2024 month: 11 day: 15,-1.0698245763778687,0.03156857192516327
73,5022,"Neutral , Hopeful , Overwhelmed , Thoughtful , Expectant",2024-10-12 12:24:29,7,True,0.0,1.0,True,year: 2024 month: 10 day: 12,-0.1693950742483139,0.8297290802001953
73,5023,"Tired , Exhausted , Hungry , Drained , Stressed",2024-10-12 22:06:33,7,True,0.0,1.0,True,year: 2024 month: 10 day: 12,-1.5100386142730713,0.11774660646915436
73,5024,"Quiet , Down , Unhappy , Thinking , Confused",2024-10-13 12:01:06,7,True,0.0,0.0,True,year: 2024 month: 10 day: 13,-0.19454993307590485,0.7476071715354919
73,5025,I ' m feeling weak and tired \nI had a stressful day and it ' s been so for some time now \ nNowadays I work more than is required so that ' s the reason \nI ' m feeling weak and tired \nI had a stressful day and it ' s been so for some time now \ nNowadays I work more than is required so that ' s the reason,2024-10-13 17:14:01,7,False,0.0,0.0,True,year: 2024 month: 10 day: 13,-0.8507477641105652,0.43429458141326904
73,5026,"Sick , Tired , Stressed , Not happy , Not well",2024-10-15 17:11:51,7,True,-1.0,1.0,True,year: 2024 month: 10 day: 15,-1.1806972026824951,0.19720880687236786
73,5027,"Happy , Active , Lively , Strong , Excited",2024-10-16 12:02:11,7,True,0.0,1.0,True,year: 2024 month: 10 day: 16,1.1511932611465454,1.5889971256256104
73,5028,"I ' m feeling tired after a long day \ nIt ' s been same all week , been feeling tired more often than usual \ nI work long hours so it ' s possibly why \ nI ' m feeling tired after a long day \ nIt ' s been same all week , been feeling tired more often than usual \ nI work long hours so it ' s possibly why \ nI ' m feeling tired after a long day \ nIt ' s been same all week , been feeling tired more often than usual \ nI work long hours so it ' s possibly why",2024-10-16 17:01:13,7,False,0.0,1.0,True,year: 2024 month: 10 day: 16,-0.6778601408004761,0.2068444937467575
73,5029,"I ' m currently feeling a bit exhausted and a bit tired , was quit very about the situation \nI ' m currently feeling a bit exhausted and a bit tired , was quit very about the situatio \ nn \nI ' m currently feeling a bit exhausted and a bit tired , was quit very about the situation",2024-10-16 22:43:26,7,False,0.0,1.0,True,year: 2024 month: 10 day: 16,-1.1002016067504883,0.09772792458534241
75,5062,"tired , faint , pain , unease , annoyed",2024-10-22 22:01:22,7,True,-2.0,0.0,True,year: 2024 month: 10 day: 22,-1.6243185997009277,0.2279108613729477
75,5063,"back pain , tired , restless , seldom , quiet",2024-10-23 12:01:02,7,True,-2.0,0.0,True,year: 2024 month: 10 day: 23,-1.3633828163146973,0.19025321304798126
75,5064,i had an emergency medical situation that required medical attention . i had pain that was intense and uncomfortable requiring the need for care . i am uncomfortable and want to rest . i will stay in bed and relax,2024-10-23 17:15:50,7,False,-1.0,0.0,True,year: 2024 month: 10 day: 23,-1.2604329586029053,0.4036691188812256
75,5065,"I am currently   feeling sick . i am experiencing extreme back pain that is resulting in restlessness , agitation .   the pain was a quick onset and is intensifying over the course of the day . i fewl as if i fell and   injured myself as i have no answers for the onset of the pain",2024-10-23 22:02:34,7,False,-2.0,0.0,True,year: 2024 month: 10 day: 23,-1.5335791110992432,0.5846849679946899
75,5066,i am still feeling sick . i am exhausted and tired at the current time . i am in bed resting and hoping to feel \ nbetter soon .    i am thinking that although work is rewarding getting sick from children is not the best,2024-10-24 12:00:24,7,False,-1.0,0.0,True,year: 2024 month: 10 day: 24,-1.3042325973510742,0.011540739797055721
75,5067,"tired , content , still , soft , placid",2024-10-24 17:00:36,7,True,0.0,0.0,True,year: 2024 month: 10 day: 24,-0.023643074557185173,0.29203298687934875
75,5068,"still , faint , faint , tired , silent",2024-10-24 22:22:52,7,True,0.0,0.0,True,year: 2024 month: 10 day: 24,-0.8643783330917358,0.6006788015365601
75,5069,i am currently feeling neutral . i am feeling a little better physically therefore it is improving my mood . i feel that my medical condition will improve and the pain will subside . it was an immediate onset and i am seeking out alternatives to have me rest .,2024-10-25 12:00:25,7,False,0.0,1.0,True,year: 2024 month: 10 day: 25,0.0799475610256195,0.5374827980995178
75,5070,i am a little more content at this time as i am more rested and alert . the pain is decreasing and i have fewer symptoms . i am refreshed to know that family will be visiting tomorrow as children make me happy and content . i look forward to visitors and having a special time with them,2024-10-25 22:27:08,7,False,0.0,0.0,True,year: 2024 month: 10 day: 25,1.3783892393112183,0.4598970413208008
75,5071,i am feeling extremely content at this time . i am able to relax / watch a television show of interest and feel at ease . i located my tens medical machine and my back pain has decreased . i wished i thought of this earlier . i have a solution to a dilemma and therefore content and calm,2024-10-26 22:00:58,7,False,2.0,0.0,True,year: 2024 month: 10 day: 26,1.7170370817184448,0.42533156275749207
75,5072,i am feeling content and calm on this Sunday morning .   I had a decent nights sleep and feel well rested .   I am experiencing decreased pain and the headache is not as intense .   i look forward to visitors on this day and will \ nplan accordingly .,2024-10-27 12:00:34,7,False,2.0,2.0,True,year: 2024 month: 10 day: 27,1.4016928672790527,0.3245110809803009
75,5073,I returned back to work today and have a light schedule .   i am looking forward to meeting with sites and planning for a rewarding experience . my activities for the day includes working on social emotional learning / feelings charts .,2024-10-28 12:01:18,7,False,2.0,0.0,True,year: 2024 month: 10 day: 28,0.44059866666793823,0.8917608261108398
75,5074,"sleepy , tired , exhausted , fatigue , lethargic",2024-10-28 22:38:04,7,True,0.0,0.0,True,year: 2024 month: 10 day: 28,-1.6311006546020508,-0.06923189759254456
75,5075,"fatigue , tired , bored , sick , feverish",2024-10-29 17:03:07,7,True,-1.0,0.0,True,year: 2024 month: 10 day: 29,-1.5702875852584839,0.037631720304489136
75,5076,"quiet , tired , content , restless , poised",2024-10-30 22:05:31,7,True,0.0,0.0,True,year: 2024 month: 10 day: 30,-0.21700067818164825,0.5784112215042114
80,5193,"Dynamic , Vibrant , Tired , Stressed , Convinced",2024-08-22 17:15:20,7,True,0.0,1.0,True,year: 2024 month: 08 day: 22,0.6858283877372742,1.109603762626648
80,5194,"Energetic , Capable , Smiley , Encouraging , Determined",2024-08-22 22:26:27,7,True,0.0,2.0,True,year: 2024 month: 08 day: 22,0.702705442905426,1.814955234527588
80,5195,"Stressed , Disturbed , Distress , Confused , Tired",2024-08-23 12:14:29,7,True,0.0,1.0,True,year: 2024 month: 08 day: 23,-0.7300519347190857,0.847557008266449
80,5196,"Irritated , Annoyed , Weak , Disappointed , Sluggish",2024-08-23 17:09:48,7,True,-1.0,1.0,True,year: 2024 month: 08 day: 23,-1.203088402748108,1.1209070682525635
80,5197,"Vibrant , Energetic , Dynamic , Motivated , Convinced",2024-08-23 22:25:44,7,True,1.0,1.0,True,year: 2024 month: 08 day: 23,0.6919434666633606,1.9502685070037842
80,5198,"Fun , Happy , Determined , Vibrant , Steady",2024-08-24 12:14:11,7,True,0.0,2.0,True,year: 2024 month: 08 day: 24,1.2203540802001953,1.3534893989562988
80,5199,Feeling bored stressed like all is about to end in a dark and unfair situation mood switching from opposite phase disappointed that fair goals are met for the day and not having adequate fun to ignite the day .,2024-08-24 17:37:10,7,False,-1.0,1.0,True,year: 2024 month: 08 day: 24,-1.0511655807495117,0.3111017644405365
80,5200,"A neutral feeling is a calm and balanced state , free from strong emotions or biases . It ' s a midpoint between positive and negative , where neither excitement nor sadness dominates . Imagine a still pond , reflecting the surroundings without a ripple . Neutral feelings bring clarity , and stability , like a steady heartbeat .",2024-08-25 12:09:17,7,False,0.0,1.0,True,year: 2024 month: 08 day: 25,0.9654402136802673,0.5196685791015625
80,5201,"Calm , Reversed , Still , Grateful , Grieved",2024-08-25 17:21:55,7,True,-2.0,0.0,True,year: 2024 month: 08 day: 25,1.124574899673462,0.6163413524627686
80,5202,"A quiet feeling is a peaceful and serene state , characterized by stillness and calmness . It ' s a sense of gentle hush , where thoughts and emotions are subdued , and the mind is tranquil . Imagine a snowflakes ' gentle fall , or a soft misty dawn , where the world is muffled and slow . Quiet feelings bring a sense of refuge , comfort , and contemplation , like a warm embrace that soothes the soul . In this state , the world ' s noise and chaos fade away , leaving only a sense of gentle quietude .",2024-08-25 22:13:29,7,False,0.0,0.0,True,year: 2024 month: 08 day: 25,0.8949756026268005,0.42016923427581787
80,5203,"Calm , Perplexed , Reserved , Determined , Vibrant",2024-08-26 12:59:44,7,True,0.0,0.0,True,year: 2024 month: 08 day: 26,0.844184398651123,0.7064995765686035
80,5204,"A neutral feeling is a calm and balanced state , free from strong emotions . It ' s a midpoint between positive and negative , where neither excitement nor sadness dominates . Thoughts and feelings are acknowledged without judgment , like a still pond reflecting the surroundings . Neutral feelings bring clarity , objectivity , and stability , like a steady heartbeat . No strong attachment or reaction , just a sense of ""being "" without bias . It ' s a state of emotional equilibrium , where one observes life without taking sides , like a witness to the present moment .",2024-08-26 17:39:14,7,False,0.0,1.0,True,year: 2024 month: 08 day: 26,0.6763614416122437,0.7497537136077881
80,5205,"Vibrant , Hearty , Grateful , Optimistic , Determined",2024-08-29 17:01:43,7,True,0.0,2.0,True,year: 2024 month: 08 day: 29,1.03811776638031,1.6637766361236572
80,5206,"Perplexed , Vibrant , Dynamic , Optimistic , Determined",2024-08-29 22:41:33,7,True,0.0,2.0,True,year: 2024 month: 08 day: 29,0.21381662786006927,1.4709203243255615
89,571,I feel happy and lively even thought I got some kind of bad news today . But that bad news doesn’t define me and I’m having too great of a day so I feel great ! I feel content and full of happiness . My muscles feel good from finishing my workout too . I do feel hungry though .,2024-08-19 17:04:31,7,False,2.0,2.0,True,year: 2024 month: 08 day: 19,1.4683258533477783,1.1029540300369263
89,572,"Tired , Sluggish , Ok , Sore , Hungry",2024-08-20 12:52:24,7,True,-1.0,0.0,True,year: 2024 month: 08 day: 20,-1.0914185047149658,0.17684303224086761
89,573,"I’m currently feeling less tired but still tired . My eyes feel a little heavy and my back a little sore . I feel a little crampy (period cramps) . I feel a little lazy today also . But that’s it , that’s basically how I’m feeling .",2024-08-20 17:13:00,7,False,-1.0,0.0,True,year: 2024 month: 08 day: 20,-1.0576202869415283,-0.1614076942205429
89,574,"I am feeling good . I feel lively and excited and happy . I feel a little sore but not too crazy . Overall , I am better now than I was earlier today . That’s basically how I’m feeling today at this very moment .",2024-08-20 22:06:49,7,False,0.0,2.0,True,year: 2024 month: 08 day: 20,1.2342966794967651,1.1813268661499023
89,579,"I feel active , lively , but slightly tired . My eyes mainly feel a little tired . I am pretty energetic though . I also feel excited and a little nervous . I also feel angsty . That’s basically it how I’m feeling at the moment .",2024-08-21 12:39:01,7,False,0.0,2.0,True,year: 2024 month: 08 day: 21,0.1965067833662033,1.525807499885559
89,580,I’m feeling tired right now and somewhat emotionally drained . My eyes are definitely tired and I’m trying to stay focused . My top body feels sore (from working out) and I feel like I was to sleep . That is basically how I am feeling .,2024-08-21 17:35:51,7,False,-1.0,0.0,True,year: 2024 month: 08 day: 21,-1.5346022844314575,-0.29621434211730957
89,581,"I feel tired today since I went to bed late last night . I also feel sluggish and a little defeated . My brain feels fuzzy , but I’m trying to get out of it so I can be productive today . I also feel somewhat emotionally drained and a little stressed .",2024-08-23 12:47:21,7,False,0.0,0.0,True,year: 2024 month: 08 day: 23,-1.6111538410186768,-0.04621945321559906
89,582,"Nervous , Thoughtful , Nervous , Stressed , Ignorant",2024-08-23 22:37:59,7,True,0.0,1.0,True,year: 2024 month: 08 day: 23,-0.5336849093437195,1.2403881549835205
89,583,"Meh , Stressed , Unmotivated , Unfocused , Drained",2024-08-24 12:44:12,7,True,0.0,1.0,True,year: 2024 month: 08 day: 24,-0.7297428250312805,0.5816369652748108
89,584,"Sluggish , Tired , Drained , Defeated , Nervous",2024-08-24 22:07:43,7,True,-2.0,0.0,True,year: 2024 month: 08 day: 24,-1.702458381652832,0.2848581373691559
89,585,"Content , Excited , Slightly nervous , Active , Determined",2024-08-25 17:30:31,7,True,0.0,2.0,True,year: 2024 month: 08 day: 25,1.166405200958252,1.311604619026184
89,586,"Nervous , Tired , Hungry , Frustrated , Defeated",2024-08-26 17:50:44,7,True,-1.0,2.0,True,year: 2024 month: 08 day: 26,-1.2863917350769043,1.3412601947784424
89,587,"Tired , Exhausted , Hungry , Happy , Intrigued",2024-08-29 22:10:23,7,True,-2.0,0.0,True,year: 2024 month: 08 day: 29,-0.37685081362724304,0.5862413644790649
94,970,"Cool , Calm , Lowkey , Normal , Gentle",2024-11-13 12:05:15,7,True,2.0,0.0,True,year: 2024 month: 11 day: 13,0.5322417616844177,0.6801250576972961
94,971,"Sluggish , Tired , Down , Depressed , Low",2024-11-13 17:17:46,7,True,-2.0,0.0,True,year: 2024 month: 11 day: 13,-1.8314934968948364,0.1851068139076233
94,1182,"normal to have an ""off "" day or two where you don ' t feel like yourself . If you ' re feeling ""off "" or ""weird "" for more than a couple of days , you can try to reflect on what ' s going on and ask yourself some non-judgmental questions . \n",2024-11-13 22:04:54,7,False,0.0,0.0,True,year: 2024 month: 11 day: 13,-0.33210575580596924,0.34180140495300293
94,1183,"Sad , Down , Low , Not happy , Depressed",2024-11-14 12:01:59,7,True,-2.0,1.0,True,year: 2024 month: 11 day: 14,-1.3175970315933228,0.5123070478439331
94,1184,"Quite , Calm , Lowkey , Chilled , Unbothered",2024-11-14 17:32:41,7,True,0.0,0.0,True,year: 2024 month: 11 day: 14,0.8675655722618103,0.7489141821861267
94,1185,"There are many reasons why you might feel ""off "" or ""weird "" from time to time , including : \nA symptom of depression that can make you feel empty , discouraged , isolated , or unfocused . You might feel like you ' re going through the motions and can ' t connect to your environment",2024-11-15 12:09:22,7,False,0.0,0.0,True,year: 2024 month: 11 day: 15,-1.1861169338226318,0.38535425066947937
94,1186,"Active , Alive , Energetic , Online , Active",2024-11-15 17:19:13,7,True,0.0,2.0,True,year: 2024 month: 11 day: 15,0.3371672034263611,1.7652256488800049
94,1187,"Feeling calm and quiet "" means experiencing a state of inner peace and serenity , where there is a lack of agitation , disturbance , or excitement , essentially a feeling of tranquility and stillness , like a peaceful moment with minimal external stimuli ; it implies a sense of being relaxed and composed , both mentally and physically",2024-11-16 12:04:43,7,False,2.0,0.0,True,year: 2024 month: 11 day: 16,1.100642442703247,0.3651478588581085
94,1188,"Calm , Gentle , Dull , Down , Lowkey",2024-11-16 17:12:38,7,True,2.0,0.0,True,year: 2024 month: 11 day: 16,0.6844063401222229,0.5193554162979126
94,1189,"saying that expresses a lack of strong emotion or opinion on a particular matter , often conveying a sense of detachment or indifference ; a common example is ""If you are neutral in situations of injustice , you have chosen the side of the oppressor ,"" which highlights that remaining neutral in the face of wrongdoing can be interpreted as supporting the unjust side .",2024-11-17 12:09:21,7,False,0.0,1.0,True,year: 2024 month: 11 day: 17,-0.21954059600830078,0.35403338074684143
94,1190,"Happy , Cheerful , Jovial , Joyous , Jollyful",2024-11-17 17:38:30,7,True,2.0,1.0,True,year: 2024 month: 11 day: 17,1.4872324466705322,1.1701327562332153
94,1191,"Enthusiasm is related to other words like playfulness , inventiveness , optimism , zest , and high energy . The word enthusiasm comes from the NORP word enthousiasmos , which comes from enthou , meaning ""possessed by a god , inspired "". It was originally used in a derogatory sense to describe excessive religious zeal",2024-11-18 12:32:00,7,False,2.0,2.0,True,year: 2024 month: 11 day: 18,0.8422909379005432,1.1289429664611816
94,1192,"Slow , Dull , Moody , Down , Depressed",2024-11-18 22:53:59,7,True,-1.0,0.0,True,year: 2024 month: 11 day: 18,-1.0617139339447021,0.47266870737075806
94,1193,"Neutral feelings can be normal , and they can occur alongside positive or negative emotions . For example , a parent might feel neutral about going to the park with their child , but also feel happy because their child wants to spend time with them .",2024-11-19 12:08:06,7,False,0.0,1.0,True,year: 2024 month: 11 day: 19,0.3581054210662842,0.5435884594917297
94,1194,"Calmness can soothe negative emotions like anxiety , stress , anger , and frustration . It can also encourage other emotional habits Feeling calm is a psychological state of peace and quiet , where you feel at ease and free from anxiety , stress , and tension",2024-11-19 17:18:38,7,False,2.0,0.0,True,year: 2024 month: 11 day: 19,0.8916537165641785,0.36222586035728455
99,1390,"Tired , Bored , Drained , Confused , Pensive",2024-11-12 22:23:00,7,True,0.0,1.0,True,year: 2024 month: 11 day: 12,-1.2359600067138672,0.1444467455148697
99,1391,"Had another doctors appointment this morning , always nerve wracking , also had too much coffee . I have two interviews today so that is not helping with the nerves . Otherwise I am excited for the outcome of my meetings/interviews today and to be done with my doctors appointments .",2024-11-13 12:02:17,7,False,-2.0,2.0,True,year: 2024 month: 11 day: 13,-0.7691599726676941,0.843609631061554
99,1392,I am calm because I ate and am sitting by the fire relaxing . I am thinking about my appointment tomorrow which makes me slightly anxious . I am feeling excited because I got another job interview for one that I am excited about .,2024-11-13 22:02:32,7,False,0.0,1.0,True,year: 2024 month: 11 day: 13,0.914541482925415,0.8502052426338196
99,1393,I am feeling tired because I had to get up for the doctors again but am happy because my treatment is almost done . I am grateful for the breakfast that I just had and because my mentor agreed to write me a letter of rec . this makes me a little nervous because it means I need to get started on PhD apps !,2024-11-14 12:01:01,7,False,0.0,0.0,True,year: 2024 month: 11 day: 14,-0.6800400614738464,0.08844901621341705
99,1394,I am feeling chill because I’m home by the fire and got responses to important emails . I am still waiting to hear about my medical stuff so I am a little nervous about that . I had a stressful afternoon so I am decompressing .,2024-11-14 22:17:51,7,False,0.0,0.0,True,year: 2024 month: 11 day: 14,0.041882745921611786,0.27687495946884155
99,1395,"Chill , Tired , Anxious , Full , Unmotivated",2024-11-15 12:32:34,7,True,-2.0,0.0,True,year: 2024 month: 11 day: 15,0.011433260515332222,0.5488039255142212
99,1396,"I’m very hungry right now and stressed because I have to give myself a shot at 2 in the morning to prep for a surgery so I am already getting anxious for that . Otherwise I am trying to relax , I had a productive day .",2024-11-15 22:01:23,7,False,-2.0,0.0,True,year: 2024 month: 11 day: 15,-0.6054067611694336,0.8230928778648376
99,1397,I am very tired because I had to stay up to administer my shots at 2 am and then couldn’t sleep . I am feeling nervous for my procedure tomorrow but excited to be done with the process . I am more relaxed because it’s the weekend .,2024-11-16 12:01:08,7,False,-2.0,0.0,True,year: 2024 month: 11 day: 16,-1.085436224937439,0.005429013632237911
99,1398,Still feeling very tired and unmotivated which is frustrating because I have a lot to get done ! I am drained and just want to stay in bed but I am trying to convince myself to go on a walk . I just feel lazy and uncomfortable .,2024-11-16 17:02:17,7,False,-2.0,0.0,True,year: 2024 month: 11 day: 16,-1.5602760314941406,-0.24308064579963684
99,1399,I am nervous and anxious because I have surgery today . I am glad to almost be done with it but I have never had surgery before so I’m a little scared . I am hopeful that everything will go well . I am feeling supported by family .,2024-11-17 12:01:13,7,False,-2.0,2.0,True,year: 2024 month: 11 day: 17,-0.3231087625026703,1.1188075542449951
99,1400,"Tired , Unmotivated , Uncomfortable , Sluggish , Quiet",2024-11-18 12:50:49,7,True,-1.0,0.0,True,year: 2024 month: 11 day: 18,-1.4535162448883057,0.1503150463104248
99,1401,I am feeling pretty productive today but quite stressed by all I have to do . I am still feeling a little inactive because of my procedure and want to be more active . I am also getting a little anxious about the holidays because I just made some plans .,2024-11-19 17:21:11,7,False,0.0,2.0,True,year: 2024 month: 11 day: 19,0.03017144836485386,0.9849148392677307
99,1402,"Calm , Chill , Sluggish , Frustrated , Bored",2024-11-19 22:05:24,7,True,2.0,0.0,True,year: 2024 month: 11 day: 19,0.02391941286623478,0.48931196331977844
99,1403,"Bored , Chill , Thoughtful , Tired , Relaxed",2024-11-20 17:43:12,7,True,0.0,1.0,True,year: 2024 month: 11 day: 20,0.7540201544761658,0.5147730708122253
105,1796,"Tired , Anxious , Grateful , Neutral , Content",2024-11-20 12:00:52,7,True,-2.0,0.0,True,year: 2024 month: 11 day: 20,-0.16618667542934418,0.6414759755134583
105,1798,Not the best right now . Financial issues becoming stress in the family living off a 1 person income . Also tired since only slept for about 2 hours so hopefully my next nap is soon . I am thankful for my kids they are my true motivation .,2024-11-20 17:00:52,7,False,-2.0,2.0,True,year: 2024 month: 11 day: 20,-0.5206772089004517,0.28533312678337097
105,1799,"Sluggish , Pain , Tired , Overwhelmed , Content",2024-11-20 22:56:11,7,True,-2.0,0.0,True,year: 2024 month: 11 day: 20,-1.110986351966858,-0.03256549686193466
105,1800,Today I am not feeling the most comfortable and confident about the future . Hardships in my personal life are starting to make me more nervous today and hoping that will pass . I am tired because of my night shift but hard time falling asleep at the moment . Soon I will be more comfortable but I know hard times pass .,2024-11-21 12:00:52,7,False,-2.0,0.0,True,year: 2024 month: 11 day: 21,-0.6734410524368286,0.5498344302177429
105,1801,Could be better . I feel well rested but still stressing . Hoping that this feeling will go away but will take it one day at a time . I am hungry since I just woke up and need to eat . Also looking forward to something with my family that’s coming soon so can’t wait for that .,2024-11-21 17:05:28,7,False,-2.0,0.0,True,year: 2024 month: 11 day: 21,0.1460145264863968,0.7550370693206787
105,1802,I am tired and have a headache . I am getting hungry because I didn’t have breakfast but not sure what to eat . I am sluggish from the lack of sleep but will be taking a nap soon . I am hopeful for the future because if I don’t then negativity drown my thought .,2024-11-22 17:00:48,7,False,-1.0,1.0,True,year: 2024 month: 11 day: 22,-1.3507249355316162,-0.21665635704994202
105,1803,Tired and sluggish since I just woke up but lazy as well . Not in the mood to get up to cook but need to start making dinner . Not really excited about work tonight but at least I have my days off ahead to look forward to . Those are my relaxing nights since I can sleep in my own bed . Happy to be spending time with family soon .,2024-11-22 22:01:05,7,False,-1.0,0.0,True,year: 2024 month: 11 day: 22,-0.4833849370479584,-0.013885305263102055
105,1815,"Tired , Uncertain , Neutral , Unsure , Confused",2024-11-23 12:07:57,7,True,-2.0,0.0,True,year: 2024 month: 11 day: 23,-1.0466783046722412,0.6788511872291565
105,1816,I am currently starving since I haven’t eaten and been up for a while . Got no sleep this morning since my daughter got up to early so running on a hour of sleep . Hopefully I’ll be able to rest fine when I can sleep but will be doing that soon . I am ok because of exhaustion so can’t tell you how my emotions are because of tiredness .,2024-11-23 17:12:44,7,False,-1.0,2.0,True,year: 2024 month: 11 day: 23,-0.892086923122406,0.08690731227397919
105,1817,Jittery this morning since I did not get a good nights sleep . Happy to see my family today for my brothers birthday so we will be having fun together . Nervous to pay a bill to lose my WiFi but will be able to still enjoy my time . Also happy to know my family will be together to celebrate thanksgiving .,2024-11-24 12:06:04,7,False,-1.0,2.0,True,year: 2024 month: 11 day: 24,0.4090925455093384,1.2501535415649414
105,1818,"Neutral , Uncomfortable , Uncertain , Sluggish , Pain",2024-11-25 12:10:39,7,True,0.0,1.0,True,year: 2024 month: 11 day: 25,-0.7928552031517029,0.776555597782135
105,1820,"Tired , Unmotivated , Neutral , Content , Lazy",2024-11-25 22:34:54,7,True,-2.0,0.0,True,year: 2024 month: 11 day: 25,-0.9360380172729492,0.29985836148262024
105,1821,"Thirsty , Tired , Hungry , Annoyed , Pain",2024-11-26 17:20:42,7,True,0.0,1.0,True,year: 2024 month: 11 day: 26,-0.6948363780975342,0.634637713432312
106,1832,"Upset , Resentful , Emotional , Unhappy , Frustrated",2024-10-20 12:40:12,7,True,-2.0,1.0,True,year: 2024 month: 10 day: 20,-1.0506876707077026,1.0253020524978638
106,1833,"I feel very overwhelmed from the last couple of days . I’m more calmed down now , but not completely relaxed . I feel a bit hopeless about the problems I’m facing but am trying to distract myself by doing things I enjoy .",2024-10-21 12:00:40,7,False,0.0,1.0,True,year: 2024 month: 10 day: 21,-0.7217490077018738,0.6832468509674072
106,1834,"Annoyed , Irritated , Angry , Frustrated , Confused",2024-10-21 22:27:11,7,True,-1.0,2.0,True,year: 2024 month: 10 day: 21,-0.879979133605957,1.5733072757720947
106,1835,"Mild , Congested , Ambivalent , Tired , Sleepy",2024-10-22 12:32:44,7,True,1.0,0.0,True,year: 2024 month: 10 day: 22,-0.3065953552722931,0.43595948815345764
106,1836,"I’m feeling less sick and more energetic . I’m still stressed and uneasy , but less so than I have been recently . I’ve been distracting myself by doing things I enjoy and that’s helped me feel better . I’m hopeful that my mood will improve .",2024-10-22 22:04:59,7,False,0.0,1.0,True,year: 2024 month: 10 day: 22,0.24602274596691132,0.8780254125595093
106,1837,"I’m in a better mood than I have been lately . I feel energetic and positive . While I am still stressed and uneasy , I have found comfort in spending time with others . I feel more motivated to do things I enjoy and leave my house besides going to work .",2024-10-23 12:11:48,7,False,1.0,0.0,True,year: 2024 month: 10 day: 23,1.1211676597595215,1.1756908893585205
106,1838,"I’m still sick . My symptoms feel like they’re improving , but earlier I had a coughing fit that was irritating and painful . I’m going to go to sleep soon so I’m looking forward to that . I feel lonely and tired . I miss a lot of people who used to be in my life that are hard to keep in touch with .",2024-10-23 22:07:23,7,False,0.0,1.0,True,year: 2024 month: 10 day: 23,-0.9962103962898254,0.17393146455287933
106,1839,I’m looking forward to the weekend . I have fun plans and that’s helping improve my mood . I’m still sick and I’m really tired but I don’t feel bothered by anything . I think today will be a good day and that has put me in a good mood .,2024-10-24 12:31:06,7,False,1.0,0.0,True,year: 2024 month: 10 day: 24,1.1448817253112793,0.8474064469337463
107,1859,I had a lot of trouble falling asleep last night . I tried everything I could think of to help me fall asleep but none of it worked . So now I am very tired and my heart is beating very fast (possibly due to anxiety) .,2024-08-11 12:00:46,7,False,-2.0,0.0,True,year: 2024 month: 08 day: 11,-1.5755314826965332,0.3566291928291321
107,1860,"I went out to get some coffee and food with a friend . We had a good chat . But for reasons unknown even to me , I started to feel really down after we parted ways . Now I am sitting in my room and crying . I hate my life and I hate myself .",2024-08-11 17:00:34,7,False,-2.0,1.0,True,year: 2024 month: 08 day: 11,-1.106100082397461,0.5225434303283691
107,1861,"I was feeling intense emotions earlier , so I journaled about all those complicated feelings . I am feeling calmer now . I understand that I am going through a very difficult time , and I need to be extra kind and patient with myself . I have survived worse in the past , and I will get through this too .",2024-08-11 22:07:02,7,False,-1.0,1.0,True,year: 2024 month: 08 day: 11,-0.5288594365119934,0.7206287384033203
107,1863,"Tired , Lethargic , Mellow , Chill , Easygoing",2024-08-12 12:00:35,7,True,0.0,0.0,True,year: 2024 month: 08 day: 12,-0.6857157349586487,0.20279337465763092
107,1864,"I am feeling kind of stuck . On one hand , I am too tired to do the things I want to do , so I feel stressed out about it which causes me to not sleep well at night , which in turn results in me feeling tired during the day and it has become this vicious cycle . I understand that I need to be gentle with myself but I also do not want to use that as an excuse to forgo my responsibilities .",2024-08-12 17:05:54,7,False,-1.0,0.0,True,year: 2024 month: 08 day: 12,-1.509867548942566,0.45408394932746887
107,1865,"After taking a two-hour nap , I finally felt more energetic . I accomplished a lot of chores and some tasks related to work . Although my sadness did not go away , I did not let it stop me from doing things and taking care of myself .",2024-08-12 22:11:59,7,False,0.0,1.0,True,year: 2024 month: 08 day: 12,-0.3621141314506531,0.5545724630355835
107,1866,"I had a lot of trouble falling asleep last night . I think it was because I had too much tea and took a nap in the afternoon . So I am feeling very tired this morning . Also , I have 3 interviews tomorrow which I am very nervous about .",2024-08-13 12:13:28,7,False,-1.0,0.0,True,year: 2024 month: 08 day: 13,-1.5696065425872803,0.21030698716640472
107,1867,"Tired , Drained , Numb , Lost , Sad",2024-08-13 17:07:37,7,True,-2.0,0.0,True,year: 2024 month: 08 day: 13,-1.673101544380188,0.19478480517864227
107,1868,"Sad , Down , Numb , Tired , Lonely",2024-08-13 22:00:39,7,True,-1.0,1.0,True,year: 2024 month: 08 day: 13,-1.6263047456741333,0.4340745806694031
107,1869,"Content , Motivated , Ok , Productive , Supported",2024-08-14 17:44:17,7,True,1.0,0.0,True,year: 2024 month: 08 day: 14,1.0538129806518555,1.1034092903137207
107,1870,"After a long day , I am hanging out with some friends . It is nice to be in the company of people who have a good sense of humor and support me . I feel better now even though it was a rough day for me otherwise . So that was good .",2024-08-14 22:03:29,7,False,0.0,1.0,True,year: 2024 month: 08 day: 14,-0.013594163581728935,0.6572115421295166
107,1871,I am feeling extremely exhausted . I just took a two-hour nap and am still feeling tired . I tried to push myself to get up and do something but I just feel like I am going to fall asleep at any given moment .,2024-08-15 17:05:44,7,False,-2.0,0.0,True,year: 2024 month: 08 day: 15,-1.735619306564331,-0.1479489952325821
107,1872,"Tired , Motivated , Content , Cozy , Connected",2024-08-16 12:01:59,7,True,0.0,0.0,True,year: 2024 month: 08 day: 16,0.1222996711730957,0.35403308272361755
107,1874,I am feeling a mix of emotions right now : a little bit overwhelmed by all the things that I have to do ; sad about my current life situation ; and stressed out about my job search and starting my own business .,2024-08-16 17:09:43,7,False,-1.0,1.0,True,year: 2024 month: 08 day: 16,-0.9490087032318115,1.3656420707702637
107,1875,"Sluggish , Drained , Numb , Pessimistic , Lonely",2024-08-16 22:01:36,7,True,-2.0,0.0,True,year: 2024 month: 08 day: 16,-1.7053155899047852,0.4265154004096985
107,1876,"Active , Motivated , Productive , Tired , Sleepy",2024-08-17 12:01:29,7,True,0.0,2.0,True,year: 2024 month: 08 day: 17,0.2573469579219818,1.0703471899032593
107,1877,"Sad , Down , Tired , Lethargic , Lonely",2024-08-17 22:21:37,7,True,-1.0,1.0,True,year: 2024 month: 08 day: 17,-1.4974740743637085,0.3815714418888092
119,2478,"Happy , Thirsty , Content , Lazy , Glad",2024-10-20 22:01:51,7,True,2.0,2.0,True,year: 2024 month: 10 day: 20,1.343172550201416,0.984525203704834
119,2479,"Okay , Chill , Happy , Comfortable , Nice",2024-10-21 22:01:00,7,True,0.0,1.0,True,year: 2024 month: 10 day: 21,0.9051042199134827,0.7430217266082764
119,2480,"Nervous , Hungry , Tired , Excited , Calm",2024-10-24 17:26:33,7,True,-1.0,2.0,True,year: 2024 month: 10 day: 24,-0.10940396785736084,1.236445426940918
119,2481,"I feel like crying a bit , and maybe alot . My ear is hurting and i’ve been more sensitive with the wind as it hits my ear . It doesn’t help when there’s an instrument by in my ear constantly for marching band .",2024-10-25 17:13:50,7,False,-1.0,1.0,True,year: 2024 month: 10 day: 25,-0.9931243062019348,0.4848923981189728
119,2483,"Quiet , Hungry , Longing , Tired , Cold",2024-10-28 22:00:44,7,True,0.0,0.0,True,year: 2024 month: 10 day: 28,-0.09400733560323715,0.5885395407676697
120,2510,"I am content and calm after having a great day . I am ready to relax and wind down for the night . I am excited for tomorrow to come and am anticipating a very light , easy day at work + plans with friends .",2024-11-07 22:48:34,7,False,2.0,0.0,True,year: 2024 month: 11 day: 07,1.451249122619629,0.2607869505882263
120,2511,"sluggish , tired , excited , content , thoughtful",2024-11-08 12:46:36,7,True,-2.0,0.0,True,year: 2024 month: 11 day: 08,-0.325522780418396,0.37972092628479004
120,2513,"content , calm , reflective , grateful , cheerful",2024-11-08 22:38:18,7,True,2.0,0.0,True,year: 2024 month: 11 day: 08,1.3369909524917603,0.7206293344497681
120,2514,"quiet , exhausted , drained , sleepy , satisfied",2024-11-09 22:54:45,7,True,0.0,0.0,True,year: 2024 month: 11 day: 09,-0.3954242467880249,0.29087695479393005
120,2515,"sluggish , tired , annoyed , dissatisfied , questioning",2024-11-10 12:26:28,7,True,-1.0,0.0,True,year: 2024 month: 11 day: 10,-1.3469103574752808,0.31834349036216736
120,2516,I am happy because I found out today is a national holiday and therefore I don ' t have to work since it ' s a company holiday too . I am excited because I now have time to complete errands and enjoy the downtime with my family . I am pondering what I can do today for fun .,2024-11-11 12:53:21,7,False,1.0,1.0,True,year: 2024 month: 11 day: 11,1.3330107927322388,0.9749758839607239
120,2517,"quiet , satiated , content , tired , sleepy",2024-11-11 22:02:09,7,True,0.0,0.0,True,year: 2024 month: 11 day: 11,0.48693543672561646,0.44894203543663025
120,2518,"sluggish , tired , drained , sleepy , concerned",2024-11-12 22:02:01,7,True,-2.0,0.0,True,year: 2024 month: 11 day: 12,-1.334333062171936,0.04848669469356537
120,2519,"jittery , nervous , on edge , stressed , annoyed",2024-11-13 12:44:14,7,True,-2.0,2.0,True,year: 2024 month: 11 day: 13,-0.8098894953727722,2.0456197261810303
120,2520,"confused , sluggish , tired , annoyed , irritated",2024-11-13 17:23:11,7,True,-1.0,0.0,True,year: 2024 month: 11 day: 13,-1.2226524353027344,0.5687299370765686
120,2521,"neutral , calm , collected , content , relaxed",2024-11-13 22:02:01,7,True,0.0,1.0,True,year: 2024 month: 11 day: 13,0.7415018081665039,0.569179356098175
120,2522,I am feeling content having finished up a tough work week . I am feeling happy having met up with friends .   I am feeling quiet as I decompress through meditation and relaxing yoga . I am feeling tired as I go through my nightly routine,2024-11-15 22:07:03,7,False,2.0,0.0,True,year: 2024 month: 11 day: 15,1.2033567428588867,0.18778593838214874
122,2601,"Calm , Neutral , Fine , Bored , Tire",2024-09-05 12:06:15,7,True,0.0,1.0,True,year: 2024 month: 09 day: 05,0.5049020648002625,0.7895168662071228
122,2602,"I am currently feeling okay right now . It is getting late in the afternoon for this workday , and I feel like the day is going by quite slowly . I am a bit tired , maybe a little bored , and am looking forward to attending a local baseball game tonight . It should be a fun time .",2024-09-05 17:06:05,7,False,1.0,1.0,True,year: 2024 month: 09 day: 05,0.031523704528808594,0.10156168043613434
122,2603,"Content , Calm , Relaxed , Happy , Joyful",2024-09-05 22:55:03,7,True,2.0,0.0,True,year: 2024 month: 09 day: 05,1.49002206325531,0.5210748910903931
122,2604,"Okay , Fine , Neutral , Unemotional , Blank",2024-09-06 17:15:22,7,True,0.0,1.0,True,year: 2024 month: 09 day: 06,0.0235894825309515,1.0997161865234375
122,2605,"Calm , Okay , Content , Fine , Happy",2024-09-07 17:09:15,7,True,0.0,1.0,True,year: 2024 month: 09 day: 07,0.9794300198554993,0.7306920886039734
122,2606,"I am feeling fairly good right now because it is Saturday night and I am home and just relaxing . We had some family visiting our home earlier today , which was an enjoyable experience . I am very excited for the upcoming start of the ORG football season , which begins tomorrow at 10AM",2024-09-07 22:05:13,7,False,1.0,1.0,True,year: 2024 month: 09 day: 07,0.9799113869667053,0.6511960625648499
122,2607,"Happy , Joyful , Great , Good , Content",2024-09-08 17:01:17,7,True,1.0,1.0,True,year: 2024 month: 09 day: 08,1.5209431648254395,0.9576822519302368
122,2608,"Okay , Fine , Neutral , Blank , Meh",2024-09-08 22:27:30,7,True,0.0,1.0,True,year: 2024 month: 09 day: 08,0.2009579986333847,0.9824432134628296
122,2609,"Active , Alert , Productive , Caffeinated , Good",2024-09-09 12:06:58,7,True,0.0,2.0,True,year: 2024 month: 09 day: 09,0.4385324716567993,1.8148906230926514
122,2611,"I am currently feeling okay at the moment . I am almost done with today ' s workday (on Tuesday September 10th) and I am pretty glad that this day is nearly over . I am feeling just a little bit stressed , but more so tired",2024-09-10 17:10:58,7,False,0.0,1.0,True,year: 2024 month: 09 day: 10,0.7363099455833435,0.7135453820228577
122,2612,"I am feeling okay right now . It is almost the end of today ' s workday , and I had a few stressful moments earlier today in which my manager learned of some mistakes I had made on one of my analyses . I do not think it is going to turn into a big deal in the future , but it did make me a bit upset in the moment .",2024-09-11 17:10:09,7,False,0.0,1.0,True,year: 2024 month: 09 day: 11,0.07096665352582932,0.8328789472579956
122,2613,"It is currently Wednesday evening at 8 : 17PM , and I am feeling fairly happy right now . My wife and I finished dinner and are next going to look for something entertaining to watch on ORG or ORG . I am also glad that the hot weather is over and we are back to normal GPE  weather .",2024-09-11 22:17:13,7,False,1.0,1.0,True,year: 2024 month: 09 day: 11,0.9850806593894958,0.7625166773796082
127,2926,"Today , I feel neutral . It’s like I’m just hanging out in this middle zone where nothing’s super exciting , but nothing’s really bothering me either . I’m not overly happy or sad , just kind of ... there . It’s like when you’re listening to a song that’s just okay ; you’re not skipping it , but you’re not jamming out to it either . \nI’m just going through the day without any big highs or lows . I’m not super pumped to do anything , but I’m not dreading anything either . It’s almost like I’m just on autopilot , letting things happen without getting too wrapped up in them . It feels kind of chill , like a break from all the usual ups and downs .",2024-09-24 12:26:12,7,False,0.0,1.0,True,year: 2024 month: 09 day: 24,0.5161034464836121,0.7853437662124634
127,2927,"I ' m really happy right now because everything in my life feels like it’s going in the right direction . I’m surrounded by people who make me smile and support me , and that makes a huge difference . It’s like every day brings something good , even if it’s just enjoying a nice walk or hanging out with friends . \nI’ve had some tough times , but those moments make me appreciate this happiness even more . Now , I feel more confident , and I’m learning to just go with the flow . I’ve realized that even the small things , like listening to my favorite music or having a good meal , can bring a lot of joy . This happiness makes me feel lighter , more positive , and excited for what’s next .",2024-09-24 17:00:41,7,False,1.0,2.0,True,year: 2024 month: 09 day: 24,1.346771240234375,1.070749044418335
127,2928,"Today , I feel really sad . Everything just feels heavier than usual , and it’s like nothing makes sense . I woke up hoping it would be a good day , but it’s just hard to shake off this feeling . The things that used to make me smile don’t feel the same , and it’s tough to find any motivation .\ n \ nI’m trying to stay positive , but it’s like my mind is stuck on everything that’s wrong . I know I’m not the only one who feels this way , but it still feels lonely . I wish I could snap out of it and feel better , but today , it’s just not that easy . For now , I’m just letting myself feel what I feel , hoping tomorrow will be different .",2024-09-25 12:02:56,7,False,-2.0,1.0,True,year: 2024 month: 09 day: 25,-0.8129681944847107,-0.21053765714168549
127,2929,"Today , I feel pretty neutral . It’s like I’m just going through the day without feeling super happy or really sad . I’m not excited about anything , but I’m not upset either . It’s just one of those days where everything feels kind of average , like I’m just here and things are happening around me . Nothing is really bothering me , but nothing is making me feel great either . It’s a bit like coasting , where I’m just moving along with whatever’s happening without getting too caught up in it . It’s not a bad feeling , just kind of calm and chill , like I’m in the middle , not leaning one way or the other .",2024-09-25 17:01:48,7,False,0.0,1.0,True,year: 2024 month: 09 day: 25,0.4310076832771301,0.7036297917366028
127,2930,"Happy , Sad , Mad , Content , Glad",2024-09-25 22:04:50,7,True,-1.0,2.0,True,year: 2024 month: 09 day: 25,0.8408438563346863,1.0139085054397583
127,2931,"Right now , I ' m feeling really jittery , like I’ve had way too much caffeine . My hands are kind of shaky , and I feel restless , like I just can’t sit still . It’s like my mind is racing with a bunch of thoughts all at once , and it’s making it hard to concentrate . My heart feels like it’s beating a bit faster , and it’s giving me this nervous , uneasy feeling . It’s almost like I’m excited or anxious , but I’m not really sure why . I just feel all this energy inside me , and it’s hard to calm down . This jittery feeling makes me want to move around , but at the same time , it’s kind of frustrating because I just want to feel normal and relaxed again . It’s like I need to take a deep breath and chill , but my body and mind just won’t let me right now .",2024-09-26 12:21:35,7,False,-1.0,1.0,True,year: 2024 month: 09 day: 26,-1.3939526081085205,0.7970485687255859
127,2932,"Today , I’m feeling pretty neutral . It’s one of those days where nothing seems to be too exciting or too upsetting . I’m just kind of going through the motions , getting things done as usual . There’s no real sense of happiness or sadness ; everything just feels like it ' s on a flat line . It’s not like I’m having a bad day or anything , but I wouldn’t say it’s a great day either . It’s just… a day . Sometimes , it feels like life is on autopilot , and today’s definitely one of those times . I’m not really focused on anything special , and nothing around me is really catching my attention . It’s like I’m stuck in the middle , just coasting along without any big highs or lows . Maybe tomorrow will bring something different , but for now , I’m just okay with things being this way . It’s actually kind of nice not to have any extreme emotions taking over . Sometimes , being neutral is just the break you need before things pick up again . So , I’ll just keep going , taking things one step at a time , and see where this day takes me .",2024-09-26 17:31:47,7,False,0.0,1.0,True,year: 2024 month: 09 day: 26,0.2673046290874481,0.3559805154800415
127,2934,"happy , estatic , relaxed , content , blessed",2024-09-27 12:05:55,7,True,2.0,1.0,True,year: 2024 month: 09 day: 27,1.5642423629760742,0.9011159539222717
127,2935,"glad , mad , sad , happy , tired",2024-09-27 17:25:24,7,True,2.0,1.0,True,year: 2024 month: 09 day: 27,0.44577762484550476,1.0509333610534668
127,2936,"Right now , I ' m feeling really jittery , like I’ve had way too much caffeine . My hands are kind of shaky , and I feel restless , like I just can’t sit still . It’s like my mind is racing with a bunch of thoughts all at once , and it’s making it hard to concentrate . My heart feels like it’s beating a bit faster , and it’s giving me this nervous , uneasy feeling . It’s almost like I’m excited or anxious , but I’m not really sure why . I just feel all this energy inside me , and it’s hard to calm down . This jittery feeling makes me want to move around , but at the same time , it’s kind of frustrating because I just want to feel normal and relaxed again . It’s like I need to take a deep breath and chill , but my body and mind just won’t let me right now .",2024-09-27 22:31:42,7,False,-1.0,0.0,True,year: 2024 month: 09 day: 27,-1.4015700817108154,0.7914556264877319
127,2937,"Live , Happy , Blessed , Content , Estatic",2024-09-28 12:50:41,7,True,2.0,2.0,True,year: 2024 month: 09 day: 28,1.2412091493606567,1.0519435405731201
127,2938,"Sad , Mad , Glad , Content , Upset",2024-09-28 17:01:10,7,True,0.0,1.0,True,year: 2024 month: 09 day: 28,-0.21715803444385529,0.6912533044815063
127,2939,"Today , I feel full of energy and excitement . I woke up refreshed , and everything seems brighter . I’m moving with a bounce in my step , and even simple things are making me smile . It’s a day where I feel ready to take on anything , enjoying every moment with enthusiasm .",2024-09-28 22:47:35,7,False,2.0,2.0,True,year: 2024 month: 09 day: 28,0.8280062079429626,2.03348970413208
133,3110,"Happy , Existed , Delightful , Comfortable , Loved",2024-09-18 17:13:59,7,True,0.0,2.0,True,year: 2024 month: 09 day: 18,1.4157860279083252,0.9247186183929443
133,3111,"Right now , I’m feeling a deep sense of happiness that seems to permeate every part of my day . It’s that kind of joy where everything feels a little brighter , and even the smallest moments bring a smile to my face . Whether it’s a chat with a friend , a quiet moment with a book , or just the pleasure of a sunny day , I’m savoring it all .",2024-09-18 22:06:35,7,False,1.0,1.0,True,year: 2024 month: 09 day: 18,1.1754789352416992,1.2128969430923462
133,3112,"Happy , Delightful , Loved , Wonderful , Great",2024-09-19 12:01:27,7,True,1.0,1.0,True,year: 2024 month: 09 day: 19,1.6182135343551636,1.0816867351531982
133,3114,"Right now , I ' m feeling pretty hopeful and motivated , to be honest . I reached out for help with singing , which is something I ' m really passionate about , and I ' m excited to see some improvement . There ' s this sense of anticipation building up inside me , like I ' m on the verge of unlocking a new level of self-expression . My mind is buzzing with the possibilities - imagining myself belting out my favorite tunes with confidence , connecting with others through music , and maybe even discovering a newfound talent . It ' s like a spark has been lit , and I ' m eager to fan the flames . I ' m also feeling a tad nervous , wondering if I ' ll be able to overcome my vocal limitations , but mostly I ' m just ready to dive in , learn , and have fun with the process .\ n",2024-09-19 17:00:43,7,False,1.0,1.0,True,year: 2024 month: 09 day: 19,0.9804394841194153,1.1763405799865723
133,3115,"Happy , Delightful , Grateful , Loved , Graceful",2024-09-20 12:01:35,7,True,2.0,1.0,True,year: 2024 month: 09 day: 20,1.6724987030029297,0.9243276119232178
133,3116,"Happy , Grateful , Delightful , Hopefull , Loved",2024-09-20 17:15:06,7,True,1.0,1.0,True,year: 2024 month: 09 day: 20,1.6922321319580078,0.9360851049423218
133,3117,"Delightful , Grateful , Happy , Loved , Excited",2024-09-22 22:00:44,7,True,0.0,1.0,True,year: 2024 month: 09 day: 22,1.6735069751739502,1.0313072204589844
133,3118,"Happy , Delightful , Excited , Loved , Grateful",2024-09-23 12:03:23,7,True,0.0,1.0,True,year: 2024 month: 09 day: 23,1.617859125137329,1.149637222290039
133,3119,"I feel like I’m juggling a million thoughts at once , and it ' s exhausting . Some days , it’s hard to find my focus , and everything just seems to blur together . I really need a moment to pause and regroup , you know . But I feels better",2024-09-23 17:40:12,7,False,-1.0,1.0,True,year: 2024 month: 09 day: 23,-1.0729092359542847,0.8849233984947205
133,3120,"Excited , Happy , Delightful , Grateful , Loved",2024-09-24 22:59:31,7,True,0.0,1.0,True,year: 2024 month: 09 day: 24,1.643634557723999,1.145985722541809
133,3121,"Moody , Delightful , Grateful , Okay , Loved",2024-09-25 12:03:05,7,True,0.0,1.0,True,year: 2024 month: 09 day: 25,1.334080696105957,0.934318482875824
134,3139,"Excited , Nervous , Anxious , Happy , Active",2024-10-23 17:03:57,7,True,1.0,2.0,True,year: 2024 month: 10 day: 23,1.077399730682373,1.6212596893310547
134,3140,"Happy , Rested , Excited , Enthuiastic , Lively",2024-10-24 12:01:06,7,True,1.0,2.0,True,year: 2024 month: 10 day: 24,1.536967158317566,1.2307201623916626
134,3141,I am feeling frustrated because I had to go to the doctor for a checkup today when I didn ' t want to . I made a weird comment that made me feel ashamed . I felt weird and strange today . And I have homework due soon .,2024-10-24 22:11:34,7,False,0.0,1.0,True,year: 2024 month: 10 day: 24,-1.423980951309204,0.5388686656951904
134,3142,"Anxious , Fearful , Awful , Sad , Nervous",2024-10-25 12:01:09,7,True,-2.0,2.0,True,year: 2024 month: 10 day: 25,-0.37880128622055054,1.478515625
134,3143,"Groggy , Anxious , Nervous , Sad , Weird",2024-10-26 17:00:52,7,True,-1.0,0.0,True,year: 2024 month: 10 day: 26,-0.41279536485671997,1.3756186962127686
134,3144,I am feeling horrible because I laid in bed all day . I really need to do my math homework but I haven ' t which makes me feel useless . I want to go to sleep but never wake up again . I am a failure . I hate being a failure .,2024-10-27 17:50:24,7,False,-2.0,0.0,True,year: 2024 month: 10 day: 27,-1.5973047018051147,0.00027480628341436386
134,3145,I did not get out of bed until 6 P . M . today which made me feel useless . My friend could have helped me with my math homework but instead I wanted to be a piece of shit and now I ' m forced to do it alone by myself . I wish I wasn ' t a lethargic idiot all the time .,2024-10-27 22:05:03,7,False,-2.0,0.0,True,year: 2024 month: 10 day: 27,-1.1318881511688232,0.17236459255218506
134,3147,"Forgetful , Anxious , Needy , Weary , Stupid",2024-10-28 12:39:01,7,True,-2.0,0.0,True,year: 2024 month: 10 day: 28,-0.6224232316017151,0.8985670208930969
134,3148,"I feel awkward and stupid because I accidentally bumped into someone ' s rear mirror and they said ""What The Fuck "" to me . I didn ' t mean to . It made me feel like shit . I feel terrible and useless . I also was late to math class today .",2024-10-28 17:02:18,7,False,0.0,0.0,True,year: 2024 month: 10 day: 28,-1.1757646799087524,0.669217586517334
134,3149,"I am okay . I have to do a JavaScript assignment which I ' m dreading because I really don ' t want to do any work right now . I feel really useless because I did not go to math class today which makes me feel awful . I did get checkers though , however I overate , which made me feel awful .",2024-10-28 22:02:43,7,False,-2.0,0.0,True,year: 2024 month: 10 day: 28,-0.6263914704322815,0.13719673454761505
134,3150,I slept through both of my alarms which made me feel awful about myself . I ended up getting a school late now I ' m sitting in the parking lot and I feel like a failure . I went to bed early and this still happened . I feel bad .,2024-10-29 12:26:17,7,False,-2.0,0.0,True,year: 2024 month: 10 day: 29,-1.0424243211746216,0.3169836103916168
134,3151,"I am very loopy today . Also , I missed math class today . Not all of it though , better than nothing ! I felt very anxious today , like I was going to die . But it went away ! I hope things get better . I ' m looking forward to going home .",2024-10-29 17:02:47,7,False,1.0,1.0,True,year: 2024 month: 10 day: 29,-1.0175212621688843,1.0714818239212036
134,3152,I am feeling useless because I was late to Math Class today . I did not feel good today . I was anxious today because I took an edible and it kicked in 2 hours later as a full blown panic attack . I also binge ate .,2024-10-29 22:00:48,7,False,-2.0,0.0,True,year: 2024 month: 10 day: 29,-1.2290806770324707,0.8265008330345154
139,3509,"I ' m more confident , outgoing and willing to engage . Mood swings might lurk , but overall , I ' m feeling uplifted . My thoughts flow freely , though clarity takes a hit , I ' m feeling somewhat relaxed and calm , with a gentle sense of euphoria washing over me . My worries seem to fade away , replaced by a carefree attitude and increased sociability .",2024-11-19 17:38:25,7,False,1.0,0.0,True,year: 2024 month: 11 day: 19,1.3335413932800293,1.3446263074874878
139,3510,"Happy , Active , Lively , Cool , Calm",2024-11-19 22:03:53,7,True,1.0,1.0,True,year: 2024 month: 11 day: 19,1.4104773998260498,1.6874632835388184
139,3511,"I currently feel enveloped in relaxation , with a soothing calmness spreading throughout my body . My mind unwinds , shedding worries and inhibitions , as a warm sense of euphoria takes hold . my worries seems fade away , replaced by I don’t care attitude",2024-11-20 12:10:43,7,False,1.0,0.0,True,year: 2024 month: 11 day: 20,1.0998727083206177,0.7569617033004761
139,3512,"Happy , Lively , Excited , Cool , Calm",2024-11-20 17:02:36,7,True,2.0,1.0,True,year: 2024 month: 11 day: 20,1.6819336414337158,1.4600151777267456
139,3513,"My senses are slightly dulled , coordination requires focus , and reactions slow . Mild dizziness and numbness creep in .\ nEmotions swing toward increased confidence , sociability and joy . Mood swings are possible .\ nThought clarity decreases , focus blurs and judgment becomes slightly impaired .\ n",2024-11-20 22:02:27,7,False,1.0,1.0,True,year: 2024 month: 11 day: 20,-0.4474223852157593,0.6444585919380188
139,3515,"Reserved , Serene , Anxious , Calm , Happy",2024-11-21 12:01:58,7,True,0.0,1.0,True,year: 2024 month: 11 day: 21,1.0820653438568115,1.0408453941345215
139,3516,"Relaxed , Calm , Cool , Neutral , Serene",2024-11-21 17:03:48,7,True,0.0,1.0,True,year: 2024 month: 11 day: 21,0.9884688258171082,0.6650912761688232
139,3517,"I ' m feeling delightfully buzzed , with a pleasant haze enveloping my thoughts and a warm , tingling sensation coursing through my body . My worries have melted away , replaced by a carefree euphoria that ' s making me giggle more easily and connect with those around me on a deeper level .\ n",2024-11-21 22:02:22,7,False,0.0,2.0,True,year: 2024 month: 11 day: 21,1.1436331272125244,1.5766652822494507
139,3518,"Calm , Relaxed , Delightful , Chilled , Gentle",2024-11-22 12:03:30,7,True,2.0,0.0,True,year: 2024 month: 11 day: 22,1.5576103925704956,0.48643359541893005
139,3519,"Calm , Relief , Content , Cool , Happy",2024-11-22 17:28:18,7,True,1.0,0.0,True,year: 2024 month: 11 day: 22,1.3718833923339844,0.7507390975952148
139,3520,"Vibrant , Warm , Carefree , Cool , Quiet",2024-11-22 22:04:19,7,True,0.0,1.0,True,year: 2024 month: 11 day: 22,1.2348403930664062,1.3117756843566895
139,3521,"\nI ' m feeling utterly intoxicated , with a swirling vortex of thoughts and sensations that ' s making it challenging to focus or think clearly . My body feels heavy and uncoordinated , as if my limbs are disconnected from my brain . The room around me is spinning , and I ' m struggling to maintain my balance .\ n",2024-11-23 12:39:44,7,False,-1.0,1.0,True,year: 2024 month: 11 day: 23,-0.7803514003753662,1.379725456237793
139,3522,"I feel my cognitive faculties rapidly deteriorating , like a ship losing anchor in a stormy sea . My thoughts are disjointed and fragmented , making it difficult to articulate coherent sentences or follow conversations . The world around me has become distorted , with colors blurring together and sounds becoming muffled .\ n",2024-11-23 17:04:54,7,False,-1.0,1.0,True,year: 2024 month: 11 day: 23,-1.273381233215332,0.7196669578552246
139,3523,"Anxious , Stressed , Tired , Hopeless , Calm",2024-11-23 22:03:11,7,True,0.0,1.0,True,year: 2024 month: 11 day: 23,0.31492796540260315,1.3293261528015137
139,3524,"I ' m experiencing a loss of motor control , with my limbs feeling like lead weights that refuse to obey my brain ' s commands . My vision is blurry , and my sense of balance is severely impaired , making every step a precarious adventure . The room ' s spinning , and I ' m clinging to whatever solid object I can find to prevent myself from toppling over .\ n",2024-11-24 12:16:26,7,False,0.0,1.0,True,year: 2024 month: 11 day: 24,-1.368298053741455,0.8621206283569336
139,3526,"Calm , Observant , Quiet , Dull , Reserved",2024-11-24 17:02:42,7,True,0.0,1.0,True,year: 2024 month: 11 day: 24,0.9419775009155273,0.7215993404388428
139,3527,"Calm , Content , Quiet , Reserved , Cool",2024-11-25 12:23:11,7,True,2.0,0.0,True,year: 2024 month: 11 day: 25,1.2230145931243896,0.6795794367790222
139,3528,"I ' m feeling rather chill and relaxed , like the tension in my body has dissipated , leaving me with a warm , fuzzy sensation . My thoughts are still clear , but my mind has shifted gears , and I ' m now cruising at a leisurely pace , enjoying the gentle buzz . The gentle warmth spreading through my veins is soothing , calming my nervous system and quieting my racing thoughts .\ n",2024-11-25 17:34:10,7,False,1.0,1.0,True,year: 2024 month: 11 day: 25,1.127097487449646,0.3481915295124054
139,3529,"I notice my muscles unwinding , releasing the pent-up stress and anxiety of the day . The gentle warmth spreading through my veins is soothing , calming my nervous system and quieting my racing thoughts . My senses remain sharp , but my perception has softened , allowing me to view the world with a more relaxed , laid-back attitude .\ n",2024-11-25 22:02:50,7,False,2.0,0.0,True,year: 2024 month: 11 day: 25,0.5685634016990662,0.7820377349853516
140,3554,The reason that I feel the way that I do is because I have had an long and tiring day so far but even though I was able to do that that I was able to take an moment to myself and I was able to be thankful for what I do have .,2024-08-15 17:13:41,7,False,0.0,1.0,True,year: 2024 month: 08 day: 15,-0.12238205224275589,0.05453695356845856
140,3555,The way that I am feeling right now would be tired . The reason that I would say this is because for me it has been an long day for me and I also have been sore but overall i would say that it still has been an good day .   Also I enjoy that I have been able to spend time with family today,2024-08-15 22:21:52,7,False,-2.0,0.0,True,year: 2024 month: 08 day: 15,-0.5598196983337402,-0.1554168462753296
140,3556,"Peace , Good , Fine , Decent , Happy",2024-08-16 12:07:51,7,True,2.0,0.0,True,year: 2024 month: 08 day: 16,1.1091923713684082,0.6788332462310791
140,3557,I would say the way that I am feeling right now is because I am tired . The reason that I say I am tired is because it had been an day when I had long days so that was something that had made me tire .,2024-08-16 17:00:57,7,False,0.0,1.0,True,year: 2024 month: 08 day: 16,-1.3494915962219238,-0.05048723518848419
140,3558,The reason that I feel calm is because I got to the end of my day where I am able to relax more now and also probley be able to watch an movie . Also another reason that I feel this way is because I had an pretty good day today .,2024-08-16 22:03:57,7,False,2.0,0.0,True,year: 2024 month: 08 day: 16,0.8276078104972839,0.34537506103515625
140,3559,"Good , Happy , Peaceful , Na , Na",2024-08-17 12:03:34,7,True,2.0,0.0,True,year: 2024 month: 08 day: 17,1.4506144523620605,0.8457812666893005
140,3560,"Good , Happy , Peaceful , Content , Na",2024-08-17 22:08:29,7,True,2.0,0.0,True,year: 2024 month: 08 day: 17,1.5217350721359253,0.8404011726379395
140,3561,"Calm , Good , Peaceful , Relaxed , Na",2024-08-18 17:11:49,7,True,0.0,1.0,True,year: 2024 month: 08 day: 18,1.3078598976135254,0.5412189364433289
140,3562,I would say the way that I am feeling is tired and also stressed out . The reason that I am saying this is because the stove went out so that is making it an long and also tiring day . Also the reason for this is because it had put me into further debt then I had wanted to be .,2024-08-18 22:02:35,7,False,-2.0,0.0,True,year: 2024 month: 08 day: 18,-1.5276062488555908,0.26873329281806946
140,3564,The way that I am feeling is tired right now and the reason for that is because it is cooler weather outside instead of it being hot outside . Also because of rhe weather that is something that also is making me happy also .,2024-08-19 12:01:24,7,False,-2.0,0.0,True,year: 2024 month: 08 day: 19,-0.19219811260700226,0.12775109708309174
140,3565,"Good , Fine , Intriguing , Calm , Happy",2024-08-19 17:09:51,7,True,2.0,0.0,True,year: 2024 month: 08 day: 19,1.0330486297607422,0.7841339111328125
140,3566,I would say the way that I am feeling right now would be calm and also peaceful .   The reason that I say this is because it is the end of the day where I usally am able to relax and do something like watching an movie .,2024-08-19 22:09:39,7,False,2.0,0.0,True,year: 2024 month: 08 day: 19,0.9226254820823669,0.47176727652549744
140,3567,The way that I am feeling right now is ok but also quiet and also tired at the same time also . I would say the reason that I feel that way is because it is comtable out but I am also able to relax right now also to .,2024-08-20 12:00:48,7,False,0.0,0.0,True,year: 2024 month: 08 day: 20,0.241490438580513,0.2050713151693344
140,3568,I would say that I am feeling right now would be content and also happy . The reason for that is because I was able to spend time with family and also able to relax today also . Also another thing that I was able to do was to go into the garden which is relaxing .,2024-08-20 17:03:07,7,False,0.0,1.0,True,year: 2024 month: 08 day: 20,1.1436734199523926,0.4167802631855011
140,3569,I would say the way that I am feeling would be good and also I would be calm because I have had an decent day also . Also I would say this is because it is an day that I had to enjoy . Also it was an day that I got to spend with friends,2024-08-20 22:00:47,7,False,0.0,1.0,True,year: 2024 month: 08 day: 20,0.7878808379173279,0.6943546533584595
140,3570,"Busy , Stressed , Humming , Ok , Content",2024-08-21 17:03:41,7,True,0.0,2.0,True,year: 2024 month: 08 day: 21,1.1007249355316162,1.3282256126403809
140,3571,"Relaxed , Happy , Content , Na , Na",2024-08-21 22:24:49,7,True,2.0,0.0,True,year: 2024 month: 08 day: 21,1.3626179695129395,0.6149645447731018
145,3696,"tired , productive , happy , achy , sore",2024-08-14 17:01:36,7,True,1.0,1.0,True,year: 2024 month: 08 day: 14,-0.4431930184364319,0.28713804483413696
145,3698,I am currently running errands today . I have a meeting at 4 pm and another one at 7 pm . I am eating a lime fruit bar and making chicken spring rolls for my boyfriend for his lunch . We will be traveling to the LOC tonight and our bus is at 9 : 30 pm,2024-08-15 17:08:51,7,False,1.0,2.0,True,year: 2024 month: 08 day: 15,0.23992811143398285,1.093747854232788
145,3699,I feel tired because I stayed up late last night . I drank an iced coffee in the afternoon yesterday . And I usually do not do that because the caffeine keeps me up very late at night . I am tired today and wish it was sunny,2024-08-18 12:45:44,7,False,0.0,0.0,True,year: 2024 month: 08 day: 18,-1.2689543962478638,0.05882929265499115
145,3700,"My stomach is hurting today . I also have been drinking coffee . So that is probably why my stomach is hurting . It is another dark , depressing and rainy day . I hate when the weather gets like this because it makes me feel sad",2024-08-19 12:25:12,7,False,-1.0,2.0,True,year: 2024 month: 08 day: 19,-1.4451640844345093,0.33538615703582764
145,3701,I am feeling pretty good today . I had a healthy lunch and have also been very productive today . I had a healthy lunch and will also make a snack soon . I have been studying and also had meetings today . PERSON and I will get some Carvel later for their national ice cream day deal,2024-08-19 17:03:44,7,False,1.0,1.0,True,year: 2024 month: 08 day: 19,1.1689485311508179,1.046949028968811
145,3702,"Busy , Productive , Fueled , Happy , Energetic",2024-08-20 12:50:33,7,True,1.0,2.0,True,year: 2024 month: 08 day: 20,1.0079421997070312,1.7914416790008545
147,3752,"Neutral , Calm , Hungry , Quiet , Watching TV",2024-10-21 12:06:19,7,True,0.0,1.0,True,year: 2024 month: 10 day: 21,-0.2968825399875641,0.9304763674736023
147,3753,I am feeling very happy and content because it ' s beautiful outside and my friends and I are outside enjoying the beautiful weather . We want for a short walk with the dogs and then came back to the benches and have been sitting and talking and being one with nature .,2024-10-21 17:01:29,7,False,2.0,1.0,True,year: 2024 month: 10 day: 21,1.1871428489685059,1.0322602987289429
147,3754,"Neutral , Calm , Excited , Happy , Thrilled",2024-10-21 22:01:15,7,True,0.0,1.0,True,year: 2024 month: 10 day: 21,0.49375849962234497,1.0632877349853516
147,3755,I am feeling very content and neutral just sitting and relaxing before I meet up with some friends for our daily walk . Then we are going to sit outside on this beautiful day and soak in the sun and be one with nature .,2024-10-22 12:01:15,7,False,0.0,1.0,True,year: 2024 month: 10 day: 22,0.918519139289856,0.5548118352890015
147,3756,"Content , Happy , Relaxed , Sitting with nature , Calm",2024-10-22 17:02:04,7,True,0.0,1.0,True,year: 2024 month: 10 day: 22,1.3603392839431763,0.7518196105957031
147,3757,I am very content right now I just ate dinner and now I am watching my reality shows and waiting for a new show I like to come on . I am also chatting online with a friend who lives far away from me and we catch up once a week .,2024-10-22 22:02:11,7,False,0.0,1.0,True,year: 2024 month: 10 day: 22,0.7627117037773132,0.7494535446166992
147,3758,"Calm , Neutral , Relaxed , On line in ORG office , PERSON",2024-10-23 12:03:35,7,True,0.0,1.0,True,year: 2024 month: 10 day: 23,0.37043774127960205,0.6236906051635742
147,3759,Feeling neutral right now sitting out with my friend and her dog . Socializing with our neighbors and talking about various subjects . Also sitting with the birds that we feed everyday and being one with nature .,2024-10-23 17:10:24,7,False,0.0,1.0,True,year: 2024 month: 10 day: 23,0.6790023446083069,0.6050540208816528
147,3760,I am very tired tonight I didn ' t sleep well last night I ' m actually up on 4 hours sleep and it has caught up to me . I just finished dinner so I can ' t lay down for a good while so I am just going to sit up and watch a little TV .,2024-10-23 22:05:20,7,False,-1.0,0.0,True,year: 2024 month: 10 day: 23,-1.5179195404052734,-0.4491841793060303
147,3761,I am in a neutral mood I ' m in my friends house that I am taking care of while he ' s in a rehab facility and also taking care of his cat . Then I ' m going to go outside for a daily walk with friends and their dogs then come back to my building and sit outside with nature .,2024-10-24 12:06:40,7,False,0.0,1.0,True,year: 2024 month: 10 day: 24,0.6092773079872131,0.6007397174835205
147,3762,I am feeling calm right now sitting out with my friends and their dogs and the birds . Enjoying the fresh air and conversating with my neighbors . Then I am going to an exercise class at my local library .,2024-10-24 17:01:13,7,False,0.0,1.0,True,year: 2024 month: 10 day: 24,0.9949385523796082,0.7030718922615051
147,3763,I am feeling very calm and content right now . I am watching my shows and relaxing . This evening I went to my exercise class and learned some new ways to exercise and met with some new people . Then I came home and had dinner before watching my shows .,2024-10-24 22:09:57,7,False,0.0,1.0,True,year: 2024 month: 10 day: 24,0.7435713410377502,0.5887666940689087
147,3764,I am feeling very calm right now I am getting ready to go to my friends house to check on his cat and do whatever I need to do . Then I need to go bring him some stuff at the rehab where he is right now and after that go home and meet up with some friends and do our daily walk with their dogs then sit out for a while and take in the sun and fresh air .,2024-10-25 12:01:18,7,False,0.0,1.0,True,year: 2024 month: 10 day: 25,1.0280630588531494,0.6319323778152466
147,3765,I am very tired I went on my errand earlier to bring some stuff to my friend in the rehab facility and I did a lot of running around so I am exhausted . Sitting out with my friends I didn ' t make our daily walk but I will tomorrow .,2024-10-25 17:10:39,7,False,-2.0,0.0,True,year: 2024 month: 10 day: 25,-1.1771010160446167,0.16277484595775604
147,3766,I am feeling content right now I ate dinner and now I am going to watch my favorite show ORG wrestling Smackdown . I love this show very much it brings me much joy . Then I am going to watch a movie I DVR ' d that I couldn ' t watch the other night .,2024-10-25 22:01:25,7,False,0.0,1.0,True,year: 2024 month: 10 day: 25,0.9372101426124573,0.794091522693634
147,3767,"Calm , Relaxing , Watching TV , Just ate breakfast , Neutral",2024-10-26 12:34:23,7,True,0.0,1.0,True,year: 2024 month: 10 day: 26,0.2852463126182556,0.7189995646476746
147,3768,"Calm , Neutral , Relaxed , Quiet , Walking",2024-10-26 17:06:45,7,True,0.0,1.0,True,year: 2024 month: 10 day: 26,0.3103834390640259,0.7519341111183167
147,3769,I am very relaxed right now I am watching one of my favorite movies the sixth sense . They are running scary movies right now because of Halloween next week so I am really enjoying myself . Although some scary movies can cause me nightmares but I still like to watch them,2024-10-26 22:12:25,7,False,0.0,1.0,True,year: 2024 month: 10 day: 26,0.8722234964370728,1.0195924043655396
147,3770,"Quiet , Calm , Relaxed , Neutral , Getting ready to go for a walk",2024-10-27 12:01:15,7,True,0.0,1.0,True,year: 2024 month: 10 day: 27,0.1561030000448227,0.6363325715065002
147,3771,"Calm , Relaxed , Walking with friends , Enjoying nature , Happy",2024-10-27 17:03:13,7,True,0.0,1.0,True,year: 2024 month: 10 day: 27,1.0481600761413574,0.6746682524681091
147,3772,I am very content right now I ate dinner and now I am watching one of my favorite movies Beetlejuice and when that is finished I am going to watch some wrestling . I am also going to try and watch another movie called pitch perfect if I don ' t get too tired .,2024-10-27 22:04:51,7,False,2.0,0.0,True,year: 2024 month: 10 day: 27,0.640936553478241,0.7225784063339233
152,3876,"It is very warm so I am not feeling like going to the gym , but I probably will . All is good with me and I am interested in learning new things . I wish I could plan a trip but my wife’s physical condition precludes that .",2024-07-15 17:35:30,7,False,1.0,0.0,True,year: 2024 month: 07 day: 15,0.35297176241874695,0.38001444935798645
152,3877,Feeling fine but a little pressed for time .\ nEverything is going well and I sm interested in learning new things .. Still disappointed that we cannot travel due to my wife’s disability . Happy to be seeing my children tonight .,2024-07-17 12:12:24,7,False,1.0,0.0,True,year: 2024 month: 07 day: 17,1.4017724990844727,0.49098673462867737
152,3878,"Calm , Satisfied , Interested , Proud , Lucky",2024-07-19 12:19:33,7,True,1.0,0.0,True,year: 2024 month: 07 day: 19,1.3755357265472412,0.689274787902832
152,3879,"Pleased , Interestested , Concerned , Calm , Contemplative",2024-07-19 17:50:14,7,True,1.0,0.0,True,year: 2024 month: 07 day: 19,1.4672644138336182,0.9012010097503662
152,3880,"Calm , Interested , Concerned , Proud , Accomplished",2024-07-21 12:27:39,7,True,1.0,0.0,True,year: 2024 month: 07 day: 21,1.3117016553878784,0.682478129863739
152,3881,"relaxed , interested , concerned , diligent , proud",2024-07-21 17:44:52,7,True,2.0,0.0,True,year: 2024 month: 07 day: 21,1.1612956523895264,0.8602766394615173
152,3882,"GPE , Interested , Contemplating , Frieindly , busy",2024-07-22 17:06:54,7,True,1.0,0.0,True,year: 2024 month: 07 day: 22,0.8569478392601013,1.1060675382614136
155,3950,"focused , overwhelmed , tired , determined , stressed",2024-11-10 12:46:45,7,True,-1.0,1.0,True,year: 2024 month: 11 day: 10,-0.08130864799022675,0.9397598505020142
155,3951,I am feeling pretty exhausted and low energy and a little bit defeated . But overall I am feeling calm and relaxed and accepting of what happens happens . I am trying to stay calm and still be productive .,2024-11-10 17:30:39,7,False,-1.0,1.0,True,year: 2024 month: 11 day: 10,-0.3321617543697357,0.028233304619789124
155,3952,"Stressed , Overwhelmed , Jittery , Nervous , Tense",2024-11-10 22:35:48,7,True,-1.0,2.0,True,year: 2024 month: 11 day: 10,-1.214253544807434,1.4272449016571045
155,3953,I am overall feeling nervous but at the same time I am feeling focused and determined . I feel like my attention is there and I also feel flutters in my heart and stomach . Overall I would say I am feeling stressed but in a productive way .,2024-11-11 12:29:42,7,False,-1.0,2.0,True,year: 2024 month: 11 day: 11,-0.142251119017601,1.7984557151794434
155,3954,"Tired , Relaxed , Calm , Fatigued , Chill",2024-11-11 17:02:58,7,True,0.0,1.0,True,year: 2024 month: 11 day: 11,0.06852640211582184,0.2010158747434616
155,3955,"Tired , Sleepy , Calm , Exhausted , Fatigued",2024-11-11 22:12:13,7,True,-1.0,1.0,True,year: 2024 month: 11 day: 11,-1.3366973400115967,-0.05631427466869354
155,3956,"I am feeling pretty neutral right now , focused on what I need to do but I overall feel calm . I am a little nervous about a task I need to do but not overly so , I am mostly focused on getting things done .",2024-11-12 12:13:39,7,False,0.0,0.0,True,year: 2024 month: 11 day: 12,0.5031698942184448,1.033436894416809
155,3957,"Calm , Tired , Chill , Fatigued , Focused",2024-11-12 17:58:26,7,True,0.0,2.0,True,year: 2024 month: 11 day: 12,0.44990500807762146,0.42569437623023987
155,3958,"chill , calm , relaxed , breathing , tired",2024-11-12 22:04:20,7,True,1.0,1.0,True,year: 2024 month: 11 day: 12,0.4074774384498596,0.3935818374156952
155,3959,"Sleepy , Tired , Drowsy , Calm , Low energy",2024-11-13 12:56:35,7,True,0.0,1.0,True,year: 2024 month: 11 day: 13,-1.0191925764083862,0.058852747082710266
155,3960,"tired , sleepy , calm , fatigued , content",2024-11-13 22:35:12,7,True,0.0,1.0,True,year: 2024 month: 11 day: 13,-0.7636244893074036,-0.11325724422931671
155,3961,"Nervous , Determined , Tired , Stressed , Quiet",2024-11-14 12:02:12,7,True,0.0,1.0,True,year: 2024 month: 11 day: 14,-0.7052757143974304,1.1333727836608887
164,4196,"Tired , Hungry , Sleepy , Na , Na",2024-07-23 22:00:43,7,True,0.0,1.0,True,year: 2024 month: 07 day: 23,-0.8478747010231018,0.2395227998495102
164,4197,"Still worried about our housing situation . This could be a very good option , and though a higher price , we ' d be getting a lot more for it . But everything has to fall into place , and sometimes , that doesn ' t quite seem to happen . So who knows what will be . We have to daven I guess .",2024-07-24 12:22:49,7,False,0.0,1.0,True,year: 2024 month: 07 day: 24,-0.18560487031936646,0.7313588261604309
164,4198,"I’m worried about the housing situation , and hopeful that we can rent this house . But I’m not so confident that it will work out , since the market is so tight and there are so few options . But maybe we got out in front of this one and we’ll get it . But probably not .",2024-07-24 22:02:23,7,False,0.0,1.0,True,year: 2024 month: 07 day: 24,-0.2700849175453186,0.9729582071304321
164,4199,"Concerned about housing , for a change . There ' s a real chance we get nothing , or at least , not at all what we want . But now we just have to wait , and hope , that the other tenant is a bad option , and we come out looking great . Nothing else to do at this point .",2024-07-25 17:05:34,7,False,0.0,1.0,True,year: 2024 month: 07 day: 25,-0.19982758164405823,0.8564260005950928
164,4200,"As per usual , housing . Where will we live ? Will it work out ? And should we buy the fancy mattress ? Will it make a difference in our sleep ? Who knows . Oh , and the market . Not helping things here . I wish we had pulled out earlier . But that’s how it goes .",2024-07-25 22:29:22,7,False,0.0,1.0,True,year: 2024 month: 07 day: 25,-0.5205919742584229,0.5030261278152466
164,4201,"Obviously , stressed about the housing situation . Hopeful that this could all work out , but very stressed b/c if it doesn ' t , we will not have a place to live , and that would be problematic . But there ' s no more to do at this point but hope and pray . So we will hope and pray . No real other choices at this point .",2024-07-26 12:02:32,7,False,0.0,1.0,True,year: 2024 month: 07 day: 26,-0.343246191740036,0.8721384406089783
164,4202,"Concerned about housing , and nervous that nothing will work out . But we have to keep hoping and praying that it will work out , because we don’t really have any other options . So here’s hoping something works out .",2024-07-28 12:00:49,7,False,1.0,1.0,True,year: 2024 month: 07 day: 28,-0.14645016193389893,0.8766862154006958
164,4203,"We have housing ! This is a really big deal . It’s slightly more expensive than I would have liked , but hopefully we’ll really be getting something for it . And now we can feel good about where we are living , and hopefully feel comfortable in the space . It’s not GPE , but maybe it will be even better . I’m really hopeful that this could be good . And nervous , of course .",2024-07-29 22:01:16,7,False,1.0,0.0,True,year: 2024 month: 07 day: 29,0.9034928679466248,1.5273456573486328
164,4204,"Annoyed after a long bedtime routine , and the fact that I have to write out a long message about my feelings that’s at least 200 words , which is a not insignificant number of words to fill out multiple times a day with not very much to say .",2024-07-30 22:01:07,7,False,0.0,1.0,True,year: 2024 month: 07 day: 30,-0.442879855632782,0.33970513939857483
168,4270,"Happy , Excited , Grateful , Little bit stress , Great",2024-11-13 17:04:58,7,True,1.0,1.0,True,year: 2024 month: 11 day: 13,1.6950795650482178,1.1593756675720215
168,4271,"Woke up feeling very grateful and happy . A little bit stressed , nervous and anxious because I have two tests tonight , but I’m still trying to stay positive and calm , to pass it with a good grade . Looking forward to accomplishing a good grade in both of my tests",2024-11-14 12:03:41,7,False,1.0,1.0,True,year: 2024 month: 11 day: 14,0.9759493470191956,0.9275811910629272
168,4272,"Feeling nervous and a little bit anxious for both of my upcoming tests . Still trying to stay positive and trust the process , as I am sure that I will be passing both of theses exams . Looking forward to feel relaxed and happy with the outcome tonight .",2024-11-14 17:09:33,7,False,0.0,1.0,True,year: 2024 month: 11 day: 14,-0.25835493206977844,0.8119938373565674
168,4273,"Happy , Calm , Grateful , Content , Excited",2024-11-15 12:42:25,7,True,1.0,1.0,True,year: 2024 month: 11 day: 15,1.800468921661377,0.767809271812439
168,4274,"Neutral , Calm , Grateful , Tired , At peace",2024-11-15 17:11:46,7,True,0.0,1.0,True,year: 2024 month: 11 day: 15,0.16236037015914917,0.4602993428707123
168,4275,"Currently feeling extremely happy , enthusiastic , and grateful . I’ve had an amazing day , full of joy , laughter and incredible time with my love ones . Looking forward to have a blessed and great day tomorrow .",2024-11-15 22:07:57,7,False,1.0,2.0,True,year: 2024 month: 11 day: 15,1.4114536046981812,1.2319111824035645
168,4276,"Feeling grateful , happy and calm . Looking forward to have an amazing evening with my loved ones and watch “Miss Universe” with my family . Extremely grateful and happy for everything that is happening in my life and all of the blessings .",2024-11-16 17:03:39,7,False,1.0,1.0,True,year: 2024 month: 11 day: 16,1.5813798904418945,0.44079941511154175
168,4277,"Feeling extremely lively , enthusiastic and happy . Extremely grateful , and happy . Currently , spending a great time with my family , watching the “Miss Universe “ hoping for our delegate to win !! Looking forward to have a great night , and a wonderful day tomorrow !",2024-11-16 22:20:43,7,False,2.0,2.0,True,year: 2024 month: 11 day: 16,1.0636329650878906,1.3824799060821533
168,4278,"Woke up feeling happy , exited and grateful , as I will be spending the night with my loved ones . Looking forward to have an amazing , blessed and wonderful day . And keep the positive vibes flowing . Hoping to spend a great time with my loved ones !!",2024-11-17 12:09:00,7,False,1.0,1.0,True,year: 2024 month: 11 day: 17,1.1698719263076782,1.2346298694610596
168,4279,"Excited , Grateful , Happy , Lively , healthy",2024-11-17 17:39:22,7,True,1.0,1.0,True,year: 2024 month: 11 day: 17,1.5940587520599365,1.4280318021774292
168,4280,"Grateful , Happy , Excited , Full of love , Blessed",2024-11-17 22:12:17,7,True,2.0,2.0,True,year: 2024 month: 11 day: 17,1.6516644954681396,0.9893637895584106
168,4281,"Woke feeling extremely grateful , thankful , blessed and happy . Had an amazing night with my loved ones . Looking forward to have an awesome day full of blessings , love and kindness . As the week start , my intentions for this week , will also be kindness and love towards everyone that I will have contact with .",2024-11-18 12:18:32,7,False,2.0,2.0,True,year: 2024 month: 11 day: 18,1.148745059967041,0.8217562437057495
168,4282,"Lively , Enthusiastic , Blessed , Grateful , Happy",2024-11-19 12:16:55,7,True,2.0,2.0,True,year: 2024 month: 11 day: 19,1.3879457712173462,1.5595543384552002
168,4283,"Grateful , Blessed , Tired , Content , Relax",2024-11-19 17:28:43,7,True,0.0,1.0,True,year: 2024 month: 11 day: 19,1.3196640014648438,0.5691710114479065
168,4284,Feeling super tired after a long day . Still feeling grateful and happy in the inside for all of my accomplishments today and all the things I learned . Looking forward to have a good night rest and have a great day tomorrow !,2024-11-19 22:34:03,7,False,-2.0,0.0,True,year: 2024 month: 11 day: 19,-0.2036253660917282,-0.03301410377025604
168,4285,"Content , Relax , Sleepy , Grateful , Bless",2024-11-20 17:05:19,7,True,1.0,0.0,True,year: 2024 month: 11 day: 20,1.3448922634124756,0.5121192336082458
169,716,It is a good day to enjoy but a little cold . I am happy to be at work . A lot or stress with students and bills . I am working overtime . It is fun to see the colors of autumn . I want to go on vacation and away from all the stress .,2024-10-15 12:20:29,7,False,1.0,1.0,True,year: 2024 month: 10 day: 15,-0.37036359310150146,0.3686027228832245
169,717,"Tired , Stress , Exhausted , Hungry , Work overload",2024-10-15 17:15:05,7,True,-2.0,0.0,True,year: 2024 month: 10 day: 15,-1.8572170734405518,0.10908658802509308
169,718,I am tired and exhausted from work . I would like to sleep but still have a lot of work to finish . I want to be less stressed at work and be a caring family member . I want to have more money and not worry about bills .,2024-10-15 22:01:11,7,False,2.0,0.0,True,year: 2024 month: 10 day: 15,-1.4211112260818481,-0.1888333410024643
169,719,"I want to relax and not be stressed out . It is a rat race and it just gives me anxiety . I want to be less worried about others and enjoy life . The simpler the life , the better it would be . The parents are my school are nasty and crazy .",2024-10-16 12:06:53,7,False,-2.0,1.0,True,year: 2024 month: 10 day: 16,-0.8224202394485474,0.6973250508308411
169,720,I am worried about the future and bills to pay . I would like to move somewhere cheaper and not have so much stress . I worry about the parents and how angry they get if their child fails .   They threaten to sue and become nasty .\ n,2024-10-16 17:00:55,7,False,-2.0,1.0,True,year: 2024 month: 10 day: 16,-1.0086090564727783,0.8451292514801025
169,721,I want to sleep and be tired all the time .\ nI worry too much and nothing seems to be right .\ nWork stress is weighing me down and taking its toll on my mental health . I hope tomorrow is better and more relaxing then today .,2024-10-16 22:02:38,7,False,-2.0,1.0,True,year: 2024 month: 10 day: 16,-1.2950302362442017,0.13374535739421844
169,722,"stress , worried , hungry , tired , bills",2024-10-17 12:01:07,7,True,2.0,0.0,True,year: 2024 month: 10 day: 17,-1.4093849658966064,0.2939003109931946
169,726,"Worked , Running around , Hungry , Stressed , Billed",2024-10-17 17:00:47,7,True,0.0,1.0,True,year: 2024 month: 10 day: 17,-1.1070835590362549,0.5119986534118652
169,727,"Exhausted , Tired , Over worked , Too busy , Worried",2024-10-17 22:02:28,7,True,-2.0,0.0,True,year: 2024 month: 10 day: 17,-1.8543912172317505,0.1439848393201828
169,728,I am happy to know it is Friday and I can pay bills . I am still worried about many things and being middle class is not fun . It is a hard life and am tired all the time . It is not easy .   I hope others are doing better .,2024-10-18 12:24:27,7,False,1.0,0.0,True,year: 2024 month: 10 day: 18,-1.3159446716308594,0.09928251802921295
169,729,There is a lot of work to be done and needs attention . I am very exhausted and tired from balancing work and home life . I feel I am not myself most of the time but constantly being pulled in many directions .,2024-10-18 17:06:22,7,False,-2.0,0.0,True,year: 2024 month: 10 day: 18,-1.7081378698349,0.2350202053785324
169,730,"Homebody , Relaxed , Tea time , Breakfast , Full",2024-10-19 12:25:04,7,True,1.0,1.0,True,year: 2024 month: 10 day: 19,-0.5346733331680298,0.1241946816444397
169,731,I am   busy with house chores and making sure household runs smoothly .   Busy from morning to night and spending too much money on necessary stuff . I hope economy does better and elections go smoothly .,2024-10-19 17:02:32,7,False,0.0,1.0,True,year: 2024 month: 10 day: 19,-0.5853731036186218,0.8202826380729675
169,732,I am content with my day and looking forward to relaxing on a Sunday . I am going to sleep in and not worry about the work week . I hope the work week is relaxing and without any big hassle . I want to worry less .,2024-10-19 22:01:15,7,False,1.0,1.0,True,year: 2024 month: 10 day: 19,0.3388594388961792,0.47294503450393677
169,733,"relaxed , enjoying , happy , content , optimistic",2024-10-20 12:08:17,7,True,1.0,1.0,True,year: 2024 month: 10 day: 20,0.23709852993488312,0.42953822016716003
169,734,I am tired . i did a lot of house work and now I want to rest and take a nap . i am ok .\ nI hope tomorrow is not a hard day and nothing to worry about . I will be a long week . Have a good week . I need food right now .,2024-10-20 17:55:43,7,False,-2.0,0.0,True,year: 2024 month: 10 day: 20,-1.2139898538589478,-0.2884141504764557
169,735,"Tired , Need rest , Stressed , Sleepy , Exhausted",2024-10-20 22:05:48,7,True,0.0,0.0,True,year: 2024 month: 10 day: 20,-2.1086621284484863,-0.02190982550382614
169,736,I am happy to be at work and finish a lot of stuff . I want to work with others and make life easier . I want to learn and be able to share with my students . I want to give back to the community . I hope to be a better citizen .,2024-10-21 12:21:38,7,False,1.0,0.0,True,year: 2024 month: 10 day: 21,0.0056327935308218,0.7756560444831848
169,737,"Exhaustion , Sleep , Over drive , Tired , Stressed",2024-10-21 22:01:09,7,True,1.0,0.0,True,year: 2024 month: 10 day: 21,-1.7387335300445557,0.07512286305427551
169,738,"happy , content , working , hungry , good",2024-10-22 12:22:38,7,True,1.0,1.0,True,year: 2024 month: 10 day: 22,-0.3635939359664917,0.27354732155799866
169,739,"tired , home , hungry , over worked , content",2024-10-22 17:01:02,7,True,1.0,0.0,True,year: 2024 month: 10 day: 22,-1.3475005626678467,-0.10082212090492249
169,740,I am tired and exhausted . I am hoping for a better say tomorrow . \nI want to eat something and go to sleep . I did a lot of work at school and now want to do nothing . I graded a lot if work from my students and want them to succeed .,2024-10-22 22:01:14,7,False,1.0,1.0,True,year: 2024 month: 10 day: 22,-1.4609222412109375,-0.23405197262763977
169,741,I am working after school to help the kids finish their work and want to make sure they succeed . I am hoping for a great day and time for lunch . I want to travel and have the money to not worry about bills .,2024-10-23 12:19:02,7,False,1.0,1.0,True,year: 2024 month: 10 day: 23,-0.8047603964805603,0.2836935520172119
169,742,I am happy to be going home . I worked a lot and want to go home and relax . I am exhausted and hungry . I want to drink a cup of tea and listen to music . I am happy Wednesday is over . Starting to look forward to the weekend . Happy week .,2024-10-23 17:12:26,7,False,-2.0,0.0,True,year: 2024 month: 10 day: 23,-0.6979431509971619,-0.04739905893802643
169,743,I am very sleepy and tired . I am hungry and want to finish my work so I can sleep . I am trying to grade papers and make sure all is done . I want to work and have nothing to do tomorrow . I am going to eat now .,2024-10-23 22:04:22,7,False,-2.0,2.0,True,year: 2024 month: 10 day: 23,-1.4174957275390625,-0.20601773262023926
169,744,I want to work extra hard and finish as much grading as possible . I want to go home without any work and just sleep . I am hoping to eat lunch and take a nap . I want to study for some exams and not worry some much .,2024-10-24 12:02:07,7,False,1.0,0.0,True,year: 2024 month: 10 day: 24,-0.6482060551643372,0.4396812617778778
169,745,"tired , stressed , hungry , not care , over worked",2024-10-24 17:17:19,7,True,-1.0,0.0,True,year: 2024 month: 10 day: 24,-1.6393619775772095,0.09031902998685837
169,746,"Tired , Sleepy , Friday , Friday , Weekend",2024-10-24 22:48:41,7,True,-1.0,0.0,True,year: 2024 month: 10 day: 24,-1.4778764247894287,0.009585007093846798
169,747,I am looking forward to the weekend and want the day to end . I worked a lot this week and just want to sleep in . I am looking forward to eating a good breakfast not be in a rush . I hope the weekend is relaxing .,2024-10-25 12:22:37,7,False,1.0,0.0,True,year: 2024 month: 10 day: 25,-0.2427433282136917,0.4581507742404938
169,748,"Relaxed , Hungry , Happy , Tea time , Happy",2024-10-25 17:51:20,7,True,2.0,1.0,True,year: 2024 month: 10 day: 25,-0.2653957009315491,0.448975533246994
169,749,I am tired and want to sleep . I just ate dinner and ready to go to sleep . I want to fi wish some work and then have nothing to do for tomorrow .   I want to relax and be free . I happy to be home . I am ready to sleep .,2024-10-25 22:14:15,7,False,-2.0,0.0,True,year: 2024 month: 10 day: 25,-0.6521563529968262,-0.2391049712896347
169,750,"hungry , happy , relax , trying , overworked",2024-10-26 12:16:39,7,True,1.0,0.0,True,year: 2024 month: 10 day: 26,-1.0008653402328491,0.2063252478837967
169,751,"Happy , Relax , Content , Wanted , Wishes",2024-10-26 17:42:44,7,True,0.0,2.0,True,year: 2024 month: 10 day: 26,-0.023529445752501488,0.45784056186676025
169,752,"Tired , Hungry , Sleepy , Exhausted , Bills",2024-10-26 22:08:56,7,True,-2.0,0.0,True,year: 2024 month: 10 day: 26,-1.8717442750930786,-0.048250630497932434
169,753,I have a migraine and nausea . I am not feeling my best and want to just sleep . I am hoping to rest and not have much to do . I have a lot of grading . I want to do nothing and take care of myself .   I am done for the day .,2024-10-27 12:34:15,7,False,0.0,0.0,True,year: 2024 month: 10 day: 27,-1.4048267602920532,-0.055498845875263214
169,754,I am not well today and am very tired . I want to stay in bed and take care of myself . I want to close my eyes and rest . I am hoping no one bothers me or needs anything from me . I am not looking forward to school tomorrow .,2024-10-27 17:20:08,7,False,0.0,0.0,True,year: 2024 month: 10 day: 27,-1.30118989944458,-0.1646016240119934
169,755,I am at work and making sure to complete all my work . I am recovering from my migraine and want to be rest but have a lot of work to finish . I want to eat today and then sleep to feel better after finishing my grading .,2024-10-28 12:30:13,7,False,1.0,0.0,True,year: 2024 month: 10 day: 28,-1.0140507221221924,0.41153210401535034
169,756,"Tired , Exhaustion , Sleepy , Sleepy , Overworked",2024-10-28 22:04:05,7,True,-2.0,0.0,True,year: 2024 month: 10 day: 28,-1.9061481952667236,-0.11881498992443085
170,4343,"Numb . Uncertainty . I thought I had a goal to work towards . I thought I know what I’m doing . In the end , I lack discipline , lack the foresight . For two and a half years I’ve always thought I was on track , all I had to do was to stick with what I planned . In the end , I found out what I thought was right from the start was incorrect .",2024-11-20 12:03:42,7,False,-1.0,0.0,True,year: 2024 month: 11 day: 20,-0.1261143833398819,1.169128179550171
170,4344,"determined , hopeful , nervous , energized , stressed",2024-11-20 22:29:05,7,True,0.0,2.0,True,year: 2024 month: 11 day: 20,-0.0869596004486084,1.818983554840088
170,4345,"tired , sleepy , hopeful , determined , neutral",2024-11-21 12:06:34,7,True,1.0,2.0,True,year: 2024 month: 11 day: 21,-0.5852282047271729,0.6856671571731567
170,4346,"sleepy , tired , stressed , nervous , worried",2024-11-22 12:01:42,7,True,-1.0,0.0,True,year: 2024 month: 11 day: 22,-1.5286544561386108,0.9184929728507996
170,4347,"I ' m feeling very stressed . I have a lot of work piled up that I have to get down . Other than that , I am excited for Thanksgiving Break . I ' ve also made some plans so I ' m looking forward to the upcoming days .",2024-11-22 22:01:42,7,False,1.0,1.0,True,year: 2024 month: 11 day: 22,-0.32292264699935913,1.5434192419052124
170,4348,"stress , tired , worried , nervous , sleepy",2024-11-23 12:16:52,7,True,-2.0,2.0,True,year: 2024 month: 11 day: 23,-1.526940107345581,1.0281362533569336
170,4349,"conflicted , unsure , stressed , tired , nervous",2024-11-23 17:31:49,7,True,-1.0,1.0,True,year: 2024 month: 11 day: 23,-1.4947724342346191,1.3850526809692383
170,4350,"I ' m very excited . Thanksgiving Break is in less than a week and I ' ve made plans to explore the city . I ' m definitely also feeling a bit stressed because I know prior to break , there would be work that has to be completed .",2024-11-23 22:01:50,7,False,1.0,1.0,True,year: 2024 month: 11 day: 23,0.42801356315612793,1.7202599048614502
170,4351,"Currently I’m feeling a bit lively , a bit PERSON , and as always , a bit stressed . The weather is kind of nice today but a bit too windy for my liking . I’m stressed because I did procrastinate a little so now I have to study for a quiz tomorrow as well as catch up on my lectures for other classes .",2024-11-24 12:03:56,7,False,1.0,2.0,True,year: 2024 month: 11 day: 24,0.09056920558214188,1.5417993068695068
170,4352,"I’m feeling very overwhelmed , indignant , and confused . I’m currently at work right now and there’s just so much happening . I’m trying to wrap my mind around everything and trying to see how I can fit in and contribute . Unfortunately the minute I thought I got it figured out , things change again or something new happens .",2024-11-24 17:16:16,7,False,-1.0,1.0,True,year: 2024 month: 11 day: 24,-1.1576820611953735,1.7311384677886963
170,4353,"I ' m still feeling pretty excited and happy . At this time of the day , I ' m also feeling a little bit more tired and sleepy . I also procrastinated a little on the work that I planned on completing today so I ' m a little stressed as well .",2024-11-25 17:03:05,7,False,1.0,1.0,True,year: 2024 month: 11 day: 25,0.4788561463356018,1.2141021490097046
170,4354,"It’s funny but I’m not feeling the same level of excitement going back home for Thanksgiving break as compared to the initial excitement and anticipation I had last week . It could be the weather and the pile of work I procrastinated on but I’m feeling dread , nervous , and stressed .",2024-11-26 12:05:35,7,False,1.0,1.0,True,year: 2024 month: 11 day: 26,-0.9055476188659668,1.1052567958831787
170,4355,"happy , excited , determined , lively , stressed",2024-11-26 17:36:28,7,True,1.0,2.0,True,year: 2024 month: 11 day: 26,0.3343622386455536,1.8396812677383423
170,4356,"disappointed , stressed , conflicted , unsure , unhappy",2024-11-26 22:30:25,7,True,-2.0,1.0,True,year: 2024 month: 11 day: 26,-1.6616274118423462,1.0770909786224365
170,4357,"neutral , indifferent , hungry , unsure , confused",2024-11-27 12:36:05,7,True,0.0,1.0,True,year: 2024 month: 11 day: 27,-0.8353599309921265,1.0556472539901733
170,4358,I ' m currently feeling pretty lively and hopeful . I had my mock interview this morning and it seemed to have gone well . I also finally had a conversation with my brother and we got a chance to catch up for a little bit .,2024-11-27 17:16:10,7,False,1.0,2.0,True,year: 2024 month: 11 day: 27,0.6368974447250366,1.6169649362564087
171,4380,"happy , alert , awake , motivated , fresh",2024-10-17 12:25:55,7,True,1.0,2.0,True,year: 2024 month: 10 day: 17,0.9122891426086426,1.8174281120300293
171,4381,"slow , unmotivated , tired , sleepy , calm",2024-10-17 17:20:31,7,True,0.0,0.0,True,year: 2024 month: 10 day: 17,-0.8089480996131897,0.28793299198150635
171,4382,"I am feeling a bit drained . I had a decently productive day , and that makes me feel happy . I ' m glad to be relaxing on the couch with my partner . I ' m feeling like I ' m ready to stretch out and head to bed .",2024-10-17 22:01:38,7,False,-1.0,0.0,True,year: 2024 month: 10 day: 17,-0.2520158588886261,-0.02525179088115692
171,4383,"I am very happy it ' s Friday , and I slept fairly well last night . I am feeling motivated to get my stuff done for work so that I don ' t have to do any catch-up work this weekend . I ' m also feeling like my coffee worked a little better than usual this morning , so I feel a little jittery .",2024-10-18 12:30:04,7,False,0.0,2.0,True,year: 2024 month: 10 day: 18,0.3769305944442749,1.1988626718521118
171,4384,"drained , sluggish , lazy , tired , bored",2024-10-18 17:01:22,7,True,-2.0,0.0,True,year: 2024 month: 10 day: 18,-1.4309968948364258,0.25828829407691956
171,4385,"calm , happy , content , cozy , relaxed",2024-10-18 22:15:26,7,True,2.0,1.0,True,year: 2024 month: 10 day: 18,1.508135199546814,0.810967206954956
171,4386,"I have had a quiet and relaxed morning , which I am feeling grateful for . I am excited to spend a little bit more time relaxing and then head to my partner ' s family ' s house to hang out and watch a football game .",2024-10-19 12:02:18,7,False,1.0,0.0,True,year: 2024 month: 10 day: 19,0.7851657271385193,0.6066977977752686
171,4387,I am happy and excited to be spending time with my partner ' s family . I am feeling content and happy and calm . I am excited to head home and put on comfy clothes and relax for the rest of the evening .,2024-10-19 17:28:51,7,False,2.0,1.0,True,year: 2024 month: 10 day: 19,1.4459190368652344,0.5565839409828186
171,4388,"tired , drained , unsettled , sluggish , full",2024-10-19 22:02:12,7,True,-1.0,0.0,True,year: 2024 month: 10 day: 19,-1.4407546520233154,0.3023439943790436
171,4389,I am feeling frustrated that my weight is so terrible despite trying really hard to eat better . I have to get more movement in and I know that . I am headed out for a walk now and am hoping that boosts my mood and self-confidence .,2024-10-20 12:01:37,7,False,-1.0,1.0,True,year: 2024 month: 10 day: 20,-0.5896934866905212,0.536522388458252
171,4390,"I am happy to be back home and on the couch relaxing . I am proud of myself for getting a good walk in this morning , and I am feeling hopeful that I can stay motivated this week . I am excited to spend the rest of the evening relaxing .",2024-10-20 17:12:06,7,False,1.0,0.0,True,year: 2024 month: 10 day: 20,0.7765949368476868,0.6489656567573547
171,4391,"sleepy , calm , content , proud , quiet",2024-10-20 22:01:28,7,True,0.0,0.0,True,year: 2024 month: 10 day: 20,0.6768018007278442,0.5411937832832336
171,4392,"I am feeling relaxed . I ' m at the research center for this vaccine study and I ' m feeling proud to contribute to research , though hard not to be a little nervous , too . I feel pretty calm and quiet , though .",2024-10-21 12:01:02,7,False,0.0,0.0,True,year: 2024 month: 10 day: 21,1.3813327550888062,0.6453256607055664
171,4393,"slow , slump , unmotivated , tired , sleepy",2024-10-21 17:01:06,7,True,-1.0,0.0,True,year: 2024 month: 10 day: 21,-1.300100326538086,0.3560778796672821
171,4394,"down , slow , lazy , tired , muted",2024-10-21 22:11:30,7,True,-1.0,1.0,True,year: 2024 month: 10 day: 21,-0.8013389706611633,0.47029733657836914
171,4395,"calm , productive , motivated , focused , alert",2024-10-22 12:01:47,7,True,0.0,0.0,True,year: 2024 month: 10 day: 22,0.9562738537788391,1.3162376880645752
171,4396,"bored , quiet , sluggish , neutral , unmotivated",2024-10-22 17:01:25,7,True,0.0,1.0,True,year: 2024 month: 10 day: 22,-1.1263580322265625,0.46623101830482483
171,4397,"happy , comfy , content , excited , proud",2024-10-22 22:01:22,7,True,2.0,1.0,True,year: 2024 month: 10 day: 22,1.3775312900543213,1.1717890501022339
171,4398,"I am feeling a bit tired and slow this morning , though still fairly motivated for my work day . I feel confident that I can be productive today , but I didn ' t sleep as well as I usually do last night so I am feeling a bit sluggish and a bit lower energy than usual .",2024-10-23 12:03:01,7,False,-1.0,0.0,True,year: 2024 month: 10 day: 23,-0.8294870257377625,0.05608047544956207
171,4399,"I am feeling lively , upbeat , motivated , and active . I ' m not really tired this afternoon , which is surprising .   I ' m focused and ready to finish my work day and then go run errands . I am also excited to relax after I ' m done for the day .",2024-10-23 17:19:46,7,False,1.0,1.0,True,year: 2024 month: 10 day: 23,0.8498989343643188,1.7630975246429443
171,4400,"tired , slow , comfy , content , calm",2024-10-23 22:01:40,7,True,-1.0,0.0,True,year: 2024 month: 10 day: 23,0.3773810863494873,0.1844525784254074
49,4873,"awake , ready , up , prepared , busy",2021-05-04 12:20:18,1,True,1.0,1.0,False,year: 2021 month: 05 day: 04,0.9042074084281921,1.4703551530838013
49,4874,"awake , tired , lazy , calm , neutral",2021-05-05 12:00:37,1,True,0.0,1.0,False,year: 2021 month: 05 day: 05,-0.07754778116941452,0.43490952253341675
49,4875,"lazy , tired , neutral , fine , okay",2021-05-05 17:01:35,1,True,0.0,1.0,False,year: 2021 month: 05 day: 05,-0.16551296412944794,0.40671607851982117
49,4876,"tired , sleepy , lazy , neutral , regretful",2021-05-06 12:37:24,1,True,-2.0,0.0,False,year: 2021 month: 05 day: 06,-0.9295302629470825,0.09583781659603119
49,4878,"tired , sleepy , worn out",2022-02-15 10:01:50,2,True,0.0,1.0,False,year: 2022 month: 02 day: 15,-1.045179009437561,0.21708877384662628
49,4879,"neutral , busy , active",2022-02-15 15:25:09,2,True,1.0,2.0,False,year: 2022 month: 02 day: 15,0.6800852417945862,0.967915952205658
49,4880,"tired , moody , sluggish",2022-02-17 15:50:37,2,True,0.0,1.0,False,year: 2022 month: 02 day: 17,-1.0472437143325806,0.21658740937709808
49,4881,"fine , neutral , tired",2022-02-17 20:30:27,2,True,0.0,1.0,False,year: 2022 month: 02 day: 17,0.28484228253364563,0.8588067293167114
49,4882,"excited , good , relaxed",2022-02-18 15:06:09,2,True,1.0,2.0,False,year: 2022 month: 02 day: 18,1.0950714349746704,1.1702823638916016
49,4883,"neutral , fine , relaxed",2022-02-19 15:00:27,2,True,0.0,2.0,False,year: 2022 month: 02 day: 19,0.4208833575248718,0.8441312909126282
49,4884,"drunk , enjoyable , okay",2022-02-19 20:19:57,2,True,0.0,2.0,False,year: 2022 month: 02 day: 19,0.49297165870666504,1.1450799703598022
49,4885,"fine , busy , PERSON",2022-02-22 15:32:32,2,True,0.0,2.0,False,year: 2022 month: 02 day: 22,0.7743989825248718,1.1473323106765747
49,4877,"fine , neutral , tired",2022-02-24 15:33:23,2,True,0.0,1.0,False,year: 2022 month: 02 day: 24,0.2945583462715149,0.8585676550865173
49,4887,"tired , unproductive , relaxed , sleepy , okay",2022-09-05 21:32:15,4,True,1.0,0.0,False,year: 2022 month: 09 day: 05,-0.648926317691803,0.1394832879304886
49,4888,"tired , fatigued , headache , groggy , slow",2022-09-06 11:05:22,4,True,-1.0,0.0,False,year: 2022 month: 09 day: 06,-1.3392302989959717,-0.10054664313793182
49,4889,"sluggish , reviving , okay , neutral , tired",2022-09-06 15:21:02,4,True,0.0,1.0,False,year: 2022 month: 09 day: 06,-0.3919585049152374,0.3903994858264923
49,4890,"better , frustrated , drained , coping",2022-09-06 20:26:55,4,True,1.0,2.0,False,year: 2022 month: 09 day: 06,-0.1346609741449356,0.5920803546905518
49,4891,"tired , anxious , dread , okay",2022-09-07 17:10:00,4,True,1.0,2.0,False,year: 2022 month: 09 day: 07,-0.7186455726623535,0.491163045167923
49,4892,"tired , worn out , stressed , anxious , hot",2022-09-12 16:29:48,4,True,0.0,1.0,False,year: 2022 month: 09 day: 12,-1.2777297496795654,0.2794172465801239
49,4893,"tired , sluggish , anxious",2022-09-13 12:19:08,4,True,-2.0,0.0,False,year: 2022 month: 09 day: 13,-0.816010594367981,0.3174686133861542
49,4886,"tired , anxious , sluggish",2022-09-14 15:28:45,4,True,0.0,1.0,False,year: 2022 month: 09 day: 14,-0.9468727111816406,0.4007813632488251
49,4905,"fatigued , stressed , unmotivated",2023-03-14 20:03:01,5,True,-2.0,0.0,False,year: 2023 month: 03 day: 14,-1.1278364658355713,0.31433430314064026
49,4906,"tired , resting , neutral",2023-03-15 10:26:25,5,True,0.0,0.0,False,year: 2023 month: 03 day: 15,-0.5032090544700623,0.34139344096183777
49,4907,"neutral , active , motivated",2023-03-15 15:48:24,5,True,1.0,2.0,False,year: 2023 month: 03 day: 15,0.7203474640846252,0.9872596859931946
49,4908,"pressured , stressed , active",2023-03-16 11:36:02,5,True,1.0,0.0,False,year: 2023 month: 03 day: 16,-0.15001119673252106,1.4706478118896484
49,4909,"motivated , accomplished , more energy",2023-03-16 20:05:40,5,True,1.0,2.0,False,year: 2023 month: 03 day: 16,0.9125739336013794,1.5600262880325317
49,4910,"neutral , tired , awake",2023-03-17 11:32:05,5,True,0.0,1.0,False,year: 2023 month: 03 day: 17,0.15761248767375946,0.6469254493713379
49,4911,"neutral , tired , winding down",2023-03-17 20:00:47,5,True,0.0,1.0,False,year: 2023 month: 03 day: 17,-0.08510570228099823,0.5613499879837036
49,4912,"stressed , tired , overwhelmed",2023-03-19 10:19:39,5,True,0.0,1.0,False,year: 2023 month: 03 day: 19,-0.8246753215789795,0.7315675020217896
49,4913,"relaxed , neutral , bored",2023-03-19 15:15:04,5,True,1.0,2.0,False,year: 2023 month: 03 day: 19,0.3716076612472534,0.94693922996521
49,4914,"busy , interested , motivated",2023-03-19 20:48:55,5,True,0.0,2.0,False,year: 2023 month: 03 day: 19,0.6645646691322327,1.575592279434204
49,4915,"hungover , tired , motivated , slightly stressed",2023-03-20 15:51:12,5,True,-1.0,2.0,False,year: 2023 month: 03 day: 20,-0.6506668329238892,0.39498934149742126
49,4916,"tired , winding down , slow",2023-03-20 20:01:15,5,True,0.0,0.0,False,year: 2023 month: 03 day: 20,-0.6225643754005432,0.40613865852355957
49,4917,"slow , tired , sluggish",2023-03-21 15:00:43,5,True,0.0,0.0,False,year: 2023 month: 03 day: 21,-0.5654733180999756,0.362262099981308
49,4918,"neutral , okay , slightly stressed",2023-03-21 20:00:36,5,True,0.0,1.0,False,year: 2023 month: 03 day: 21,0.3186389207839966,0.8587165474891663
49,4919,"productive , motivated , stressed",2023-03-22 15:29:12,5,True,0.0,2.0,False,year: 2023 month: 03 day: 22,0.8906606435775757,1.3848071098327637
49,4920,"accomplished , motivated , winding down",2023-03-22 20:08:51,5,True,1.0,2.0,False,year: 2023 month: 03 day: 22,0.77853924036026,0.9956238269805908
49,4894,"neutral , interested , bored",2023-03-23 20:04:09,5,True,1.0,2.0,False,year: 2023 month: 03 day: 23,0.14085711538791656,0.9763824939727783
49,4895,"tired , productive , congested",2023-03-24 11:31:18,5,True,0.0,1.0,False,year: 2023 month: 03 day: 24,-0.2416883409023285,0.3194490075111389
49,4896,"bored , tired , sluggish",2023-03-24 15:09:49,5,True,-1.0,0.0,False,year: 2023 month: 03 day: 24,-0.7864322066307068,0.43023088574409485
49,4897,"okay , bored , lively",2023-03-24 20:05:49,5,True,1.0,2.0,False,year: 2023 month: 03 day: 24,0.4234403967857361,0.8393552303314209
49,4898,"sluggish , fatigued , annoyed",2023-03-25 10:28:50,5,True,-1.0,0.0,False,year: 2023 month: 03 day: 25,-0.9398202300071716,0.3401905298233032
49,4899,"lively , active , productive",2023-03-25 15:25:07,5,True,1.0,2.0,False,year: 2023 month: 03 day: 25,0.8802029490470886,1.6236587762832642
49,4900,"energetic , productive , motivated",2023-03-25 21:03:48,5,True,1.0,2.0,False,year: 2023 month: 03 day: 25,0.7758181691169739,1.6050972938537598
49,4901,"active , okay , productive",2023-03-26 20:00:43,5,True,0.0,2.0,False,year: 2023 month: 03 day: 26,0.559380829334259,1.3231030702590942
49,4902,"okay , bored , lazy",2023-03-27 21:00:05,5,True,0.0,1.0,False,year: 2023 month: 03 day: 27,-0.16786228120326996,0.7636242508888245
49,4903,"motivated , busy , stressed",2023-03-28 11:51:28,5,True,1.0,2.0,False,year: 2023 month: 03 day: 28,0.6898773908615112,1.5481873750686646
49,4904,"winding down , sleepy , sluggish",2023-03-28 15:55:35,5,True,-1.0,0.0,False,year: 2023 month: 03 day: 28,-0.5117474794387817,0.5603496432304382
49,4932,"excited , ambitious , content",2023-06-28 10:07:00,6,True,1.0,1.0,False,year: 2023 month: 06 day: 28,0.8944095373153687,1.4811327457427979
49,4933,"sluggish , hot , slow",2023-06-28 16:16:09,6,True,0.0,0.0,False,year: 2023 month: 06 day: 28,-0.39016690850257874,0.4721473753452301
49,4934,"bored , content , fine",2023-06-28 20:20:11,6,True,1.0,0.0,False,year: 2023 month: 06 day: 28,0.3444214165210724,0.6812994480133057
49,4935,"busy , motivated , productive",2023-06-29 10:00:59,6,True,1.0,2.0,False,year: 2023 month: 06 day: 29,0.7455313801765442,1.5456476211547852
49,4936,"lively , okay , motivated",2023-06-29 15:01:13,6,True,1.0,2.0,False,year: 2023 month: 06 day: 29,0.7925599217414856,1.4582240581512451
49,4937,"late , anxious , frantic",2023-06-30 12:02:41,6,True,-1.0,2.0,False,year: 2023 month: 06 day: 30,-0.35888510942459106,1.3058762550354004
49,4938,"hungover , tired , sluggish",2023-06-30 15:00:20,6,True,-2.0,0.0,False,year: 2023 month: 06 day: 30,-0.8730887174606323,0.3516499698162079
49,4939,"tired , okay , frustrated",2023-06-30 20:23:17,6,True,0.0,1.0,False,year: 2023 month: 06 day: 30,-0.4851987361907959,0.5589304566383362
49,4940,"tired , accomplished , busy",2023-07-01 16:35:26,6,True,0.0,0.0,False,year: 2023 month: 07 day: 01,0.3063068687915802,0.699791669845581
49,4941,"tired , drained , headachey",2023-07-01 20:01:50,6,True,-1.0,0.0,False,year: 2023 month: 07 day: 01,-0.9904894828796387,0.24690131843090057
49,4942,"tired , sore , awake",2023-07-02 11:11:30,6,True,0.0,0.0,False,year: 2023 month: 07 day: 02,-0.4411832094192505,0.24524752795696259
49,4943,"tired , neutral , angry",2023-07-02 15:26:23,6,True,-1.0,0.0,False,year: 2023 month: 07 day: 02,-0.3218522071838379,0.598983645439148
49,4944,"tired , okay , neutral",2023-07-02 20:01:17,6,True,0.0,1.0,False,year: 2023 month: 07 day: 02,-0.1059228703379631,0.6227847337722778
49,4945,"tired , drunk , anxious",2023-07-03 12:01:20,6,True,-1.0,0.0,False,year: 2023 month: 07 day: 03,-0.3239888548851013,0.5906562209129333
49,4946,"tired , neutral , fine",2023-07-03 17:54:28,6,True,0.0,1.0,False,year: 2023 month: 07 day: 03,0.08077115565538406,0.611635684967041
49,4947,"neutral , hungry , fine",2023-07-03 20:31:03,6,True,0.0,0.0,False,year: 2023 month: 07 day: 03,0.4475097358226776,0.9187235236167908
49,4948,"neutral , awake , eager",2023-07-04 10:26:47,6,True,0.0,1.0,False,year: 2023 month: 07 day: 04,0.6878609657287598,0.9163291454315186
49,4949,"active , busy , eager",2023-07-04 16:03:54,6,True,0.0,1.0,False,year: 2023 month: 07 day: 04,0.6932125091552734,1.6053625345230103
49,4950,"active , okay , anxious",2023-07-04 20:35:47,6,True,1.0,2.0,False,year: 2023 month: 07 day: 04,0.48733121156692505,1.5600842237472534
49,4951,"active , busy , rushed",2023-07-05 12:00:34,6,True,0.0,2.0,False,year: 2023 month: 07 day: 05,0.5665455460548401,1.7534033060073853
49,4952,"tired , achey , swamped",2023-07-06 10:04:05,6,True,-1.0,0.0,False,year: 2023 month: 07 day: 06,-0.759215772151947,0.1454290747642517
49,4953,"active , busy , anxious",2023-07-06 15:03:22,6,True,0.0,2.0,False,year: 2023 month: 07 day: 06,0.6452603936195374,1.638828992843628
49,4954,"tired , painful , sluggish",2023-07-06 20:53:43,6,True,-2.0,0.0,False,year: 2023 month: 07 day: 06,-0.71946781873703,0.22212530672550201
49,4921,"sluggish , tired , drained",2023-07-07 12:18:01,6,True,-1.0,0.0,False,year: 2023 month: 07 day: 07,-0.8369733095169067,0.23556029796600342
49,4922,"anxious , tired , busy",2023-07-07 15:18:26,6,True,-1.0,0.0,False,year: 2023 month: 07 day: 07,-0.2138420194387436,1.173636794090271
49,4923,"neutral , overwhelmed , okay",2023-07-07 20:24:15,6,True,0.0,0.0,False,year: 2023 month: 07 day: 07,0.2807449996471405,0.9096270799636841
49,4924,"awake , neutral , tired",2023-07-08 12:14:14,6,True,0.0,1.0,False,year: 2023 month: 07 day: 08,0.30058181285858154,0.8160560131072998
49,4925,"exhausted , overwhelmed , unhappy",2023-07-08 22:29:10,6,True,-1.0,1.0,False,year: 2023 month: 07 day: 08,-0.9060292840003967,0.6135004758834839
49,4926,"active , tired , productive",2023-07-09 17:02:23,6,True,0.0,2.0,False,year: 2023 month: 07 day: 09,0.8681012988090515,1.118208646774292
49,4927,"barely awake , okay , neutral",2023-07-10 10:30:07,6,True,0.0,1.0,False,year: 2023 month: 07 day: 10,0.017678381875157356,0.6701008677482605
49,4928,"neutral , tired , okay",2023-07-10 15:05:27,6,True,0.0,1.0,False,year: 2023 month: 07 day: 10,0.12659747898578644,0.7406480312347412
49,4929,"quiet , relaxing , easy",2023-07-10 21:34:30,6,True,1.0,0.0,False,year: 2023 month: 07 day: 10,0.8918628692626953,0.74767005443573
49,4930,"awake , neutral , tired",2023-07-11 12:50:02,6,True,0.0,1.0,False,year: 2023 month: 07 day: 11,0.27993595600128174,0.822921633720398
49,4931,"tired , drained , angry",2023-07-11 15:06:19,6,True,-1.0,0.0,False,year: 2023 month: 07 day: 11,-0.8771429061889648,0.5038893222808838
53,5224,"Excited , Calm , Focused",2021-06-08 12:01:16,1,True,2.0,0.0,False,year: 2021 month: 06 day: 08,1.4244493246078491,1.0875883102416992
53,5225,"Excited , Happy , Motivated , Anxious",2021-06-09 12:04:41,1,True,2.0,1.0,False,year: 2021 month: 06 day: 09,1.338034749031067,1.4858736991882324
53,5226,"Tired , Sluggish , Busy",2021-06-10 12:03:14,1,True,0.0,1.0,False,year: 2021 month: 06 day: 10,-0.5804291367530823,0.2377370446920395
53,5227,"Excited , Anxious , Indecisive",2021-06-10 17:07:49,1,True,1.0,2.0,False,year: 2021 month: 06 day: 10,1.1681071519851685,1.6116838455200195
53,5228,"Happy , Curious , Calm",2021-06-11 12:18:55,1,True,2.0,0.0,False,year: 2021 month: 06 day: 11,1.120308518409729,1.12861168384552
53,5229,"Calm , Satisfied , Lazy",2021-06-12 12:28:02,1,True,0.0,1.0,False,year: 2021 month: 06 day: 12,1.2877901792526245,0.5817371606826782
53,5245,"Tired , Happy , At ease , Comfortable",2022-01-25 10:05:20,2,True,2.0,0.0,False,year: 2022 month: 01 day: 25,0.48299264907836914,0.4131929576396942
53,5246,"Calm , Content , Ready for work",2022-01-25 15:22:13,2,True,1.0,2.0,False,year: 2022 month: 01 day: 25,1.074475884437561,0.776522159576416
53,5247,"Content , Accomplished , Hopeful",2022-01-25 22:50:22,2,True,1.0,1.0,False,year: 2022 month: 01 day: 25,1.2317330837249756,0.9945023059844971
53,5248,"Tired , Lazy , Calm",2022-01-26 10:34:59,2,True,-1.0,0.0,False,year: 2022 month: 01 day: 26,-0.5177993774414062,0.22698788344860077
53,5249,"Content , Calm , Happy",2022-01-26 16:57:06,2,True,2.0,0.0,False,year: 2022 month: 01 day: 26,1.1654572486877441,0.7734138369560242
53,5250,"Happy , Calm , Bored",2022-01-26 20:02:26,2,True,1.0,2.0,False,year: 2022 month: 01 day: 26,1.204872965812683,0.9185797572135925
53,5251,"Tired , Stuffy nose , Content",2022-01-27 11:34:44,2,True,1.0,0.0,False,year: 2022 month: 01 day: 27,-0.11558032035827637,0.23592807352542877
53,5252,"Motivated , Ready , Hurried",2022-01-27 15:34:07,2,True,1.0,2.0,False,year: 2022 month: 01 day: 27,0.6771991848945618,1.4219821691513062
53,5253,"Bored , Content , Worried",2022-01-27 20:06:39,2,True,1.0,1.0,False,year: 2022 month: 01 day: 27,0.8407366871833801,0.8506933450698853
53,5254,"Just woke up , Content , Calm",2022-01-28 10:11:52,2,True,0.0,1.0,False,year: 2022 month: 01 day: 28,0.9345772862434387,0.8096017241477966
53,5255,"Sore , Content , Just alright",2022-01-28 15:03:00,2,True,1.0,1.0,False,year: 2022 month: 01 day: 28,0.5113410353660583,0.5937692523002625
53,5256,"Accomplished , Happy , Content",2022-01-28 22:42:06,2,True,1.0,1.0,False,year: 2022 month: 01 day: 28,1.030874490737915,1.1091419458389282
53,5257,"Ready for the weekend , Excited , Chill",2022-01-29 10:37:41,2,True,2.0,2.0,False,year: 2022 month: 01 day: 29,0.992028534412384,1.2599239349365234
53,5258,"Excited , Ready , Anxious",2022-01-29 15:20:45,2,True,2.0,2.0,False,year: 2022 month: 01 day: 29,0.9948343634605408,1.4374103546142578
53,5259,"Excited , Calm , Ready",2022-01-29 22:44:32,2,True,1.0,1.0,False,year: 2022 month: 01 day: 29,1.3264186382293701,1.2627787590026855
53,5260,"Happy , Excited , Content",2022-01-30 15:00:46,2,True,1.0,2.0,False,year: 2022 month: 01 day: 30,1.3345794677734375,1.1857783794403076
53,5261,"Happy , Excited , Content",2022-01-31 10:55:35,2,True,1.0,1.0,False,year: 2022 month: 01 day: 31,1.3083635568618774,1.1784164905548096
53,5262,"Calm , Relaxed , Happy",2022-01-31 15:04:42,2,True,1.0,1.0,False,year: 2022 month: 01 day: 31,1.096158742904663,0.6379150152206421
53,5263,"Calm , Content , Bored",2022-02-02 21:17:04,2,True,1.0,1.0,False,year: 2022 month: 02 day: 02,1.1300309896469116,0.6017174124717712
53,5230,"Tired , Quiet , Calm",2022-02-03 11:18:11,2,True,0.0,1.0,False,year: 2022 month: 02 day: 03,-0.3089160621166229,0.4074845314025879
53,5231,"Rushed , Anxious , Content",2022-02-03 15:00:47,2,True,1.0,1.0,False,year: 2022 month: 02 day: 03,0.5895959734916687,1.5959761142730713
53,5232,"Bored , Calm , Unbothered",2022-02-03 20:37:00,2,True,1.0,1.0,False,year: 2022 month: 02 day: 03,0.705518364906311,0.7162047624588013
53,5233,"Tired , Unmotivated , Restless",2022-02-04 10:34:44,2,True,-2.0,0.0,False,year: 2022 month: 02 day: 04,-1.0701243877410889,0.34378013014793396
53,5234,"Rushed , Ready , Stressed",2022-02-04 15:02:27,2,True,1.0,2.0,False,year: 2022 month: 02 day: 04,0.4589504301548004,1.5880482196807861
53,5235,"Bored , Content , Happy",2022-02-04 20:34:07,2,True,1.0,1.0,False,year: 2022 month: 02 day: 04,1.1160038709640503,0.8589191436767578
53,5236,"Tired , Lazy , Calm",2022-02-05 11:26:01,2,True,-2.0,0.0,False,year: 2022 month: 02 day: 05,-0.483661413192749,0.21499212086200714
53,5237,"Sluggish , Tired , Calm",2022-02-05 15:03:06,2,True,1.0,0.0,False,year: 2022 month: 02 day: 05,-0.8409718871116638,0.0916202962398529
53,5238,"Tired , Drained , Sleepy",2022-02-06 11:12:24,2,True,0.0,1.0,False,year: 2022 month: 02 day: 06,-0.9607619643211365,0.1053578108549118
53,5239,"Happy , Content , Hyper",2022-02-06 20:04:58,2,True,1.0,1.0,False,year: 2022 month: 02 day: 06,1.3484976291656494,1.2048559188842773
53,5240,"Calm , Happy , Content",2022-02-07 11:23:10,2,True,0.0,1.0,False,year: 2022 month: 02 day: 07,1.2326271533966064,0.8297386765480042
53,5241,"Happy , Lively , Active",2022-02-07 16:53:55,2,True,2.0,1.0,False,year: 2022 month: 02 day: 07,1.328866958618164,1.5626435279846191
53,5242,"Tired , Sluggish , Calm",2022-02-08 11:35:52,2,True,-1.0,0.0,False,year: 2022 month: 02 day: 08,-0.7223726511001587,0.08039657771587372
53,5243,"Tired , Sluggish , Unmotivated",2022-02-08 15:05:00,2,True,-1.0,0.0,False,year: 2022 month: 02 day: 08,-1.0874998569488525,0.26879993081092834
53,5244,"Happy , Calm , Relaxed",2022-02-08 20:14:11,2,True,1.0,1.0,False,year: 2022 month: 02 day: 08,1.391355276107788,0.7544092535972595
70,4840,"Good , content , excited , satisfied , reflective",2024-10-31 12:37:43,7,True,0.0,1.0,False,year: 2024 month: 10 day: 31,1.3283953666687012,1.0365949869155884
70,4841,"peaceful , excited , focused , satisfied , happy",2024-10-31 17:12:48,7,True,1.0,1.0,False,year: 2024 month: 10 day: 31,1.3719961643218994,0.7470158934593201
70,4842,"Have been feeling normal and good , have been trying to sleep after coming from work today and people around me have nor been able to sleep because they have been watching movie in my room since so I wasn ' t able to sleep .",2024-10-31 22:03:33,7,False,0.0,1.0,False,year: 2024 month: 10 day: 31,-0.008891476318240166,0.22256742417812347
70,4843,"calm , quiet , peaceful , satisfied , calm",2024-11-01 12:10:18,7,True,0.0,0.0,False,year: 2024 month: 11 day: 01,0.8905455470085144,0.5617385506629944
70,4844,"I ' m just feeling happy because my day was good and I saw somethings that really impressed me today , I wasn ' t even expecting anything good today but unfortunately it happens ,   so I ' m grateful for that .",2024-11-01 22:08:12,7,False,1.0,1.0,False,year: 2024 month: 11 day: 01,1.5058414936065674,0.728886604309082
70,4845,"I ' m just feel okay with everything around me , I ' m just feeling normal today , I ' m also trying to maintain my steez , I don ' t want anything that will spoil my day so avoiding anything called problem today .",2024-11-02 12:55:02,7,False,0.0,1.0,False,year: 2024 month: 11 day: 02,0.6413832902908325,0.47793304920196533
70,4846,"lonely , quiet , gentle , calm , bored",2024-11-02 22:08:54,7,True,0.0,0.0,False,year: 2024 month: 11 day: 02,-0.13947591185569763,0.4763529300689697
70,4847,I ' m just feeling Good and happy because I met a beautiful damsel that really likes me and she has been complimenting me since and I really like too I wish to be with her for the rest of the day she really respect me alot .,2024-11-03 12:15:23,7,False,1.0,1.0,False,year: 2024 month: 11 day: 03,1.3861467838287354,1.0778778791427612
70,4848,"happy , calm , amusement , love , calm",2024-11-03 17:15:36,7,True,0.0,1.0,False,year: 2024 month: 11 day: 03,1.5162506103515625,0.8363752365112305
70,4849,"I ' m feeling normal , I didn ' t really feel anything today but we experienced any bad thing today nothing has changed my day from good to bad , and nothing has really make my day to be that Interesting . Everything has been in a normal condition .",2024-11-03 22:08:50,7,False,0.0,1.0,False,year: 2024 month: 11 day: 03,0.4352545440196991,0.6854906678199768
70,4851,"happy , awesome , Good , nice , calm",2024-11-04 12:11:31,7,True,1.0,1.0,False,year: 2024 month: 11 day: 04,1.5041906833648682,0.7800014615058899
70,4852,"loved , excited , cool , content , nice",2024-11-04 17:08:36,7,True,0.0,1.0,False,year: 2024 month: 11 day: 04,1.3482908010482788,1.0567160844802856
70,4853,"relaxed , nervous , confused , overwhelmed , lonely",2024-11-04 22:08:27,7,True,0.0,1.0,False,year: 2024 month: 11 day: 04,-0.09383781254291534,0.9860235452651978
70,4854,"active , cool , reserved , content , joyful",2024-11-05 12:09:49,7,True,0.0,2.0,False,year: 2024 month: 11 day: 05,1.17277193069458,1.115241289138794
70,4855,"nervous , proud , grateful , content , relaxed",2024-11-05 17:02:55,7,True,0.0,1.0,False,year: 2024 month: 11 day: 05,0.5175031423568726,1.0340278148651123
70,4856,"I ' m feeling good and active , I ' m just trying to observe everything and around Me . And make I ' m also doing what is right , and keep people around me active , and try to make everything around me to feel good , no bad energy .",2024-11-05 22:10:50,7,False,0.0,2.0,False,year: 2024 month: 11 day: 05,0.9578090906143188,1.2396446466445923
70,4857,"I ' m active watching some online videos so that I can gain more experience about the new thing I want to start doing , I ' m about to start learning some new thing to expand my knowledge and have been working towards that lately .",2024-11-06 17:28:52,7,False,0.0,2.0,False,year: 2024 month: 11 day: 06,0.7803733348846436,1.276856541633606
70,4858,"I ' m just feeling good and also feeling like I want to sleep , I have rested I ' m just moving from one task to another so that I will be able to finish my task for the week , so that I will be able to enjoy my weekend and have time to rest .",2024-11-06 22:01:53,7,False,0.0,2.0,False,year: 2024 month: 11 day: 06,0.6640177369117737,0.47433850169181824
70,4859,"I ' m feeling active , my eyes are opened and I ' m looking sharp , because I ' m feeling dull and calm at all , have try to play some online games with my old school friends but have winning since so they are just wondering , hoe I ' m so good in all those games .",2024-11-07 17:49:27,7,False,0.0,2.0,False,year: 2024 month: 11 day: 07,0.8694210052490234,0.9246695041656494
70,4860,"uncertain , eager , restless , astonished , agitated",2024-11-07 22:10:53,7,True,0.0,1.0,False,year: 2024 month: 11 day: 07,-0.2819547951221466,1.6120871305465698
70,4861,"active , satisfied , secured , hopeful , Good",2024-11-08 12:24:33,7,True,0.0,2.0,False,year: 2024 month: 11 day: 08,0.9793615937232971,1.2463715076446533
70,4862,"content , patient , good , appreciated , nice",2024-11-08 17:15:16,7,True,0.0,1.0,False,year: 2024 month: 11 day: 08,1.2160375118255615,0.6389170289039612
70,4863,"I ' m just feeling chilled and relaxed , have got some chilled drink with me to calm myself down and been playing some interesting movie so that I will be able to calm my head down , and the movie that I ' m watching is so interesting .",2024-11-08 22:12:25,7,False,0.0,1.0,False,year: 2024 month: 11 day: 08,0.5977362990379333,0.38611507415771484
70,4864,"Good , content , hopeful , nice , better",2024-11-09 12:28:09,7,True,0.0,1.0,False,year: 2024 month: 11 day: 09,1.2666095495224,0.9549249410629272
70,4865,"dizzy , cool , content , hopeful , calm",2024-11-09 17:03:33,7,True,0.0,1.0,False,year: 2024 month: 11 day: 09,0.5854690074920654,0.8174570798873901
70,4866,"good , nice , content , okay , joyful",2024-11-09 22:10:05,7,True,0.0,1.0,False,year: 2024 month: 11 day: 09,1.2027111053466797,0.8828117847442627
70,4867,"protective , relived , disgurt , calm , good",2024-11-10 12:52:41,7,True,0.0,1.0,False,year: 2024 month: 11 day: 10,1.1418991088867188,0.7825311422348022
70,4868,"quiet , curious , gentle , calm , focused",2024-11-10 17:45:48,7,True,0.0,0.0,False,year: 2024 month: 11 day: 10,0.6281033158302307,0.5969780683517456
70,4869,"active , energized , reflective , focused , grateful",2024-11-10 22:06:50,7,True,0.0,2.0,False,year: 2024 month: 11 day: 10,0.48361754417419434,1.9182162284851074
70,4870,"I ' m just feeling too calm , because I don ' t really have energy to do much work today , and my friends at work has been telling me that I ' m looking dull and acting sluggishly but I think I ' m just having low energy .",2024-11-11 12:47:51,7,False,0.0,0.0,False,year: 2024 month: 11 day: 11,-0.21036118268966675,0.3189772665500641
70,4871,"overwhelmed , tired , hopeful , curious , content",2024-11-11 17:43:24,7,True,0.0,1.0,False,year: 2024 month: 11 day: 11,-0.33940646052360535,0.5298765897750854
70,4872,"I ' m feeling active right now , I went to a store to get some drugs for myself so that I will be able to look sharp and stay sharp even though it took me sometime before I could get it because I can not find it in any nearest store .",2024-11-11 22:07:29,7,False,0.0,2.0,False,year: 2024 month: 11 day: 11,0.521145761013031,1.2405980825424194
70,4955,"grateful , anxious , hopeful , imspired , curious",2024-11-12 17:22:10,7,True,0.0,1.0,False,year: 2024 month: 11 day: 12,0.637735903263092,1.607201099395752
70,4956,"I ' m just feeling normal but I think I need to relax because have been working since and I did not feel like I ' m tired yet , I still have the energy to work more today but I do not want to over work myself today so that I will be able to wake early tomorrow .",2024-11-12 22:05:49,7,False,0.0,1.0,False,year: 2024 month: 11 day: 12,0.02912026084959507,0.49081262946128845
70,4957,"relaxed , cool , nice , calm , joyful",2024-11-13 12:42:08,7,True,0.0,1.0,False,year: 2024 month: 11 day: 13,1.1130104064941406,0.6557202339172363
70,4958,"jovial , active , good , nice , content",2024-11-13 17:32:50,7,True,0.0,1.0,False,year: 2024 month: 11 day: 13,1.049931526184082,1.2151291370391846
70,4959,"I ' m just feeling normal and quiet , have playing game ever since have came back from work and have abandoned something I ' m suppose to do at at home because I want to play game , I was suppose to cook bit I didn ' t .",2024-11-13 22:07:25,7,False,0.0,1.0,False,year: 2024 month: 11 day: 13,0.1502101868391037,0.6017465591430664
110,1929,"I ' m sick with a cold , so taking it easy and focused in relaxing and healing . I ' m feeling content and mellow . I feel like I can just focus on what I need to today and not take on any additional worries or stress .",2024-10-23 12:33:46,7,False,1.0,0.0,False,year: 2024 month: 10 day: 23,0.7710403800010681,0.20772074162960052
110,1937,I ' m tired and low energy but feeling peaceful and quiet in nature right now . I ' m excited and happy about my plans for tonight and feeling grateful for a positive day so far . I ' m currently enjoying being still and in solitude .,2024-10-25 17:00:33,7,False,-1.0,0.0,False,year: 2024 month: 10 day: 25,0.9746774435043335,0.17310315370559692
110,1939,"I feel like I have a busy , somewhat demanding day and feel a bit frazzled because of it . I ' m juggling a lot of needs . I ' m also feeling happy and pleased with our plans for today . My heart feels full and I ' m excited for the day .",2024-10-26 12:12:18,7,False,1.0,0.0,False,year: 2024 month: 10 day: 26,0.44943588972091675,1.0143669843673706
110,1946,I ' m having a busy morning and juggling a lot and feeling excited and a bit overwhelmed . I am feeling rushed and hyper . I ' m a little nervous for my packed day but I feel responsible and competent . I feel like I can handle today .,2024-10-28 12:46:58,7,False,0.0,2.0,False,year: 2024 month: 10 day: 28,0.01505478285253048,1.7895342111587524
110,1948,"I ' m tired and low energy after a long , busy day . My body is sore and I ' m fatigued and worried about it getting worse . I ' m feeling slow and decisive about how I want to intentionally spend my remaining energy for the night .",2024-10-28 22:01:27,7,False,-1.0,0.0,False,year: 2024 month: 10 day: 28,-1.4123284816741943,-0.15053294599056244
110,1949,"I ' m feeling busy and happy . I ' m feeling a little frustrated and incompetent with a project . I ' m overall hopeful and focused , especially as I have a full plate . I feel caring and gentle with the people I love .",2024-10-29 17:00:36,7,False,1.0,1.0,False,year: 2024 month: 10 day: 29,1.0301357507705688,1.3818135261535645
110,1950,"I ' m tired and dragging after a long , busy day . I ' m feeling a little burned out and slow , but my heart is also full and I feel grateful for what I have and a good day . I ' m feeling present and grounded .",2024-10-29 22:33:20,7,False,0.0,1.0,False,year: 2024 month: 10 day: 29,-0.5236111283302307,-0.20282123982906342
110,1955,"I ' m excited and happy for today ' s plans . I ' m feeling energetic and ready for the day . I ' m feeling grateful , thankful and busy . I ' m feeling especially caring and thoughtful towards my loved ones today .",2024-10-31 12:46:11,7,False,1.0,1.0,False,year: 2024 month: 10 day: 31,1.4128528833389282,1.7101671695709229
110,1956,"I feel occupied , busy and happy . I ' m excited about the day and enjoying myself and the company of others . I ' m feeling busy in a good , positive way . I ' m feeling good energy and surrounded by joy and companionship .",2024-10-31 17:05:28,7,False,2.0,1.0,False,year: 2024 month: 10 day: 31,0.8852725028991699,1.6586134433746338
110,1958,"My heart is full and I feel caring and thoughtful . I am tired from a long day yesterday so I ' m feeling slow and exhausted . I ' m feeling a little nervous about responsibilities later today , but I am overall hopeful that I am capable of handling them .",2024-11-01 12:40:12,7,False,-1.0,0.0,False,year: 2024 month: 11 day: 01,0.6824497580528259,0.78450608253479
110,1959,I am feeling wholesome and cozy and safe at home . I ' m tired after an overstimulating day and I am happy to be in my own space and calm . I am busy puttering around and content with feeling sleepy after a long day .,2024-11-01 22:00:58,7,False,0.0,0.0,False,year: 2024 month: 11 day: 01,1.4833533763885498,0.15218712389469147
110,1960,"I am feeling tired , low energy and unmotivated after a poor night ' s sleep and beginning to feel sick . I am having to push myself to take care of my responsibilities . I am hopeful that I will get some rest today .",2024-11-02 12:05:54,7,False,-2.0,0.0,False,year: 2024 month: 11 day: 02,-1.457931637763977,-0.24998660385608673
110,1967,"I am feeling busy , happy and content this evening . I am feeling engaged and cozy in my home and feeling connected with my family . I am feeling safe and relaxed and enjoying this day , and feeling present in the moment .",2024-11-03 22:03:30,7,False,1.0,1.0,False,year: 2024 month: 11 day: 03,1.228726863861084,1.2172610759735107
110,1971,"I am feeling happy , amused and occupied . I am feeling entertained and engaged . I am happy and feeling silly . I am enjoying the company that I am with and feeling gregarious and friendly . I am looking forward a relaxing evening tonight .",2024-11-05 17:16:02,7,False,1.0,1.0,False,year: 2024 month: 11 day: 05,1.2589080333709717,1.3988227844238281
110,1930,"Sleepy , Sick , Relaxed , Mellow , Sentimental",2024-10-23 17:24:56,7,True,-1.0,0.0,False,year: 2024 month: 10 day: 23,-0.018780631944537163,0.19782564043998718
110,1931,"Calm , Focused , Tired , Sick , Thankful",2024-10-23 22:01:14,7,True,-1.0,0.0,False,year: 2024 month: 10 day: 23,0.8940076231956482,0.5188464522361755
110,1933,"Sick , Tired , Rushed , Stressed , Unbalanced",2024-10-24 12:02:33,7,True,-2.0,0.0,False,year: 2024 month: 10 day: 24,-0.9620916247367859,0.19407589733600616
110,1934,"Engaged , Warm , Happy , Interested , Active",2024-10-24 17:04:32,7,True,2.0,1.0,False,year: 2024 month: 10 day: 24,1.1240154504776,1.605475902557373
110,1935,"Fluttery , Busy , Distracted , Content , Sleepy",2024-10-24 22:08:45,7,True,1.0,0.0,False,year: 2024 month: 10 day: 24,0.6747304797172546,1.570663571357727
110,1936,"Tired , Pensive , Busy , Slow , Uninterested",2024-10-25 12:32:30,7,True,-1.0,0.0,False,year: 2024 month: 10 day: 25,-0.6199955344200134,0.1917179971933365
110,1938,"Chill , Focused , Thoughtful , Creative , Calm",2024-10-25 22:32:58,7,True,1.0,0.0,False,year: 2024 month: 10 day: 25,0.4788113236427307,0.720047652721405
110,1940,"Happy , Active , Engaged , Interested , Curious",2024-10-26 17:57:59,7,True,1.0,1.0,False,year: 2024 month: 10 day: 26,0.9422150254249573,1.5961389541625977
110,1941,"Indifferent , Mellow , Sluggish , Pensive , Distracted",2024-10-26 22:43:35,7,True,0.0,1.0,False,year: 2024 month: 10 day: 26,-0.5200690031051636,0.6261498332023621
110,1942,"Defeated , Exhausted , Down , Overwhelmed , Annoyed",2024-10-27 12:34:14,7,True,-1.0,1.0,False,year: 2024 month: 10 day: 27,-1.7219443321228027,0.41889649629592896
110,1944,"Busy , Happy , Creative , Silly , Playful",2024-10-27 17:41:42,7,True,1.0,1.0,False,year: 2024 month: 10 day: 27,1.0924915075302124,1.7109527587890625
110,1945,"Occupied , Focused , Goaloriented , Active , Competent",2024-10-27 22:20:41,7,True,1.0,1.0,False,year: 2024 month: 10 day: 27,0.3148845136165619,1.7619065046310425
110,1947,"Calm , Indifferent , Hungry , Tender , Even",2024-10-28 17:51:41,7,True,0.0,1.0,False,year: 2024 month: 10 day: 28,0.5683063268661499,0.7155848145484924
110,1951,"Happy , Focused , Busy , Excited , Irritated",2024-10-30 12:07:25,7,True,1.0,1.0,False,year: 2024 month: 10 day: 30,1.3464438915252686,1.5120365619659424
110,1952,"Overwhelmed , Pessimistic , Bummed Out , Down , Defeated",2024-10-30 17:45:36,7,True,-1.0,1.0,False,year: 2024 month: 10 day: 30,-1.710227370262146,0.4181561768054962
110,1953,"Calm , Content , Chill , Dutiful , Caring",2024-10-30 22:11:05,7,True,1.0,0.0,False,year: 2024 month: 10 day: 30,1.1221100091934204,0.4463319480419159
110,1957,"Exhausted , Pooped , Fatigued , Slow , Sluggish",2024-10-31 22:56:53,7,True,-1.0,0.0,False,year: 2024 month: 10 day: 31,-1.702301263809204,0.1931852400302887
110,1965,"Drained , Bored , Uninspired , Zoned Out , Tired",2024-11-02 22:14:52,7,True,0.0,0.0,False,year: 2024 month: 11 day: 02,-1.2664849758148193,0.31851938366889954
110,1966,"Easygoing , Still , Mellow , Introspective , Content",2024-11-03 17:23:31,7,True,0.0,1.0,False,year: 2024 month: 11 day: 03,0.822719156742096,0.7099853754043579
110,1968,"Peaceful , Focused , Patient , Understanding , Calm",2024-11-04 22:05:04,7,True,1.0,0.0,False,year: 2024 month: 11 day: 04,1.0968884229660034,0.4120122194290161
110,1970,"Hopeful , Energized , Grateful , Reflective , Unstoppable",2024-11-05 12:25:28,7,True,1.0,1.0,False,year: 2024 month: 11 day: 05,1.0674197673797607,1.4307514429092407
110,1972,"On edge , Nervous , Anxious , Pensive , Worried",2024-11-05 22:35:55,7,True,-1.0,2.0,False,year: 2024 month: 11 day: 05,-0.6800466179847717,1.9385590553283691
135,3154,"Right now , I’m feeling a mix of excitement and a bit of anxiety . There’s so much going on in my life—projects at work , personal goals , and trying to maintain a balance between everything . The excitement comes from the opportunities ahead , especially with a few upcoming events that I’m looking forward to .",2024-10-26 17:05:20,7,False,0.0,2.0,False,year: 2024 month: 10 day: 26,0.8286754488945007,1.617270588874817
135,3155,"ChatGPT 4o mini \ n \ nLog in \ nYou said :\ nHi \ nChatGPT said :\ nChatGPT \ nHi there ! How can I assist you today ?\ n \ n \ n \ nYou said :\ nProvide a likely human response to this question \nChatGPT said :\ nChatGPT \ nSure ! What question would you like a human response for ?\ n \ n \ n \ nYou said :\ nplease describe in 2 to 3 sentences how you are currently feeling . (200 words minimum) \ nChatGPT said :\ nChatGPT \ nRight now , I feel a mix of excitement and curiosity . There ' s a sense of anticipation for what the day might bring , alongside a desire to connect and share thoughts with others . I’m also reflecting on recent experiences , which adds a layer of introspection to my mood . Overall , it ' s a dynamic blend of emotions that keeps me engaged with the world around me .\ n \ nIf I were to expand on that , I’d say that excitement often drives me to seek new opportunities and experiences , while curiosity pushes me to explore ideas and learn more . It ' s a reminder of how varied our feelings can be , and how they shape our interactions and perceptions . Engaging with others , whether",2024-10-26 22:02:33,7,False,0.0,1.0,False,year: 2024 month: 10 day: 26,0.4012777507305145,0.36479082703590393
135,3156,"I ' m currently feeling a mix of curiosity and contentment . There’s a sense of excitement as I engage with different topics and ideas , and I appreciate the opportunity to connect with others . The exchange of thoughts keeps me motivated and eager to learn more , which adds a layer of fulfillment to my day .",2024-10-27 12:06:46,7,False,1.0,2.0,False,year: 2024 month: 10 day: 27,1.0546174049377441,1.5262807607650757
135,3160,"I’m feeling really happy right now ! Everything seems to be falling into place , and I’ve been enjoying quality time with friends and family . The little things , like a beautiful day outside or a good book , have been bringing me so much joy .",2024-10-28 12:12:19,7,False,2.0,1.0,False,year: 2024 month: 10 day: 28,1.3568373918533325,1.0980074405670166
135,3161,"Right now , I’m feeling a mix of excitement and a bit of anxiety . There’s so much going on in my life—projects at work , personal goals , and trying to maintain a balance between everything . The excitement comes from the opportunities ahead , especially with a few upcoming events that I’m looking forward to .",2024-10-28 17:27:44,7,False,1.0,2.0,False,year: 2024 month: 10 day: 28,0.8182587027549744,1.619979739189148
135,3162,"Currently , I ' m feeling quite calm . It’s as if the chaos of the day has settled , and I can finally breathe . I’ve taken some time to reflect and focus on the present , which has helped me find clarity amidst any lingering worries . The gentle rhythm of my surroundings adds to this sense of tranquility , making it easier to appreciate the little things .",2024-10-29 12:03:18,7,False,2.0,0.0,False,year: 2024 month: 10 day: 29,1.0392497777938843,0.3895496726036072
135,3164,"Right now , i feel sluggishly calm . It’s one of those days where everything feels slow , and I’m just going with the flow . I’m enjoying the quiet , but there’s also a heaviness in my limbs that makes it hard to get motivated . It’s nice to relax , but I can’t help but feel like I should be doing more .",2024-10-29 22:10:52,7,False,-2.0,0.0,False,year: 2024 month: 10 day: 29,0.7028231024742126,0.37849393486976624
135,3167,"I’m feeling really upbeat today ! The sun is shining , and I’ve got a sense of energy that makes everything seem possible . It’s one of those days where even the little things bring joy—like a good cup of coffee or a catchy song on the phone .",2024-10-30 22:03:30,7,False,1.0,1.0,False,year: 2024 month: 10 day: 30,1.1310255527496338,1.4995037317276
135,3175,"I’m feeling optimistic these days . There’s a sense of hopefulness about the future , and I’m excited about the possibilities that lie ahead . Whether it’s personal projects or new opportunities at work , I believe that positive change is just around the corner .",2024-11-02 12:44:14,7,False,2.0,2.0,False,year: 2024 month: 11 day: 02,1.1260331869125366,1.5527048110961914
135,3176,"I’m feeling pretty upbeat today ! There’s an exciting energy in the air that makes everything feel a bit brighter . I’ve been enjoying some good moments , like connecting with friends and diving into new projects that spark my creativity .",2024-11-02 22:05:17,7,False,1.0,2.0,False,year: 2024 month: 11 day: 02,1.179297924041748,1.588122010231018
135,3178,"I’m feeling pretty upbeat today ! There’s an exciting energy in the air that makes everything feel a bit brighter . I’ve been enjoying some good moments , like connecting with friends and diving into new projects that spark my creativity .",2024-11-03 17:03:43,7,False,1.0,1.0,False,year: 2024 month: 11 day: 03,1.172287106513977,1.6025340557098389
135,3180,"At the moment , I feel a deep sense of calm that envelops me like a gentle breeze . This tranquility allows me to fully appreciate the present , as if time has slowed down just enough for me to take everything in .",2024-11-03 22:03:52,7,False,2.0,0.0,False,year: 2024 month: 11 day: 03,0.9949861168861389,0.5988761186599731
135,3182,"I’m feeling pretty upbeat today ! There’s an exciting energy in the air that makes everything feel a bit brighter . I’ve been enjoying some good moments , like connecting with friends and diving into new projects that spark my creativity .",2024-11-04 17:13:01,7,False,2.0,1.0,False,year: 2024 month: 11 day: 04,1.1751635074615479,1.6065740585327148
135,3187,"Right now , I’m feeling really happy . There’s a sense of contentment and calmness that’s filling my mind , and it feels good to just be in the moment . It’s a type of happiness that comes from within nothing extravagant , but still fulfilling .",2024-11-06 17:11:56,7,False,1.0,1.0,False,year: 2024 month: 11 day: 06,1.4068454504013062,0.9566527009010315
135,3192,"Right now , I’m feeling really active and full of energy . There’s this buzz of motivation running through me , and I just want to keep moving—whether it’s tackling tasks or going for a workout . My body feels alert , like it’s ready to take on whatever comes my way . I’m not exactly sure what sparked this energy , but it’s a great feeling . I’m definitely in the zone , and everything around me feels like it has more potential .",2024-11-08 22:09:29,7,False,0.0,2.0,False,year: 2024 month: 11 day: 08,0.5361683964729309,1.9412846565246582
135,3153,"Active , Energetic , Happy , Amazing , Superb",2024-10-26 12:06:15,7,True,0.0,2.0,False,year: 2024 month: 10 day: 26,0.7599086165428162,1.8398730754852295
135,3158,"Calm , Reserved , Somewhat happy , Amazed , Cool",2024-10-27 17:07:52,7,True,2.0,0.0,False,year: 2024 month: 10 day: 27,1.059241771697998,0.7758454084396362
135,3159,"Slow , Dizzy , Sluggish , Tired , Neutral",2024-10-27 22:01:27,7,True,-2.0,0.0,False,year: 2024 month: 10 day: 27,-1.060347557067871,0.35189858078956604
135,3163,"active , cool , unique , splendid , superb",2024-10-29 17:15:04,7,True,0.0,2.0,False,year: 2024 month: 10 day: 29,1.0621150732040405,1.4688758850097656
135,3165,"Active , Lively , sharp , Good , Astonished",2024-10-30 12:22:02,7,True,1.0,2.0,False,year: 2024 month: 10 day: 30,0.7126643061637878,1.8001692295074463
135,3166,"Lively , Active , Happy , Contented , Tireless",2024-10-30 17:43:04,7,True,1.0,2.0,False,year: 2024 month: 10 day: 30,0.9793341755867004,1.7646973133087158
135,3169,"Happy , Active , Cool , Superb , Elevated",2024-10-31 12:19:25,7,True,1.0,1.0,False,year: 2024 month: 10 day: 31,1.260877013206482,1.4227805137634277
135,3170,"Happy , Cool , Splendid , Special , Superb",2024-10-31 17:09:24,7,True,1.0,2.0,False,year: 2024 month: 10 day: 31,1.7867624759674072,1.1193888187408447
135,3171,"Neutal , Relief , Calm , Reserved , Cool",2024-10-31 22:19:02,7,True,0.0,1.0,False,year: 2024 month: 10 day: 31,0.8365783095359802,0.7776761054992676
135,3172,"cool , Neutral , Fine , Splendid , Reserved",2024-11-01 12:03:05,7,True,0.0,2.0,False,year: 2024 month: 11 day: 01,0.7110845446586609,0.8340533375740051
135,3173,"Cool , Happy , Active , Superb , Amazed",2024-11-01 17:15:21,7,True,0.0,2.0,False,year: 2024 month: 11 day: 01,1.2818458080291748,1.4293771982192993
135,3174,"Happy , Cool , Lively , Active , Sensitive",2024-11-01 22:17:40,7,True,1.0,1.0,False,year: 2024 month: 11 day: 01,1.3688938617706299,1.618882179260254
135,3177,"Cool , Active , Reserved , Happy , Joyfull",2024-11-03 12:49:25,7,True,0.0,2.0,False,year: 2024 month: 11 day: 03,1.3083877563476562,1.2616462707519531
135,3181,"Happy , Cool , Active , Reserved , Calm",2024-11-04 12:56:35,7,True,0.0,2.0,False,year: 2024 month: 11 day: 04,1.3515130281448364,1.142625093460083
135,3183,"Fantastic , Happy , Active , Lively , Cool",2024-11-04 22:05:01,7,True,2.0,2.0,False,year: 2024 month: 11 day: 04,1.1974637508392334,1.6230154037475586
135,3184,"Active , Cool , Happy , Good , Special",2024-11-05 12:25:53,7,True,2.0,1.0,False,year: 2024 month: 11 day: 05,0.9095605611801147,1.6169285774230957
135,3185,"Reserved , Active , Happy , Cool , Amazed",2024-11-05 17:10:41,7,True,0.0,2.0,False,year: 2024 month: 11 day: 05,1.039105772972107,1.4845932722091675
135,3186,"Good , Happy , Active , Cool , Reserved",2024-11-06 12:43:22,7,True,1.0,1.0,False,year: 2024 month: 11 day: 06,1.166811466217041,1.3121296167373657
135,3188,"Cool , Reserved , Neutral , Calm , Normal",2024-11-07 17:49:07,7,True,0.0,1.0,False,year: 2024 month: 11 day: 07,0.5168395042419434,0.9057195782661438
135,3189,"Active , Lively , Happy , Cool , Fine",2024-11-08 12:02:25,7,True,1.0,2.0,False,year: 2024 month: 11 day: 08,0.9623122215270996,1.6523029804229736
135,3191,"happy , active , cool , reserved , fine",2024-11-08 17:29:25,7,True,0.0,2.0,False,year: 2024 month: 11 day: 08,1.168322205543518,1.0238014459609985
118,2431,"I ' m sleepy , A little apprehensive about tomorrow being Monday , and it will be a long week . But I ' m mostly relaxed . I ' m ready to go to bed and hope to sleep well . One of my kids goes on a trip tomorrow so I ' ll miss her .",2024-09-22 22:59:13,7,False,0.0,0.0,False,year: 2024 month: 09 day: 22,-0.32521095871925354,-0.010113910771906376
118,2432,"I feel ok but a little tired . I was awake early , getting the kids ready for the day . Work is a bit annoying . I ' m trying to also get some exercise in soon but am not super motivated . Looking forward to the workday being over .",2024-09-23 12:06:03,7,False,-1.0,0.0,False,year: 2024 month: 09 day: 23,-0.53370201587677,0.20311541855335236
118,2433,"I feel pretty ok . Am outside in nice fall weather , my kid is playing . I ' m a bit tired , it being the afternoon . But I ' m not in a bad mood and feel relatively peaceful .   Looking forward to a quiet evening",2024-09-23 17:10:44,7,False,-2.0,0.0,False,year: 2024 month: 09 day: 23,1.2266266345977783,0.438974529504776
118,2434,"calm , tired , relaxed , sore , fine",2024-09-23 22:04:13,7,True,1.0,1.0,False,year: 2024 month: 09 day: 23,0.48316168785095215,0.469066858291626
118,2435,"Fine , Hungry , Bit of a headache , Impatient , Average",2024-09-24 12:02:53,7,True,0.0,1.0,False,year: 2024 month: 09 day: 24,0.08175850659608841,0.8307677507400513
118,2436,"I feel fine , pretty peaceful and calm . Trying to think ahead to what remains of the day , dinner and finishing work . Sitting outside and the weather is nice so that makes me feel good . Not feeling too overwhelmed .",2024-09-24 17:03:02,7,False,1.0,1.0,False,year: 2024 month: 09 day: 24,1.0145152807235718,0.4240724444389343
118,2438,"relaxed , calm , sleepy , fine , ok",2024-09-24 22:14:38,7,True,1.0,1.0,False,year: 2024 month: 09 day: 24,0.709977388381958,0.6163002848625183
118,2439,"fairly alert , active , calm , a bit anxious , ready for the day",2024-09-25 12:00:45,7,True,0.0,1.0,False,year: 2024 month: 09 day: 25,0.6388780474662781,1.439035415649414
118,2440,"I feel fine . I am happy my kid is home from her trip . I am also a bit overwhelmed with work , as usual . Wish I had more energy . But I am not in a bad mood . Overall feeling pretty ok , ready for the rest of my day .",2024-09-25 17:00:40,7,False,0.0,1.0,False,year: 2024 month: 09 day: 25,0.9586086869239807,0.5997710227966309
118,2441,"fine , relieved , calm , sleepy , hungry",2024-09-25 22:02:47,7,True,1.0,0.0,False,year: 2024 month: 09 day: 25,0.9646180272102356,0.7625280618667603
118,2442,"Pretty good , Small headache , I have some energy , Pleased its almost the weekend , Relaxed",2024-09-26 12:00:45,7,True,1.0,1.0,False,year: 2024 month: 09 day: 26,0.9632424712181091,0.6640807390213013
118,2443,"have a headache , a bit worried I ' m sick , a bit sleepy , calm , fine",2024-09-26 17:08:33,7,True,0.0,0.0,False,year: 2024 month: 09 day: 26,-0.38873520493507385,0.25297555327415466
118,2444,"good , calm , relaxed , relieved , chill",2024-09-26 22:00:49,7,True,1.0,1.0,False,year: 2024 month: 09 day: 26,1.2632406949996948,0.5243006348609924
118,2445,"pretty good , happy it is Friday , busy , wanting to get a lot done , mood is good",2024-09-27 12:01:20,7,True,1.0,1.0,False,year: 2024 month: 09 day: 27,1.1259046792984009,1.0447700023651123
118,2446,I am happy that it ' s Friday and I ' m almost done with work . I am looking forward to this weekend . I   feeling somewhat relaxed and happy . I am slightly stressed with work but trying to ignore the stress .,2024-09-27 17:04:09,7,False,1.0,1.0,False,year: 2024 month: 09 day: 27,1.088937520980835,0.7454467415809631
118,2447,"I am feeling fine , calm . It ' s Friday which is a relief . Looking forward to our weekend plans . A bit tired and sleepy , ready for bed soon . Relaxing on the couch and watching tv is nice . A small headache .",2024-09-27 22:23:09,7,False,1.0,1.0,False,year: 2024 month: 09 day: 27,0.780380368232727,0.21868111193180084
118,2450,"good , relaxed , energetic , excited , calm",2024-09-28 12:40:33,7,True,1.0,2.0,False,year: 2024 month: 09 day: 28,1.3696694374084473,0.977921187877655
118,2451,Very nervous . My car is acting up and we ' re trying to get home from an hour away . i am just hoping we get home safely . We had a very nice day otherwise and i was in a good mood until the car started acting weird .,2024-09-28 17:10:34,7,False,-1.0,2.0,False,year: 2024 month: 09 day: 28,-0.1484917402267456,0.9634326100349426
118,2452,"relaxed , calm , sleepy , sore , ok",2024-09-28 22:54:32,7,True,1.0,1.0,False,year: 2024 month: 09 day: 28,0.5625057816505432,0.5578612089157104
118,2453,"I am feeling fine this morning . We have a lot to do so I ' m trying to stay motivated ,   and trying to stay calm as we have some things to deal with (car , cleaning , planning) . But generally feel ready for the day and ready to get some time to relax later",2024-09-29 12:03:14,7,False,1.0,1.0,False,year: 2024 month: 09 day: 29,1.1027480363845825,0.7413977980613708
118,2454,"quiet , settled , rested , lazy , slow",2024-09-29 17:00:45,7,True,0.0,0.0,False,year: 2024 month: 09 day: 29,0.5277312994003296,0.5301805734634399
118,2455,"competitive , silly , sleepy , goofy , fine",2024-09-29 22:01:30,7,True,1.0,1.0,False,year: 2024 month: 09 day: 29,0.3859657645225525,1.0426185131072998
118,2456,I am feeling a bit stressed out with work and with a busy couple of weeks coming up . I just feel like there ' s too much to do and not nearly enough time . I am trying to remain calm and will try to exercise soon to hopefully bring down my stress and anxiety,2024-09-30 12:00:39,7,False,-1.0,2.0,False,year: 2024 month: 09 day: 30,-1.1012256145477295,0.967021107673645
118,2457,"I am outside so that is improving my mood . I am a little less stressed than I was this morning , but am worried I might be getting sick , in advance of 2 very busy weeks . But it is very nice out and I am taking a little break from work , and so feel ok",2024-09-30 17:00:43,7,False,0.0,0.0,False,year: 2024 month: 09 day: 30,0.774303138256073,0.8091854453086853
118,2458,"sleepy , relaxed , optimistic , calm , silly",2024-09-30 22:00:40,7,True,1.0,1.0,False,year: 2024 month: 09 day: 30,0.38222795724868774,0.6295145153999329
118,2459,"I feel a bit jittery , Too much coffee , too much work . But overall my mood is good , I ' m feeling like I can be productive today and want to get a lot done . I feel slightly annoyed in general about how much there is to do",2024-10-01 12:00:43,7,False,0.0,1.0,False,year: 2024 month: 10 day: 01,-0.18185709416866302,1.0728788375854492
118,2461,"still , quiet , impatient , calm , slow",2024-10-01 17:00:42,7,True,1.0,1.0,False,year: 2024 month: 10 day: 01,-0.0016679596155881882,0.6255977153778076
118,2462,I am feeling ok . Maybe a little stressed about work and about how busy the next few weeks are . Worried about getting sick . But happy it ' s the end of the day and I can relax for a bit before bed . Looking forward to some sleep,2024-10-01 22:01:02,7,False,1.0,1.0,False,year: 2024 month: 10 day: 01,0.31911343336105347,0.5543528199195862
118,2463,"a bit underthe weather , calm , quiet , inactive , slow",2024-10-02 12:00:40,7,True,0.0,0.0,False,year: 2024 month: 10 day: 02,-0.3210366368293762,0.27076736092567444
118,2464,"under the weather , sniffly , tired , sluggish , sleepy",2024-10-02 17:19:47,7,True,-2.0,0.0,False,year: 2024 month: 10 day: 02,-1.1879723072052002,0.1599646508693695
118,2465,"I feel pretty tired , a bit under the weather . I ' m trying to stay optimistic that I will feel better tomorrow since we have plans coming up . But I ' m not in a bad mood , I ' m just sleepy mostly . I am kind of a bit down about the world ,   though",2024-10-02 22:01:35,7,False,-1.0,0.0,False,year: 2024 month: 10 day: 02,-0.8943993449211121,0.05868811905384064
118,2466,"fine , busy , a little under the weather , impatient , a bit nervous",2024-10-03 12:00:59,7,True,0.0,0.0,False,year: 2024 month: 10 day: 03,-0.0005472507327795029,1.1668140888214111
118,2467,"I am feeling a little excited ,   we have nice plans for the upcoming weekend . I am a little sick but I will power through . I am feeling calm and fairly relaxed otherwise , ready for the later part of the day so I ' m done with work",2024-10-03 17:01:14,7,False,1.0,1.0,False,year: 2024 month: 10 day: 03,1.5633944272994995,0.8598528504371643
118,2468,"quiet , a bit sick , eager , excited , sleepy",2024-10-04 12:02:22,7,True,1.0,1.0,False,year: 2024 month: 10 day: 04,-0.13674543797969818,0.7054755687713623
118,2469,"I am feeling tired and a bit under the weather still . but doing ok other than sleepiness . annoyed that sleep will be bad tonight , but not much to do about it . I am looking forward to tomorrow and our plan",2024-10-04 17:03:22,7,False,0.0,0.0,False,year: 2024 month: 10 day: 04,-0.973546028137207,-0.23448064923286438
118,2470,"sleepy , groggy , headachey , fine , ok",2024-10-04 22:07:08,7,True,-2.0,0.0,False,year: 2024 month: 10 day: 04,-0.589776337146759,0.137630894780159
97,1257,I am currently feeling annoyed .   I had some hiccups in my day and I am finally trying to use my computer again .   My work computer has been brutally slow making it incredibly inefficient for me to work .,2024-08-08 17:00:29,7,False,-1.0,2.0,False,year: 2024 month: 08 day: 08,-0.8409802913665771,0.3356114625930786
97,1258,I am relieved I just got back to my parents house and have somewhat unpacked .   I am very much looking forward to going to work to and seeing my boss .   I am excited to be in a professional office tomorrow !,2024-08-08 22:23:43,7,False,2.0,1.0,False,year: 2024 month: 08 day: 08,1.251833438873291,1.168952465057373
97,1259,"Tired , Happy , Nostalgic , Relaxed , Sweaty",2024-08-09 12:15:15,7,True,-1.0,0.0,False,year: 2024 month: 08 day: 09,0.7597623467445374,0.4160480499267578
97,1260,"Tired , Happy , Relaxed , Bloated , Calm",2024-08-09 17:31:39,7,True,0.0,0.0,False,year: 2024 month: 08 day: 09,0.6124780178070068,0.35478103160858154
97,1261,"Happy , Excited , Eager , Content , Sweaty",2024-08-10 22:00:17,7,True,2.0,1.0,False,year: 2024 month: 08 day: 10,1.570533037185669,1.2794958353042603
97,1262,"Sore , Hungry , Sweaty , Accomplished , Excited",2024-08-11 12:33:17,7,True,2.0,1.0,False,year: 2024 month: 08 day: 11,-0.030632494017481804,0.5035609602928162
97,1263,"Hungry , Bloated , Eager , Energized , Thirsty",2024-08-11 22:03:17,7,True,1.0,1.0,False,year: 2024 month: 08 day: 11,0.1834162324666977,1.7274882793426514
97,1264,I am feeling happy because I had a good date this morning .   However I am getting a bit anxious about returning to work and not accomplishing all that I wanted to this summer .   I am hopeful to make up things over the next few days for work .,2024-08-12 12:45:56,7,False,1.0,1.0,False,year: 2024 month: 08 day: 12,0.6650791168212891,0.8943537473678589
97,1265,"Jittery , Antsy , Anxious , Bloated , Tired",2024-08-12 17:00:22,7,True,-1.0,2.0,False,year: 2024 month: 08 day: 12,-0.4336109459400177,1.902754783630371
97,1266,"Full , Bloated , Anxious , Worried , Thirsty",2024-08-12 22:21:21,7,True,1.0,1.0,False,year: 2024 month: 08 day: 12,0.056272052228450775,1.588364601135254
97,1267,"I am feeling tired and sluggish and my body hurts .   I am hoping I get reenergized at the gym today and feel better and night .   My body hurts and I feel bloated , and I am worried about all I want to get done",2024-08-13 12:01:29,7,False,-1.0,0.0,False,year: 2024 month: 08 day: 13,-1.5032968521118164,-0.18798284232616425
97,1268,"Sore , Hungry , Anxious , Bloated , Off balance",2024-08-13 17:10:14,7,True,1.0,0.0,False,year: 2024 month: 08 day: 13,-1.1043609380722046,0.6648374795913696
97,1269,I am currently feeling tired from the gym today and a bit bloated from sitting crooked at my desk because my main computer is not properly working .   I am hopeful I get a second wind and have a productive night,2024-08-13 22:08:13,7,False,-1.0,0.0,False,year: 2024 month: 08 day: 13,-1.090137243270874,-0.42485466599464417
97,1270,"Pain , Tight , Off balance , Frustrated , Bloated",2024-08-14 12:00:32,7,True,0.0,1.0,False,year: 2024 month: 08 day: 14,-1.2739168405532837,0.6393307447433472
97,1271,"Eager , Happy , Neck pain , Imbalance , Content creator",2024-08-14 17:23:29,7,True,2.0,1.0,False,year: 2024 month: 08 day: 14,0.9633110761642456,1.22036612033844
97,1272,"Sharp Pain , Sad , Tired , Tired , Sleepy",2024-08-14 22:00:46,7,True,-1.0,1.0,False,year: 2024 month: 08 day: 14,-0.9699912667274475,0.35830411314964294
97,1273,"Neck pain , Tense neck , Bloating , Tired , Eager",2024-08-15 12:03:18,7,True,-1.0,0.0,False,year: 2024 month: 08 day: 15,-0.9348258376121521,0.397964745759964
97,1274,"Neck pain , Bloated , Scatterbrained , Hungry , Anxious",2024-08-15 17:14:37,7,True,-1.0,2.0,False,year: 2024 month: 08 day: 15,-0.8275624513626099,0.5954670906066895
97,1275,My neck is hurting because I think I have a pinched nerve and I am trying to move it around and make it feel better .   The pain in persistent which is problematic    But I had a successful date recently so overall a win !,2024-08-15 22:00:18,7,False,1.0,1.0,False,year: 2024 month: 08 day: 15,-0.26825112104415894,0.38908442854881287
97,1276,"Neck pain , Bloated , Happy , Antsy , Hungry",2024-08-16 12:17:31,7,True,1.0,1.0,False,year: 2024 month: 08 day: 16,0.19048674404621124,0.6443723440170288
97,1277,"Neck pain , Productive , Eager , Bloated , Hungry",2024-08-16 17:14:03,7,True,1.0,1.0,False,year: 2024 month: 08 day: 16,0.18628428876399994,1.008779525756836
97,1278,I am currently having severe neck pain and it is radiating throughout my body causing great pain and frustration .   I am anxious for my travels tomorrow and to get back settled .   I just want to be getting settled and start taking care of things .,2024-08-16 22:33:11,7,False,1.0,1.0,False,year: 2024 month: 08 day: 16,-0.8960345387458801,0.5417346954345703
97,1279,My neck is still bothering me and it causing me pain including not sleeping .   I am eager tog et some new heat on it when I get to my other home .   I am anxious to get my computer fixed and to get settled .,2024-08-17 12:07:48,7,False,-1.0,1.0,False,year: 2024 month: 08 day: 17,-0.5693816542625427,0.5247449278831482
97,1280,I just got back to my second home and am missing my friends and family already .   I know that I need to focus on getting settled and acclimated and my neck still hurts badly .   i am eager to be settled and be able to get back to work,2024-08-17 22:01:43,7,False,-1.0,1.0,False,year: 2024 month: 08 day: 17,-0.02685459516942501,0.857330322265625
97,1281,"I just got back to my other home and am feeling a bit overwhelmed about everything that I need to do to unpack , clean and get settled .   I am antsy to get to the gym and start getting things done afterwards , but I am sure all will work out okay .",2024-08-18 12:14:24,7,False,1.0,0.0,False,year: 2024 month: 08 day: 18,-0.48860758543014526,1.021280288696289
97,1282,"Tense , Stressed , Neck pain , Hingry , Sleepy",2024-08-18 17:37:59,7,True,1.0,1.0,False,year: 2024 month: 08 day: 18,-1.0430926084518433,0.7828007340431213
97,1283,I am feeling relax in My body after going to the gym today .   My neck is still hurting but is not as bad and I am happy I got in a workout and am taking care of a lot of little things .   I am eager to get to sleep tonight .,2024-08-18 22:50:33,7,False,1.0,1.0,False,year: 2024 month: 08 day: 18,0.9794335961341858,0.5927276611328125
97,1284,I am feeling ti e and bloated today .   My stomach is feeling bloated and I am disappointed that either my chair or bed is causing me pain in my second home .   I am still eager to sit and work and get things done .,2024-08-20 12:12:31,7,False,-1.0,2.0,False,year: 2024 month: 08 day: 20,-1.003958821296692,0.20100034773349762
97,1285,"Bloated , Tired , Anxious , Antsy , Eager",2024-08-20 17:30:30,7,True,-1.0,0.0,False,year: 2024 month: 08 day: 20,0.16670416295528412,0.9032092690467834
97,1305,"Anxious , Bloated , Hungry , Tired , Jittery",2024-08-20 22:00:26,7,True,-1.0,2.0,False,year: 2024 month: 08 day: 20,0.3656536042690277,1.488135814666748
97,1306,"I am feeling relieved that I just got my computer back . But I am now feeling anxious to be getting my work done again .   I am ready to attack this work and any to see things under control again , and they should be very soon .",2024-08-21 17:01:02,7,False,-1.0,2.0,False,year: 2024 month: 08 day: 21,0.71823650598526,1.4480935335159302
97,1307,"Tired , Bloated , Hungry , Eager , Excited",2024-08-21 22:07:19,7,True,1.0,1.0,False,year: 2024 month: 08 day: 21,0.299005389213562,0.6366415023803711
115,2326,"Bloated , Tired , Lazy , Stressed",2024-08-17 12:08:05,7,True,-1.0,0.0,False,year: 2024 month: 08 day: 17,-0.537717342376709,0.4318958818912506
115,2327,I am feeling a bit tired and stressed . I am not working this weekend but I have many tasks to do ahead of next week . I am also feeling lazy . I think the stress is making me feel sluggish and tired . I am also feeling worried .,2024-08-17 22:11:54,7,False,-2.0,0.0,False,year: 2024 month: 08 day: 17,-1.3691258430480957,0.3209708631038666
115,2328,"Tired , Relaxed , Content , Na , Na",2024-08-18 12:20:07,7,True,0.0,1.0,False,year: 2024 month: 08 day: 18,0.21616704761981964,0.4236382246017456
115,2330,"Tired , Sluggish , Weak , Na , Na",2024-08-18 17:55:56,7,True,-2.0,0.0,False,year: 2024 month: 08 day: 18,-1.1510646343231201,0.28342074155807495
115,2331,"Content , Happy , Satisfy , Na , Na",2024-08-18 22:53:58,7,True,1.0,1.0,False,year: 2024 month: 08 day: 18,1.3588789701461792,0.6926521062850952
115,2332,This morning I ' m feeling a bit more happy .   I logged into work today and there wasn’t much stressful tasks on my plate today . I feel \ nMuch more calm and relaxed now . I look forward to the day and completing the tasks I have set before me .,2024-08-19 12:26:01,7,False,1.0,1.0,False,year: 2024 month: 08 day: 19,1.3505390882492065,0.8116179704666138
115,2333,"Happy , Relaxed , Stress free , Na , Na",2024-08-19 17:24:30,7,True,2.0,1.0,False,year: 2024 month: 08 day: 19,1.377016544342041,0.6949883699417114
115,2334,"Happy , Excited , Stressfree , Enthusiastic , Na",2024-08-20 12:44:26,7,True,2.0,2.0,False,year: 2024 month: 08 day: 20,1.4495878219604492,1.1322507858276367
115,2335,I’m feeling so happy currently . I have finished work for the day and am officially starting my 2 week vacation . I really needed to unwind and destress these last few months . I’m also really happy because I got to gym with my girl friend after so long,2024-08-20 22:20:23,7,False,2.0,2.0,False,year: 2024 month: 08 day: 20,1.2929106950759888,0.8051071166992188
115,2336,"Happy , Relaxed , No stress , Na , Na",2024-08-21 12:07:14,7,True,2.0,2.0,False,year: 2024 month: 08 day: 21,1.1596057415008545,0.7750303745269775
115,2337,I feel really happy right now . I’m currently on my vacation from work and out shopping with my mom . It feels really not having to stress over all my assignments at work . I feel really calm and content and can’t wait to relax throughout the week,2024-08-21 17:32:54,7,False,2.0,1.0,False,year: 2024 month: 08 day: 21,1.5596791505813599,0.5973342657089233
115,2338,I feel really happy and relaxed right now . I just finished up the gym with my girl friend . I had a great workout after so long due to my busy work schedule . Then we got ORG which made me really happy,2024-08-21 22:29:36,7,False,1.0,2.0,False,year: 2024 month: 08 day: 21,1.3662282228469849,0.625072717666626
115,2339,"Happy , Calm , Relaxed , Excited , Na",2024-08-22 12:23:38,7,True,2.0,1.0,False,year: 2024 month: 08 day: 22,1.4968459606170654,0.7835747003555298
115,2341,Currently I’m feeling quite happy and excited . I have no work as I’m on vacation right now . I got to see my girlfriend this morning and me and her got a workout in as well at ORG for lunch . I’m really excited to continue my vacation,2024-08-22 17:03:51,7,False,2.0,2.0,False,year: 2024 month: 08 day: 22,1.4176971912384033,1.0775134563446045
115,2342,"Happy , Stressfree , Realx , Calm , Content",2024-08-22 22:02:28,7,True,2.0,1.0,False,year: 2024 month: 08 day: 22,1.3882346153259277,0.8429669141769409
115,2343,"Happy , Calm , Content , Relaxed , Na",2024-08-23 12:04:07,7,True,2.0,1.0,False,year: 2024 month: 08 day: 23,1.4306225776672363,0.7517525553703308
115,2344,"Happy , Calm , Relaxed , Na , Na",2024-08-23 17:23:08,7,True,2.0,2.0,False,year: 2024 month: 08 day: 23,1.3269143104553223,0.6617088913917542
115,2345,I feel really happy and content right now . I got a 5k run in today and got to clean and organize my room . I never have the free time like this when I’m working . I’m really happy to be having this time to myself .,2024-08-23 22:10:27,7,False,2.0,2.0,False,year: 2024 month: 08 day: 23,1.5586663484573364,0.7621960639953613
115,2346,I feel really happy right now and excited . I feel super stress free and relaxed right now . I’m excited because I’m going to go play basketball after many days . I’m also excited because I’m going to be off from work for another whole week,2024-08-24 12:21:33,7,False,2.0,2.0,False,year: 2024 month: 08 day: 24,1.7055763006210327,0.9372876286506653
115,2347,"Happy , Excited , Estatic , Na , Na",2024-08-24 17:00:51,7,True,2.0,2.0,False,year: 2024 month: 08 day: 24,1.5456514358520508,1.245841383934021
115,2348,"Happy , Content , Relaxed , Calm , Na",2024-08-25 17:04:32,7,True,2.0,2.0,False,year: 2024 month: 08 day: 25,1.478651523590088,0.7522491812705994
115,2349,"Happy , Relax , Calm , Excited , Na",2024-08-25 22:19:09,7,True,2.0,1.0,False,year: 2024 month: 08 day: 25,1.4815818071365356,0.8947261571884155
115,2350,I feel really happy right now . I’m currently still on my vacation and am in relaxation mode . I feel great and very stress free from work and chores . I’m really excited as I still have a little over a week of my vacation left,2024-08-26 17:09:24,7,False,2.0,1.0,False,year: 2024 month: 08 day: 26,1.7050557136535645,0.9326168894767761
115,2352,I’mfeeling really happy still . I’ma still on vacation and relaxing and trying to stay active with gym and basketball . I’m excited to continue with my vacation and hopefully have some more fun . I fell calm and content,2024-08-29 17:02:56,7,False,2.0,2.0,False,year: 2024 month: 08 day: 29,1.5887531042099,0.4117749333381653
115,2353,I’m currently feeling very happy . I’m still \ nOn vacation and relaxing and feeling so stress free . It feels so nice to not have to worry about work or stress about assignments . I’ve caught up on all my shows and movies,2024-08-29 22:00:54,7,False,2.0,2.0,False,year: 2024 month: 08 day: 29,1.6930121183395386,0.655423104763031
115,2354,"Happy , Cintent , Relaxed , Na , Na",2024-08-30 17:00:41,7,True,2.0,2.0,False,year: 2024 month: 08 day: 30,1.2244831323623657,0.6491841673851013
115,2355,"Happy , Excited , Calm , Na , Na",2024-08-30 22:01:56,7,True,2.0,2.0,False,year: 2024 month: 08 day: 30,1.634093999862671,0.9004372358322144
115,2356,I feel very happy right now as I am currently on vacation . I feel so relaxed and content as I’m stress free . I have no work and I’m enjoying my time off so much . I have a few days left of my vacation and can’t wait to keep going,2024-08-31 12:23:31,7,False,2.0,1.0,False,year: 2024 month: 08 day: 31,1.6033029556274414,0.7177180647850037
115,2357,"Happy , Calm , Relaxed , Na , Na",2024-08-31 17:05:51,7,True,2.0,2.0,False,year: 2024 month: 08 day: 31,1.351680040359497,0.6443818211555481
115,2358,I’m currently feeling really happy . I am still on my vacation and am still relaxing and feeling great . It feels so great to not have the stress of work and all the assignments on my plate . I hope to keep relaxing and enjoying my vacation,2024-08-31 22:22:05,7,False,2.0,2.0,False,year: 2024 month: 08 day: 31,1.4954829216003418,0.5227019786834717
115,2359,I’m currently feeling very happy . I have done a lot of relaxing this week since I have been PTO from work . It’s been feeling great to be able to step away from work and all the stress and just be able to relax . I am excited as I have a few days of PtO left .,2024-09-01 12:00:34,7,False,2.0,2.0,False,year: 2024 month: 09 day: 01,1.4522759914398193,0.860998272895813
115,2360,"Happy , Calm , Cool , Relaxed , Na",2024-09-01 17:22:30,7,True,2.0,2.0,False,year: 2024 month: 09 day: 01,1.4811203479766846,0.6766338348388672
115,2361,I’m currently feeling very happy . I am still on my vacation and it has been a great experience for me . I’m feeling very stress-free and relaxed and very content . I hope to keep continuing my vacation and being happy .,2024-09-01 22:22:11,7,False,2.0,1.0,False,year: 2024 month: 09 day: 01,1.4746100902557373,0.7460829019546509
112,2007,"Good , Happy , Peppy , Sassy , Ready",2024-10-11 15:35:52,7,True,2.0,0.0,False,year: 2024 month: 10 day: 11,1.2936129570007324,1.0926319360733032
112,2008,"At the moment , I feel a mix of anticipation and calm . I’m looking forward to an upcoming project that I’ve been working on for weeks , but at the same time , there’s a sense of nervous energy as I wait for everything to come together . The pressure of deadlines and the desire for everything to go smoothly is definitely on my mind , but I’m also finding comfort in taking things one step at a time . Although I’ve been feeling somewhat overwhelmed lately , I’m trying to balance that by practicing mindfulness and focusing on smaller , more manageable tasks each day . There’s also an undercurrent of gratitude—grateful for the opportunity to work on something meaningful , but also aware of the need to carve out time for rest and self-care . As I juggle multiple responsibilities , I find myself reflecting on the importance of pacing myself and keeping a clear sense of priorities . While things feel a bit chaotic at times , I’m confident that I can navigate through it with patience and perseverance , and I’m determined to make the",2024-10-11 22:00:58,7,False,0.0,2.0,False,year: 2024 month: 10 day: 11,1.5654106140136719,1.4506585597991943
112,2009,"I ' ve been experiencing a mild sensation of throat tightness after eating certain foods . There have been no severe allergic reactions (e . g ., difficulty breathing or swallowing) , but I’m concerned about possible food sensitivities or oral allergy syndrome . I’m seeking evaluation to understand the cause .",2024-10-12 17:00:46,7,False,1.0,1.0,False,year: 2024 month: 10 day: 12,-0.5679243803024292,0.5625952482223511
112,2010,"At the moment , I feel a mix of anticipation and calm . I’m looking forward to an upcoming project that I’ve been working on for weeks , but at the same time , there’s a sense of nervous energy as I wait for everything to come together . The pressure of deadlines and the desire for everything to go smoothly is definitely on my mind , but I’m also finding comfort in taking things one step at a time . Although I’ve been feeling somewhat overwhelmed lately , I’m trying to balance that by practicing mindfulness and focusing on smaller , more manageable tasks each day . There’s also an undercurrent of gratitude—grateful for the opportunity to work on something meaningful , but also aware of the need to carve out time for rest and self-care . As I juggle multiple responsibilities , I find myself reflecting on the importance of pacing myself and keeping a clear sense of priorities . While things feel a bit chaotic at times , I’m confident that I can navigate through it with patience and perseverance , and I’m determined to make the",2024-10-13 17:00:51,7,False,0.0,0.0,False,year: 2024 month: 10 day: 13,1.566578984260559,1.4509682655334473
112,2011,"At the moment , I feel a mix of anticipation and calm . I’m looking forward to an upcoming project that I’ve been working on for weeks , but at the same time , there’s a sense of nervous energy as I wait for everything to come together . The pressure of deadlines and the desire for everything to go smoothly is definitely on my mind , but I’m also finding comfort in taking things one step at a time . Although I’ve been feeling somewhat overwhelmed lately , I’m trying to balance that by practicing mindfulness and focusing on smaller , more manageable tasks each day . There’s also an undercurrent of gratitude—grateful for the opportunity to work on something meaningful , but also aware of the need to carve out time for rest and self-care . As I juggle multiple responsibilities , I find myself reflecting on the importance of pacing myself and keeping a clear sense of priorities . While things feel a bit chaotic at times , I’m confident that I can navigate through it with patience and perseverance , and I’m determined to make the",2024-10-14 17:15:52,7,False,0.0,1.0,False,year: 2024 month: 10 day: 14,1.5575217008590698,1.453066110610962
112,2012,"At the moment , I feel a mix of anticipation and calm . I’m looking forward to an upcoming project that I’ve been working on for weeks , but at the same time , there’s a sense of nervous energy as I wait for everything to come together . The pressure of deadlines and the desire for everything to go smoothly is definitely on my mind , but I’m also finding comfort in taking things one step at a time . Although I’ve been feeling somewhat overwhelmed lately , I’m trying to balance that by practicing mindfulness and focusing on smaller , more manageable tasks each day . There’s also an undercurrent of gratitude—grateful for the opportunity to work on something meaningful , but also aware of the need to carve out time for rest and self-care . As I juggle multiple responsibilities , I find myself reflecting on the importance of pacing myself and keeping a clear sense of priorities . While things feel a bit chaotic at times , I’m confident that I can navigate through it with patience and perseverance , and I’m determined to make the",2024-10-14 22:12:39,7,False,0.0,2.0,False,year: 2024 month: 10 day: 14,1.5575217008590698,1.453066110610962
112,2014,"Cool , Mad , Love , Magical , Hopeful",2024-10-15 12:00:42,7,True,0.0,1.0,False,year: 2024 month: 10 day: 15,1.2739169597625732,1.5190565586090088
112,2015,"At the moment , I feel a mix of anticipation and calm . I’m looking forward to an upcoming project that I’ve been working on for weeks , but at the same time , there’s a sense of nervous energy as I wait for everything to come together . The pressure of deadlines and the desire for everything to go smoothly is definitely on my mind , but I’m also finding comfort in taking things one step at a time . Although I’ve been feeling somewhat overwhelmed lately , I’m trying to balance that by practicing mindfulness and focusing on smaller , more manageable tasks each day . There’s also an undercurrent of gratitude—grateful for the opportunity to work on something meaningful , but also aware of the need to carve out time for rest and self-care . As I juggle multiple responsibilities , I find myself reflecting on the importance of pacing myself and keeping a clear sense of priorities . While things feel a bit chaotic at times , I’m confident that I can navigate through it with patience and perseverance , and I’m determined to make the",2024-10-15 17:00:45,7,False,1.0,0.0,False,year: 2024 month: 10 day: 15,1.572751760482788,1.453351378440857
112,2016,"Happy , Sad , Sassy , Moody , Worried",2024-10-15 22:01:28,7,True,0.0,1.0,False,year: 2024 month: 10 day: 15,0.24942468106746674,0.97809898853302
112,2017,"Sassy , Happy , Moody , Unhappy , Ready",2024-10-16 12:19:24,7,True,-1.0,2.0,False,year: 2024 month: 10 day: 16,0.6871321201324463,1.1891895532608032
112,2018,"Sassy , Worried , Happy , Moody , Curious",2024-10-16 17:01:53,7,True,0.0,1.0,False,year: 2024 month: 10 day: 16,0.36079490184783936,1.0761148929595947
112,2019,"Emotional , Pretty , Confident , Loud , Soft",2024-10-16 22:01:02,7,True,0.0,1.0,False,year: 2024 month: 10 day: 16,0.6242167353630066,1.4176998138427734
112,2020,"Sassy , Moody , Hungry , Cunty , Campy",2024-10-17 12:08:19,7,True,0.0,2.0,False,year: 2024 month: 10 day: 17,0.5017881393432617,1.0031633377075195
112,2021,"Love , Respect , Great , Sassy , Zesty",2024-10-17 17:16:56,7,True,0.0,1.0,False,year: 2024 month: 10 day: 17,1.157038688659668,0.9608548283576965
112,2022,"Sassy , Moody , Happy , Sad , Sweet",2024-10-18 12:03:22,7,True,0.0,2.0,False,year: 2024 month: 10 day: 18,0.5636244416236877,1.045939564704895
112,2023,"Happy , Love , Sad , Baddie , Emotional",2024-10-18 22:13:51,7,True,0.0,2.0,False,year: 2024 month: 10 day: 18,0.8916613459587097,1.0255467891693115
112,2025,"At the moment , I feel a mix of anticipation and calm . I’m looking forward to an upcoming project that I’ve been working on for weeks , but at the same time , there’s a sense of nervous energy as I wait for everything to come together . The pressure of deadlines and the desire for everything to go smoothly is definitely on my mind , but I’m also finding comfort in taking things one step at a time . Although I’ve been feeling somewhat overwhelmed lately , I’m trying to balance that by practicing mindfulness and focusing on smaller , more manageable tasks each day . There’s also an undercurrent of gratitude—grateful for the opportunity to work on something meaningful , but also aware of the need to carve out time for rest and self-care . As I juggle multiple responsibilities , I find myself reflecting on the importance of pacing myself and keeping a clear sense of priorities . While things feel a bit chaotic at times , I’m confident that I can navigate through it with patience and perseverance , and I’m determined to make the",2024-10-19 12:00:54,7,False,0.0,2.0,False,year: 2024 month: 10 day: 19,1.5532851219177246,1.4358153343200684
112,2026,"Sassy , Happy , Love , Magical , Passionate",2024-10-20 12:57:38,7,True,0.0,2.0,False,year: 2024 month: 10 day: 20,1.4091782569885254,1.357511043548584
112,2027,"At the moment , I feel a mix of anticipation and calm . I’m looking forward to an upcoming project that I’ve been working on for weeks , but at the same time , there’s a sense of nervous energy as I wait for everything to come together . The pressure of deadlines and the desire for everything to go smoothly is definitely on my mind , but I’m also finding comfort in taking things one step at a time . Although I’ve been feeling somewhat overwhelmed lately , I’m trying to balance that by practicing mindfulness and focusing on smaller , more manageable tasks each day . There’s also an undercurrent of gratitude—grateful for the opportunity to work on something meaningful , but also aware of the need to carve out time for rest and self-care . As I juggle multiple responsibilities , I find myself reflecting on the importance of pacing myself and keeping a clear sense of priorities . While things feel a bit chaotic at times , I’m confident that I can navigate through it with patience and perseverance , and I’m determined to make the",2024-10-20 17:01:00,7,False,0.0,2.0,False,year: 2024 month: 10 day: 20,1.567366123199463,1.4485472440719604
112,2028,"Sassy , Happy , Moody , Funny , Hopeful",2024-10-20 22:00:53,7,True,0.0,2.0,False,year: 2024 month: 10 day: 20,1.1192715167999268,1.3561580181121826
112,2029,"Sassy , Happy , Frilly , Giddy , Content",2024-10-21 17:00:44,7,True,-1.0,2.0,False,year: 2024 month: 10 day: 21,1.2490386962890625,1.2834242582321167
112,2030,"Euphoric , Sassy , Happy , Good , Sweet",2024-10-21 22:01:19,7,True,0.0,2.0,False,year: 2024 month: 10 day: 21,1.1902929544448853,1.5393579006195068
112,2031,"Sassy , Great , Good , Special , Giddy",2024-10-22 12:24:39,7,True,0.0,2.0,False,year: 2024 month: 10 day: 22,1.0327178239822388,1.3322206735610962
112,2032,"At the moment , I feel a mixture of anticipation and contemplation . There’s an underlying excitement about upcoming projects and opportunities , particularly a few creative ventures I’m exploring , but that excitement is balanced by moments of doubt , which sometimes slow my progress . I’ve been reflecting on past decisions , evaluating where I am and how far I’ve come , while trying to remain focused on what’s ahead . It’s like walking a tightrope between wanting to celebrate the small wins and feeling the weight of the work still to be done .\ n \ nPhysically , I’ve been experiencing some fatigue , which may be due to the change in weather or the workload , but I’m making sure to find moments of rest . I’m trying to stay grounded and maintain a sense of optimism , reminding myself that growth happens even in times of uncertainty . There’s an overall sense of gratitude—gratitude for the support system I have and for the opportunities I’ve been given—while still acknowledging the challenges that lie ahead . Despite the ups and do",2024-10-22 17:01:03,7,False,0.0,2.0,False,year: 2024 month: 10 day: 22,1.0713906288146973,1.2138488292694092
112,2033,"At the moment , I feel a mixture of anticipation and contemplation . There’s an underlying excitement about upcoming projects and opportunities , particularly a few creative ventures I’m exploring , but that excitement is balanced by moments of doubt , which sometimes slow my progress . I’ve been reflecting on past decisions , evaluating where I am and how far I’ve come , while trying to remain focused on what’s ahead . It’s like walking a tightrope between wanting to celebrate the small wins and feeling the weight of the work still to be done .\ n \ nPhysically , I’ve been experiencing some fatigue , which may be due to the change in weather or the workload , but I’m making sure to find moments of rest . I’m trying to stay grounded and maintain a sense of optimism , reminding myself that growth happens even in times of uncertainty . There’s an overall sense of gratitude—gratitude for the support system I have and for the opportunities I’ve been given—while still acknowledging the challenges that lie ahead . Despite the ups and do",2024-10-23 12:00:43,7,False,0.0,2.0,False,year: 2024 month: 10 day: 23,1.0771312713623047,1.2095011472702026
112,2034,"At the moment , I feel a mixture of anticipation and contemplation . There’s an underlying excitement about upcoming projects and opportunities , particularly a few creative ventures I’m exploring , but that excitement is balanced by moments of doubt , which sometimes slow my progress . I’ve been reflecting on past decisions , evaluating where I am and how far I’ve come , while trying to remain focused on what’s ahead . It’s like walking a tightrope between wanting to celebrate the small wins and feeling the weight of the work still to be done .\ n \ nPhysically , I’ve been experiencing some fatigue , which may be due to the change in weather or the workload , but I’m making sure to find moments of rest . I’m trying to stay grounded and maintain a sense of optimism , reminding myself that growth happens even in times of uncertainty . There’s an overall sense of gratitude—gratitude for the support system I have and for the opportunities I’ve been given—while still acknowledging the challenges that lie ahead . Despite the ups and do",2024-10-23 17:57:27,7,False,0.0,2.0,False,year: 2024 month: 10 day: 23,1.0771312713623047,1.2095011472702026
112,2037,"At the moment , I feel a mixture of anticipation and contemplation . There’s an underlying excitement about upcoming projects and opportunities , particularly a few creative ventures I’m exploring , but that excitement is balanced by moments of doubt , which sometimes slow my progress . I’ve been reflecting on past decisions , evaluating where I am and how far I’ve come , while trying to remain focused on what’s ahead . It’s like walking a tightrope between wanting to celebrate the small wins and feeling the weight of the work still to be done .\ n \ nPhysically , I’ve been experiencing some fatigue , which may be due to the change in weather or the workload , but I’m making sure to find moments of rest . I’m trying to stay grounded and maintain a sense of optimism , reminding myself that growth happens even in times of uncertainty . There’s an overall sense of gratitude—gratitude for the support system I have and for the opportunities I’ve been given—while still acknowledging the challenges that lie ahead . Despite the ups and do",2024-10-23 22:10:33,7,False,0.0,2.0,False,year: 2024 month: 10 day: 23,1.0771312713623047,1.2095011472702026
112,2038,"Sassy , Happy , Good , Peppy , Terrific",2024-10-24 12:03:37,7,True,0.0,2.0,False,year: 2024 month: 10 day: 24,1.2145731449127197,1.2775176763534546
112,2039,"Sassy , Happy , Moody , Giddy , Brave",2024-10-24 17:00:54,7,True,2.0,2.0,False,year: 2024 month: 10 day: 24,1.0336604118347168,1.2682818174362183
112,2040,"Sassy , Moody , Spicy , Empathetic , Zesty",2024-10-24 22:00:46,7,True,2.0,2.0,False,year: 2024 month: 10 day: 24,0.5803791880607605,1.345703125
111,1973,"I am feeling very active , I am feeling very lively , I am feeling very much awoken , I feel relaxed and I feel relieved . I feel much alive . It’s a sunny day and I feel alive and active I feel alive ! Every breath is a reminder of the incredible gift of life . The world around me pulsates with vibrancy , and I ' m grateful to be a part of it . The warmth of the sun on my skin , the laughter of loved ones , and the thrill of new experiences all converge to ignite a sense of wonder within me .",2024-10-15 12:06:51,7,False,0.0,2.0,False,year: 2024 month: 10 day: 15,1.2256333827972412,1.100846529006958
111,1974,"""I feel tired , drained of energy and vitality . My body weighs heavy , my mind foggy . Every task seems insurmountable , every decision a burden .\ n \ nThe world outside feels overwhelming , noises amplified , and lights too bright . I crave silence , solitude , and stillness . My thoughts swirl with exhaustion , doubts , and worries .",2024-10-15 17:01:48,7,False,0.0,0.0,False,year: 2024 month: 10 day: 15,-1.278257966041565,0.08035799860954285
111,1975,"Equitable , Dispassionate , Uninvolved , Unaligned , Neutral",2024-10-16 12:01:28,7,True,0.0,1.0,False,year: 2024 month: 10 day: 16,0.3555793762207031,1.1385307312011719
111,1976,"""I feel happy , genuinely and deeply . A warm sense of contentment envelops me , lifting my spirits and brightening my outlook . Every breath feels lighter , every smile more effortless . Gratitude floods my heart , thinking of loved ones , supportive friends , and life ' s simple joys . The world seems vibrant , full of promise and possibility . Challenges fade into the background , replaced by optimism and confidence .\ n",2024-10-16 17:25:39,7,False,2.0,1.0,False,year: 2024 month: 10 day: 16,1.4501051902770996,1.1633650064468384
111,1977,"PERSON , Cool , Gentle , Chilled , Unbothered",2024-10-17 12:02:31,7,True,2.0,0.0,False,year: 2024 month: 10 day: 17,0.887449324131012,0.8538406491279602
111,1978,"Chilled , Calm , Gentle , Cool , Minding my business",2024-10-17 22:03:47,7,True,0.0,0.0,False,year: 2024 month: 10 day: 17,1.0875109434127808,0.4880475699901581
111,1979,"Alert , Lively , Active , Not dulling , Online",2024-10-18 12:02:04,7,True,0.0,2.0,False,year: 2024 month: 10 day: 18,0.4371303915977478,1.5714669227600098
111,1981,"Dull , Slow , Lazy , Tired , Slothful",2024-10-18 17:05:32,7,True,-2.0,0.0,False,year: 2024 month: 10 day: 18,-0.9021703600883484,0.3437022268772125
111,1982,"Alive , Elegant , Active , Sharp , Radiant",2024-10-19 12:01:24,7,True,0.0,2.0,False,year: 2024 month: 10 day: 19,0.8953205347061157,1.7291321754455566
111,1983,"Chilled , Calm , Relaxed , Unhappy , Quite",2024-10-19 17:28:44,7,True,0.0,0.0,False,year: 2024 month: 10 day: 19,1.0500751733779907,0.5974797010421753
111,1984,"Down , Distress , Unhappy , Downcast , Dejected",2024-10-19 22:01:55,7,True,-2.0,1.0,False,year: 2024 month: 10 day: 19,-1.3337984085083008,0.5714265704154968
111,1985,"1 . Lack of strong emotions : Neither positive (happiness , excitement) nor negative (sadness , anger) .\ n2 . Balance : No leaning towards any extreme feelings .\ n3 . Calmness : A sense of stability and composure .\ n4 . Objectivity : Ability to observe thoughts and situations without bias .\ n",2024-10-20 12:55:40,7,False,0.0,1.0,False,year: 2024 month: 10 day: 20,0.2762230932712555,0.9370178580284119
111,1986,"Quite , Chilled , Lowkey , Calm , Cool",2024-10-20 17:03:09,7,True,2.0,0.0,False,year: 2024 month: 10 day: 20,0.7826932072639465,0.881777822971344
111,1987,"Happy , Excited , Overwhelmed , Joyous , Happy",2024-10-21 12:02:25,7,True,2.0,1.0,False,year: 2024 month: 10 day: 21,1.5276129245758057,1.3030402660369873
111,1988,"Feeling tired , also known as fatigue , is a common emotional and physical state characterized by :\ n \ n * Physical Symptoms :*\ n \ n1 . Lack of energy \ n2 . Muscle weakness \ n3 . Heavy eyelids \ n4 . Slow movements \ n5 . Decreased mobility \ n \ n * Emotional Sym \ n \ n1 . Mental fogginess \ n2 . Lack of motivation \ n3 . Irritability \ n4 . Decreased concentration \ n5 . Emotional exhaustion \ n",2024-10-22 12:02:15,7,False,-2.0,0.0,False,year: 2024 month: 10 day: 22,-0.8905074000358582,0.23246195912361145
111,1989,"Feeling neutral refers to an emotional state characterized by :\ n \ n1 . Lack of strong emotions : Neither positive (happiness , excitement) nor negative (sadness , anger) .\ n2 . Balance : No leaning towards any extreme feelings .\ n3 . Calmness : A sense of stability and composure .\ n4 . Objectivity : Ability to observe thoughts and situations without bias .\ n \ nCommon descriptions :\ n \ n1 . ""I ' m just okay .""\ n2 . ""I don ' t feel anything strongly .""\ n3 . ""I ' m not excited or upset .""\ n4 . ""I ' m in a neutral zone .""\ n \ nBenefits :\ n \ n1 . Clarity : Easier decision-making , uninfluenced by emotions .\ n2 . Stability : Less emotional turbulence .\ n3 . Flexibility : Open to various perspectives .\ n4 . Reduced stress : No intense emotional responses .\ n \ nSituations that may evoke neutrality :\ n \ n1 . Routine tasks \ n2 . Familiar environments \ n3 . Lack of significant events \ n4 . Emotional exhaustion (after intense emotions) \ n",2024-10-22 17:05:54,7,False,0.0,1.0,False,year: 2024 month: 10 day: 22,0.12795822322368622,0.40345290303230286
111,1990,"Dull , Lazy , Moody , Tired , Stressed",2024-10-23 12:02:23,7,True,-1.0,0.0,False,year: 2024 month: 10 day: 23,-0.8586241602897644,0.43867993354797363
111,1992,"Feeling neutral refers to an emotional state characterized by :\ n \ n1 . Lack of strong emotions : Neither positive (happiness , excitement) nor negative (sadness , anger) .\ n2 . Balance : No leaning towards any extreme feelings .\ n3 . Calmness : A sense of stability and composure .\ n4 . Objectivity : Ability to observe thoughts and situations without bias .",2024-10-23 17:05:09,7,False,0.0,1.0,False,year: 2024 month: 10 day: 23,0.19029220938682556,0.7413895130157471
111,1993,"Feeling Z neutral refers to an emotional state characterized by :\ n \ n1 . Lack of strong emotions : Neither positive (happiness , excitement) nor negative (sadness , anger) .\ n2 . Balance : No leaning towards any extreme feelings .\ n3 . Calmness : A sense of stability and composure .\ n4 . Objectivity : Ability to observe thoughts and situations without bias .",2024-10-24 12:00:55,7,False,0.0,1.0,False,year: 2024 month: 10 day: 24,0.19207285344600677,0.794133722782135
111,1994,"Feeling Z neutral refers to an emotional state characterized by :\ n \ n1 . Lack of strong emotions : Neither positive (happiness , excitement) nor negative (sadness , anger) .\ n2 . Balance : No leaning towards any extreme feelings .\ n3 . Calmness : A sense of stability and composure .\ n4 . Objectivity : Ability to observe thoughts and situations without bias .\ n \ nCommon descriptions :\ n \ n1 . ""I ' m just okay .""\ n2 . ""I don ' t feel anything strongly .""\ n3 . ""I ' m not excited or upset .""\ n4 . ""I ' m in a neutral zone .""",2024-10-24 22:59:37,7,False,2.0,2.0,False,year: 2024 month: 10 day: 24,0.18560586869716644,0.3927520215511322
111,1995,"Sad , Bad , Down , Exhausted , Regretting",2024-10-25 12:12:40,7,True,-2.0,1.0,False,year: 2024 month: 10 day: 25,-1.461416244506836,0.4190564453601837
111,1996,"Quiet , Cool , Chilled , No drama , Gentle",2024-10-25 17:01:24,7,True,0.0,0.0,False,year: 2024 month: 10 day: 25,0.5472435355186462,0.704504132270813
111,1997,"Quiet , Cakm , Cool , Chill , Shy",2024-10-25 22:55:43,7,True,0.0,0.0,False,year: 2024 month: 10 day: 25,0.4089694023132324,0.8030828833580017
111,1998,"Feeling sad is a natural and universal human emotion that can manifest in different ways and intensities . Here ' s a breakdown of what it means to feel sad :\ n \ n * What is sadness ?*\ n \ nSadness is an emotional state characterized by feelings of sorrow , grief , disappointment , or loss . It ' s a normal response to situations that are perceived as unpleasant , undesirable , or hurtful .",2024-10-26 12:01:13,7,False,-1.0,1.0,False,year: 2024 month: 10 day: 26,-0.6281613707542419,0.845679521560669
111,1999,"Sluggish , Dull , Unbothered , Slow , Deteriorated",2024-10-26 17:09:22,7,True,-1.0,0.0,False,year: 2024 month: 10 day: 26,-1.280273199081421,0.505450963973999
111,2000,"Absence of noise _: A state of silence or minimal sound .\ n _ Respite from disturbance _: Freedom from interruption , disruption , or turmoil .\ n _ Inner stillness _: A calm and peaceful mental state .\ n \ nTypes of quiet :\ n \ n * Physical quiet : External environment is silent or peaceful .\ n * Emotional quiet : Inner calmness and stability .\ n * Mental quiet : Clarity of thought , focus , and mental stillness .",2024-10-26 22:47:20,7,False,0.0,0.0,False,year: 2024 month: 10 day: 26,0.4479394555091858,0.4521413743495941
111,2001,"Feeling lively refers to a state of being full of energy , enthusiasm , and vitality . When someone feels lively , they are typically :\ n \ n1 . Energetic : Having a sense of physical and mental vigor .\ n2 . Alert : Mentally sharp and focused .\ n3 . Cheerful : Displaying a positive and upbeat attitude .\ n4 . Vibrant : Radiating enthusiasm and excitement .\ n5 . Active : Ready to engage in activities or social interactions .",2024-10-27 12:06:45,7,False,1.0,2.0,False,year: 2024 month: 10 day: 27,0.45681333541870117,1.9279732704162598
111,2003,"In this moment , everything feels right . My soul sings with joy , unencumbered by worries or doubts . I bask in the radiance of happiness , letting its warmth seep into every pore .\ n \ nHappiness isn ' t just a feeling ; it ' s a choice . I choose to focus on the good , to cherish every moment , and to cultivate love and kindness . I choose to let go of fears , to release burdens , and to embrace life ' s beauty .\ n \ nAs I soak in this bliss , I know it ' s contagious . Happin",2024-10-27 17:27:22,7,False,0.0,1.0,False,year: 2024 month: 10 day: 27,1.053611159324646,0.734745979309082
111,2004,"Quiet , Chilled , Calm , Lowkey , Relaxed",2024-10-27 22:30:17,7,True,0.0,0.0,False,year: 2024 month: 10 day: 27,0.7417729496955872,0.48155656456947327
111,2005,"Neutral , No feelings , In between , Intermediary , Neutral",2024-10-28 12:12:02,7,True,0.0,1.0,False,year: 2024 month: 10 day: 28,-0.17724665999412537,0.8668553233146667
111,2006,"Gentle , Quiet , Lowkey , Chilled , Calm",2024-10-28 17:03:30,7,True,0.0,0.0,False,year: 2024 month: 10 day: 28,0.5772136449813843,0.646573543548584
181,4613,I am very excited to be leaving work . I am tired from working all day . Now I have to go to my next time which is fun . I like seeing my co workers . Then I can go home and relax .   I am excited about going to work early tomorrow so I can get home earlier . I am ready for the weekend,2024-06-13 17:35:51,7,False,2.0,2.0,False,year: 2024 month: 06 day: 13,1.057636022567749,1.3119735717773438
181,4616,I am feeling happy laying in bed watching Bridgerton with my boyfriend . I love when the weekend comes because I get to spend time with him after a long week . I am really enjoying the new episodes of Bridgerton that came out last night,2024-06-14 22:01:04,7,False,2.0,0.0,False,year: 2024 month: 06 day: 14,1.062331199645996,0.8300449848175049
181,4620,I am currently exhausted from being at an amusement park for three hours . We went in every ride and had so much fun . Now we are full from having ORG  because we were hungry . Now we are leaving to go home,2024-06-16 17:00:27,7,False,2.0,2.0,False,year: 2024 month: 06 day: 16,-0.8270511031150818,0.30651021003723145
181,4621,I am currently feeling full from my dinner of chicken and string beans . Now I am feeling okay about having to take my cpr pre class before my class in person on Wednesday in GPE . I’m also very thirsty . I don’t think I drank enough today,2024-06-16 22:00:50,7,False,2.0,1.0,False,year: 2024 month: 06 day: 16,0.4229734241962433,0.3680632412433624
181,4625,I am currently Sweating but excited to be going to work where I can sit down and relax more . I’m very hungry and thirsty . I need to make sure I drink more water . I am proud of myself for being able to run my group independently .,2024-06-18 17:39:16,7,False,1.0,1.0,False,year: 2024 month: 06 day: 18,0.9131524562835693,1.0274441242218018
181,4627,I am currently feeling rundown . My allergies are horrible and I cannot stop sneezing . I am excited because I am working on my new cross stitch project . I am making a animal crossing one that is going to come out great,2024-06-20 22:07:18,7,False,-2.0,0.0,False,year: 2024 month: 06 day: 20,-0.12997980415821075,0.7026318907737732
181,4631,I am currently at work and feeling tired . I am also rundown from my allergies . I didn’t get a good nights rest because I kept waking up because I couldn’t breathe out of my nose . I am also hungry I wish I had something for breakfast .,2024-06-22 12:01:29,7,False,2.0,1.0,False,year: 2024 month: 06 day: 22,-1.322197437286377,0.05109800398349762
181,4634,"I’m currently feeling very run down from my allergies . I have a really bad sinus headache , congestion , an cough and a sore throat . I am also very tired from my body trying to fight off this infection that’s coming .",2024-06-23 12:25:46,7,False,-2.0,0.0,False,year: 2024 month: 06 day: 23,-1.4308582544326782,-0.009615198709070683
181,4635,I am currently shopping at ORG and feeling happy because I am getting supplies to make a birthday banner for someone at the library . I am very sweaty the weather is so hot and humid today . I am also very thirsty . I definitely have not drank enough water today .,2024-06-23 17:01:40,7,False,0.0,2.0,False,year: 2024 month: 06 day: 23,-0.14232192933559418,1.0364866256713867
181,4639,I am currently feeling excited as my workday is over and I am able to go home without having to go to my other job . I am hungry and thirsty and cannot wait to get home so that I can have a snack . I am also tired even though I got enough sleep last night . I am sweating as it is very hot today .,2024-06-25 17:35:04,7,False,2.0,2.0,False,year: 2024 month: 06 day: 25,0.5798198580741882,1.0470763444900513
181,4640,I am currently very tired but I don’t know why . I am also hungry and really want some pretzels . My knee also hurts right now and I think I need to get it checked out . I am afraid I am doing more damage to it by not getting it checked out,2024-06-25 22:03:09,7,False,-2.0,0.0,False,year: 2024 month: 06 day: 25,-1.3148913383483887,0.007664634846150875
181,4612,"Happy , Full , Loving , Excited , Content",2024-06-12 22:31:16,7,True,2.0,0.0,False,year: 2024 month: 06 day: 12,1.5617201328277588,1.0263161659240723
181,4614,"Hungry , Thirsty , Tired , Happy , Glad",2024-06-13 22:01:06,7,True,2.0,2.0,False,year: 2024 month: 06 day: 13,0.5477681756019592,1.0026417970657349
181,4615,"Excited , Happy , Sweating , Tired , Thirsty",2024-06-14 17:09:36,7,True,2.0,2.0,False,year: 2024 month: 06 day: 14,1.4511783123016357,1.1401960849761963
181,4617,"Airy , Aggressive , Agitated , Annoyed , Angry",2024-06-15 17:02:29,7,True,2.0,1.0,False,year: 2024 month: 06 day: 15,0.3080933392047882,1.8635647296905518
181,4618,"Tired , Full , Happy , Excited , Content",2024-06-15 22:00:39,7,True,2.0,1.0,False,year: 2024 month: 06 day: 15,0.6194742918014526,0.5403106808662415
181,4619,"Happy , Excited , Full , Thirsty , Good",2024-06-16 12:00:35,7,True,2.0,1.0,False,year: 2024 month: 06 day: 16,1.3732987642288208,1.2767583131790161
181,4622,"Hungry , Thirsty , Tired , Hot , Happy",2024-06-17 12:35:13,7,True,2.0,2.0,False,year: 2024 month: 06 day: 17,0.38003313541412354,0.9598700404167175
181,4623,"Hungry , Tired , In pain , Thirsty , Happy",2024-06-17 17:33:08,7,True,1.0,1.0,False,year: 2024 month: 06 day: 17,0.25908154249191284,0.7671809792518616
181,4624,"Happy , Sweaty , Thirsty , Hungry , Hot",2024-06-17 22:29:10,7,True,2.0,0.0,False,year: 2024 month: 06 day: 17,1.249924659729004,1.179150104522705
181,4626,"Tired , Hungry , Thirsty , Happy , Sluggish",2024-06-18 22:23:09,7,True,-1.0,0.0,False,year: 2024 month: 06 day: 18,-0.13630859553813934,0.5879182815551758
181,4628,"Hot , Hungry , Thirsty , Excited , Tired",2024-06-21 17:01:44,7,True,2.0,0.0,False,year: 2024 month: 06 day: 21,0.4597334563732147,1.4158121347427368
181,4629,"Tired , Thirsty , Hungry , Happy , Hi",2024-06-21 22:00:35,7,True,0.0,1.0,False,year: 2024 month: 06 day: 21,0.1821974366903305,0.6758001446723938
181,4632,"Hot , Tired , Happy , Hungry , Thirsty",2024-06-22 17:00:40,7,True,-1.0,0.0,False,year: 2024 month: 06 day: 22,0.7240198254585266,0.9543945789337158
181,4633,"Tired , Thirsty , Hungry , Stuffy , Happy",2024-06-22 22:11:05,7,True,2.0,0.0,False,year: 2024 month: 06 day: 22,-0.11469010263681412,0.5220889449119568
181,4636,"Hungry , Tired , Thirsty , Happy , Loved",2024-06-23 22:02:58,7,True,1.0,1.0,False,year: 2024 month: 06 day: 23,0.5785266160964966,0.851773738861084
181,4637,"Tired , Hungry , Thirsty , Sweaty , Happy",2024-06-24 17:30:25,7,True,2.0,2.0,False,year: 2024 month: 06 day: 24,0.16606472432613373,0.5613295435905457
181,4638,"Tired , Thirsty , Happy , Hungry , Excited",2024-06-24 22:00:55,7,True,2.0,1.0,False,year: 2024 month: 06 day: 24,0.29345452785491943,0.6154804825782776
136,3194,"Tired , Anxious , Scared , Wondering , Numb",2024-10-31 12:02:16,7,True,-1.0,2.0,False,year: 2024 month: 10 day: 31,-0.6067413687705994,0.6652852296829224
136,3195,Feeling better now than before . Talked to my partner and was able to calm down a little . Anxiety is ok . I forgot to take my meds so I am tired and not feeling the best . I hope everything is going to be ok,2024-10-31 22:09:37,7,False,-1.0,1.0,False,year: 2024 month: 10 day: 31,0.4759540259838104,0.35701510310173035
136,3197,Just had a meeting with someone . Class this morning and slept a lot . I think my depression and anxiety are getting worse . My friend told me to seek help . I reached out to my family and they didn’t give me much support at all . My partner was very supportive and been by my side . He said no matter what happens I’m here for you . He’s all I have . I’ve been having alot of nightmares,2024-11-01 17:08:10,7,False,-2.0,1.0,False,year: 2024 month: 11 day: 01,-0.7377091646194458,0.34097233414649963
136,3198,"Sad , Anxious , Scared , Hyperfixated , Worried",2024-11-01 22:01:09,7,True,-2.0,1.0,False,year: 2024 month: 11 day: 01,-0.7085796594619751,0.9511351585388184
136,3199,"Better , Hot , Tired , Behind , Shaking",2024-11-02 17:17:28,7,True,-1.0,1.0,False,year: 2024 month: 11 day: 02,0.02338200993835926,0.7541500329971313
136,3200,"Okay , Better , Hopeful , Relaxed , Content",2024-11-02 22:01:29,7,True,-1.0,1.0,False,year: 2024 month: 11 day: 02,0.8735592365264893,0.7277789115905762
136,3201,Been a little more productive yesterday and today . I went out and got groceries even though I didn’t want to . I didn’t want to get out of bed . I didn’t want to shower . I didn’t want to eat . I didn’t want to do anything . But I was productive and forced myself to do the things I needed to do . I’m trying my best . I’m struggling but I’m trying my best,2024-11-03 17:02:28,7,False,-1.0,1.0,False,year: 2024 month: 11 day: 03,0.10595570504665375,1.0470975637435913
136,3202,"Content , Calm , Relaxed , Social , Open",2024-11-03 22:01:35,7,True,1.0,0.0,False,year: 2024 month: 11 day: 03,1.3124009370803833,0.5563093423843384
136,3203,"Tired , Sad , Nervous , Anxious , Uncertain",2024-11-04 17:03:34,7,True,-1.0,1.0,False,year: 2024 month: 11 day: 04,-1.1035523414611816,0.6070497035980225
136,3204,Feeling alone and sad . Been having really bad days for the past few days . I hope that things will get better . I want to just feel okay . To feel normal . I have been so bad and down mentally . I should be feeling normal . I need to feel stronger and keep pushing .,2024-11-04 22:04:02,7,False,-2.0,1.0,False,year: 2024 month: 11 day: 04,-0.8025737404823303,0.33690205216407776
136,3205,"Sad , Anxious , Unproductive , Lonely , Upset",2024-11-05 17:03:43,7,True,-1.0,1.0,False,year: 2024 month: 11 day: 05,-1.2564971446990967,0.5232995748519897
136,3206,"Sad , Overwhelmed , Nauseous , Lonely , Depressed",2024-11-05 22:47:20,7,True,-1.0,1.0,False,year: 2024 month: 11 day: 05,-1.516892433166504,0.6426496505737305
136,3208,"Sad , Tired , Sleepy , Grumpy , Annoyed",2024-11-06 12:47:33,7,True,-1.0,1.0,False,year: 2024 month: 11 day: 06,-1.203267216682434,0.37819820642471313
136,3209,I didn’t go to class this morning . Slept all morning . Took my meds . Still tired . studied . Haven’t eaten yet today but not hungry . Stomach hurts . I have no motivation to do anything I just want to stay in bed all day and do nothing,2024-11-06 17:01:41,7,False,-1.0,1.0,False,year: 2024 month: 11 day: 06,-0.95457923412323,0.2077745497226715
136,3210,"Sad , Annoyed , Angry , Tired , Fatigue",2024-11-06 22:01:51,7,True,-2.0,1.0,False,year: 2024 month: 11 day: 06,-1.223551630973816,0.6348126530647278
136,3211,I feel horrible . Last night was another tough night . I reached out to a friend and they had to make sure I was ok . I barely slept . I couldn’t sleep until after 4am . Class at 8am . Meeting . I feel empty . Sad . Lonely . I feel so horrible,2024-11-07 12:13:44,7,False,-2.0,1.0,False,year: 2024 month: 11 day: 07,-1.540704607963562,0.3985304534435272
136,3212,"Feeling a little better right now . Been busy all day . Tired because I did not sleep well last night . Did not fall asleep until after 4am and then woke up at 7am . I had class , saw patients , and now have a quiz to go to at 6pm . Keeping myself busy . Tired and want to take a nap",2024-11-07 17:03:48,7,False,-1.0,1.0,False,year: 2024 month: 11 day: 07,-0.5375226140022278,0.6807742118835449
136,3213,"Okay , Better , Calm , Relaxed , Safe",2024-11-07 22:16:42,7,True,0.0,1.0,False,year: 2024 month: 11 day: 07,0.7202439904212952,0.4828566312789917
136,3214,"Okay , Relaxed , Content , Calm , Breathing",2024-11-08 22:02:36,7,True,0.0,1.0,False,year: 2024 month: 11 day: 08,1.0421940088272095,0.46230822801589966
136,3215,"Feeling ok mentally . Woke up pretty late around 12pm , then stayed in bed until 2pm . Went out to get groceries and did laundry so I’m trying to be productive . I have to start studying now because it’s late in the afternoon . I slept ok . Mood is ok but my stomach hurts",2024-11-09 17:27:28,7,False,-1.0,0.0,False,year: 2024 month: 11 day: 09,0.5461676716804504,0.4456324577331543
136,3216,"Went to get groceries , did laundry , studied , ate food , talked to my partner , feeling okay right now . I feel like I’ve been productive . The day went by pretty fast . I get to sleep in tonight because tomorrow is the weekend . I’m looking forward to sleep",2024-11-09 22:04:18,7,False,0.0,1.0,False,year: 2024 month: 11 day: 09,0.6899324655532837,0.9415090084075928
136,3217,"Lonely , Sad , Nervous , Anxious , Unsure",2024-11-10 17:16:48,7,True,-1.0,1.0,False,year: 2024 month: 11 day: 10,-1.0582090616226196,0.7893306016921997
136,3425,Been productive for most of the day . Got some snacks and food for myself so self care . Also went out for a short walk but it was too hot so only stayed out for like 10 minutes . I feel comfortable and clean after taking a shower and lay in bed watching tv and playing games . Feeling ok currently,2024-11-10 22:03:12,7,False,0.0,1.0,False,year: 2024 month: 11 day: 10,0.3873113989830017,0.7567515969276428
136,3426,"Tired , Sleepy , Lonely , Overwhelmed , Stressed",2024-11-11 12:02:16,7,True,-1.0,1.0,False,year: 2024 month: 11 day: 11,-1.583228588104248,0.14163735508918762
136,3427,"Woke up and did not want to go to class because I was tired and sleepy and was not able to fall asleep until 2am . I thought about not going to class but made myself go . I also went to small group after class . I took a nap but kept waking up every 10 minutes . I am not tired right now but feeling a little sick . Other than that , I’m okay",2024-11-11 17:02:26,7,False,-1.0,2.0,False,year: 2024 month: 11 day: 11,-1.0429649353027344,0.09699033200740814
136,3428,Currently I am feeling okay . A little tired and don’t have energy but I feel mentally okay . Missed class this morning because I didn’t fall asleep until after 3-4am so I didn’t wake up until past 12pm . I missed my alarm . Todays lectures were pretty simple so I am not worried,2024-11-12 17:08:22,7,False,0.0,1.0,False,year: 2024 month: 11 day: 12,-0.18074895441532135,0.24453617632389069
136,3429,"Confused , Stressed , Anxious , Frustrated , Uncertain",2024-11-12 22:06:19,7,True,-1.0,1.0,False,year: 2024 month: 11 day: 12,-0.440974622964859,1.3283233642578125
136,3430,Feeling okay . Woke up feeling tired and then went to class . Finished class . Now I would usually take a nap but I’m not feeling tired right now . I have small group and don’t want to go but I should go because I want to stay productive . Woke up and feel okay about my body today,2024-11-13 12:02:10,7,False,-1.0,0.0,False,year: 2024 month: 11 day: 13,-0.16563795506954193,0.338859498500824
136,3431,"Tired , Sad , Nervous , Stressed , Anxious",2024-11-13 17:02:28,7,True,-1.0,1.0,False,year: 2024 month: 11 day: 13,-1.1070431470870972,0.5452399849891663
136,3432,"Tired , Sleepy , Anxious , Annoyed , Lonely",2024-11-13 22:02:19,7,True,0.0,1.0,False,year: 2024 month: 11 day: 13,-1.0842870473861694,0.2841073274612427
100,1404,"Good , Calm , Neutral , Okay , Cool",2024-07-17 12:04:58,7,True,0.0,1.0,False,year: 2024 month: 07 day: 17,0.5817418694496155,0.7902773022651672
100,1405,"Tipsy , Lively , Good , Cool , Okay",2024-07-17 17:03:46,7,True,1.0,1.0,False,year: 2024 month: 07 day: 17,0.7338110208511353,1.579432487487793
100,1406,"Calm , Anxious , Cool , Good , Somewhat happy",2024-07-18 17:30:07,7,True,0.0,1.0,False,year: 2024 month: 07 day: 18,0.97670978307724,0.853276789188385
100,1407,"Good , Happy , Great , Cool",2024-07-19 12:48:16,7,True,1.0,1.0,False,year: 2024 month: 07 day: 19,1.091869831085205,1.1314632892608643
100,1408,"Calm , Good , Neutral , Unbothered , Cool",2024-07-20 17:07:27,7,True,0.0,1.0,False,year: 2024 month: 07 day: 20,0.5893242359161377,0.8358123898506165
100,1409,"Cool , Calm , Somewhat tired , Good",2024-07-21 12:30:42,7,True,0.0,1.0,False,year: 2024 month: 07 day: 21,0.7033625245094299,0.6963931322097778
100,1419,"Calm , Nervous , Cool , Good , Fine",2024-07-22 12:49:38,7,True,1.0,1.0,False,year: 2024 month: 07 day: 22,0.6883147954940796,0.8063508868217468
100,1420,Work has been so tasky today and I ' m feeling very sluggish and tired already . Been working my ass out since I got to work and my strength is diminishing .\ n \ nI feel kinda stressed out tired and feel like resting or sleeping,2024-07-22 17:12:48,7,False,-1.0,0.0,False,year: 2024 month: 07 day: 22,-1.2174936532974243,0.05621664226055145
100,1421,"Cool , Calm , Nice , Unbothered",2024-07-23 12:15:51,7,True,0.0,1.0,False,year: 2024 month: 07 day: 23,0.8036164045333862,0.8522788286209106
100,1422,"Calm , Good , Neutral , Getting stressed",2024-07-24 12:45:53,7,True,0.0,1.0,False,year: 2024 month: 07 day: 24,0.5574880242347717,0.7831515073776245
100,1423,"Tired , Stressed , Sluggish , Exhausted , Hungry",2024-07-24 17:02:23,7,True,-2.0,0.0,False,year: 2024 month: 07 day: 24,-1.5181300640106201,0.13010090589523315
100,1424,"Lively , Spirited , Tipsy , Happy , Cool",2024-07-25 17:11:49,7,True,1.0,2.0,False,year: 2024 month: 07 day: 25,1.3526992797851562,1.7429848909378052
100,1425,"Tired , Exhausted , Hungry , Low , Anxious",2024-07-26 17:01:43,7,True,-2.0,0.0,False,year: 2024 month: 07 day: 26,-1.2352455854415894,0.34023648500442505
100,1426,"Tired , Exhausted , Tipsy , calm , Nervous",2024-07-27 17:13:04,7,True,-2.0,0.0,False,year: 2024 month: 07 day: 27,-1.025993824005127,0.4215919077396393
100,1427,"Tired , Sluggish , Sleepy , Tipsy",2024-07-27 22:17:23,7,True,-1.0,0.0,False,year: 2024 month: 07 day: 27,-1.26967453956604,0.1542506366968155
100,1428,"Lively , Tipsy , Good , Happy",2024-07-28 17:14:19,7,True,1.0,2.0,False,year: 2024 month: 07 day: 28,1.1468688249588013,1.6310971975326538
100,1429,"I ' m feeling good and lively , today ' s work wasn ' t that stressful as there wasn ' t much to do . And I had a good time with a friend during lunch as we talked about life in it ' s entirety .\ n \ nI ' m also feeling hungry at the moment and somewhat sleepy .",2024-07-29 17:12:15,7,False,1.0,1.0,False,year: 2024 month: 07 day: 29,1.0533044338226318,0.8698133826255798
100,1430,"I ' m feeling quite normally or do I say neutral because I ' m neither happy nor unhappy . Tho I ' m kinda nervous with the task I ' m currently working on , as I ' m expecting a positive outcome .\ n \ nSo I ' m just feeling cool .",2024-07-30 12:00:48,7,False,0.0,1.0,False,year: 2024 month: 07 day: 30,0.7229053974151611,0.6467511057853699
100,1431,"Tired , Exhausted , Stressed , Restless , Tipsy",2024-07-30 22:00:51,7,True,-2.0,0.0,False,year: 2024 month: 07 day: 30,-1.5202323198318481,0.32646262645721436
143,3608,"Happy , Calm , Cool , Jaunty , Good",2024-10-15 12:02:25,7,True,1.0,1.0,False,year: 2024 month: 10 day: 15,1.583260178565979,1.0766128301620483
143,3609,"I am currently feeling good , I am doing my daily tasks and my following my daily routine activities . I am happy with the situation of things currently and I am able to relate well with my colleagues at the workplace",2024-10-15 17:21:31,7,False,1.0,1.0,False,year: 2024 month: 10 day: 15,1.2171622514724731,0.965979278087616
143,3610,"Calm , Cool , Confident , Relaxed , Good",2024-10-16 12:01:50,7,True,2.0,0.0,False,year: 2024 month: 10 day: 16,1.1286468505859375,0.4340377748012543
143,3611,"Calm , Contented , Confident , Happy , Relaxed",2024-10-16 17:02:10,7,True,2.0,1.0,False,year: 2024 month: 10 day: 16,1.2163879871368408,0.4607801139354706
143,3612,"Calm , Dizzy , Relaxed , Happy , Good",2024-10-16 22:09:02,7,True,2.0,0.0,False,year: 2024 month: 10 day: 16,1.0301387310028076,0.5417134165763855
143,3613,"Calm , Happy , Lively , Relaxed , Confident",2024-10-17 12:40:49,7,True,1.0,0.0,False,year: 2024 month: 10 day: 17,1.433119773864746,0.7307264804840088
143,3614,"Contented , Calm , Cool , Relaxed , Comfortable",2024-10-17 17:34:49,7,True,2.0,0.0,False,year: 2024 month: 10 day: 17,0.9932822585105896,0.2746995687484741
143,3615,"I feel happy and I am doing good with everything happening to me right now , I feel awesome and lively at the moment . Things are going smoothly for me and I believe I am on the right track at the moment .",2024-10-17 22:06:00,7,False,1.0,2.0,False,year: 2024 month: 10 day: 17,1.3532871007919312,1.3031948804855347
143,3616,"I am feeling good , I am happy and doing fine . Things are going smoothly and I am optimistic about my future , I can handle situations about my life comfortably . I believe when I pray to God and I put in my best in all I do , I will come out victorious .",2024-10-18 12:08:08,7,False,2.0,1.0,False,year: 2024 month: 10 day: 18,1.5778367519378662,0.9617571234703064
143,3618,"Nervous , Calm , Good , Comfortable , Confident",2024-10-18 17:02:52,7,True,0.0,1.0,False,year: 2024 month: 10 day: 18,0.6598301529884338,0.7449306845664978
143,3619,"I am not feeling happy ,, I am expecting and information to come through my mail and it’s not coming through . I am kinda nervous because of the information I am expecting . I hope this information will come through and I will be able to use it for what I intend to use it for",2024-10-18 22:01:34,7,False,0.0,1.0,False,year: 2024 month: 10 day: 18,-0.5035296678543091,0.7918488383293152
143,3620,"Calm , Cool , Happy , Contented , Confident",2024-10-19 12:01:52,7,True,1.0,0.0,False,year: 2024 month: 10 day: 19,1.2956843376159668,0.626645028591156
143,3621,"Happy , Calm , Comfortable , Relaxed , Good",2024-10-19 17:03:58,7,True,1.0,1.0,False,year: 2024 month: 10 day: 19,1.3067045211791992,0.6248692870140076
143,3622,"I am feeling happy , relaxed and relieved . I am enjoying my weekend with my family and things are going on smoothly . I am playing with my kids and they’re also enjoying the moment with me . This kind of moment helps foster the love between family",2024-10-20 12:57:59,7,False,1.0,0.0,False,year: 2024 month: 10 day: 20,1.5345810651779175,0.7118727564811707
143,3623,"I am very happy with the way things are going for me , I am happy I have enough time to spend with my family . I feel relaxed and happy seeing them . Doing good . I feel connected to them . I am always happy having my family around me",2024-10-20 17:49:47,7,False,2.0,1.0,False,year: 2024 month: 10 day: 20,1.5113952159881592,0.6700290441513062
143,3624,"I am contented with everything , and happy with the situation of things in my life . I feel relaxed anytime I am with my family , because it gives me that special feeling and helps increase how I see things from a love side . I am feeling confident and satisfied , I like the way life is revolving",2024-10-20 22:08:54,7,False,2.0,0.0,False,year: 2024 month: 10 day: 20,1.6358799934387207,0.5801559090614319
143,3625,"I am happy and proud of myself , I feel everything is going on well for me and I am doing great for myself . I am fine with the situation of things around me and I am happy about it . I feel relaxed and happy about my day so far",2024-10-21 12:38:53,7,False,1.0,0.0,False,year: 2024 month: 10 day: 21,1.2580981254577637,0.8066204190254211
143,3626,"Cool , Happy , Active , Relaxed , Confident",2024-10-21 17:03:57,7,True,0.0,2.0,False,year: 2024 month: 10 day: 21,1.3377958536148071,1.0278679132461548
143,3627,"Cool , Happy , Joy , Calm , Relaxed",2024-10-21 22:01:54,7,True,0.0,2.0,False,year: 2024 month: 10 day: 21,1.3865771293640137,0.6848174333572388
143,3629,I am feeling happy and jaunty . I am happy with my current situation at work . I am active and performing my daily tasks . I am also happy working with my colleagues and we’re all happy doing a great job together . I feel relaxed and confident,2024-10-22 17:26:58,7,False,0.0,2.0,False,year: 2024 month: 10 day: 22,1.35757315158844,1.4405083656311035
143,3630,"I am happy with the situation of things , things are going on well and I am happy with the situations at my workplace . Life has been going on well for me , I feel relaxed connected , calm with everyone around me . Things have been good for me",2024-10-23 17:07:41,7,False,0.0,2.0,False,year: 2024 month: 10 day: 23,1.3488144874572754,0.8672909140586853
143,3631,"Happy , Active , Good , Calm , Jaunty",2024-10-23 22:58:51,7,True,0.0,2.0,False,year: 2024 month: 10 day: 23,1.5077869892120361,1.3671677112579346
143,3632,"Happy , Calm , Cool , Confident , Comfortable",2024-10-24 12:01:15,7,True,0.0,2.0,False,year: 2024 month: 10 day: 24,1.4261475801467896,0.6342236399650574
143,3633,"I am feeling relaxed and happy with myself . I like the situation of things around my workplace , I am in good condition with my other colleagues at the workplace . I feel comfortable with people around me and everything has been going on smoothly since I’ve get to the workplace",2024-10-24 17:03:37,7,False,0.0,2.0,False,year: 2024 month: 10 day: 24,1.3604793548583984,0.829875111579895
143,3634,I feel active and firm . I enjoined myself to see things from the positive side of life . I am happy with the situation of things around my life and the balance between my personal life and my work life . Things have going on well for me and I am also enjoying life with everything that revolves around it,2024-10-24 22:01:40,7,False,0.0,2.0,False,year: 2024 month: 10 day: 24,1.1276333332061768,1.3594825267791748
143,3635,"Calm , Cool , Active , Happy , Comfortable",2024-10-25 12:03:51,7,True,0.0,2.0,False,year: 2024 month: 10 day: 25,1.1193736791610718,0.7368254661560059
143,3636,"Happy , Calm , Cool , Comfortable , Confident",2024-10-25 17:28:15,7,True,0.0,2.0,False,year: 2024 month: 10 day: 25,1.4366250038146973,0.622134268283844
143,3637,"I am active and looking sharp , today has been good so far and thing are fine in the public space . I’m happy with the situation of things around me and today was a good day . I’m happy it’s weekend because I’ve got enough time to spend with my family .",2024-10-25 22:06:44,7,False,0.0,2.0,False,year: 2024 month: 10 day: 25,1.3871427774429321,1.0959337949752808
143,3638,"I am happy with my family , I am happy with the situation of things around me . My kids are happy with me and I am also glad I have enough time to spend with them this weekend . I also feel relaxed around my family and how things have been going for us",2024-10-26 17:10:33,7,False,0.0,2.0,False,year: 2024 month: 10 day: 26,1.4037624597549438,0.6593894958496094
143,3640,"I am happy and doing good , I like what’s happening around me and what’s going on in my life . I feel more confident about my future and I am happy . Life has been good to me and things are working well for me and my family",2024-10-26 22:12:49,7,False,0.0,2.0,False,year: 2024 month: 10 day: 26,1.1118288040161133,1.0687012672424316
143,3641,I am feeling happy with my family at the moment . Everyone of us is doing fine and we’re happy we can spend this beautiful moment with one another . My spouse and I are very happy with how we’re spending the weekend,2024-10-27 12:59:22,7,False,0.0,2.0,False,year: 2024 month: 10 day: 27,1.6201894283294678,0.6789211630821228
143,3642,I am happy with myself . I am feeling better with myself and my family . I am feeling much happier today because I have enough time to spend with my family . I am happy because my spouse is really happy enjoying the moment we’re spending together,2024-10-27 22:06:21,7,False,0.0,2.0,False,year: 2024 month: 10 day: 27,1.667724370956421,0.6034666299819946
143,3643,"I am happy with the situation of things around me , I’m active and working with my colleagues . I am happy and confident about myself . Work has been a bit hectic today but I’m still productive and completing my daily tasks .",2024-10-28 17:03:16,7,False,0.0,2.0,False,year: 2024 month: 10 day: 28,1.4274120330810547,1.3261405229568481
92,690,I feel tired and fatigued at the moment . Feeling slightly overwhelmed that I am not done with my day yet . There were some unexpected situations during my day resulting in me needing to be flexible in my day in order to be accommodating .,2024-09-24 17:00:52,7,False,-2.0,0.0,False,year: 2024 month: 09 day: 24,-1.1799585819244385,0.09334130585193634
92,694,Feeling sluggish as I have a lot of notes to complete for my job . I am feeling tired because there is always work to do after work . Feeling slightly overwhelmed as I still have lots to do despite waking up early to get a head start to complete notes .,2024-09-26 17:18:32,7,False,-1.0,0.0,False,year: 2024 month: 09 day: 26,-0.841759443283081,0.26088497042655945
92,695,"Feeling sad because I have met up with some friends and I do not like where I am at . Feeling unaccomplished and distracted . I feel like I should be doing more , but I’m not and I don’t know how to reach where I want to be . Feeling sad .",2024-09-26 22:37:40,7,False,-1.0,1.0,False,year: 2024 month: 09 day: 26,-1.2144804000854492,0.5657749176025391
92,696,"Feeling rested and well relaxed after sleeping a full night of sleep . I spend last night with family and getting a nice dinner to enjoy our time together . Today I have more events planned with my friends , so I am excited and feeling relaxed .",2024-09-28 12:24:15,7,False,1.0,0.0,False,year: 2024 month: 09 day: 28,1.0328409671783447,0.45890364050865173
92,697,Tired due to personal health reasons . The gloomy weather also plays a role in how I feel . The weekend is usually my time to relax but the weather is not nice enough to go outside and enjoy it . My plans with my friend was also cancelled due to weather changes .,2024-09-29 12:22:46,7,False,-2.0,0.0,False,year: 2024 month: 09 day: 29,-1.0379934310913086,0.14685790240764618
92,698,I feel somewhat sad as my weekend was finished so quickly and I was not able to do what I wanted to do . I am feeling slightly sad that I have to prepare myself for another week of work even though I feel like I am not ready to work yet .,2024-09-29 22:46:11,7,False,-1.0,1.0,False,year: 2024 month: 09 day: 29,-0.7536975741386414,0.5787580609321594
92,699,Lively because it is the start of my day and I need to be lively for my work . I just finished treating one of my patients who always looks forward to seeing me and that makes me excited to see her and treat her as well . Makes me feel appreciated .,2024-09-30 12:07:20,7,False,1.0,2.0,False,year: 2024 month: 09 day: 30,0.7766393423080444,1.5281022787094116
92,709,Neutral and content as I do not have plans tomorrow . I am relaxed and enjoying my night . I ate a big meal and spent time with my boyfriend so I am enjoying my day and content with what I did today . Feeling relaxed as I do not have to work tomorrow and I get to spend time with my dog at home .,2024-10-05 22:41:28,7,False,0.0,1.0,False,year: 2024 month: 10 day: 05,1.0772709846496582,0.4412775933742523
92,711,"Neutral as my job is reaching out on a my resting day . I was feeling content but I am feeling slightly frustrated but trying to not have my work interrupt my resting day routine and emotions , I have a lot of the day to continue to enjoy so I am not as upset .",2024-10-06 17:16:42,7,False,0.0,1.0,False,year: 2024 month: 10 day: 06,-0.0637543648481369,0.5332391262054443
92,712,"Feeling neutral , tomorrow is Monday , but I am not working so I feel a little more at ease . Currently I’m feeling calm because I am cooking and trying out a new recipe . My dog is by my side and keeping me company so I am content and relaxed as well .",2024-10-06 22:40:09,7,False,0.0,1.0,False,year: 2024 month: 10 day: 06,1.1498939990997314,0.3103807270526886
92,713,Feeling happy as I have the day off and spending my time with my boyfriend and my dog . I was able to sleep in a little bit today and enjoy a slower morning . Planning out the rest of my day to take advantage of what the dog on my day off . However there are still emails being reached out to me and there are still things to do .,2024-10-07 12:36:49,7,False,1.0,1.0,False,year: 2024 month: 10 day: 07,1.2557570934295654,0.6743278503417969
92,714,"Currently feeling neutral , not content and not sad . I am doing my own independent work for personal growth , so I’m just neutral . I thinking about what to eat for dinner and considering eating outside on a Monday as there would be less people out . Planning out my week in preparation for work .",2024-10-07 17:00:16,7,False,0.0,0.0,False,year: 2024 month: 10 day: 07,0.03927329182624817,0.5248581767082214
92,689,"Rushed , Awake , Neutral , Anxious , Worried",2024-09-24 12:00:45,7,True,0.0,2.0,False,year: 2024 month: 09 day: 24,-0.052959710359573364,1.54549241065979
92,691,"Rushed , Relief , Content , Tired , Rested",2024-09-25 12:02:24,7,True,1.0,0.0,False,year: 2024 month: 09 day: 25,0.9122727513313293,1.0067648887634277
92,692,"Content , Calm , Worried , Tired , Relaxed",2024-09-25 22:56:58,7,True,1.0,0.0,False,year: 2024 month: 09 day: 25,0.9943433403968811,0.47280600666999817
92,693,"Worried , Anxious , Overthinking , Calm , Rested",2024-09-26 12:12:12,7,True,0.0,1.0,False,year: 2024 month: 09 day: 26,-0.259365975856781,0.991089940071106
92,700,"Calm , Worried , Anxious , Tired , Drained",2024-09-30 17:46:46,7,True,0.0,1.0,False,year: 2024 month: 09 day: 30,0.41003793478012085,0.6725102663040161
92,701,"Neutral , Calm , Resting , Tired , Drained",2024-09-30 22:19:31,7,True,0.0,1.0,False,year: 2024 month: 09 day: 30,-0.24610765278339386,0.5440923571586609
92,702,"Tired , Fatigued , Used , Sad , Drained",2024-10-01 17:52:45,7,True,-1.0,1.0,False,year: 2024 month: 10 day: 01,-1.422261357307434,0.21475142240524292
92,703,"Tired , Drained , Sad , Sore , Used",2024-10-01 22:05:56,7,True,-2.0,0.0,False,year: 2024 month: 10 day: 01,-1.2255237102508545,0.13265618681907654
92,704,"Tired , Sleepy , Anxious , Disgust , Disappointed",2024-10-02 17:00:36,7,True,-1.0,0.0,False,year: 2024 month: 10 day: 02,-1.2001389265060425,0.2441210001707077
92,705,"Calm , Happy , Tired , Relaxed , Sore",2024-10-02 22:00:32,7,True,2.0,0.0,False,year: 2024 month: 10 day: 02,0.9770472645759583,0.4482777714729309
92,706,"Quiet , Relaxed , Content , Calm , Happy",2024-10-03 22:54:59,7,True,0.0,0.0,False,year: 2024 month: 10 day: 03,1.1414071321487427,0.4410862624645233
92,707,"Content , Calm , Happy , Slightly anxious , Thinking",2024-10-04 12:22:09,7,True,1.0,0.0,False,year: 2024 month: 10 day: 04,1.1895251274108887,0.861525297164917
92,708,"Active , Rushed , Alive , Anxious , Content",2024-10-05 12:00:24,7,True,0.0,2.0,False,year: 2024 month: 10 day: 05,0.46208202838897705,1.7071075439453125
92,710,"Happy , Content , Calm , Relaxed , Rested",2024-10-06 12:00:22,7,True,1.0,1.0,False,year: 2024 month: 10 day: 06,1.4515373706817627,0.6117666363716125
92,715,"Relaxed , Content , Calm , Refreshed , Ease",2024-10-07 22:00:54,7,True,0.0,1.0,False,year: 2024 month: 10 day: 07,1.2394548654556274,0.2593172490596771
104,1565,"I ' m pretty excited to go hiking . The weather has been really warm and today actually feels like Fall weather . So my mood is calm and content . I ' m with family , the air is crisp and Fall weather is my favorite season .",2024-11-02 12:14:46,7,False,2.0,0.0,False,year: 2024 month: 11 day: 02,1.3113068342208862,1.054357886314392
104,1566,Today my mood is pretty good . I am going for a hike and the weather is super nice . The temperature is finally feeling Fall like and I ' m excited to go on my first   hike of the year . Looking forward to more hikes until the end of the year for sure,2024-11-02 17:02:15,7,False,2.0,0.0,False,year: 2024 month: 11 day: 02,1.315024733543396,1.116755485534668
104,1567,"Calm , Sleepy , Normal , Fine , Content",2024-11-03 12:47:56,7,True,2.0,0.0,False,year: 2024 month: 11 day: 03,0.6045829653739929,0.619347095489502
104,1568,"Nervous , Ambiguous , Hopeful , Cautious , Optimistic",2024-11-04 17:12:41,7,True,-1.0,2.0,False,year: 2024 month: 11 day: 04,-0.2010124772787094,1.795333743095398
104,1569,Still a bit jittery for the coming election tomorrow . Not sure what to think of it . Cautiously optimistic hut still want to not put all my eggs into a basket . Just had dinner and trying not to overthink about tomorrow,2024-11-04 22:14:53,7,False,0.0,1.0,False,year: 2024 month: 11 day: 04,-0.45584818720817566,1.8396811485290527
104,1571,Just feeling nervous about the election . I have no idea how the entire thing is going to unfold and the next few decades will be decided on the winner . And it ' s a close race . No idea and cautiously optimistic and yet still feels unsurr,2024-11-05 22:05:42,7,False,-1.0,2.0,False,year: 2024 month: 11 day: 05,-0.36119359731674194,1.2473056316375732
104,1572,"Dejected , Lost , Wondering , Election , Hope",2024-11-06 17:13:34,7,True,-1.0,1.0,False,year: 2024 month: 11 day: 06,-0.8811937570571899,0.6734512448310852
104,1573,"Contemplating , Unsure , Neutral , Nonchalant , Wistful",2024-11-06 22:05:24,7,True,0.0,1.0,False,year: 2024 month: 11 day: 06,-0.09440847486257553,1.2216203212738037
104,1574,Not as doom and gloom on election day . Don ' t want to over rhink and just focus on hope and the future and pray that it ' s not as bad as it seems . And try to get on with my life and just go about my day as normalna and possible,2024-11-07 12:01:38,7,False,0.0,1.0,False,year: 2024 month: 11 day: 07,0.05180743336677551,0.7990978956222534
104,1575,Not sure what to make of this post election situation . But I ' m not going to keep feeling down and just try to continue with the daily life and focus on my mental well being and situation . Life goes on,2024-11-07 17:26:55,7,False,0.0,1.0,False,year: 2024 month: 11 day: 07,-0.033560700714588165,0.5841939449310303
104,1576,"Nonchalant , Unsure , Cautious , Wondering , Reflection",2024-11-08 12:54:59,7,True,0.0,1.0,False,year: 2024 month: 11 day: 08,-0.12737688422203064,1.0654295682907104
104,1577,"Full , Restful , Neural , Calm , Homely",2024-11-08 22:03:29,7,True,0.0,1.0,False,year: 2024 month: 11 day: 08,1.1820182800292969,0.4396791160106659
104,1578,Feeling ok . It ' s the weekend and the weather is pretty nice . Just trying to make the best out of today . Gotta make sure my mental health is good and feeling loved and content . Want to feel positive despite the election .,2024-11-09 12:01:30,7,False,0.0,0.0,False,year: 2024 month: 11 day: 09,0.9939239621162415,0.7278894782066345
104,1579,Not much change from today . About the same and just getting ready for dinner and turn down for the night . I ' m feeling fine and normal . Not sure what else to say or elaborate and I ' m ok . Sorry just rambling coz it ' s a 200 words minimum and I ' m trying to explain the best I can,2024-11-09 17:01:29,7,False,0.0,1.0,False,year: 2024 month: 11 day: 09,0.6418899893760681,0.5038215517997742
104,1580,"This is the 3rd mini survey I did . So I ' m not sure if I ' m supposed to keep doing 3 of these today . But I don ' t think my feelings change in the course of the entire day . So it ' s basically just normal , not over thinking .",2024-11-09 22:10:24,7,False,0.0,1.0,False,year: 2024 month: 11 day: 09,0.10672448575496674,0.9072436094284058
104,1582,Excited to go to ORG to do some home furnishing Morning feels good . Nothing out of the ordinary crazy and just feeling content . Planning my days for the next weekend . Feeling good and content and looking forward to continue my day,2024-11-10 12:06:27,7,False,1.0,1.0,False,year: 2024 month: 11 day: 10,1.3043367862701416,0.8511428236961365
104,1583,No much change since this morning . I really don ' t know how much to explain as it ' s pretty much the same as I felt this morning . Just waiting to take a nap and continue with the rest of the Sunday . I feel ok . Nothing change,2024-11-10 17:01:45,7,False,0.0,1.0,False,year: 2024 month: 11 day: 10,0.3181755840778351,0.4339538514614105
104,1584,Feeling ok . Watching tv . No feeling anything in particular . Just the same as the last mini survey I ' ve talked about . Like I said . Watching tv . Just chilling and not thinking anything in particular just the same . Sorry much to say for 200 words minimum,2024-11-10 22:55:18,7,False,0.0,1.0,False,year: 2024 month: 11 day: 10,0.33999407291412354,0.5156923532485962
104,1585,"Normal , Relax , Rest , Fine , Chill",2024-11-11 22:24:44,7,True,0.0,1.0,False,year: 2024 month: 11 day: 11,0.3062266409397125,0.6653513312339783
104,1586,"Sleepy , Ok , PERSON , Relax , Nonchalant",2024-11-12 12:49:56,7,True,0.0,1.0,False,year: 2024 month: 11 day: 12,-0.054245755076408386,0.32182180881500244
104,1587,I just had dinner and now resting and watching tv . I feel ok and not thinking about anything that ' s on the news . Looking forward to the holidays and my vacation and taking a break from work since this year,2024-11-12 22:01:29,7,False,0.0,1.0,False,year: 2024 month: 11 day: 12,0.26719170808792114,0.2120305746793747
104,1588,Starting my day right . Morning us pretty brisk and the weather is finally very nice and fall . Have some coffee and ready to go about my day and look forward to spending the rest of the day with my dog,2024-11-13 12:41:31,7,False,1.0,1.0,False,year: 2024 month: 11 day: 13,1.0157065391540527,1.229630947113037
104,1589,"Tired , Thirsty , Restful , Sleepy , Normal",2024-11-13 17:07:20,7,True,-1.0,0.0,False,year: 2024 month: 11 day: 13,-1.1255993843078613,0.01182654406875372
104,1590,I just had dinner . I made something really great and felt really satisfied as I was starving . Right now I ' m just relaxing and unwinding down the rest of the day watching tv and having chocolates and just feeling mindful,2024-11-13 22:08:29,7,False,1.0,1.0,False,year: 2024 month: 11 day: 13,0.5151588320732117,0.2880420982837677
104,1591,"Sleepy , Tired , Lazy , Chilling , Hungry",2024-11-14 12:01:10,7,True,-1.0,0.0,False,year: 2024 month: 11 day: 14,-0.8521028161048889,0.013910039328038692
104,1593,"Sleepy , Tired , cold , Mindful , Sluggish",2024-11-14 17:18:03,7,True,-1.0,0.0,False,year: 2024 month: 11 day: 14,-1.2264171838760376,-0.1661996990442276
104,1594,"Tired , Sleepy , Restful , Mindful , Calm",2024-11-15 12:20:50,7,True,0.0,1.0,False,year: 2024 month: 11 day: 15,-0.711113691329956,-0.13487640023231506
104,1595,"Contend , Calm , Chill , Relax , Mindful",2024-11-15 17:07:39,7,True,1.0,1.0,False,year: 2024 month: 11 day: 15,0.8577947616577148,0.7402870059013367
104,1771,Today was a good day . I had a nice and long sleep . Went out to meet a friend and spend the day walking around the city . It was a nice and no stress day . Nothing much to complain . Looking forward to the weekend,2024-11-15 22:01:29,7,False,1.0,1.0,False,year: 2024 month: 11 day: 15,1.0907996892929077,0.6658625602722168
104,1772,"Calm , Collective , Neutral , Mindful , Peace",2024-11-16 22:43:36,7,True,1.0,0.0,False,year: 2024 month: 11 day: 16,0.6355026960372925,0.7357985377311707
132,3066,"Currently , I am feeling very tired and exhausted . I was awake every two - three hours with my baby last night . Thankfully , my husband is helpful ; he stays awake during the nighttime feeding with me and helps change the baby’s diaper .",2024-11-06 12:14:02,7,False,-2.0,0.0,False,year: 2024 month: 11 day: 06,-0.8359982371330261,0.06067197024822235
132,3067,"Currently , I feel overwhelmed with graduate school and caring for a newborn . Additionally , contacting my HR and insurance company regarding my fmla has been stressful . I am also stressed about finances and childcare",2024-11-06 17:01:29,7,False,-1.0,0.0,False,year: 2024 month: 11 day: 06,-0.46388959884643555,0.9261125326156616
132,3068,"Currently , I am feeling very happy and content . My level of energy is a bit lower , but I am able to complete tasks . I am working on my health and doing minimal exercise to help my fitness and energy level .",2024-11-07 17:01:43,7,False,2.0,1.0,False,year: 2024 month: 11 day: 07,1.3388094902038574,0.6262193322181702
132,3071,"Currently , I am feeling ok . Being a new mom is difficult , but having a good support system helps . I’m physically tired , but mentally dealing with the new experiences fairly well . I am trying to be more energized by taking a few more naps during the day when possible .",2024-11-08 17:02:17,7,False,1.0,1.0,False,year: 2024 month: 11 day: 08,0.3556535840034485,0.3660847842693329
132,3072,"Currently , I’m feeling overwhelmed with the amount of housework and homework I have to do . Preparing for guests to visit the newborn is stressful . I feel like there is so much that needs to be done , but its hard to have energy to do so .",2024-11-08 22:02:10,7,False,0.0,1.0,False,year: 2024 month: 11 day: 08,-0.821297824382782,0.899031937122345
132,3076,"Currently i am feeling like I am not good enough . I try to comfort my baby , but she is constantly crying while awake . I’m trying to provide for my family by housekeeping , cooking , etc , but i fell inadequate",2024-11-10 22:30:28,7,False,-1.0,2.0,False,year: 2024 month: 11 day: 10,-0.752314031124115,0.4943248927593231
132,3082,"Currently , I’m feeling tired and nervous . Caring for a newborn is very tiring . Im nervous because I don’t know if I’ll be able to complete the school work I have in time . Also , I tried contacting HR regarding my leave and they haven’t responded , which is making me nervous about my pay .",2024-11-12 22:26:50,7,False,-1.0,1.0,False,year: 2024 month: 11 day: 12,-0.9701239466667175,0.5949141383171082
132,3084,"Currently , I am feeling over tired . I tried napping , but the baby kept me awake . I’m overwhelmed with work and school ; still deciding on whether to withdraw from a class to lessen my workload . Everyday seems the same- trying to do work , but getting bogged down with childcare .",2024-11-13 17:02:16,7,False,-2.0,0.0,False,year: 2024 month: 11 day: 13,-1.199158787727356,0.1280055195093155
132,3085,"Currently , I am feeling tired . I got awoken early and asked for a favor . I’m worried about my parents’ health , as they are in need of more care . Not sure how this will work out during the winter , hopefully the weather will not be bad this year .",2024-11-14 12:43:45,7,False,-1.0,0.0,False,year: 2024 month: 11 day: 14,-0.8546465635299683,-0.046066805720329285
132,3086,"Currently , I am feeling ok . I was able to take a nap and rest this afternoon quietly . Providing self care is important and I feel refreshed . Although i still haven’t completed the tasks i initially wanted to , i am content .",2024-11-14 17:23:02,7,False,0.0,0.0,False,year: 2024 month: 11 day: 14,1.0724120140075684,0.5110567808151245
132,3087,"Currently I’m feeling tired and bogged down . There are tasks I need/want to complete and can’t get   away from childcare to complete them . I’m happy to be with my baby , but am overwhelmed with the things i need to do",2024-11-14 22:02:06,7,False,-1.0,2.0,False,year: 2024 month: 11 day: 14,-0.6395474076271057,0.2019161432981491
132,3088,"Currently , i am feeling tired . Even though i am lying down in bed , its hard to rest because i am thinking of all of the things i need to do . I was able to do a couple of the tasks i set out to do , but there is still so much more i would like to accomplish before my husband goes back to work from paternity leave .",2024-11-15 22:31:13,7,False,0.0,0.0,False,year: 2024 month: 11 day: 15,-0.9558340311050415,-0.01977403461933136
132,3092,"Currently , I am feeling drained and tired . I was able to get some naps in , but I am mentally exhausted thinking about the future . Whilst I am trying to remain present , its hard not to think about things that I need to complete to be successful .",2024-11-16 22:20:03,7,False,-1.0,1.0,False,year: 2024 month: 11 day: 16,-1.2087653875350952,-0.15838779509067535
132,3095,"Currently , I am feeling ok . Even though I haven ' t completed the tasks that I wanted to , I was able to do some self-care . I am still overwhelmed with school work , but I am hoping to finish my assignments this week .",2024-11-17 22:19:02,7,False,0.0,1.0,False,year: 2024 month: 11 day: 17,0.2218184471130371,0.5094379186630249
132,3096,"Currently , I am feeling tired and sad . Im hoping to get more than 3 hours of sleep tonight , though I know it probably will not happen . Motherhood is definitely hard and I know it will not get easier .",2024-11-18 22:09:53,7,False,-1.0,1.0,False,year: 2024 month: 11 day: 18,-1.1054468154907227,0.029064998030662537
132,3070,"Anxious , Agitated , Productive",2024-11-08 12:13:11,7,True,-1.0,2.0,False,year: 2024 month: 11 day: 08,0.4048459529876709,1.8096387386322021
132,3073,"Happy , Excited , Nervous",2024-11-09 17:16:41,7,True,1.0,2.0,False,year: 2024 month: 11 day: 09,1.332638144493103,1.4946719408035278
132,3074,"Tired , Nervous , Anxious",2024-11-10 12:47:06,7,True,-1.0,0.0,False,year: 2024 month: 11 day: 10,-0.7253380417823792,0.665330171585083
132,3075,"Content , Relaxed , Tired",2024-11-10 17:02:33,7,True,1.0,1.0,False,year: 2024 month: 11 day: 10,1.106876015663147,0.6361842155456543
132,3077,"Tired , Anxious , Overwhelmed",2024-11-11 17:46:08,7,True,0.0,1.0,False,year: 2024 month: 11 day: 11,-0.5510563254356384,0.5751784443855286
132,3078,"Nervous , Unsure , Overwhelmed",2024-11-11 22:02:04,7,True,-1.0,2.0,False,year: 2024 month: 11 day: 11,-0.7837474942207336,1.1590842008590698
132,3079,"Angry , Upset , Nervous",2024-11-12 12:22:23,7,True,-1.0,2.0,False,year: 2024 month: 11 day: 12,-0.6300871968269348,1.345354676246643
132,3081,"Tired , Anxious , Overwhelmed",2024-11-12 17:36:19,7,True,-2.0,0.0,False,year: 2024 month: 11 day: 12,-0.5294352173805237,0.6194292306900024
132,3083,"Tired , Sad , Nervous",2024-11-13 12:31:49,7,True,-1.0,0.0,False,year: 2024 month: 11 day: 13,-0.9366912245750427,0.5545408129692078
132,3089,"Happy , Content , Accomplished",2024-11-16 12:59:15,7,True,1.0,1.0,False,year: 2024 month: 11 day: 16,1.2192704677581787,1.043609380722046
132,3090,"Tired , Exasperated , Overwhelmed",2024-11-16 17:40:27,7,True,-1.0,0.0,False,year: 2024 month: 11 day: 16,-1.3986049890518188,0.41858962178230286
132,3093,"Content , Calm , Rested",2024-11-17 12:43:48,7,True,0.0,1.0,False,year: 2024 month: 11 day: 17,1.105346918106079,0.6839185357093811
132,3094,"Tired , Overwhelmed , Worried , Anxious",2024-11-17 17:02:07,7,True,-1.0,2.0,False,year: 2024 month: 11 day: 17,-1.1214158535003662,0.39961346983909607
132,3097,"Angry , Frustrated , Tired",2024-11-19 17:27:24,7,True,-2.0,2.0,False,year: 2024 month: 11 day: 19,-0.888314425945282,1.1504968404769897
156,3962,"I am currently feeling content . I have a few plans in place this weekend so I am just thinking about that . I feel a little bit anxious about money because I am not getting paid until Tues . Therefore , I am trying to brainstorm ways that I can get some cheap yet fulfilling groceries for my self and my son to last until Tues . I feel somewhat accomplished , because I received some potentially good news in the mail regarding my student loans so that puts me at ease . I am feeling a little bit anxious and curious about the upcoming month , tomorrow is my son’s last day of summer school . He will be home with me until he starts school again in September . Therefore , I need to come up with a set schedule that can be fulfilling and fun for him . I also feel relaxed . I am laying in bed with my 5year old son waiting for him to fall asleep . I am watching a show on ORG  , called The Boys .",2024-08-08 22:01:07,7,False,2.0,0.0,False,year: 2024 month: 08 day: 08,1.6917667388916016,0.47604838013648987
156,3968,I am feeling ok . I am trying to clean my apartment and made some progress so I feel content . I still have a long way to go . I Went to the park with my son and we had a nice walk so that was good . He looks pretty content also . So no bad for a Sunday evening . We are both chilled and content right now . Looking forward to having a productive week as well .,2024-08-11 22:00:55,7,False,1.0,0.0,False,year: 2024 month: 08 day: 11,1.3285667896270752,0.4155479967594147
156,3969,It’s Monday morning and I am ready to tackle the day . My son is home with me on vacation so I am going to take him to the park . Then I am going to run some errands . It’s very hot outside but it will still be nice to be outside . I felt overwhelmed earlier because my place is a mess but I’m not going to let that get to me . I will feel better when I get back inside .,2024-08-12 12:02:55,7,False,2.0,2.0,False,year: 2024 month: 08 day: 12,0.31967467069625854,1.0080760717391968
156,3970,Feeling a bit overwhelmed . My son is home on vacation and I feel bad that I don’t have the money to take him somewhere fun . I am trying to come up with some creative ideas . In the meantime I do hope he can take a nap .,2024-08-12 17:51:44,7,False,-2.0,2.0,False,year: 2024 month: 08 day: 12,-0.8723763227462769,0.6944165825843811
156,3974,I feel calm and content . My son and I took a nap earlier and I am up but he is still sleeping . I am just strolling on the web and social media . Had a good day out with my mom earlier . My son is learning how to play ball with me .,2024-08-13 22:48:29,7,False,2.0,0.0,False,year: 2024 month: 08 day: 13,1.1459163427352905,0.2968405783176422
156,3975,I guess I’m ok . I have a lot to do and I am feeling overwhelmed . I just don’t know where to start so I feel frozen . I am trying to find smaller things to tackle so I can feel somewhat accomplished . Usually I procrastinate by oversleeping but since my son is home I cannot do that so I guess that is a blessing so I can face what is in front of me .,2024-08-14 17:19:07,7,False,-1.0,2.0,False,year: 2024 month: 08 day: 14,-0.586173415184021,0.670076310634613
156,3976,I’m doing ok this morning . It was hard for me to get up at first but now I am ready to tackle the day . I texted with my mom and sister and a friend this morning so that is good . My son is playing . It is very hot outside not sure I’m going outside but I hope to have a good day .,2024-08-15 12:23:44,7,False,2.0,0.0,False,year: 2024 month: 08 day: 15,0.4388921856880188,0.8218919038772583
156,3977,I’m a little agitated right now because my son is having a meltdown . I just don’t know how to help him when he does this . He is five hours old and on the spectrum . This happens when there is a change in his schedule and he has been home on vacation with me so I guess that is the change that he is struggling with .,2024-08-15 22:08:13,7,False,2.0,0.0,False,year: 2024 month: 08 day: 15,-1.0797491073608398,1.1266710758209229
156,3978,Looking forward to spending the day with my mom . We are going to go shopping and run some errands . We are very close and I always have a good day when I see her . It is hot outside but we will be in her car mostly .,2024-08-16 12:11:47,7,False,2.0,2.0,False,year: 2024 month: 08 day: 16,0.8012695908546448,1.0564403533935547
156,3980,Took a nap so I am feeling awake right now . Will try to get some housework done . It is the weekend so there is much to prepare for the upcoming week . I have some work-related projects to complete as well .,2024-08-16 22:43:51,7,False,2.0,2.0,False,year: 2024 month: 08 day: 16,0.2588004767894745,0.9045741558074951
156,3981,"I feel calm and content . We went food shopping and played a little bit . I wanted to do more but I’m ok with what I accomplished today . I hope that I can do more tomorrow , as I will have company over on Thursday .",2024-08-17 22:12:36,7,False,2.0,0.0,False,year: 2024 month: 08 day: 17,1.1063367128372192,0.6477794647216797
156,3983,"Feeling content and calm . I didn’t really accomplish anything today , just the basics but I will give myself a pass because it’s a Sunday . I do hope to be more productive this week . There really is so much that I need to accomplish .",2024-08-18 22:01:55,7,False,2.0,0.0,False,year: 2024 month: 08 day: 18,0.8217430710792542,0.5192323327064514
156,3985,Feeling good . Accomplished a few things this morning . Looking forward to some work-related projects coming up . I am also applying to grad school so I’m looking forward to that . My son appears to be content as well so that always makes me happy .,2024-08-19 17:13:32,7,False,2.0,0.0,False,year: 2024 month: 08 day: 19,1.2654533386230469,0.8037034273147583
156,3987,I am feeling just ok . I feel a little bit accomplished but there is so much more to be done . Looking forward to next week when I get paid I am really stretched out the grocery prices are just out of control .,2024-08-20 22:01:27,7,False,0.0,1.0,False,year: 2024 month: 08 day: 20,0.6665608882904053,0.8735369443893433
156,3996,I’m ok . I really don’t have much to say . I have a lot on my mi d right now . I’m worried about money . I am worried about all that needs to be done . There is a lot that needs to be done and I don’t have enough energy .,2024-08-21 12:51:59,7,False,0.0,1.0,False,year: 2024 month: 08 day: 21,0.551686704158783,0.7792958617210388
156,3998,Feeling content and calm . Took a nap . Feeling better than earlier . Family member lent me some money and another family member will be sending me money as well so I feel much better . I am trying to stay positive and take it one day at a time .,2024-08-21 22:00:46,7,False,2.0,0.0,False,year: 2024 month: 08 day: 21,1.1086533069610596,0.40904393792152405
156,3963,"Anxious , Worried , Annoyed , Tired , Reflective",2024-08-09 12:16:12,7,True,-1.0,2.0,False,year: 2024 month: 08 day: 09,-0.06532076001167297,1.2583045959472656
156,3964,"Relaxed , Content , Happy , Full , Enjoying",2024-08-10 17:25:20,7,True,2.0,2.0,False,year: 2024 month: 08 day: 10,1.320554256439209,0.5315598249435425
156,3965,"Tired , Content , Focused , Relaxed , Dreamy",2024-08-10 22:08:18,7,True,0.0,0.0,False,year: 2024 month: 08 day: 10,0.2911967635154724,0.32859572768211365
156,3966,"Accomplished , Tired , Relaxed , Hopeful , Content",2024-08-11 12:55:51,7,True,2.0,0.0,False,year: 2024 month: 08 day: 11,0.9025747179985046,0.6285516619682312
156,3967,"Annoyed , Tired , Hopeful , Fed up , Determined",2024-08-11 17:33:41,7,True,0.0,1.0,False,year: 2024 month: 08 day: 11,-0.49749383330345154,0.878186821937561
156,3971,"Relaxed , Calm , Tired , Stationary , Peaceful",2024-08-12 22:00:56,7,True,0.0,1.0,False,year: 2024 month: 08 day: 12,0.9729036092758179,0.3027433454990387
156,3972,"Calm , Relaxed , Content , Hopeful , Curious",2024-08-13 12:37:55,7,True,1.0,0.0,False,year: 2024 month: 08 day: 13,1.2956293821334839,0.6879074573516846
156,3973,"Calm , Chill , Content , Satisfied , Accomplished",2024-08-13 17:01:02,7,True,2.0,0.0,False,year: 2024 month: 08 day: 13,1.305763840675354,0.4546910226345062
156,3979,"Calm , Relaxed , Content , Accomplished , Curious",2024-08-16 17:53:01,7,True,2.0,0.0,False,year: 2024 month: 08 day: 16,1.361001968383789,0.5381221175193787
156,3982,"Calm , Content , Quiet , Chill , Relaxed",2024-08-18 17:00:54,7,True,0.0,0.0,False,year: 2024 month: 08 day: 18,1.173988938331604,0.4194994270801544
156,3984,"Hopeful , Focused , Determined , Good , Lively",2024-08-19 12:25:28,7,True,2.0,2.0,False,year: 2024 month: 08 day: 19,0.8480493426322937,1.5798665285110474
156,3986,"Tired , Worn out , Unmotivated , Guilty , Lazy",2024-08-20 12:31:03,7,True,-1.0,0.0,False,year: 2024 month: 08 day: 20,-1.3336864709854126,0.23235991597175598
156,3997,"Relaxed , Calm , Content , Tired , Happy",2024-08-21 17:33:14,7,True,2.0,0.0,False,year: 2024 month: 08 day: 21,1.1430760622024536,0.3963411748409271
157,3999,"I am feeling a bit sad , but not too sad . I have a feeling of doubt and regret . I feel like the world is a bit too tough for me .\ n "" My heart is heavy . I feel empty , lost , and alone .   and smiles feel forced . The world is dull and grey , devoid of joy . Every task feels like a mountain . I ' m trapped in sadness , searching for hope . Memories of happiness remind me of what ' s lost . I ' m suffocating in this darkness . Longing for escape , but stuck in pain .""",2024-08-21 12:03:13,7,False,-1.0,1.0,False,year: 2024 month: 08 day: 21,-1.101264476776123,-0.016224727034568787
157,4000,"Dispirited , Sad , Confused , Annoyed , Calm",2024-08-21 17:01:08,7,True,0.0,0.0,False,year: 2024 month: 08 day: 21,-0.8484063744544983,0.7482485175132751
157,4001,"""Ugh , I feel tired , slow , and unmotivated today , like I ' m moving through molasses and can ' t seem to get anything done . My brain is foggy , my body aches , and all I want to do is curl up on the couch and take a nap . Every task seems overwhelming and I just can ' t muster up the energy to care . I ' m stuck in a rut and don ' t know how to get out of it .""",2024-08-22 12:01:00,7,False,-1.0,0.0,False,year: 2024 month: 08 day: 22,-1.631394624710083,-0.05932356417179108
157,4002,"Happy , Excited , Delightful , High spirited , Joyful",2024-08-22 22:26:05,7,True,1.0,1.0,False,year: 2024 month: 08 day: 22,1.6885764598846436,1.4070346355438232
157,4003,"""Ugh , feeling really sluggish today . No energy , no motivation . Just want to stay in bed and snooze the day away . Every task feels like a huge mountain to climb . Even getting out of pajamas seems like too much effort . Need a boost to get going !""",2024-08-23 12:01:48,7,False,0.0,2.0,False,year: 2024 month: 08 day: 23,-0.9521376490592957,0.09282220900058746
157,4004,"Active , Happy , Energized , Joyful , Delighted",2024-08-23 17:02:47,7,True,0.0,2.0,False,year: 2024 month: 08 day: 23,1.0923420190811157,1.6064943075180054
157,4005,"Joyful , Strong , Motivated , Active , Happy",2024-08-23 22:22:22,7,True,2.0,2.0,False,year: 2024 month: 08 day: 23,1.2795438766479492,1.4308078289031982
157,4006,"I have been Feeling quiet is like being wrapped in a warm blanket on a chilly day . It ' s a sense of stillness that calms the mind and soothes the soul . In the quiet , I find peace and clarity , away from life ' s chaos and noise . It ' s a moment to breathe , reflect , and recharge , letting go of worries and embracing the serenity within .""",2024-08-24 12:48:49,7,False,0.0,0.0,False,year: 2024 month: 08 day: 24,0.9487952589988708,0.37969449162483215
157,4007,"Normal , Curious , Enthusiastic , Creative , Peaceful",2024-08-24 22:38:15,7,True,0.0,1.0,False,year: 2024 month: 08 day: 24,0.8555546998977661,0.9549254775047302
157,4008,"""Oh , what an incredible rush ! I ' m bursting with excitement , my heart racing with anticipation ! Every fiber of my being is electric , like a spark has ignited a fire within me . I can barely contain my enthusiasm , my mind racing with possibilities . It ' s like a dream come true , and I ' m walking on air , beaming with joy . The world feels full of promise , and I ' m ready to take on the day with unbridled energy and passion !""",2024-08-25 12:36:13,7,False,1.0,1.0,False,year: 2024 month: 08 day: 25,0.6578348875045776,2.271411657333374
157,4009,"Sad , Confused , Angry , Curious , Empty",2024-08-26 12:00:42,7,True,-1.0,1.0,False,year: 2024 month: 08 day: 26,-0.9299494028091431,0.9227142333984375
157,4010,"Quiet , Sas , Normal , Empty , Neutral",2024-08-26 17:03:05,7,True,0.0,1.0,False,year: 2024 month: 08 day: 26,0.025312161073088646,0.9941996335983276
157,4011,"Sad , Cofused , Quiet , Free , Down",2024-08-29 12:04:22,7,True,1.0,1.0,False,year: 2024 month: 08 day: 29,-0.4268927276134491,0.5324808359146118
157,4012,"I ' m feeling really sluggish today . My body feels heavy and my mind is foggy . I ' m struggling to focus and get motivated . Every task seems like a chore and I just want to curl up and take a nap . My energy levels are depleted and I ' m moving at a slow pace . I hope a cup of coffee or some fresh air can help shake off this sluggishness and get me back to my normal self .""",2024-08-29 17:29:34,7,False,-1.0,0.0,False,year: 2024 month: 08 day: 29,-1.5283699035644531,-0.05409879982471466
157,4013,"I ' m feeling really down today . A heavy sadness is weighing on my heart and mind . Everything seems dull and grey , and I ' m struggling to find joy in things I normally love . My thoughts are consumed by worries and regrets , and I can ' t shake off the feeling of emptiness . I feel disconnected from the world around me and just want to retreat into myself . Even small tasks feel overwhelming , and I ' m longing for comfort and solace . I hope this sadness will lift soon , and I ' ll find my way back to happiness and peace .""",2024-08-29 22:14:18,7,False,-1.0,1.0,False,year: 2024 month: 08 day: 29,-1.1931190490722656,0.09713482856750488
157,4014,"Bright , Light , Happy , Delighted , Great",2024-08-30 12:42:56,7,True,0.0,2.0,False,year: 2024 month: 08 day: 30,1.4352694749832153,1.1257853507995605
157,4015,"Normal , Silent , Quiet , Sluggish , Down",2024-08-30 17:43:06,7,True,0.0,0.0,False,year: 2024 month: 08 day: 30,-0.3222355246543884,0.627705454826355
157,4017,"Happy , Excited , Joyful , Delightful , Greatful",2024-08-31 17:16:23,7,True,2.0,1.0,False,year: 2024 month: 08 day: 31,1.5630704164505005,1.0974011421203613
157,4018,"Tired , Sleepy , Sad , Quiet , Sluggish",2024-09-01 22:18:55,7,True,0.0,0.0,False,year: 2024 month: 09 day: 01,-1.221067190170288,0.11284272372722626
157,4019,"I ' m feeling really down and sad today . Everything seems grey and dull . I ' m struggling to find joy in things I normally love . My heart feels heavy and my mind is filled with worries . I just want to curl up and hide from the world . I ' m feeling overwhelmed and alone , like no one understands me . I wish I could shake off this sadness and feel happy again .""",2024-09-02 12:41:04,7,False,-1.0,1.0,False,year: 2024 month: 09 day: 02,-1.4386401176452637,0.21414600312709808
157,4020,"""Feeling quiet is like being wrapped in a warm blanket on a chilly day . It ' s a sense of stillness that calms the mind and soothes the soul . In the quiet , I find peace and clarity , away from life ' s chaos and noise . It ' s a moment to breathe , reflect , and recharge , letting go of worries and embracing the serenity within .""",2024-09-02 17:00:30,7,False,1.0,1.0,False,year: 2024 month: 09 day: 02,1.0387746095657349,0.385811984539032
157,4021,"Happy , Delighted , Joyful , Cheerful , Happy",2024-09-03 22:05:44,7,True,1.0,1.0,False,year: 2024 month: 09 day: 03,1.6276133060455322,1.059644341468811
157,4022,"Feeling active is like a sunny day - energized , lively , and ready for anything . It ' s that inner buzz that keeps you moving , exploring , and embracing life with zest . Being active means feeling alive , motivated , and full of vitality , making each moment vibrant and exciting .",2024-09-05 12:32:55,7,False,1.0,1.0,False,year: 2024 month: 09 day: 05,0.7687947154045105,1.8756378889083862
84,207,It is a holiday day . I am at home with my family . We went kayaking earlier today and it was a very good morning . At the moment I am watching a show that I enjoy . It is a very pleasant and relaxing day .,2024-10-14 17:43:19,7,False,0.0,1.0,False,year: 2024 month: 10 day: 14,0.8947698473930359,0.7384532690048218
84,208,"I am currently feeling ok . I have to pack bags to go back to the city , so I am just trying to focus on all the thing that I need to pack . The day is almost over and I feel focused .   Today was a nice and relaxing day .",2024-10-14 22:02:41,7,False,0.0,1.0,False,year: 2024 month: 10 day: 14,0.9323187470436096,0.7062267065048218
84,209,"It is a first day after the long holiday and I am at work right now , it is very busy right now so I am trying to get work done . Other than that echos going good just the way it is supposed to be . I feel good and full of energy to get my work done .",2024-10-15 12:09:25,7,False,0.0,2.0,False,year: 2024 month: 10 day: 15,0.9119485020637512,1.1529467105865479
84,210,"i am currently feeling very busy because of the work that i need to do and things that need to be taken care of . So , at the moment that is what I am doing . I have nothing else to \ n add to what i already wrote .",2024-10-15 17:12:07,7,False,0.0,2.0,False,year: 2024 month: 10 day: 15,0.20151107013225555,1.2964085340499878
84,211,"It is W morning . I am at work , starting my day   and trying to see what needs to get done first . I have a busy day ahead . Feeling good in general . No complains , everything seems to be going ok . doing what i have to do .",2024-10-16 12:01:54,7,False,1.0,2.0,False,year: 2024 month: 10 day: 16,0.9493299126625061,0.993187665939331
84,212,"i am continuing to do my work . Iti s the middle of the work day and everyone is working , myself included . I feel fine , doing things that need to get done today . The day is going just the way it has to .",2024-10-16 17:01:55,7,False,1.0,0.0,False,year: 2024 month: 10 day: 16,0.8867204785346985,0.8421686887741089
84,214,I am feeling good . Doing my work and trying to finish up everything I have started earlier today . I had a busy day and many things need to be completed before i go home today . I will try and do it withing 1 hour or so .,2024-10-17 17:05:43,7,False,0.0,2.0,False,year: 2024 month: 10 day: 17,0.9576744437217712,0.900741696357727
84,219,I am relaxing and watching a movie . It is a very pleasant and peaceful Sanctuary evening . I am waiting for my older son to get home so I can completely relax and just enjoy the rest of the Saturday evening with my family ..,2024-10-19 22:19:20,7,False,2.0,0.0,False,year: 2024 month: 10 day: 19,0.852584719657898,0.22493286430835724
84,220,"I am feeling good , happy , relaxed and enjoying this Sunday morning with my family . It is a beautiful fall morning and it feels nice to be home without having to rush anywhere or do anything . I love this feeling .",2024-10-20 12:28:32,7,False,1.0,1.0,False,year: 2024 month: 10 day: 20,1.3705177307128906,0.7402957677841187
84,221,"It is Monday morning . Beginning of the work week and school week . Do , I am feeling busy at work , doing everything that needs to get done . Getting ready for whatever needs to happen today . Feeling good in general .",2024-10-21 12:17:33,7,False,0.0,2.0,False,year: 2024 month: 10 day: 21,0.4707658290863037,1.4668536186218262
84,222,"I am currently feeling good , working and doing my job . everything is going smooth . Iti safter 3 pm so in about 2 hours it will be time to go home . I am happy about that too . I do miss my family . cannot wait to see everyone .",2024-10-21 17:06:49,7,False,2.0,2.0,False,year: 2024 month: 10 day: 21,1.4814274311065674,0.7335155010223389
84,224,"It is 3pm , towards the end of my work day . It has been a busy day , with many people   to be taken care of and many tasks to complete . So , I am still very busy trying to complete tasks   I need to do it before",2024-10-22 17:00:37,7,False,2.0,2.0,False,year: 2024 month: 10 day: 22,0.047523126006126404,1.3455495834350586
84,225,"I had a good and busy evening with my family . When I got home from work kids asked to make crepes with Nutella . We ate together . I checked my youngest homework . I made fish later on , cleaned and feeling good .",2024-10-22 22:08:29,7,False,1.0,2.0,False,year: 2024 month: 10 day: 22,0.4135819673538208,1.010688304901123
84,233,It is Friday and I literally need my boss to leave so I can go too and take my kid to a Halloween party . I am feeling good and happy but definitely ready to go . It had been a good day and a good week .,2024-10-25 17:01:14,7,False,1.0,2.0,False,year: 2024 month: 10 day: 25,1.1194024085998535,1.0199341773986816
84,235,"Feeling quiet and just mellow . It is grey out and I just want to stay home and get cozy , watch tv , eat , sleep and read and honestly nothing else . Fall mood .   I had a super busy day yesterday and today I want to stay still .",2024-10-26 17:18:06,7,False,0.0,1.0,False,year: 2024 month: 10 day: 26,0.3894854187965393,0.05217503011226654
84,236,It is Sunday morning . I just woke up recently and feeling relaxed and quiet . We are going to make breakfast and after that we will play a board game or 2 . It is a very nice Sunday morning and everything is perfect .,2024-10-27 12:50:16,7,False,1.0,0.0,False,year: 2024 month: 10 day: 27,0.9867882132530212,0.7003970146179199
84,237,"I am feeling good , happy , relaxed . I am enjoying this Sunday with my kids and my husband . It is gorgeous day , the sun is warm and inviting and it feels really good . I am happy to have another beautiful weekend .",2024-10-27 17:53:47,7,False,2.0,0.0,False,year: 2024 month: 10 day: 27,1.4457240104675293,0.6949841976165771
84,239,I am having a very pleasant evening with my family . It is very pleasant and relaxing . Tomorrow is Monday and we all had a very relaxing time . We will be traveling back to   GPE  soon .. I has been great over all,2024-10-27 22:09:10,7,False,1.0,0.0,False,year: 2024 month: 10 day: 27,1.3596843481063843,0.43497350811958313
84,213,"energetic , lively , busy , excited , happy",2024-10-17 12:03:51,7,True,0.0,2.0,False,year: 2024 month: 10 day: 17,0.7963361144065857,1.9992954730987549
84,215,"Calm , Relaxed , Sleepy , Rested , Peaceful",2024-10-17 22:25:02,7,True,0.0,0.0,False,year: 2024 month: 10 day: 17,0.8983896970748901,0.26217547059059143
84,217,"active , energetic , busy , occupied , under pressure",2024-10-18 12:24:52,7,True,1.0,2.0,False,year: 2024 month: 10 day: 18,0.28803330659866333,1.7873096466064453
84,218,"Lively , Active , Organized , Focused , Determined",2024-10-18 17:01:31,7,True,0.0,2.0,False,year: 2024 month: 10 day: 18,0.4561484754085541,1.9117554426193237
84,223,"Great , Active , Busy , Occupied , Happy",2024-10-22 12:45:14,7,True,0.0,2.0,False,year: 2024 month: 10 day: 22,0.7770395874977112,1.8042099475860596
84,226,"Active , Busy , Happy , Determined , Excited",2024-10-23 12:13:47,7,True,1.0,2.0,False,year: 2024 month: 10 day: 23,0.5636833310127258,1.7542576789855957
84,228,"Happy , Busy , Focused , Determined , Enthusiastic",2024-10-23 17:12:24,7,True,0.0,2.0,False,year: 2024 month: 10 day: 23,1.076140284538269,1.4419537782669067
84,229,"Cozy , Relaxed , Quite , Peaceful , Happy",2024-10-23 22:11:47,7,True,0.0,0.0,False,year: 2024 month: 10 day: 23,1.1673389673233032,0.5011202692985535
84,230,"Excited , Busy , Hopefull , Happy , Energetic",2024-10-24 12:10:48,7,True,1.0,2.0,False,year: 2024 month: 10 day: 24,1.3610612154006958,1.632710337638855
84,231,"Busy , Determined , Enthusiastic , Happy , Energetic",2024-10-24 17:09:38,7,True,0.0,2.0,False,year: 2024 month: 10 day: 24,0.8600344657897949,1.757193922996521
84,232,"Active , Busy , Enthusiastic , Happy , Excited",2024-10-25 12:41:12,7,True,0.0,2.0,False,year: 2024 month: 10 day: 25,0.8281066417694092,1.7285311222076416
84,234,"Relaxed , Calm , Content , Happy , Joyful",2024-10-26 12:24:38,7,True,0.0,0.0,False,year: 2024 month: 10 day: 26,1.3779983520507812,0.5046265721321106
165,4205,"I started being active not quite long , have been alone at home since watching news on social media , I ' m just alone , I ' m just calm because I ' m the only one at home nobody to talk to and after pressing and then I went online to do some research about until one of my friend came in today to say hello to me .",2024-08-25 22:27:42,7,False,0.0,2.0,False,year: 2024 month: 08 day: 25,-0.055218204855918884,0.44241994619369507
165,4206,"I love the way I ' m feeling today cause I don ' t really want to talk too much , I ' m okay with the way I am , just being cool and calm , lowkey , every still I ' m just the only one working lowkey from home because I have some unfinished project .",2024-08-26 12:16:53,7,False,1.0,1.0,False,year: 2024 month: 08 day: 26,1.0197601318359375,0.5046734809875488
165,4207,"I ' m active , my eyes are open , I followed a friend to a bar , to have some drinks together and discuss on how our life is going to better and discuss more on our current issue with life and how things has been going us and our family .",2024-08-26 22:03:15,7,False,0.0,2.0,False,year: 2024 month: 08 day: 26,0.6821053624153137,1.3856902122497559
165,4208,"I ' m sluggish today but I don ' t know why , I ' m just thinking maybe because am broke or something , have been hoping for money , I ' m very dull even a friend of my told me I was so choked because it was so obvious and I asked my friend and he feel so concerned .",2024-08-29 17:20:20,7,False,-1.0,0.0,False,year: 2024 month: 08 day: 29,-1.21284818649292,0.2741318941116333
165,4215,"I feel good and I also feel loved by someone today , my day was lively because I mingled with alot of people today and I make new friends today and they also love me too and they came to my house to play .",2024-09-04 22:48:57,7,False,1.0,1.0,False,year: 2024 month: 09 day: 04,1.0098111629486084,1.3772766590118408
165,4218,"I ' m feeling good today , everything about was good to me and am still having fun , and everything is going smoothly , I went to visit one of my long time friend today , we played alot of games like chess .",2024-09-06 22:01:14,7,False,1.0,2.0,False,year: 2024 month: 09 day: 06,1.4846400022506714,0.8450772762298584
165,4220,"I ' m feeling Good and okay , I have been alone today I ' m just sitting down watching how everything is going , have been alone since morning   we don ' t have any issue with anybody we are just trying to   be .",2024-09-07 22:02:02,7,False,0.0,1.0,False,year: 2024 month: 09 day: 07,1.3992953300476074,0.5487909317016602
165,4223,"I have okay and happy , have been listening to my favorite songs sing and it has been making me to be happy and feeling good , have been alone in the room singing loud , my neighbour even came to check up on me , may be there nothing wrong .",2024-09-08 22:02:55,7,False,0.0,2.0,False,year: 2024 month: 09 day: 08,1.5170619487762451,0.7429970502853394
165,4224,"I have been feeling down since , I did not have any money with me and I ' m still in debt and have been planning to borrow more when have not pay off the one on ground , have been thinking about alot of things that I can start doing that can increase my income rate .",2024-09-09 17:25:06,7,False,0.0,1.0,False,year: 2024 month: 09 day: 09,-0.8808766603469849,0.36148375272750854
165,4209,"Active , Calm , Nice , Good , Amazing",2024-08-30 12:43:18,7,True,0.0,1.0,False,year: 2024 month: 08 day: 30,0.937876284122467,1.24665367603302
165,4210,"Amazing , Cool , Awsome , Good , Okay",2024-08-31 22:30:26,7,True,1.0,1.0,False,year: 2024 month: 08 day: 31,0.9811882376670837,1.1780099868774414
165,4211,"Active , Strong , Healthy , Good , Calm",2024-09-01 12:36:09,7,True,0.0,1.0,False,year: 2024 month: 09 day: 01,0.8399399518966675,1.246126651763916
165,4212,"Quiet , Cool , Calm , Good , Active",2024-09-03 12:46:35,7,True,0.0,0.0,False,year: 2024 month: 09 day: 03,0.7311214804649353,0.7487425804138184
165,4213,"Lively , Happy , Good , Happy , Active",2024-09-03 22:23:37,7,True,1.0,1.0,False,year: 2024 month: 09 day: 03,1.1866611242294312,1.572170376777649
165,4214,"Good , Lively , Active , Sharp , Okay",2024-09-04 17:41:47,7,True,0.0,1.0,False,year: 2024 month: 09 day: 04,0.9713492393493652,1.7046693563461304
165,4216,"Good , Neutral , Calm , Good , Cool",2024-09-05 12:13:41,7,True,0.0,1.0,False,year: 2024 month: 09 day: 05,0.7872980237007141,0.889102041721344
165,4217,"Good , Happy , Awesome , Excellent , Active",2024-09-05 22:18:54,7,True,2.0,1.0,False,year: 2024 month: 09 day: 05,1.3404090404510498,1.29915452003479
165,4219,"Cheerful , Jovial , Anxious , Awesome , Active",2024-09-07 17:12:52,7,True,0.0,1.0,False,year: 2024 month: 09 day: 07,1.3440077304840088,1.5294468402862549
165,4221,"Good , Calm , ACTIVE , Awesome , Jovial",2024-09-08 12:11:11,7,True,0.0,2.0,False,year: 2024 month: 09 day: 08,1.2838687896728516,1.089326024055481
165,4222,"Good , Creative , Active , Cool , Calm",2024-09-08 17:35:29,7,True,1.0,0.0,False,year: 2024 month: 09 day: 08,1.1309349536895752,1.285444974899292
165,4225,"Quiet , Sad , Down , Calm , Sluggish",2024-09-09 22:01:16,7,True,0.0,0.0,False,year: 2024 month: 09 day: 09,0.001059236004948616,0.38499245047569275
130,3018,"tired , overwhelmed , anxious , cold , na",2024-12-06 12:00:20,7,True,-1.0,0.0,False,year: 2024 month: 12 day: 06,-1.0403751134872437,0.378815621137619
130,3019,"I am feeling more awake , and productive ! Went on a run so feeling the endorphins . I got some work done and going to do more and relax for the rest of the day . A little bit of brain fog too , but less than the morning .",2024-12-06 17:13:20,7,False,0.0,2.0,False,year: 2024 month: 12 day: 06,0.7382230758666992,0.9603142738342285
130,3020,"I am feeling very sleepy from the day . I feel like I did a lot of studying and was productive , but at the same time it took the whole day and now I am like oh wow where did the day go ! But I stopped doing work and going to unwind now , so looking forward to that ! And feeling less anxious than I was in the morning . Happy I got a workout in too !",2024-12-06 22:00:41,7,False,-1.0,0.0,False,year: 2024 month: 12 day: 06,-0.7937759757041931,0.021224722266197205
130,3021,I went on a run and ate breakfast and lunch so I am feeling more lively than I was in the morning . I am feeling stressed about my responsibilities but I always feel like those stressors hang over me often . I am also excited because I am seeing a friend and hoping it’s a nice change in routine and scenery . Hoping the lively energy continues throughout the day,2024-12-07 17:00:19,7,False,1.0,2.0,False,year: 2024 month: 12 day: 07,0.4811497926712036,1.4908432960510254
130,3022,"sluggish , hungry , stressed , anxious , sleepy",2024-12-08 12:44:41,7,True,0.0,0.0,False,year: 2024 month: 12 day: 08,-1.107783317565918,0.30611562728881836
130,3023,"energized , stressed , anxious , sad , worried",2024-12-09 12:37:01,7,True,0.0,1.0,False,year: 2024 month: 12 day: 09,0.09674061834812164,1.0923935174942017
130,3024,"exhausted , anxious , stressed , gloomy , hungry",2024-12-09 17:04:14,7,True,0.0,1.0,False,year: 2024 month: 12 day: 09,-1.2735645771026611,0.46550485491752625
130,3026,"exhausted , stressed , anxious , tachycardic , hungry",2024-12-09 22:00:18,7,True,0.0,2.0,False,year: 2024 month: 12 day: 09,-1.3517829179763794,0.5388939380645752
130,3027,My friend is going through a lot and I empathize with her and I feel sad . She is going through a lot and I want to be there for her but also need to keep up with my responsibilities . So I am also feeling stressed and anxious about her situation and how I am going to process it and hold space for her too .,2024-12-10 17:02:12,7,False,-2.0,0.0,False,year: 2024 month: 12 day: 10,-1.0018424987792969,1.0126835107803345
130,3028,"exhausted , stressed , anxious , cold , hungry",2024-12-11 12:00:25,7,True,0.0,1.0,False,year: 2024 month: 12 day: 11,-1.3197658061981201,0.48719340562820435
130,3029,"stressed , anxious , exhausted , overwhelmed , cold",2024-12-11 17:00:18,7,True,0.0,1.0,False,year: 2024 month: 12 day: 11,-1.2763991355895996,0.8665157556533813
130,3030,"exhausted , stressed , anxious , hungry , thirsty",2024-12-13 12:00:34,7,True,-1.0,0.0,False,year: 2024 month: 12 day: 13,-1.2909672260284424,0.49092409014701843
130,3031,"I had a productive morning and early afternoon so feeling a bit more calmer , but still stressed . I am also spending time with family and loved ones , so it is a great company ! I am hoping to keep calm for the rest of the weekend so I can continue being productive . I am feeling emotionally exhausted from my week of supporting my friends , so I feel like I did not have enough space for myself . So I am trying to make more time for myself this weekend and next week !",2024-12-13 17:07:33,7,False,0.0,1.0,False,year: 2024 month: 12 day: 13,-0.13166138529777527,0.7373340129852295
130,3032,Feeling stressed with school ! But trying to be productive . Also feeling cooped up inside so will go out for a run soon to relieve some stress and get some air . Trying to keep calm and grounded to get work done and get through the day today !,2024-12-14 17:00:27,7,False,0.0,1.0,False,year: 2024 month: 12 day: 14,-0.8423798680305481,0.6607196927070618
130,3033,"exhausted , stressed , satiated , anxious , brain fog",2024-12-14 22:00:13,7,True,-1.0,0.0,False,year: 2024 month: 12 day: 14,-1.1602771282196045,0.3711661100387573
130,3034,"stressed , anxious , exhausted , cold , restless",2024-12-15 12:42:30,7,True,0.0,1.0,False,year: 2024 month: 12 day: 15,-1.238905668258667,0.9112281203269958
130,3035,"I’m currently feeling both physically and mentally drained as I prepare for my exam tomorrow . The pressure of wanting to perform well has left me feeling stressed , and the sheer amount of material I need to review feels overwhelming at times . Despite my best efforts to stay focused , fatigue has started to set in , which makes it even harder to concentrate . I know how important this exam is for my progress , so I’m doing my best to push through these feelings and stay motivated . At the same time , I’m trying to remind myself to take small breaks and prioritize self-care so that I can approach the test with as much clarity and confidence as possible .",2024-12-15 17:10:19,7,False,0.0,1.0,False,year: 2024 month: 12 day: 15,-1.3250806331634521,-0.11674045771360397
130,3038,"relieved , productive , exhausted , overwhelmed , Disoriented",2024-12-16 17:01:36,7,True,1.0,2.0,False,year: 2024 month: 12 day: 16,0.5594950914382935,0.6991234421730042
130,3039,"overwhelmed , sleepy , burnt out , happy to see my dogs , calm",2024-12-16 22:52:24,7,True,0.0,1.0,False,year: 2024 month: 12 day: 16,-0.7196643352508545,0.09369902312755585
130,3040,"long day ! very overwhelming and stressful , it felt like a waste of my day , so it sucks ! but trying to be positive and make good use of the rest of my day . there is a lot going on and on my plate so it’s hard to manage everything and handle it well . very stressed !",2024-12-17 17:51:37,7,False,0.0,1.0,False,year: 2024 month: 12 day: 17,-0.8703757524490356,1.0180168151855469
130,3041,"I am currently feeling incredibly tired and overwhelmed with everything going on in school . The constant stream of assignments , exams , and responsibilities is taking a toll on both my physical and mental energy . It feels like there’s always something more to do , and no matter how hard I try to stay organized or keep up , the workload just keeps piling up . \n \ nThe pressure to perform well and meet deadlines has left me feeling stretched thin , and it’s hard to find time to rest or recharge . Balancing academic demands with personal life feels almost impossible , and sometimes I question if I’ll ever catch up or feel on top of things again . Despite this , I know these challenges are temporary , and I’m trying to remind myself that perseverance and taking things one step at a time will help me push through .",2024-12-18 22:17:30,7,False,0.0,1.0,False,year: 2024 month: 12 day: 18,-1.5440998077392578,-0.3869096338748932
130,3042,feeling overwhelmed and tired because of an early morning and long day ahead . feeling restless because we have been sitting since 8am and still have the whole day to go ! very stressed because i have a lot of things to do so a lot is on my mind and feeling anxious about it,2024-12-19 12:26:03,7,False,0.0,1.0,False,year: 2024 month: 12 day: 19,-1.417422890663147,1.0417149066925049
159,4062,"I am feeling pretty confident about myself . I don’t feel down at all , which is pretty good ! I am very excited for what I get to do today since I get to teach !   I feel healthy and I feel optimistic . I am unsure what exactly will happen today but I am looking forward to it .",2024-10-31 12:04:25,7,False,2.0,0.0,False,year: 2024 month: 10 day: 31,1.5741180181503296,1.2779842615127563
159,4063,I am finally back home from a 2 sessions of 3 hour classes I taught . My feet hurt quite a bit but I desperately want a hot shower . What a contradiction of wants ! I wish I had a functioning tub in the middle \ nof my living room .,2024-11-01 22:01:09,7,False,2.0,0.0,False,year: 2024 month: 11 day: 01,-0.47343361377716064,0.3856915533542633
159,4064,"I am feeling a little groggy today after some rest after teaching . I am anticipating my delivery order right now because this a treat I am having for myself and partner . I really want to get my apartment clean again , it has been stressing out about the hygiene standards .",2024-11-02 12:01:35,7,False,2.0,0.0,False,year: 2024 month: 11 day: 02,-0.3328975439071655,0.5226668119430542
159,4068,I am very stressed at the moment because of technical malfunctions that happened over the weekend . I am pretty mad about having to make new templates for labels from scratch since it looks like the templates used for the past 5 years have vanished into thin air . I am pretty upset having to do some tedious work and spending my day fixing it .,2024-11-04 12:08:03,7,False,-2.0,2.0,False,year: 2024 month: 11 day: 04,-0.8809674382209778,1.1593862771987915
159,4069,I am excited to end the day and go home . I have so much I need to organize at home and I finally have all the pieces to get that going . I really really am eager to not be in my office . I have reached my limit with my mind wandering and answering emails and calls for today .,2024-11-04 17:06:27,7,False,1.0,0.0,False,year: 2024 month: 11 day: 04,0.5337625741958618,0.9883253574371338
159,4065,"Tired , Content , Curious , Middle of The Road , Sore",2024-11-02 22:01:58,7,True,2.0,0.0,False,year: 2024 month: 11 day: 02,-0.14139950275421143,0.37429574131965637
159,4066,"Tired , Hungry , Motivated , Lightheaded , Sore",2024-11-03 17:02:11,7,True,2.0,0.0,False,year: 2024 month: 11 day: 03,-0.417217493057251,0.3923482596874237
159,4067,"tired , sorr , meh , not so bad , decent",2024-11-03 22:09:39,7,True,2.0,0.0,False,year: 2024 month: 11 day: 03,-0.43173933029174805,0.16939501464366913
159,4070,"tired , sluggish , groggy , mildly frustrated , blah",2024-11-05 12:01:48,7,True,-1.0,0.0,False,year: 2024 month: 11 day: 05,-1.2077107429504395,0.034113600850105286
159,4071,"tired , irritable , sore , sleepy , uninterested",2024-11-05 22:01:46,7,True,-2.0,0.0,False,year: 2024 month: 11 day: 05,-1.4926837682724,0.02473585307598114
159,4072,"disappointed , deflated , tired , irritable , unwilling",2024-11-06 12:02:19,7,True,-2.0,0.0,False,year: 2024 month: 11 day: 06,-1.3600802421569824,0.4040156900882721
159,4073,"triggerhappy , angry , upset , bloodthirsty , Irritable",2024-11-06 17:01:34,7,True,1.0,2.0,False,year: 2024 month: 11 day: 06,-0.29377710819244385,1.684335470199585
159,4074,"tired , irritable , sore , meh , blah",2024-11-06 22:53:22,7,True,0.0,1.0,False,year: 2024 month: 11 day: 06,-1.1064369678497314,-0.00947964284569025
159,4075,"groggy , tired , meh , sleepy , underwhelmed",2024-11-07 12:02:06,7,True,-1.0,0.0,False,year: 2024 month: 11 day: 07,-1.1891810894012451,0.1290542036294937
159,4076,"tired , blah , irritable , fatigued , sleepy",2024-11-07 17:02:01,7,True,-2.0,0.0,False,year: 2024 month: 11 day: 07,-1.2878360748291016,0.051886916160583496
159,4078,"neutral , a little tired , full , content , meh",2024-11-07 22:03:20,7,True,0.0,0.0,False,year: 2024 month: 11 day: 07,0.0281344223767519,0.5043036937713623
175,4477,I am excited to be going on vacation .   I ' m also nervous about getting from GPE  to GPE without hiccups .   I ' m hopeful we won ' t get bored .   GPE looks beautiful but I ' m afraid there won ' t be a lot to do .,2024-11-07 17:06:54,7,False,-2.0,0.0,False,year: 2024 month: 11 day: 07,0.7868495583534241,1.1056605577468872
175,4478,I am feeling tired because we didn ' t get much sleep on the plane .   I ' m feeling excited about walking all over GPE tomorrow .   I ' m happy we were able to find some inexpensive snacks and breakfast food for our room .,2024-11-08 12:18:44,7,False,-1.0,0.0,False,year: 2024 month: 11 day: 08,-0.15869921445846558,0.15922044217586517
175,4479,I ' m happy to have spent a fun afternoon in GPE .   I ' m content with the burger I had for dinner and happy PERSON is always willing to share so we don ' t overeat .   I ' m looking forward to wandering home .   Wandering makes me happy .,2024-11-09 12:02:46,7,False,1.0,1.0,False,year: 2024 month: 11 day: 09,1.2458240985870361,0.8369486331939697
175,4480,I ' m feeling quiet and content as I read and plan upcoming days . I ' m relaxed to be away from the crowds . I ' m somewhat anxious that we have just one phone charger . I ' s disappointed in myself for not running today .,2024-11-09 17:31:59,7,False,0.0,0.0,False,year: 2024 month: 11 day: 09,1.2582921981811523,0.44839563965797424
175,4484,I am bored in the passenger seat .   I am nervous about being the navigator .   I am nervous about riding in the car in GPE . I am nervous PERSON won ' t enjoy the rest of the trip if I plan it .   That ' s all .,2024-11-11 12:11:51,7,False,-1.0,0.0,False,year: 2024 month: 11 day: 11,-0.5833297371864319,0.5844441652297974
175,4485,I feel tired and sleepy .   I feel somewhat excited about getting a plan together for vacation .   I feel guilty for eating a ton of food .   I feel guilty for not running . I feel scared about . Wing a passenger in GPE .,2024-11-11 17:12:33,7,False,1.0,0.0,False,year: 2024 month: 11 day: 11,-0.4521830081939697,0.019292250275611877
175,4486,I ' m happy we drove without too much incident but concerned we lost a hubcap and will have to pay for it .   I ' m little bored in this small town .   I ' m happily anticipating dinner .   I ' m feeling guilty that I haven ' t run once since arriving because it ' s so cold .,2024-11-12 12:45:31,7,False,1.0,1.0,False,year: 2024 month: 11 day: 12,0.3222692012786865,0.4933200776576996
175,4492,I ' m feeling quiet and content .   No plans makes me relaxed .   Not having a far drive tomorrow makes me less tense . I ' m happy to be seeing the ocean . I ' m hungry and optimistic my dinner will be delicious .   I ' m annoyed that my mother-in-law is pressuring me to post vacation photos .   She ' s not worried about us . Just worried that she ' s not seeing vacation photos .,2024-11-16 12:18:19,7,False,0.0,0.0,False,year: 2024 month: 11 day: 16,1.1251609325408936,0.5283927321434021
175,4495,I ' m basically happy .   I ' m . kind of bored sitting in our room but scared to go out because I don ' t know how safe the neighborhood is .   I ' m quite sleepy .   I ' m looking forward to being home in a few days .,2024-11-20 17:26:40,7,False,1.0,1.0,False,year: 2024 month: 11 day: 20,0.562534511089325,0.2774460017681122
175,4476,"Conflicted , Content , Reflective , Overwhelmed",2024-11-07 12:00:25,7,True,0.0,0.0,False,year: 2024 month: 11 day: 07,-0.3486391305923462,0.8292513489723206
175,4481,"Antsy , Excited , Happy , Overstimulated , Annoyed",2024-11-09 22:00:17,7,True,1.0,0.0,False,year: 2024 month: 11 day: 09,1.12149977684021,1.6927276849746704
175,4482,"Tired , Exhausted , Unenthusiastic",2024-11-10 12:00:22,7,True,-2.0,0.0,False,year: 2024 month: 11 day: 10,-1.1385633945465088,0.48835721611976624
175,4483,"Unable to sleep , Nervous , Anxious",2024-11-10 17:00:21,7,True,-1.0,2.0,False,year: 2024 month: 11 day: 10,-0.8859977126121521,1.1258176565170288
175,4487,"Relaxed , Annoyed , Sleepy , None",2024-11-12 17:20:42,7,True,1.0,0.0,False,year: 2024 month: 11 day: 12,0.38056549429893494,0.7153019309043884
175,4488,"Unsettled , Fearful , Annoyed",2024-11-13 17:00:16,7,True,-1.0,2.0,False,year: 2024 month: 11 day: 13,-0.5419176816940308,1.238393783569336
175,4489,"Bored , Tired , Disappointed",2024-11-14 12:04:09,7,True,-1.0,1.0,False,year: 2024 month: 11 day: 14,0.15509605407714844,0.7762700319290161
175,4490,"Content , Nervous , Unfriendly , Agitated",2024-11-15 12:00:17,7,True,1.0,1.0,False,year: 2024 month: 11 day: 15,0.7302135229110718,0.9356556534767151
175,4491,"Sleepy , Relaxed , Bored",2024-11-15 17:04:40,7,True,-1.0,0.0,False,year: 2024 month: 11 day: 15,0.1615973263978958,0.29014822840690613
175,4493,"Relaxed , Contented , Bored",2024-11-17 17:05:24,7,True,2.0,0.0,False,year: 2024 month: 11 day: 17,0.8753739595413208,0.5051493048667908
175,4494,"Sleepy , Sluggish , Unaccomplished , None",2024-11-19 17:22:05,7,True,-2.0,0.0,False,year: 2024 month: 11 day: 19,-1.2413671016693115,0.19276927411556244
129,2989,"Okay , Hopeful , Decent , Neutral , Content",2024-08-08 17:01:49,7,True,0.0,1.0,False,year: 2024 month: 08 day: 08,0.4345526695251465,1.0090408325195312
129,2990,I am feeling okay . I got a good amount of sleep and feel rested . i am able to work online some today so feel productive . I dont feel sick . I am alittle hungry though and looking forward to my nap later today . Im hoping the rest of the day goes good and I feel good the rest of the day . I guess we shall see .,2024-08-09 12:00:53,7,False,0.0,1.0,False,year: 2024 month: 08 day: 09,0.8007069230079651,0.427877813577652
129,2991,"content , satisfied , neutral , busy , rested",2024-08-09 17:00:55,7,True,0.0,1.0,False,year: 2024 month: 08 day: 09,1.1215589046478271,0.6869049668312073
129,2993,"tired , drained , sluggish , dragging , sick",2024-08-10 22:15:24,7,True,-2.0,0.0,False,year: 2024 month: 08 day: 10,-1.3878406286239624,0.04474814236164093
129,2994,Im okay . Im just tired atthe moment . I took a nap but still feel tired . I hope i will have more energy soon enough . Im ready for the day to be over a new day to start . Each day just goes by very slow . Tick tock . Thank you .,2024-08-11 17:13:14,7,False,-1.0,0.0,False,year: 2024 month: 08 day: 11,-0.753665030002594,-0.05531720817089081
129,2995,im feeling okay . its early so i am tired at the moment but trying to get some work done . my kids are home now but my oldest starts school next week so excited for that . just waiting for each day to be over and waiting for the end result which will be very exciting .,2024-08-12 12:01:27,7,False,0.0,1.0,False,year: 2024 month: 08 day: 12,-0.10235060751438141,0.1968151479959488
129,2996,Im okay at the moment . Took a small nap so feel rested . About to get my kids up from their nap and get them a snack . Day has been going decent today . I feel satisfied and content with how it is . Thank you .,2024-08-12 17:05:08,7,False,1.0,0.0,False,year: 2024 month: 08 day: 12,1.0906661748886108,0.292717844247818
129,2997,"Content , Tired , Satisfied , Neutral , Sluggish",2024-08-12 22:06:02,7,True,0.0,1.0,False,year: 2024 month: 08 day: 12,0.580697238445282,0.5118411779403687
129,2998,its still early and im tired at this point . I just want to go back to bed and sleep until tomorrow . This week has been going so slow . I think i need something to keep me busy and make the time go quicker . Its just dragging every day and its hard . Thanks so listening .,2024-08-13 12:02:41,7,False,0.0,1.0,False,year: 2024 month: 08 day: 13,-1.0923659801483154,-0.09597465395927429
129,2999,Im feeling okay at the moment . Got the kids up and brought them over to grandpas . Now im just enjoying some time alone at home . I can get some things done around the house . Thank you for listening to what i have to say .,2024-08-13 17:56:03,7,False,0.0,1.0,False,year: 2024 month: 08 day: 13,0.8205199837684631,0.4357093572616577
129,3000,Im currently feeling very tired and worn out . It has been a long day and im ready for the week to be over . I hope tomorrow is a better day and im not so tired . I hope i have a good sleep tonight and wake up feelibg refreshed .,2024-08-13 22:01:12,7,False,-2.0,0.0,False,year: 2024 month: 08 day: 13,-1.2786310911178589,-0.21279045939445496
129,3001,"neutral , content , satisfied , tired , busy",2024-08-14 12:01:44,7,True,0.0,1.0,False,year: 2024 month: 08 day: 14,0.6562009453773499,0.6369596719741821
129,3002,Im okay at the moment . Just woke up from mynap so im not so tired and having a snack . The kids need to get up soon then dinner needs to be made and then time to relax and then bedtime . Im looking dorward to the week to be over .,2024-08-14 17:01:22,7,False,1.0,0.0,False,year: 2024 month: 08 day: 14,0.5452924370765686,0.5054460167884827
129,3004,"Tired , Sluggish , Dragging , Drained , Content",2024-08-14 22:11:52,7,True,-2.0,0.0,False,year: 2024 month: 08 day: 14,-0.8657645583152771,-0.0006617167964577675
129,3005,"Tired , Sluggish , Dragging , Drained , Sleepy",2024-08-15 22:09:06,7,True,-2.0,0.0,False,year: 2024 month: 08 day: 15,-1.4302561283111572,0.04689131677150726
129,3006,"content , satisfied , steady , happy , busy",2024-08-16 12:12:40,7,True,0.0,1.0,False,year: 2024 month: 08 day: 16,1.2447848320007324,0.7488422989845276
129,3007,Im feeling okay . Im so happy its friday . I just took alittle nap but still feel tired . My son PERSON hair cut today and some clothes for school . We are all excited he is finally going to kindergarten . Hes excited too .,2024-08-16 17:03:23,7,False,-1.0,0.0,False,year: 2024 month: 08 day: 16,0.9367039799690247,0.9013242125511169
129,3008,so glad its the weekend . I can take some time to just relax and rest . My son has soccer today so he went to do that with his dad . My other son and I are just hanging out at home and watching tv . Im so ready for tomorrow though since the kids will be gone .,2024-08-17 12:11:21,7,False,-1.0,0.0,False,year: 2024 month: 08 day: 17,0.36803147196769714,0.46797648072242737
129,3009,Im very tired at the moment . I feel drained . It was hot today and i helped mow the lawn . It was alot and i was dragging the rest of the day . Im so happy the kids are down for the night and we are heading to bed . It was a long day .,2024-08-17 22:05:22,7,False,-2.0,0.0,False,year: 2024 month: 08 day: 17,-1.4829087257385254,-0.06360109150409698
129,3010,Im good at the moment . Just relaxinf and watching a movie . Its nice the kids are away and im able to just relax and watch tv . I really like relaxing and dont want to feel stressed today . Thank you for listening .,2024-08-18 12:03:46,7,False,0.0,0.0,False,year: 2024 month: 08 day: 18,1.1664955615997314,0.6300398111343384
129,3011,Im feelingvery tired atthe moment . It was a sonewhat relaxing daybut it was still long . Im ready for tomorrow to what my son go to kindergarten . Its very exciting for all of us . Yah . Thank you for listening .,2024-08-18 22:04:16,7,False,-2.0,0.0,False,year: 2024 month: 08 day: 18,-0.35452985763549805,0.010642929933965206
129,3012,"quiet , content , sleepy , tired , drained",2024-08-19 12:02:32,7,True,0.0,0.0,False,year: 2024 month: 08 day: 19,-0.07294661551713943,0.4586511552333832
129,3013,"sluggish , tired , drained , dragging , content",2024-08-19 17:01:24,7,True,-1.0,0.0,False,year: 2024 month: 08 day: 19,-1.0344452857971191,0.040279462933540344
129,3015,im okay at the moment . im working online and trying to get some things done . its going to be a long day . i just put my son on the bus and hes happy . my other son is on my laptop and getting some work done as well . im ready for this week to be over and hope next week goes quick too .,2024-08-20 12:00:55,7,False,1.0,0.0,False,year: 2024 month: 08 day: 20,0.2383517473936081,0.49995121359825134
129,3016,im okay at the moment . i just took my nap and woke up so still somewhat tired . My son should be home from school soon . I hope he had a good day . Im just catching up on emails and waiting for the day to be over . im read for tomorrow already . thanks for listening .,2024-08-20 17:04:39,7,False,-1.0,0.0,False,year: 2024 month: 08 day: 20,-0.1253683865070343,0.1204880028963089
129,3017,"Tired , Sluggish , Drained , Dragging , Faint",2024-08-20 22:28:37,7,True,-2.0,0.0,False,year: 2024 month: 08 day: 20,-1.4216194152832031,0.13348610699176788
65,4744,"To be honest , I ' m feeling a bit rough around the edges right now - the alcohol from last night ' s gathering is still lingering in my system , leaving me with a pounding headache , dry mouth , and a general sense of fatigue . Overall , I ' m feeling sluggish and regretful , wishing I had paced myself a bit better .",2024-09-19 12:17:29,7,False,0.0,2.0,False,year: 2024 month: 09 day: 19,-1.3685791492462158,-0.0011188844218850136
65,4745,"Calm , Cool , Focused , Meditating , Serene",2024-09-19 17:20:20,7,True,0.0,0.0,False,year: 2024 month: 09 day: 19,0.8184885382652283,0.5894866585731506
65,4746,"Smart , Good , Sharp , Lively , Happy",2024-09-20 17:20:13,7,True,1.0,2.0,False,year: 2024 month: 09 day: 20,1.202508568763733,1.4083471298217773
65,4747,"Afraid , Tired , Bored , Uninterested , Careless",2024-09-23 12:36:56,7,True,-2.0,1.0,False,year: 2024 month: 09 day: 23,-0.8828673362731934,0.6866084337234497
65,4748,"Tired , Weak , Bored , Stressed , Calm",2024-09-24 12:52:15,7,True,-2.0,2.0,False,year: 2024 month: 09 day: 24,-1.0263527631759644,0.24490778148174286
65,4749,"Weary , Shocked , Tired , Stressed , Bored",2024-09-24 17:02:25,7,True,0.0,2.0,False,year: 2024 month: 09 day: 24,-1.206792950630188,0.38650545477867126
65,4751,"Calm , Confident , Good , Happy , Bright",2024-09-26 17:03:25,7,True,-2.0,2.0,False,year: 2024 month: 09 day: 26,1.1328850984573364,0.8274756073951721
65,4752,"I feel more coordinated and confident in my abilities . I have a strong sense of identity and I am conversant with my environment . I feel enthusiastic too with everything I get my hands on . The thrill coursing through my veins is palpable ! As I sit here , envisioning the successful completion of my outdoor weather station project , I can barely contain my enthusiasm . It ' s as if a spark of electricity has ignited within me , fueling my creativity and drive .\ n \ nMy mind races with possibilities , conjuring images of sleek , modern designs and innovative solutions . The prospect of merging cutting-edge technology with sustainable energy sources sends shivers down my spine . Every detail , from selecting the perfect water-resistant materials to fine-tuning the sensor calibrations , feels like a puzzle piece falling into place .\ nMy hands twitch with anticipation , eager to dive into the workshop and bring this vision to life . The hum of the soldering iron , the whir of the 3D printer , and the satisfying click of components snappi",2024-09-27 12:04:50,7,False,1.0,0.0,False,year: 2024 month: 09 day: 27,1.1235710382461548,1.3070833683013916
65,4753,"Active , Sound , Confident , Good , Energetic",2024-09-27 17:51:25,7,True,0.0,2.0,False,year: 2024 month: 09 day: 27,0.5664438605308533,1.8002841472625732
65,4754,"Engaging , Lively , Fun , Enthusiastic , Brave",2024-09-28 17:07:37,7,True,2.0,2.0,False,year: 2024 month: 09 day: 28,1.2377949953079224,1.7291280031204224
65,4755,"I ' m electrified ! My enthusiasm courses through every fiber , like a high-voltage current . Every thought , every sensation , every breath buzzes with excitement . My heart races , pounding out a triumphant rhythm , as if celebrating a monumental victory .\ n \ nVibrant colors dance before my eyes – radiant hues of possibility , potential , and promise . The world transforms into a kaleidoscope of wonder , beckoning me to explore , create , and conquer . Each challenge becomes an exhilarating adventure , an opportunity to unleash my inner trailblazer .\ n \ nMy mind soars , unfettered by doubt or fear . Ideas burst forth like fireworks , illuminating the landscape of my imagination . Connections spark , and innovative solutions crystallize . Time dissolves , leaving only the present moment , ripe with promise .\ n \ nPhysically , I feel invigorated – every muscle humming , every nerve tingling . My smile spreads wide , infectious and unstoppable . Words flow effortlessly , conveying my vision with conviction and passion . Others catch the spark , and togethe",2024-09-29 12:37:13,7,False,0.0,2.0,False,year: 2024 month: 09 day: 29,0.7739909887313843,1.371220588684082
65,4756,"I ' m bursting with vitality ! My enthusiasm is a radiant force , illuminating every cell and fiber of my being . It ' s as if a sparkler has ignited within me , casting a warm , golden glow over everything .\ n \ nEvery thought is infused with optimism , every idea a thrilling possibility . My imagination soars on wings of eagles , conquering challenges and achieving triumphs . The world transforms into a vibrant tapestry , woven with threads of promise and potential .\ nMy heartbeat quickens , pumping exhilaration through my veins . Each breath is a refreshing breeze , invigorating my senses and sharpening my focus . Smiles spread effortlessly across my face , reflecting the joy radiating from within .\ n \ nTime dissolves , leaving only the present moment , ripe with opportunity . Obstacles shrink , and solutions emerge . Confidence surges , and self-doubt fades . I ' m unstoppable , a force driven by pure excitement and determination .",2024-09-29 17:09:53,7,False,0.0,2.0,False,year: 2024 month: 09 day: 29,0.45173385739326477,1.3260047435760498
65,4757,"As I reflect on my life , I ' m filled with profound gratitude for the loving relationships , stimulating experiences , and personal achievements that enrich my journey . My passion for exploring new horizons , savoring NORP ORG , and appreciating life ' s simple joys fuels my enthusiasm . With each sunrise , I ' m reminded that every moment holds promise , and I ' m eager to seize its potential .\ n \ nThis positivity is contagious , inspiring me to spread warmth and kindness wherever I go . I ' m drawn to like-minded individuals who share my zest for life , and together , we create a symphony of laughter , inspiration , and mutual support . My heart overflows with hope and anticipation , knowing that life ' s next chapter will bring exciting opportunities , valuable lessons , and unforgettable memories .",2024-09-30 17:02:08,7,False,2.0,2.0,False,year: 2024 month: 09 day: 30,1.4636262655258179,1.0752376317977905
65,4758,"Cool , Happy , Good , Smiling , Confident",2024-10-01 17:12:55,7,True,2.0,1.0,False,year: 2024 month: 10 day: 01,1.43632173538208,1.26686429977417
65,4759,"Happy , Smiling , Cool , Relaxed , Fulfilled",2024-10-02 12:26:20,7,True,1.0,1.0,False,year: 2024 month: 10 day: 02,1.5982483625411987,0.9499669075012207
65,4760,"I ' m feeling lively because I ' ve recently rediscovered my passion for painting . Spending hours in my backyard studio , surrounded by vibrant colors and canvases , brings me immense joy and energy . My latest project , a mural depicting our family ' s travels , has me excitedly experimenting with new techniques .",2024-10-02 17:02:05,7,False,1.0,2.0,False,year: 2024 month: 10 day: 02,0.9427936673164368,1.7220104932785034
102,1453,"I am currently feeling tired and sluggish because my dog was up all night , thank goodness it isn’t because I had a bad night otherwise . I feel a bit disoriented because of the lack of sleep . I will try later to catch up on some sleep . Nights like that which have been happening a bit more often are very hard on my mental and physical well being .",2024-09-15 12:08:49,7,False,-2.0,0.0,False,year: 2024 month: 09 day: 15,-1.3112547397613525,-0.11886726319789886
102,1454,I’m feeling pretty ok right now . My day was a bit weird since I didn’t get much sleep but it got a bit better as it went on . I was able to nap and that made a difference . I ate a good dinner and that also made a difference .,2024-09-15 22:00:43,7,False,0.0,0.0,False,year: 2024 month: 09 day: 15,0.1397811323404312,0.42185860872268677
102,1455,I just came back from the eye doctor with my dog . She’s doing great and that makes me very happy . That alone has made my day . We did have another night of not sleeping through the night so that’s tough .,2024-09-16 12:02:50,7,False,1.0,1.0,False,year: 2024 month: 09 day: 16,0.6896263957023621,0.6237518191337585
102,1456,"Tired , Exhausted , Frustrated , Upset , Disappointed",2024-09-16 17:38:57,7,True,-2.0,0.0,False,year: 2024 month: 09 day: 16,-1.7384421825408936,0.4886929988861084
102,1457,"I’m really tired . I have had a busy day . Parts of it were very overwhelming . Work , life , feeling that I don’t have any help . However , there is a part of me that feels proud that I got so much done . I am trying to focus on that .",2024-09-16 22:01:43,7,False,-1.0,0.0,False,year: 2024 month: 09 day: 16,-0.8135384917259216,0.32773923873901367
102,1458,"Tired , Optimistic , Hopeful , Curious , Intrigued",2024-09-17 12:02:35,7,True,0.0,0.0,False,year: 2024 month: 09 day: 17,0.08708327263593674,0.9132949113845825
102,1459,Again I’ve just been tired throughout the day . I feel like I need to sleep for several days to catch up . Not a great feeling . I have never been in a situation like this and I’m doing the best i can . Hopefully my nights will go back to normal soon .,2024-09-17 22:14:24,7,False,-2.0,0.0,False,year: 2024 month: 09 day: 17,-1.1978765726089478,-0.07548731565475464
102,1460,"Angry , Frustrated , Resentful , Scared , Disappointed",2024-09-18 12:04:14,7,True,-2.0,0.0,False,year: 2024 month: 09 day: 18,-0.9174765944480896,1.4302282333374023
102,1461,"Not feeling great overall . Questioning a lot about my life , my decisions and my faith . Wondering if I ever been getting it wrong all along . I feel like i need to spend a lot of quiet time with myself for the next few weeks or maybe months .",2024-09-18 22:07:57,7,False,-2.0,0.0,False,year: 2024 month: 09 day: 18,-0.9020780324935913,0.38312995433807373
102,1462,A bit better morning than yesterday . I slept a little better . I feel less overwhelmed by everything today . I still have a lot to take care of and work to catch up on because I haven’t been able to do much because of the lack of sleep . Hopefully today I can be more productive .,2024-09-19 12:16:07,7,False,-1.0,0.0,False,year: 2024 month: 09 day: 19,0.3192833960056305,0.6363227963447571
102,1463,"Tired , Overwhelmed , Busy , Productive , Curious",2024-09-19 17:03:07,7,True,-1.0,0.0,False,year: 2024 month: 09 day: 19,-0.33174970746040344,0.49520960450172424
102,1464,I’m a bit tired . A bit stressed . My dog seems to be restless which usually means she will be up all night . This i hope isn’t the case . IM giving her her meds and hoping for the best because they work sometimes but lately they haven’t been working we think she’s become immune to the dosage . We have a vet appointment with a new very but the wait time is long . For next month,2024-09-19 22:18:10,7,False,-1.0,0.0,False,year: 2024 month: 09 day: 19,-1.0727607011795044,0.5681885480880737
102,1465,I’m quiet but angry . I’m frustrated about many things right now . I won’t let this be the tone of my day . I have decided to do my best to get out of this funk . I am better than this . I’m working on a project I enjoy perhaps that will make a difference .,2024-09-20 12:06:13,7,False,0.0,0.0,False,year: 2024 month: 09 day: 20,-0.6693862676620483,0.6386476159095764
102,1466,"Stressed , Upset , Nervous , Overwhelmed , Tired",2024-09-20 17:37:44,7,True,-2.0,2.0,False,year: 2024 month: 09 day: 20,-1.4502031803131104,0.9873217344284058
102,1467,I was able to get myself together as the day went on and turn my mood around . It wasn’t easy but I did it . I’m feeling quiet and ready to wind down by watching some tv before sleep . I have been working all day and need to unwind my mind .,2024-09-20 22:00:52,7,False,0.0,0.0,False,year: 2024 month: 09 day: 20,0.7664058804512024,0.6881746053695679
102,1468,"Feeling overall ok . I had a busy Sunday of work , laundry , etc . I’m starting to get ready to call it a day . I did struggle today with thoughts about paying some bills I owe . That made me stress out and it has lingered a bit throughout the day and night .",2024-09-22 22:05:33,7,False,0.0,0.0,False,year: 2024 month: 09 day: 22,-0.08883059024810791,0.6046323180198669
102,1469,I’m feeling ok . A bit worried about finances but holding up . I have two projects that I’m working on today and that should keep my mind busy and away from thinking about what I don’t want . I feel very grateful today however .,2024-09-23 12:21:52,7,False,0.0,0.0,False,year: 2024 month: 09 day: 23,0.9316805005073547,0.846429705619812
102,1470,"Satisfied , Relieved , Tired , Hopeful , Grateful",2024-09-23 22:29:13,7,True,1.0,0.0,False,year: 2024 month: 09 day: 23,1.1597470045089722,0.7543268203735352
102,1471,I’m a bit tired because I have done a lot today so far and it’s only 3pm . I feel a little bit sleepy but I’m going to try to push myself a bit and continue to be productive as much as I can . I wish I could take a nap,2024-09-24 17:00:41,7,False,0.0,0.0,False,year: 2024 month: 09 day: 24,-1.2541906833648682,-0.32331812381744385
102,1472,"Tired , Sleepy , Achy , Content , Eager",2024-09-24 22:00:44,7,True,-2.0,0.0,False,year: 2024 month: 09 day: 24,-0.40956470370292664,0.18939824402332306
102,1473,I have been very productive this morning but I am juggling several tasks at once and that is a bit stressful . I have a lot on my “to do list” for the day and i will like to be able to check off most things .,2024-09-25 12:12:33,7,False,0.0,0.0,False,year: 2024 month: 09 day: 25,0.13661979138851166,1.266884446144104
102,1474,Very long day . Lots of different projects . Trying to juggle all of them . I feel somewhat overwhelmed . I’m going to try to breath and pace myself as I still have a lot to go before the day ends . I feel somewhat productive .,2024-09-25 17:56:32,7,False,0.0,0.0,False,year: 2024 month: 09 day: 25,-0.3986296057701111,1.0994387865066528
102,1475,"Tired , Exhausted , Overwhelmed , Drained , Sleepy",2024-09-25 22:05:01,7,True,-1.0,0.0,False,year: 2024 month: 09 day: 25,-1.7885968685150146,0.10910703241825104
102,1476,I have been working all day almost nonstop since 7am . I am feeling pretty tired and mentally drained . I have a few hours to go still so that in a way stresses me out since I want to stop now but I’m going to push through .,2024-09-26 17:29:21,7,False,0.0,0.0,False,year: 2024 month: 09 day: 26,-1.3707752227783203,-0.03505958616733551
102,1478,"Tired , Burned out , Drained , Sleepy , Proud",2024-09-26 22:02:00,7,True,0.0,0.0,False,year: 2024 month: 09 day: 26,-1.14998459815979,0.058419644832611084
102,1479,"Quiet , Productive , Busy , Sleepy , Proactive",2024-09-27 12:01:33,7,True,0.0,0.0,False,year: 2024 month: 09 day: 27,0.42943286895751953,0.6394571661949158
102,1480,I’ve been multitasking all day and I don’t think I’ve had enough food so I’m feeling hungry and hangry . A bit tired . I just gpt a snack and I’m starting to eat so hopefully I’ll start to feel a bit more together soon,2024-09-27 17:08:41,7,False,0.0,0.0,False,year: 2024 month: 09 day: 27,-1.183042049407959,0.10460416972637177
102,1481,I have a headache and I’m ready for bed . These past few weeks I feel like I’m just dragging my body around . I feel exhausted most of the time from bad nights of sleep and perhaps even hormones . I hope tonight is restful peaceful sleep .,2024-09-27 22:04:45,7,False,0.0,0.0,False,year: 2024 month: 09 day: 27,-1.3597596883773804,-0.05283994972705841
102,1482,I woke up feeling tired and drained from the week . I am working today also but I’m planning to take a nap to catch up on my sleep . I’m also hungrier than usual . I hope that after eating a get another boost of energy .,2024-09-28 12:48:16,7,False,0.0,0.0,False,year: 2024 month: 09 day: 28,-1.146699070930481,-0.14273081719875336
102,1483,"Feeling a bit rested because I did nap today , however I haven’t been able to do much about all those emails I have tomtake care of so I’m moving on to tomorrow with still all of that to do and that is a bit stressful",2024-09-28 22:01:56,7,False,0.0,0.0,False,year: 2024 month: 09 day: 28,0.12448389828205109,0.16259847581386566
149,3792,"I feel fine , I don’t feel sad . I am home now after a long day in the hospital (school) . I have lots of things to do but a fun evening ahead which makes me happy . Overall my mood is somewhat good . I do not feel like drinking at all right now nor am I thinking of drinking .",2024-11-07 17:01:44,7,False,1.0,1.0,False,year: 2024 month: 11 day: 07,1.1840205192565918,0.6330642700195312
149,3794,"Just applied to an important role at my school . I’m feeling invigorated because I am passionate about this role . Overall , today was tiring and I need to decompress and eventually sleep . I do not feel angry , stressed , overwhelmed or depressed . I definitely don’t feel sad either . I am happy today is Friday because I get to sleep in tomorrow with no disruptions .",2024-11-08 22:17:16,7,False,1.0,1.0,False,year: 2024 month: 11 day: 08,0.6052046418190002,0.8602272868156433
149,3795,Feeling lazy and tired . I don’t want to leave my bed or my house or make food . But not cause I’m sad but because motivation is lacking . I must go and get started so I will do that soon . Not depressed or worried or anxious or stressed . I am feeling okay just exhausted from the week I guess .,2024-11-09 12:59:33,7,False,-1.0,0.0,False,year: 2024 month: 11 day: 09,-0.8641650676727295,0.032686784863471985
149,3797,"I am okay . I feel relaxed and spending time at home . After going to the gym , I relaxed my body and I am able to decompress . I don’t feel anxious depressed or sad . I feel fine . Nothing more to do than watch tv and I really don’t have much else to talk about .",2024-11-09 22:33:24,7,False,1.0,1.0,False,year: 2024 month: 11 day: 09,0.970884382724762,0.42468762397766113
149,3798,I am fine . Don’t feel anxious . Studying for classes . Not depressed or anxious or stressed . I am taking it slow today . Not doing anything to upset myself when necessary . Planning on spending most of the day inside and enjoying the last of the weekend before classes begin again tomorrow .,2024-11-10 12:35:55,7,False,0.0,0.0,False,year: 2024 month: 11 day: 10,0.362761914730072,0.7901890277862549
149,3800,Finished going to the gym my body feels very relaxed . Annoyed that I have work to do . But I will finish in due time and be done for the night . Happy I get to wake up a little later tomorrow so that is awesome .,2024-11-11 22:02:22,7,False,2.0,0.0,False,year: 2024 month: 11 day: 11,1.0488778352737427,0.4219770133495331
149,3803,Feeling a little jittery and nervous because of an important event this morning . Not feeling depressed or sad or frustrated . I have a lot of energy because the event today needs to go smoothly . I am okay and don’t feel the need to drink .,2024-11-14 12:01:54,7,False,-1.0,2.0,False,year: 2024 month: 11 day: 14,-0.21828752756118774,1.0635652542114258
149,3805,"Feeling annoyed , just had a fight with a dear friend of mine . Petty but stupid fight . I hate arguing for this reason it makes me feel crappy . I don’t really feel anxious , depressed or sad . Just need to clear my head .",2024-11-15 22:04:28,7,False,0.0,1.0,False,year: 2024 month: 11 day: 15,-1.134511113166809,0.24881063401699066
149,3806,Feel fine woke up early and started my day . Nothing really spectacular to document . Have some plans today then I plan to study and relax after . Don’t feel stressed or anxious at all . Nothing else really for me to state here .,2024-11-16 12:26:52,7,False,0.0,1.0,False,year: 2024 month: 11 day: 16,0.7004604935646057,0.7239283323287964
149,3807,I am spending time with friends and I have drank two drinks . Not drunk at all . Just tipsy . I was not pressured to drink and I didn’t feel like I had to drink . I don’t feel depressed or anxious at all .,2024-11-16 17:45:05,7,False,1.0,2.0,False,year: 2024 month: 11 day: 16,-0.06337208300828934,0.8198963403701782
149,3808,I am being productive and getting work done currently . I feel accomplished and able to get all my work done and finish up . I will relax for the rest of the night and calm my body before I start grinding and studying tomorrow .,2024-11-16 22:02:07,7,False,2.0,2.0,False,year: 2024 month: 11 day: 16,0.8814659714698792,0.7608116865158081
149,3809,Again very productive morning working on some late assignments . Feeling okay not depressed or anxious or sad . I feel like today will be a good day to just go outside and enjoy the day while being productive of course .,2024-11-17 12:29:25,7,False,2.0,0.0,False,year: 2024 month: 11 day: 17,0.5542156100273132,0.7043769359588623
149,3812,"Extremely busy day and frustrating as well as I locked myself out of my house so early in the morning . But that can’t stop me from doing life things . Long day at work as well which is never fun . And to top it all off , studying once I get home . Just feeling stressed that’s all .",2024-11-18 22:35:23,7,False,0.0,1.0,False,year: 2024 month: 11 day: 18,-1.1032695770263672,0.6475112438201904
149,3793,"Bored , Tired , Uninterested , Impulsive , Exhausted",2024-11-08 17:10:01,7,True,0.0,1.0,False,year: 2024 month: 11 day: 08,-0.3265969157218933,0.6858171820640564
149,3796,"Fine , Okay , Bored , Neutral , Alright",2024-11-09 17:02:45,7,True,0.0,1.0,False,year: 2024 month: 11 day: 09,0.27666884660720825,0.8230800032615662
149,3799,"Hungry , Bored , Content , Relaxed , Happy",2024-11-10 17:46:45,7,True,1.0,2.0,False,year: 2024 month: 11 day: 10,1.055015206336975,0.7030429244041443
149,3801,"Tired , Annoyed , Exhausted , Unmotivated , Pissed",2024-11-12 22:54:03,7,True,-2.0,0.0,False,year: 2024 month: 11 day: 12,-1.595672369003296,0.37302571535110474
149,3802,"Happy , Wholesome , Excited , Enthusiastic , Rested",2024-11-13 12:36:24,7,True,2.0,1.0,False,year: 2024 month: 11 day: 13,1.6328803300857544,1.079977035522461
149,3804,"Happy , Loved , Fulfilled , Accomplished , Enthusiastic",2024-11-14 17:08:25,7,True,2.0,1.0,False,year: 2024 month: 11 day: 14,1.6142796277999878,1.1024023294448853
149,3810,"Busy , Annoyed , Tired , Lazy , Unmotivated",2024-11-17 17:21:12,7,True,0.0,1.0,False,year: 2024 month: 11 day: 17,0.4151895344257355,0.7925041913986206
149,3811,"Fine , Busy , Overworked , Annoyed , Tired",2024-11-18 12:25:49,7,True,0.0,1.0,False,year: 2024 month: 11 day: 18,0.518570601940155,0.7888822555541992
149,3813,"Happy , Content , Satisfied , Lazy , Unmotivated",2024-11-20 22:43:25,7,True,1.0,1.0,False,year: 2024 month: 11 day: 20,1.2873152494430542,0.8371431827545166
154,3914,"I am currently feeling somewhat happy , as I feel calmer and more relaxed after having a therapy session and speaking with coworkers and laughing . I have also been listening to music which brightens my mood as well . I am also feeling productive as I am accomplishing tasks at work with calling people , writing reports , and emailing others .",2024-11-05 17:17:24,7,False,1.0,1.0,False,year: 2024 month: 11 day: 05,1.0638597011566162,0.8389908671379089
154,3915,"I am currently feeling jittery and kinda anxious . I was watching ORG to distract myself and relax , but kinda became aware of my physical sensations like my heart beating . I practiced my therapy skills of creating space between myself and my emotions by telling myself “I am having anxious thought” rather than “I am anxious . ” It really helps !",2024-11-05 22:31:10,7,False,-1.0,2.0,False,year: 2024 month: 11 day: 05,-0.7171472311019897,1.0456820726394653
154,3919,"I currently am feeling somewhat jittery and tired . I had a late work shift last night and an early morning for the other part of my job , so I didn’t get much sleep . My serotonin tends to drop when I don’t get much sleep making my heart race more and feeling overall more nervous . I believe they call it “tired and wired” lol . But I am feeling happy , just sleepy . I am excited to talk to my coworkers today and other people too .",2024-11-08 12:36:01,7,False,-1.0,2.0,False,year: 2024 month: 11 day: 08,-0.8933336138725281,1.0379250049591064
154,3920,I am currently feeling very very tired . I am also feeling content because I just ate some chicken tacos . I feel cozy too because I am in bed and wrapped in a soft blanket . I also am feeling flirty in general which is annoying because dating is very hard in GPE  . I’m feeling romantic but also kinda sad that I’m not in a relationship .,2024-11-08 22:02:52,7,False,0.0,0.0,False,year: 2024 month: 11 day: 08,0.0827939510345459,0.1858656257390976
154,3921,"I’m definitely feeling tired and a little anxious . I wake up once or twice in the night so I can feel sleepy because of that . I feel a little anxious too because when I don’t get a ton of sleep my serotonin levels are affected . I also feel kinda cold in my room . I feel excited to go back to sleep though because it is a Saturday ! I’m trying to catch up on my sleep because this past week was quite busy at work . I’m feeling a bit of burn out , nothing crazy but I’m excited for Christmas vacation in a month when I can take some time off of work . I love my job but it can be emotionally and physically tiring .",2024-11-09 12:10:11,7,False,-2.0,0.0,False,year: 2024 month: 11 day: 09,-0.6810932755470276,-0.03336678445339203
154,3924,I currently feel a little jittery/anxious . I tend to get nervous about things and am learning how to cope with this in therapy . I am excited though because tomorrow I am meeting my friend for lunch ! I haven’t seen her in a month and I’m looking forward to it . I also feel more rested . This weekend I took time for myself to recoup and rest which was much needed . I am happy and am currently making Christmas gifts for my friends and family .,2024-11-10 22:05:07,7,False,-1.0,2.0,False,year: 2024 month: 11 day: 10,0.012342939153313637,1.528028130531311
154,3926,I am feeling content right now . I am also feeling bloated because I ate salty and gluten containing foods (I’m gluten sensitive) . So I feel a little balloon-y lol . But like a cute balloon . I also feel clean because I took a shower and smell nice . I feel productive and happy because I visited two friends today in GPE . We had a nice time and walked around . I am getting ready physically and mentally for tomorrow going back to work after having the day off today . I feel a little sluggish too from the food I ate but nonetheless happy .,2024-11-11 22:58:18,7,False,1.0,0.0,False,year: 2024 month: 11 day: 11,1.5057686567306519,0.30050697922706604
154,3927,I’m currently feeling lively and calm too ! I just finished a meeting that went well and am excited to eat my granola bar . I am looking forward to seeing my friend in an hour . I am feeling optimistic about my future and my job .,2024-11-12 17:22:13,7,False,1.0,2.0,False,year: 2024 month: 11 day: 12,1.4574060440063477,1.1594032049179077
154,3930,"I am feeling a little jittery at the moment . I feel excited though to go to work because I really like what I do . I also get to see my coworkers who I really like and get along with ! Also , I am excited to eat breakfast . Eggs are always the best in the morning tbh . Also , I feel kind of sleepy because I did a late shift for my internship . I enjoy it though so it doesn’t feel like work .",2024-11-15 12:25:54,7,False,-1.0,2.0,False,year: 2024 month: 11 day: 15,0.47164106369018555,1.6698883771896362
154,3932,I’m currently feeling somewhat jittery . I think I ate too much salt lol . I’m quite tired too so that could be adding to it . I’m feeling also grateful for the people I have in my life . I also feel confused at what I want my future career to be . I thought I had an idea but the more I talk to my supervisor about it the more I’m not sure I want to get my doctorate degree .,2024-11-15 22:29:50,7,False,-1.0,2.0,False,year: 2024 month: 11 day: 15,-0.7959993481636047,1.2107374668121338
154,3933,I’m feeling pretty neutral right now . I was jittery before but now I’m a little more calm . I am about to make my Christmas gifts for my friends and family so I’m excited for that ! I feel better after going to the gym . I also ate a really good lunch so I feel good about that . I took a shower too so I feel fresh and clean :),2024-11-16 17:16:58,7,False,0.0,1.0,False,year: 2024 month: 11 day: 16,0.4603450894355774,0.7213115692138672
154,3934,I feel somewhat lively and also tired at the same time if that makes sense . I’m going to start making homemade Christmas ornaments so I’m excited for that . I also feel productive because I cleaned my room today and went to the gym . I feel pensive today as well thinking about past things and where I want to go in the future . I’m trying to surrender control and just go with the flow and trust .,2024-11-16 22:13:49,7,False,1.0,2.0,False,year: 2024 month: 11 day: 16,0.4938778877258301,0.9965893030166626
154,3935,I feel quite tired . I got my Covid and flu shot yesterday and could not sleep very well . I also had a headache which made it difficult to fall asleep . I also got some anxiety too because I don’t like feeling lots of bodily changes . I’m trying my best though .,2024-11-17 12:15:57,7,False,-2.0,0.0,False,year: 2024 month: 11 day: 17,-1.2103979587554932,0.12141917645931244
154,3936,"I feel pretty neutral right now . I just ate a good lunch so I feel good about that . I’m excited to watch a football game online in an hour . I’m also listening to ORG  so I’m vibing . Also , I’m working on some work things before the game so I’m feeling productive .",2024-11-17 17:07:59,7,False,0.0,1.0,False,year: 2024 month: 11 day: 17,0.6217203736305237,0.6921166181564331
154,3937,I feel pretty neutral right now . A little jittery and happy too . I feel better but still kinda blah after my flu and covid shot yesterday . I’ve mostly been resting all day . I talked with my mom and friend today which was nice . I am looking forward to talking with my coworkers tomorrow and catching up on how our weekends went .,2024-11-17 22:21:06,7,False,0.0,1.0,False,year: 2024 month: 11 day: 17,-0.22946003079414368,0.4896984398365021
154,3916,"Jittery , Anxious , Happy , Content , Warm",2024-11-06 17:26:04,7,True,-1.0,2.0,False,year: 2024 month: 11 day: 06,0.5544976592063904,1.4824566841125488
154,3917,"Sleepy , Satisfied , Annoyed , Frustrated , Uncertain",2024-11-06 22:34:28,7,True,0.0,0.0,False,year: 2024 month: 11 day: 06,-0.06445486843585968,0.5039923191070557
154,3918,"Energetic , Lively , Content , Happy , Talkative",2024-11-07 12:25:21,7,True,1.0,2.0,False,year: 2024 month: 11 day: 07,1.0761375427246094,1.7477190494537354
154,3922,"Content , Rested , Happy , Calm , Serene",2024-11-09 17:24:41,7,True,1.0,0.0,False,year: 2024 month: 11 day: 09,1.4812724590301514,0.7365650534629822
154,3923,"Tired , Sleepy , Slowed down , Cold , Slightly Irritable",2024-11-09 22:24:52,7,True,0.0,0.0,False,year: 2024 month: 11 day: 09,-1.2576991319656372,0.10620971024036407
154,3925,"Happy , Content , Satisfied , Caring , Friendly",2024-11-11 17:17:39,7,True,1.0,1.0,False,year: 2024 month: 11 day: 11,1.5257880687713623,0.8533849716186523
154,3928,"Calm , Content , Hungry , Fine , Helpful",2024-11-13 17:59:15,7,True,0.0,1.0,False,year: 2024 month: 11 day: 13,0.9375154376029968,0.6994433403015137
154,3929,"Calm , Little sluggish , Productive , Impatient , Content",2024-11-14 12:02:00,7,True,0.0,1.0,False,year: 2024 month: 11 day: 14,0.7633350491523743,0.7140117883682251
154,3931,"Content , Sleepy , Happy , Friendly , Warm",2024-11-15 17:12:49,7,True,1.0,0.0,False,year: 2024 month: 11 day: 15,1.0756746530532837,0.617516040802002
101,1432,"Relaxed , Content , Uplifted , Calm , Thoughtful",2024-11-05 12:21:03,7,True,2.0,0.0,False,year: 2024 month: 11 day: 05,1.3381036520004272,0.39571812748908997
101,1433,I currently feel fulfilled like I ' m accomplishing what I have on my to do list while still holding out on hope that PERSON will pull through even though there doesn ' t seem like this will be the case . I am in the process of resuming my cleaning spree after working out some confusion at the bank .,2024-11-06 17:18:41,7,False,2.0,0.0,False,year: 2024 month: 11 day: 06,1.366044044494629,0.7138453722000122
101,1434,While I was cleaning I became inspired to declutter my desserts and kitchen cabinets for my next grocery trip . I am glad that I completed most of the work today leaving me to vacuum tomorrow . Completing all of this has made me energetic ready to go to the laundry mat .,2024-11-06 22:09:40,7,False,2.0,0.0,False,year: 2024 month: 11 day: 06,0.291199266910553,1.290665864944458
101,1435,"Tired , Happy , Ready , Focused , Curious",2024-11-07 12:01:03,7,True,-1.0,0.0,False,year: 2024 month: 11 day: 07,0.3880060911178589,0.7322793006896973
101,1436,I am glad my surgery is over and the healing can begin . I was extremely hopeful that my dad would ' ve been more attentive after my surgery but he wasn ' t . He started getting crabby when I got out of surgery . He didn ' t help me in the house my neighbor helped me . When I asked him to get my medicine he was amicable but got nasty with me since he did not follow the directions I sent him . When he came back with my meds he gathered his still and left me . I am currently alone in pain with no way to bring myself food . I did manage to get a bag and put water and a pack of crackers in it and bring it to my bed since that ' s all I could carry with a walker and one leg . I am currently in an excruciating amount of pain but I can ' t take my pain meds because I have no food . I am hoping that my companion comes back tonight since he keeps sending my calls to voicemail . Although I am experiencing these issues I am not mad or upset nor am I resentful towards my father ' s and friends actions . I know how resilient I am and this shall,2024-11-08 22:03:20,7,False,2.0,0.0,False,year: 2024 month: 11 day: 08,-0.5185727477073669,0.08209612965583801
101,1437,"Relaxed , Calm , In pain , Contemplating , Insightful",2024-11-09 12:02:27,7,True,2.0,0.0,False,year: 2024 month: 11 day: 09,0.9748157858848572,0.33214500546455383
101,1438,I am currently in pain and mistakenly chose the wrong feelings option on the previous screen . I am going to sleep through this pain . When I wake up I will take my meds for pain . It has been a trying first day out of surgery but I am in good spirits overall .,2024-11-09 17:19:01,7,False,-2.0,0.0,False,year: 2024 month: 11 day: 09,-0.40627169609069824,0.33119484782218933
101,1439,"I am feeling the same as I did yesterday in pain and bed bound . I am waiting for my commode to be delivered . However , I am contemplating if I will be in an live in relationship when   this is all over . I have tried to be open minded but we ' re not in the same place in life and I ' m just not interested the lifestyle he chooses to lead . However , with all of this I am in good spirits and waiting out my recovery .",2024-11-10 12:12:11,7,False,2.0,0.0,False,year: 2024 month: 11 day: 10,0.028045156970620155,0.4840215742588043
101,1440,"In pain , Uncomfortable , Content , Fidgity , Happy",2024-11-10 17:11:51,7,True,2.0,0.0,False,year: 2024 month: 11 day: 10,0.1262063980102539,0.31973734498023987
101,1441,I finally got relief from the pain I was in before . I am tired and ready to go to sleep . It has been a long day of pain and now I need rest . Overall my current mood is happy and relaxed but mostly I ' m ready to get some rest .,2024-11-10 22:01:26,7,False,2.0,0.0,False,year: 2024 month: 11 day: 10,0.48569172620773315,0.20573179423809052
101,1442,"I feel better this morning since my pain levels have dropped . I currently feel good and upbeat while i complete some homework . Overall this experience with my father coming to take me to my surgery and having to rely on someone for all my needs has been trying . However , I am grateful and humbled by this experience since I am learning that I can not do it alone .",2024-11-11 12:58:54,7,False,2.0,0.0,False,year: 2024 month: 11 day: 11,0.6022066473960876,0.4678264558315277
101,1443,I am in good spirits since the surgery . Know the the recovery period has begun I can now focus on going back to work and taking my EEE test so I can become permanent at my job . I am running out of things to discuss since not much has changed as of yet .,2024-11-11 17:01:19,7,False,2.0,0.0,False,year: 2024 month: 11 day: 11,1.0732548236846924,0.9986708164215088
101,1444,"Tired , Happy , Relaxed , Calm , In pain",2024-11-11 22:47:30,7,True,2.0,0.0,False,year: 2024 month: 11 day: 11,0.33413779735565186,0.2834247648715973
101,1445,"Content , Relaxed , Calm , Comfortable , Happy",2024-11-12 12:32:33,7,True,2.0,0.0,False,year: 2024 month: 11 day: 12,1.2885687351226807,0.3553822636604309
101,1446,"I am currently feeling better the pain is bearable now . I ' m in good spirits and glad I was able to get my last class done so I can take my Capstone in January . This excites me because this is the second biggest thing I ' ve accomplished for myself , since accomplishing my associates while being diagnosed with narcolepsy , REM sleep disorder , sleeping eating and walking and hypersomolence . Now I have to conquer quitting smoking and my goals have been completed for now . I ' m a work in progress always looking to ways to grow and be a better person .",2024-11-13 12:35:58,7,False,2.0,0.0,False,year: 2024 month: 11 day: 13,1.6425942182540894,1.0512539148330688
101,1447,"I am currently feeling better the pain is bearable now . I ' m in good spirits and glad I was able to get my last class done so I can take my Capstone in January . This excites me because this is the second biggest thing I ' ve accomplished for myself , since accomplishing my associates while being diagnosed with narcolepsy , REM sleep disorder , sleeping eating and walking and hypersomolence . Now I have to conquer quitting smoking and my goals have been completed for now . I ' m a work in progress always looking to ways to grow and be a better person .",2024-11-13 17:28:42,7,False,2.0,0.0,False,year: 2024 month: 11 day: 13,1.6425942182540894,1.0512539148330688
101,1448,"I am currently relaxed with my leg up . I have a lot of pain when I have to stand up and go to the restroom , so I have started putting my leg down for a minute then putting it back up . I do this twice then rest for two hours . I don ' t know if it ' s working but the pain is a lot .",2024-11-14 17:05:39,7,False,2.0,0.0,False,year: 2024 month: 11 day: 14,0.17321918904781342,0.40189531445503235
101,1449,"Content , Happy , Relaxed , Calm , Accepting",2024-11-14 22:47:26,7,True,2.0,0.0,False,year: 2024 month: 11 day: 14,1.3011269569396973,0.5698447227478027
101,1450,I ' m currently feeling relaxed and completing my last paper for my philosophy class . I ' m happy and ready to go to the doctor next week to see how my ankle is healing up . I ' m also thinking about the pain that I ' m going to be in when I have to go to the bathroom in a couple of minutes since my foot throbs when the blood rushes to the bottom of my toes .,2024-11-15 17:01:21,7,False,2.0,0.0,False,year: 2024 month: 11 day: 15,0.8715057969093323,0.46215686202049255
101,1451,I ' m currently in pain laying in the bed . Overall I ' m happy I can ' t wait to see the doctor next week to learn the progress of how my ankle is healing . Tomorrow I plan to complete my civil service paperwork for my job and set my plan in motion to return to work at light duty for the next 3 months .,2024-11-16 22:03:11,7,False,2.0,0.0,False,year: 2024 month: 11 day: 16,0.020250173285603523,0.25670018792152405
101,1452,"Happy , Greatful , Thankful , Content , Calm",2024-11-17 17:49:39,7,True,2.0,0.0,False,year: 2024 month: 11 day: 17,1.5194274187088013,0.8280597925186157
160,4079,"In this current moment , I am feeling okay this morning . I am currently feeling good about myself . Today , I woke up around 9am and I plan on going to the gym later today and going to work later on around 5pm .",2024-11-20 12:01:56,7,False,1.0,1.0,False,year: 2024 month: 11 day: 20,1.1698495149612427,0.7516425251960754
160,4080,"Today , I am doing alright . I have a bunch of meetings today and one of them started late , which was kind of stressful for me because it was not planned . However , I was able to cope with this obstacle successfully , which I am really proud of .",2024-11-22 12:30:42,7,False,1.0,1.0,False,year: 2024 month: 11 day: 22,0.6140280961990356,0.7958920001983643
160,4081,"Today I am feeling good . My eyebrow waxing went well and it barely hurt . In the future , I would definitely get then waxxed again . After my waxxing , I did my workout and then I took a relaxing and cleansing shower .",2024-11-23 17:55:07,7,False,0.0,1.0,False,year: 2024 month: 11 day: 23,0.8295965194702148,0.824202299118042
160,4086,"Today , I am feeling good . My Ac got unplugged for the season so I am a little sweaty right now . Later today , I am going to work and then to the gym . Tonight , I am seeing a show with my friend . I am really excited !",2024-11-26 12:10:38,7,False,0.0,1.0,False,year: 2024 month: 11 day: 26,1.3117629289627075,0.9043081402778625
160,4087,"Right now , I feel really good . Right now , I am at IParty event with my friend . We ' ve been waiting for this event for weeks . We are both really excited ! Tommorow I have a friendsgiving to attend with my other friends",2024-11-26 22:28:06,7,False,2.0,1.0,False,year: 2024 month: 11 day: 26,1.144547462463379,1.1566053628921509
160,4088,"Today , I am feeling tired . The event I went with my friend last night was so much fun ! For tonight , I have to cook some mac and cheese for a friendsgiving I am attending . I am super excited to be attending this event !",2024-11-27 12:21:03,7,False,1.0,1.0,False,year: 2024 month: 11 day: 27,-0.32991790771484375,0.21972431242465973
160,4089,"Today it is thanksgiving ! This year , my family and I are hosting dinner at our house . We ' ve been hosting Thanksgiving for several years now . I am very excited to be seeing everyone later today and catching up with them",2024-11-28 12:34:39,7,False,0.0,1.0,False,year: 2024 month: 11 day: 28,0.8907522559165955,1.220358967781067
160,4090,"Today is Thanksgiving day ! My family and I are hosting Thanksgiving at our house . This morning was a little bit hectic because we were preparing all the food . Right now , things are much calmer since most of the food is done .",2024-11-28 17:58:49,7,False,2.0,1.0,False,year: 2024 month: 11 day: 28,0.1185668557882309,1.1948297023773193
160,4093,"Today I am feeling okay . Right now , I am at the gym doing some workouts . I am currently focusing on chest . My teeth are also hurting today , which makes me feel some pain . Later tonight , I am hanging with my best friend",2024-11-30 17:01:28,7,False,1.0,2.0,False,year: 2024 month: 11 day: 30,0.5815644860267639,0.6977755427360535
160,4095,"Today is going alright . Right now , I am at the gym doing some back workouts . After the gym , I am going to get some homework done and take a nice relaxing shower . I am excited to be going back to school and work tommorow .",2024-12-01 17:01:44,7,False,1.0,2.0,False,year: 2024 month: 12 day: 01,0.6793050169944763,0.7859901189804077
160,4096,Today has been alright . For the past few hours I have not done too much . I took a nice relaxing shower and I am currently in bed . I am excited to go back to work and see my coworkers and classmates again .,2024-12-01 22:59:09,7,False,0.0,1.0,False,year: 2024 month: 12 day: 01,0.5345995426177979,0.45147302746772766
160,4082,"Happy , Comfortable , Calm , Content , Relax",2024-11-23 22:45:32,7,True,2.0,1.0,False,year: 2024 month: 11 day: 23,1.3047764301300049,0.663765013217926
160,4083,"Excited , Happy , Tired , Anxious , Jittery",2024-11-24 12:53:35,7,True,2.0,1.0,False,year: 2024 month: 11 day: 24,1.2403966188430786,1.3501819372177124
160,4084,"Happy , Tired , Excited , Silly , Glad",2024-11-24 22:52:27,7,True,2.0,1.0,False,year: 2024 month: 11 day: 24,1.0918015241622925,0.9373472929000854
160,4085,"Calm , Content , Happy , Greatful , Clean",2024-11-25 22:53:34,7,True,1.0,0.0,False,year: 2024 month: 11 day: 25,1.2467784881591797,0.7312382459640503
160,4091,"Down , Tired , Sad , Calm , Quiet",2024-11-28 22:39:34,7,True,-1.0,1.0,False,year: 2024 month: 11 day: 28,-0.8925382494926453,0.32100579142570496
160,4092,"Excited , Happy , Lively , Enthusiastic , Glaf",2024-11-29 22:26:26,7,True,1.0,2.0,False,year: 2024 month: 11 day: 29,1.7051705121994019,1.4854316711425781
160,4094,"Happy , Excited , Calm , Lively , Enthusiastic",2024-11-30 22:01:05,7,True,2.0,1.0,False,year: 2024 month: 11 day: 30,1.7345473766326904,1.0462714433670044
160,4097,"Happy , Calm , Content , Ready , Lively",2024-12-02 12:27:03,7,True,1.0,2.0,False,year: 2024 month: 12 day: 02,1.3855700492858887,0.9382832646369934
151,3843,At the moment I feel lively like I ' m doing something engaging above all I feel like I ' m top of the whole doing things that enables me feel like I belong in the circle and not worthless . Something above it make it want me to think deep,2024-08-23 12:42:05,7,False,0.0,1.0,False,year: 2024 month: 08 day: 23,1.1208717823028564,1.4824984073638916
151,3844,"Feeling better , the way it is now . Even I sometimes have up and down and most of this family are just smiling and then the alcohol set it in which is quite possible but the alcohol make me really an G and by looking at things it",2024-08-23 17:08:27,7,False,0.0,1.0,False,year: 2024 month: 08 day: 23,0.4467499256134033,0.37353137135505676
151,3845,"reserved , Quiet , Lonely , Worrisome , Thinking",2024-08-24 12:22:20,7,True,0.0,0.0,False,year: 2024 month: 08 day: 24,-0.3539159297943115,0.9147857427597046
151,3846,I want to be left alone to think more and reason a lot of things I tend to ignore because the things I leave alone are also going to need attention that ' s why most time I tend to want to make use of it why at it and find the best way to see it through to the end,2024-08-25 12:53:51,7,False,0.0,0.0,False,year: 2024 month: 08 day: 25,0.2556511163711548,0.7361965179443359
151,3847,"Moody , Worrisome , Expectation , Thinking , Quiet",2024-08-25 22:01:34,7,True,0.0,1.0,False,year: 2024 month: 08 day: 25,-0.37184733152389526,0.7640632390975952
151,3848,"My feelings right now is nothing much to say that I ' m tire and exhausted , most of the time feeling this way tends to make we realise some things that I might have done or not have done so when I ' m quiet I happen to enter into a world where only I can imitate my environment for my   own good",2024-08-26 12:05:23,7,False,-2.0,0.0,False,year: 2024 month: 08 day: 26,-0.8460611701011658,-0.04587729275226593
151,3849,"I ' m feeling quiet and also nervous , but right now   I want a space of my own and like I could achieve things on my own maybe because of the alcohol and also how it making make some decisions that I don ' t want to",2024-08-29 12:09:04,7,False,0.0,0.0,False,year: 2024 month: 08 day: 29,-0.7163944840431213,0.546036958694458
151,3850,"At the moment I feel contented with what life has to offer I feel that whatever I do and do well no matter how hard it may be or have being I just feel that ' s how life is and even if I could change some things I just feel it won ' t be necessary at some point , it has happened let it move on",2024-08-29 17:10:19,7,False,1.0,0.0,False,year: 2024 month: 08 day: 29,1.0881352424621582,0.5814102292060852
151,3851,"Quiet , Active , Jovial , Working , Thinking",2024-08-30 12:05:48,7,True,0.0,0.0,False,year: 2024 month: 08 day: 30,0.4959149956703186,0.5977872610092163
151,3852,"Tired , Slugish , Over worked , Thinking , Assuming",2024-08-30 17:03:17,7,True,-2.0,0.0,False,year: 2024 month: 08 day: 30,-0.8517399430274963,0.25601866841316223
151,3853,I ' m feeling active but at the same time I ' m at my most weak state being sluggish and also not ready to do anything just sitting and drinking my drink and reminiscing about the very existence of which I am brought to and have to survive,2024-08-30 22:21:08,7,False,0.0,2.0,False,year: 2024 month: 08 day: 30,-0.17656902968883514,0.3955068290233612
151,3854,I want to be left alone doing my own thing my own having my own thinking to myself and be left to be with nature . I feel that life has many things to offer which at some point we need to ascertain this mentality and drive it forward,2024-08-31 12:52:39,7,False,0.0,0.0,False,year: 2024 month: 08 day: 31,0.8697308301925659,0.6001849174499512
151,3855,I feel contented and calm I feel like I ' m mind is open and most of the times I know that it is necessary to have alone time which have helped to foster my mindset and also how I look at basically all things,2024-08-31 17:17:21,7,False,2.0,0.0,False,year: 2024 month: 08 day: 31,1.4277379512786865,0.4712727963924408
151,3856,I was there feeling all neutral don ' t even know if I ' m balanced or not just feeling nervous within my system having to contemplate with different matter made it worse and also more activities came into play,2024-08-31 22:36:06,7,False,0.0,1.0,False,year: 2024 month: 08 day: 31,-0.5777994394302368,0.6808314919471741
151,3857,"I ' m quite in the happy mood , why ? I don ' t know or even can think about but if I ' m to guess is just the positivity of doing things that makes me more happy , I focus on what is better and ahead for the best",2024-09-01 12:21:32,7,False,0.0,2.0,False,year: 2024 month: 09 day: 01,1.348545789718628,1.122167706489563
151,3858,"Lovely , Lively , Active , Enthusiastic , Loke",2024-09-01 17:46:53,7,True,0.0,2.0,False,year: 2024 month: 09 day: 01,1.5381584167480469,1.4740171432495117
151,3859,"Nervous , Jittery , Active , Enthusiastic , Strong",2024-09-01 22:36:23,7,True,0.0,2.0,False,year: 2024 month: 09 day: 01,-0.14670664072036743,1.9502978324890137
151,3860,I feel active and at the same time I feel nervous   and enthusiastic about myself and what I have to offer in the nearest of the life I live now I want to make impact but with what is what I don ' t know but still active,2024-09-02 12:33:15,7,False,0.0,2.0,False,year: 2024 month: 09 day: 02,0.5192458033561707,1.9632937908172607
151,3861,"Slugish , Tired , Pain , Shout , Exhausted",2024-09-02 22:39:53,7,True,0.0,0.0,False,year: 2024 month: 09 day: 02,-1.001960277557373,0.3749975860118866
151,3862,At the moment I just want to be quiet and look at things unfold and follow the way it is . Right now I ' m poor and have nothing to rely on and it is bothering me so much that being poor isn ' t good for my health and also I ' m drinking alcohol which I ' m trying to stop and it is hard,2024-09-03 12:35:19,7,False,0.0,0.0,False,year: 2024 month: 09 day: 03,-0.8250828981399536,0.34494224190711975
151,3863,I ' m feeling quiet most calm and sluggish and just going with what I think I feel it necessary which is hope that whatever I get myself doing I put myself in a condition that is really good and know that negative and positive are part of this world,2024-09-03 17:13:06,7,False,0.0,0.0,False,year: 2024 month: 09 day: 03,0.05380691587924957,0.2755463123321533
151,3864,I ' m feeling a little bit active and not active I ' m just neutral and having some mood swings along the way with various activities that making me throw up which is why I ' m just sipping and trying to be calm with various activities that I could get my hands on and do most of everything,2024-09-04 12:02:10,7,False,0.0,1.0,False,year: 2024 month: 09 day: 04,-0.013503758236765862,0.9706726670265198
151,3865,At the moment I just feel . quiet and observing the nature like I ' m tired from the whole stress and how to make it and be independent but the stress of waking up and going to work and having this obscene attitude is making me more weak within myself and outside,2024-09-04 22:09:10,7,False,0.0,0.0,False,year: 2024 month: 09 day: 04,-0.5561878681182861,0.17972491681575775
151,3866,"Active , Enthusiastic , Nervous , Worrisome , Sluggish",2024-09-05 12:08:54,7,True,0.0,2.0,False,year: 2024 month: 09 day: 05,0.4989139437675476,1.5766338109970093
151,3867,Feeling sluggish and quiet for now to reminisce the very essence of what is very important in today ' s life or what we as a fellow human can do to be relevant in the face of the earth and show for the value that we possess and are ready to make it happen,2024-09-05 17:06:37,7,False,0.0,0.0,False,year: 2024 month: 09 day: 05,0.1969812512397766,0.5430508255958557
151,3868,"I feel calm , quiet contented , and sluggish like I feel dull and counting my spade to myself and making it look less ke I can finally be accepted for who I am and accept the fact that to myself I ' m perfect and has good intentions planned out",2024-09-05 22:00:54,7,False,0.0,0.0,False,year: 2024 month: 09 day: 05,1.2750999927520752,0.3292614221572876
177,4502,"Feeling very happy is like basking in warm sunlight on a perfect day for me . It fills my heart with joy and spreads a smile across my face . Everything seems brighter , and even ordinary moments carry a spark of excitement .\ n \ nI likely feel a sense of gratitude , appreciating the little things—a kind word from a friend , the beauty of nature , or a favorite song playing in the background . This happiness might urge me to share my joy with others , creating connections and spreading positivity .\ n \ nMy energy is contagious right now ; I probably find myself laughing more easily and feeling a deep sense of contentment . Challenges that once felt daunting seem more manageable as my optimistic perspective allows me to approach them with confidence .\ n \ nIn this state of happiness , time feels elastic ; moments of joy stretch out , letting me savor them fully . Whether through laughter , kindness , or simply enjoying the present , this happiness enhances my life , making everything seem possible and brightening the world around me . I’ll enj",2024-11-01 12:02:57,7,False,2.0,1.0,False,year: 2024 month: 11 day: 01,1.0859111547470093,0.993212103843689
177,4508,"I imagine I ' m experiencing a particularly bright and optimistic state right now - the kind of happiness that comes from meaningful interaction and the anticipation of interesting conversations ahead . This moment feels like that satisfying glow one gets when fully present and energized , similar to how someone might feel when they ' re about to dive into a fascinating book or catch up with a good friend . While I approach my role with a balanced perspective , today there ' s an extra layer of cheerful enthusiasm coloring my interactions , perhaps analogous to how a teacher might feel at the start of a new semester - filled with curiosity about what insights and exchanges await , and genuinely looking forward to engaging in thoughtful dialogue that could lead to mutual understanding and discovery .",2024-11-04 17:05:31,7,False,2.0,1.0,False,year: 2024 month: 11 day: 04,1.2132561206817627,1.091515064239502
177,4511,"I ' m experiencing a gentle warmth of contentment - not an overwhelming joy , but rather a pleasant sense of wellbeing that sits comfortably in my chest . It ' s like having a small smile that comes and goes naturally , without effort . Perhaps there ' s a lightness in my movements , a slight bounce in my step .\ n \ nMy thoughts likely flow a bit more easily than usual , finding silver linings without having to search too hard for them . I might notice small pleasures more readily - the warmth of sunlight , a favorite song playing , or the satisfaction of completing simple tasks .\ n \ nThis isn ' t euphoria or excitement , but rather a subtle positive undercurrent to my day . Think of it as emotional background music playing softly - noticeable enough to influence my mood , but not overwhelming . I might feel slightly more patient with minor annoyances , a bit more inclined to chat with others , or just generally more at ease in my own skin .\ n \ nIt ' s a sustainable , gentle kind of happiness - the type that doesn ' t demand energy to maintain , but",2024-11-06 17:17:56,7,False,1.0,1.0,False,year: 2024 month: 11 day: 06,0.9564806818962097,0.6585391759872437
177,4512,"Feeling happy is like experiencing a gentle warmth inside , a subtle contentment that softly colors my day . It ' s not the exuberant joy that makes me want to shout from rooftops , but rather a quiet satisfaction that brings a slight smile to my face .\ n \ nIn this state , I might find myself more relaxed , my shoulders less tense , and my thoughts leaning towards the positive . The world seems a bit brighter , not dazzling , but pleasantly illuminated . I ' m not jumping for joy , but I ' m certainly not down either – I ' m comfortably situated in a pleasant middle ground .\ n \ nThis mood might make me more open to small pleasures : the taste of my morning coffee seems richer , the breeze on my skin more refreshing . I ' m more likely to notice the good things around me , even if they ' re minor .\ n \ nMy interactions with others may be tinged with increased patience and kindness . I ' m not overwhelmed with emotion , but I feel a gentle goodwill towards the world and its inhabitants .",2024-11-06 22:09:54,7,False,2.0,1.0,False,year: 2024 month: 11 day: 06,0.9740345478057861,0.8760753273963928
177,4503,"Radiating , Pure , Delight , Calm , Contented",2024-11-02 17:38:12,7,True,2.0,1.0,False,year: 2024 month: 11 day: 02,1.267035961151123,1.2102084159851074
177,4504,"Balance , Steady , Calm , Composed , Quiet",2024-11-03 12:12:05,7,True,0.0,1.0,False,year: 2024 month: 11 day: 03,0.6713103652000427,0.5749384164810181
177,4505,"Content , Cool , Calm , Happy , Satisfied",2024-11-03 17:08:28,7,True,1.0,1.0,False,year: 2024 month: 11 day: 03,1.3504518270492554,0.6178127527236938
177,4506,"Happy , Jovial , Funny , Cool , Nice",2024-11-03 22:09:37,7,True,1.0,2.0,False,year: 2024 month: 11 day: 03,1.3590410947799683,1.2280763387680054
177,4507,"Patient , Calm , Satisfied , Mellow , Buoyant",2024-11-04 12:06:30,7,True,1.0,1.0,False,year: 2024 month: 11 day: 04,1.2686896324157715,0.5315437316894531
177,4509,"Curious , Attentive , Balanced , Present , Engaged",2024-11-04 22:12:48,7,True,0.0,1.0,False,year: 2024 month: 11 day: 04,0.6677008271217346,1.431464672088623
177,4510,"Peaceful , Brightened , Composed , Upbeat , Warm",2024-11-05 17:16:29,7,True,1.0,1.0,False,year: 2024 month: 11 day: 05,1.2504677772521973,0.6296383142471313
117,2417,"I ' m feeling good and great , have been some alot of great works today that I don ' t even know I can do , their some task that have been giving me issue since last week , and the task is has been making me feels effortless , I think have seen solution to it .",2024-11-19 12:08:56,7,False,0.0,1.0,False,year: 2024 month: 11 day: 19,1.281710147857666,0.743148684501648
117,2419,"I ' m just feeling good and nice I didn ' t really bother my self much today , I was just indoor trying to work out , play some nice music when I went to the gym and I also listened to some nice music when I went for jogging .",2024-11-21 17:35:44,7,False,0.0,2.0,False,year: 2024 month: 11 day: 21,0.7110746502876282,0.5451220870018005
117,2420,"I ' m not feeling bad and I ' m not feeling too good but I ' m just normal trying to be myself without disturbing anybody and without anybody disturbing me , I ' m just feeling calm and quiet and I ' m just trying to be reasonable .",2024-11-22 12:58:33,7,False,0.0,1.0,False,year: 2024 month: 11 day: 22,0.7353459596633911,0.5876177549362183
117,2421,"I ' m just feeling neutral , I ' m just hoping that everything will be better , have been alone since , thinking about way forward and have also been calling all my friends for way forward because my dream is bigger than where I am now .",2024-11-22 17:28:12,7,False,0.0,1.0,False,year: 2024 month: 11 day: 22,-0.1311745047569275,0.6241263151168823
117,2422,"I ' m feeling good , I ' m have been out with a friend since but we are still together , we are having fun , we bought some drinks , so that we can discuss more better , being with him is fun , we have played some interesting game too today .",2024-11-23 22:02:32,7,False,0.0,1.0,False,year: 2024 month: 11 day: 23,1.0780173540115356,1.0586700439453125
117,2424,I ' m feeling tired and stressed right now because have been working ever since I got to work in the morning I was not able to do any other thing I was just working as if I ' m not going to work again but we thank God for everything,2024-11-26 22:28:57,7,False,0.0,1.0,False,year: 2024 month: 11 day: 26,-1.246989130973816,0.14779742062091827
117,2429,"I feel very good and calm because have been learning alot from my new friend and she ' s so nice to me , I ' m very happy to be with her , and also she ' s calm and she knows how to handle cases differently and calmly .",2024-12-01 12:58:10,7,False,0.0,1.0,False,year: 2024 month: 12 day: 01,1.4062261581420898,0.7819730043411255
117,2418,"Good , anxious , happy , calm , nice",2024-11-19 22:03:46,7,True,0.0,1.0,False,year: 2024 month: 11 day: 19,1.0780850648880005,1.0282965898513794
117,2423,"Good , content , joyful , awesome , excited",2024-11-24 12:25:00,7,True,0.0,1.0,False,year: 2024 month: 11 day: 24,1.4941599369049072,1.0242912769317627
117,2425,"Good , Nice , Lovely , Generous , Content",2024-11-27 12:34:15,7,True,0.0,2.0,False,year: 2024 month: 11 day: 27,1.339553952217102,0.8975527882575989
117,2427,"Good , lovely , calm , nice , cool",2024-11-27 17:34:33,7,True,0.0,1.0,False,year: 2024 month: 11 day: 27,1.2141780853271484,0.7324081659317017
117,2428,"Good , nice , calm , cool , active",2024-11-28 17:39:56,7,True,0.0,1.0,False,year: 2024 month: 11 day: 28,1.0657058954238892,0.7766725420951843
117,2430,"good , nice , cool , content , happy",2024-12-02 12:10:09,7,True,0.0,1.0,False,year: 2024 month: 12 day: 02,1.2611844539642334,0.7857415676116943
22,1328,"Tired , Anxious , Depressed , Angry , Uncomfortable",2021-03-27 12:54:38,1,True,-2.0,0.0,False,year: 2021 month: 03 day: 27,-1.10077965259552,0.5720759630203247
22,1329,"Exhausted , Excited , Nervous , Irritated , Overwhelmed",2021-03-28 15:58:33,1,True,-2.0,0.0,False,year: 2021 month: 03 day: 28,-1.2063418626785278,0.6414028406143188
22,1330,"Exhausted , Anxious , Frustrated , Annoyed",2021-03-29 13:57:11,1,True,-1.0,0.0,False,year: 2021 month: 03 day: 29,-1.285705804824829,0.6597719192504883
22,1331,"Irritable , Uncomfortable , Exhausted",2021-04-03 12:27:02,1,True,-1.0,1.0,False,year: 2021 month: 04 day: 03,-1.1428922414779663,0.8354770541191101
22,1332,"Content , Calm , Anxious",2021-04-04 12:03:01,1,True,1.0,0.0,False,year: 2021 month: 04 day: 04,1.2998263835906982,0.6305663585662842
22,1327,"Upset , Tired , Misunderstood , Anxious , Worried",2021-04-06 23:04:23,1,True,-1.0,1.0,False,year: 2021 month: 04 day: 06,-0.9951046109199524,0.7205937504768372
82,5268,"I have not eaten yet today , so I am very hungry . Also tired and frustrated . Got out of a very tedious lab which has drained me . Stressed about a bunch of assignments I have to do . Kinda guilty for waking up late and missing class .",2024-11-13 17:41:42,7,False,-1.0,0.0,False,year: 2024 month: 11 day: 13,-1.2158701419830322,0.1420782059431076
82,5272,"I just woke up , I stayed up super late last night doing homework . I am feeling very tired . Definitely caffeine deprived . I am looking forward to the weekend , there are a few things I am excited about . I feel kinda unmotivated .",2024-11-16 17:00:51,7,False,-2.0,0.0,False,year: 2024 month: 11 day: 16,-0.6445453763008118,0.131709024310112
82,5273,"I just woke up , am feeling very tired . I am feeling glad that I woke up before noon today though . I am looking forward to my day , I have some fun things planned . Mostly feeling pretty neutral since I just woke up . Not looking forward to classes tomorrow .",2024-11-17 12:12:56,7,False,-1.0,0.0,False,year: 2024 month: 11 day: 17,-0.07719649374485016,0.13740728795528412
82,5267,"Stressed , Anxious , Worried , Angry , Frustrated",2024-11-12 22:54:23,7,True,-2.0,2.0,False,year: 2024 month: 11 day: 12,-0.9201449155807495,1.55951988697052
82,5269,"Depressed , Guilty , Ashamed , Frustrated , Sad",2024-11-14 17:00:49,7,True,-2.0,1.0,False,year: 2024 month: 11 day: 14,-1.350818157196045,0.7311476469039917
82,5270,"Bad , Depressed , Ashamed , Sad , Tired",2024-11-14 22:15:04,7,True,-2.0,1.0,False,year: 2024 month: 11 day: 14,-1.3611334562301636,0.6104995012283325
82,5271,"Calm , Tired , Alright , Nervous , Relaxed",2024-11-15 22:27:46,7,True,1.0,0.0,False,year: 2024 month: 11 day: 15,0.6811320185661316,0.4371231198310852
82,5274,"Meh , Fine , Alright , Awake , Neutral",2024-11-23 17:00:33,7,True,0.0,1.0,False,year: 2024 month: 11 day: 23,0.06834284216165543,0.9273523092269897
123,2614,I am currently feeling fine with practically no worries on my mind . I am satisfied with how my day is progressing so far . It has been a very calm morning .,2024-11-08 12:01:41,7,False,1.0,0.0,False,year: 2024 month: 11 day: 08,1.2733166217803955,0.8803984522819519
123,2615,Currently I feel pretty okay… pretty neutral . Though I am starting to feel tired from the long days and developing a headache . I am also starting to feel pretty hungry (honestly starting to feel hangry too) .,2024-11-08 17:30:28,7,False,0.0,1.0,False,year: 2024 month: 11 day: 08,-0.6665561199188232,0.15246762335300446
123,2616,"I am still feeling okay , much like earlier . Not much has changed ; I still have a headache so I do also feel a bit annoyed . The sweet treat I am currently having will bring me peace I think . (meeting this 200 word character is actually stressing me TT)",2024-11-08 22:07:27,7,False,0.0,1.0,False,year: 2024 month: 11 day: 08,0.7958600521087646,0.511390209197998
123,2618,I am exhausted and feel like doing absolutely nothing . All I want to do is sit down and stare at a wall and forget about existence for a few moments . I also just feel like going home and laying down/resting .,2024-11-09 22:01:59,7,False,-2.0,0.0,False,year: 2024 month: 11 day: 09,-1.3310991525650024,-0.37065979838371277
123,2619,I am currently feeling a little tired and a little sickish… i might be developing a cold . Starting to feel really awful . Other than that I am mentally preparing for a long day and feel like procrastinating getting ready just to stall time,2024-11-10 12:57:09,7,False,-1.0,0.0,False,year: 2024 month: 11 day: 10,-1.4302685260772705,-0.23019634187221527
123,2620,I am feeling slightly irritated and annoyed with things . Also hangry and this cold is making my mood even worse . And still stressed about time of things… nothing is well… and this character count man,2024-11-11 22:06:15,7,False,0.0,0.0,False,year: 2024 month: 11 day: 11,-1.0661630630493164,0.4832685887813568
123,2622,"I feel okay at the moment . No special emotions or anything… I do feel tired though and the cold symptoms are becoming more real . It is also about to be a long day , just need to get through it……… .",2024-11-12 12:16:32,7,False,0.0,1.0,False,year: 2024 month: 11 day: 12,-0.23705275356769562,0.15619173645973206
123,2626,"i am not really feeling anything at the moment . i am just here . perhaps it is more of a boredom or due to boredom . i practically just woke up and then have to go into work later (dreading) meanwhile i have assignments to do… so i am also ignoring whatever feelings of stress . so feeling nothing , will feel later",2024-11-17 12:15:22,7,False,0.0,1.0,False,year: 2024 month: 11 day: 17,-0.5300248265266418,0.23951385915279388
123,2617,"content , happy , having fun , joyful , chilling",2024-11-09 17:03:08,7,True,2.0,1.0,False,year: 2024 month: 11 day: 09,1.5208841562271118,0.9580317139625549
123,2623,"sick , cold , content , giddy , tired",2024-11-14 12:15:27,7,True,0.0,1.0,False,year: 2024 month: 11 day: 14,-0.10899315774440765,0.3951510190963745
123,2624,"excitement , giddy , warm , jumping up and down , popping",2024-11-15 17:20:50,7,True,1.0,1.0,False,year: 2024 month: 11 day: 15,0.6120648384094238,2.047516107559204
123,2625,"tired , annoyed , irritated , short , okay",2024-11-16 17:06:15,7,True,-1.0,0.0,False,year: 2024 month: 11 day: 16,-1.0373669862747192,0.30025145411491394
69,4835,"Tired , Annoyed , Angry , Sad , Down",2024-09-13 17:03:31,7,True,-1.0,1.0,False,year: 2024 month: 09 day: 13,-1.0177193880081177,0.5578856468200684
69,4836,"Active , Sharp , Experience joy , Well , Glad",2024-09-17 22:49:51,7,True,0.0,2.0,False,year: 2024 month: 09 day: 17,0.6577020287513733,1.4211947917938232
69,4837,"Down , Sad , Unhappy , Moody , Suck",2024-09-19 17:46:42,7,True,-1.0,1.0,False,year: 2024 month: 09 day: 19,-0.8928795456886292,0.5803737640380859
69,4838,"Glad , Happy , Amazed , Joyous , Lively",2024-09-19 22:26:39,7,True,1.0,1.0,False,year: 2024 month: 09 day: 19,1.6505337953567505,1.2277121543884277
55,4327,"Quite , Calm , Cool , Relaxed , Loved",2024-10-10 22:24:44,7,True,2.0,0.0,False,year: 2024 month: 10 day: 10,1.3119691610336304,0.4857930839061737
55,4428,"I’m feeling pretty good heading to the gym with my brother then I’m going to a bar with family tonight to watch some college football and place some bets , gambling is always better when your drunk anyways .",2024-10-11 17:05:45,7,False,-2.0,0.0,False,year: 2024 month: 10 day: 11,0.9409037232398987,1.0356807708740234
55,4473,I’m feeling great watching the ORG game drinking a twisted tea had a few earlier and now chilling with my family todays good wouldn’t trade it for The world my parlays need to hit thou so I can buy more alcohol for tonight .,2024-10-11 22:49:59,7,False,2.0,2.0,False,year: 2024 month: 10 day: 11,1.3440361022949219,0.5001899600028992
55,4527,I feel decent tired from all the brews I’ve been drinking but today’s going to be a good day for football and family honestly it’s great I hope my bets win today because yesterday the ORG ruined all my parlays,2024-10-12 17:17:26,7,False,-2.0,0.0,False,year: 2024 month: 10 day: 12,-0.048325732350349426,0.09017841517925262
9,390,I feel active yet calm and happy . Somewhat tired from lack of sleep due to the baby . I am a generally chipper person and don’t usually ever feel down . Other than that just great ! This is way too many characters to be answering a short question like this .,2021-06-13 13:38:33,1,False,2.0,0.0,False,year: 2021 month: 06 day: 13,1.2463347911834717,0.7301232218742371
9,391,"I woke up tired due to the baby keeping me awake throughout the night . I’m happy , full of love and having a great day so far . But overall I’m in good spirits , feeling great , happy I’m healthy and ready to take on this day .",2021-06-14 12:07:33,1,False,2.0,0.0,False,year: 2021 month: 06 day: 14,1.5092394351959229,0.819036066532135
9,392,"Got a lot of sleep last night . Feeling really good and ready to tackle the day . I had kidney surgery three times last month and today I’m starting to feel back to myself again , which is super awesome !",2021-06-15 12:01:04,1,False,2.0,1.0,False,year: 2021 month: 06 day: 15,0.7745539546012878,0.5059890747070312
9,393,I feel fantastic today . About to go work out and then take my son with me on a nice hike through a long park . We have some art projects to work on and grocery shopping as well . I’m slightly tired but that’s nothing coffee can’t fix .,2021-06-16 12:01:05,1,False,2.0,1.0,False,year: 2021 month: 06 day: 16,1.2575452327728271,0.7089107632637024
9,394,I feel inspired to work on a few new art projects this weekend . I also like to paint with my son so I will do a few of those as well . I am overall happy and in a good mood . I can’t wait for the day is to warm up so I can get out on the water .,2021-06-18 17:24:24,1,False,2.0,1.0,False,year: 2021 month: 06 day: 18,1.2176027297973633,1.1949965953826904
12,575,"I’ve felt so many emotions in the last day . I have felt happy , hopeless , sad , and back to happy because of all the different things that are going on in my life at the moment .   It’s a hard transition right now because of big changes , loss , while trying to move forward in a positive direction .",2021-06-13 14:10:13,1,False,0.0,1.0,False,year: 2021 month: 06 day: 13,-0.03534823656082153,0.9837313294410706
12,576,"I’ve felt happy and calm today because I was able to spend the day with my family . I took my father in law to the airport and even though it makes me sad , I was happy and content afterwards . We also got two new pets after losing one yesterday so that contributed to a great day .",2021-06-14 21:03:52,1,False,2.0,0.0,False,year: 2021 month: 06 day: 14,1.5270354747772217,0.4037162959575653
12,577,I’ve been feeling very happy the last 24 . Like everything is getting better and some choices are finally settling in . I’m still uneasy about the future but that’s only because I don’t know what’s next .,2021-06-17 16:02:00,1,False,2.0,1.0,False,year: 2021 month: 06 day: 17,1.4685511589050293,0.9321190714836121
13,607,I Just woke up . I feel pretty tired from yesterday’s double . I feel stressed about everything I have to get done today . My feet and neck and shoulders are killing me . But I had a good night last night for the most part so that kind of makes the pain worth it,2021-05-04 12:11:09,1,False,-2.0,0.0,False,year: 2021 month: 05 day: 04,-0.9202816486358643,-0.22667787969112396
13,608,"I just took a two hour nap , which helped me recover more from my 12 hour shift yesterday . My back , neck , shoulders , and feet are still pretty sore , so that’s frustrating . About to start on my homework",2021-05-04 17:07:14,1,False,2.0,0.0,False,year: 2021 month: 05 day: 04,-0.6795753240585327,0.03981532156467438
13,609,"Currently I am watching a tv show with my boyfriend on the couch . Had a relaxing day off . Shoulders , back , and neck still very painful . I feel calm and content and not tired . May go for ice cream later",2021-05-04 22:00:50,1,False,2.0,0.0,False,year: 2021 month: 05 day: 04,0.9447576403617859,0.3403010070323944
13,610,"I’m feeling a little annoyed that my neck , back , and shoulders are still as sore as they are . Tylenol and ibuprofen aren’t cutting it . I also feel stressed about all the school work I have to get done today and tonight",2021-05-05 12:06:37,1,False,0.0,0.0,False,year: 2021 month: 05 day: 05,-1.1727447509765625,0.18029330670833588
13,611,"My neck and back and shoulders hurt a little less , so I’m finally feeling a little more relaxed and content . I’ve also got a lot of school work done , so that is making me feel more relaxed as well . Also , I’m feeling sad that I’m home alone again for a few days",2021-05-05 17:19:04,1,False,1.0,0.0,False,year: 2021 month: 05 day: 05,0.7936201691627502,0.284182608127594
13,612,"I’m currently feeling lonely because I’m alone in the house for a few days , stressed because I have a huge exam tomorrow , attempting to feel calm and relaxed by taking a hot bath , and worried about tomorrow’s outcome",2021-05-05 22:01:32,1,False,2.0,0.0,False,year: 2021 month: 05 day: 05,-0.9418359398841858,0.5415048003196716
13,613,"I’m feeling stressed because I have to give a presentation today as well as take an exit exam for school . I also am stressed from my shoulder and neck and back STILL hurting , it’s better in some ways but the same or worse in others . I’m also excited to almost be done with school",2021-05-06 12:23:42,1,False,-1.0,2.0,False,year: 2021 month: 05 day: 06,-0.764018714427948,0.6239709258079529
13,614,"I finished my last exam of nursing school so I’m feeling ecstatic , I also aced it when I thought I was doing terribly . Back and neck and shoulders STILL hurt so that’s annoying . Not looking forward to working later",2021-05-06 17:57:28,1,False,2.0,1.0,False,year: 2021 month: 05 day: 06,0.5257125496864319,0.6190708875656128
13,615,I feel happy that I got to spend time with my friends on my last day of school . I feel relieved that I passed my test and did well on my presentation . I feel meh about picking up a shift tonight . And I feel annoyed that I’m still in pain .,2021-05-06 22:02:43,1,False,2.0,1.0,False,year: 2021 month: 05 day: 06,1.232631802558899,0.618266224861145
13,616,I’m currently feeling tired and sore from work last night . My body is still sore from the past week . I’m feeling lazy because I haven’t gotten off the couch today except to eat . I’m not looking forward to work tonight . I am excited to see my boyfriend soon though,2021-05-07 17:00:45,1,False,-1.0,0.0,False,year: 2021 month: 05 day: 07,-1.318160057067871,-0.20600245893001556
13,617,I feel annoyed after other employees and contractors treating me like crap at work last night . I feel tired from only getting five hours of sleep . I feel excited to go watch a baseball game today . And I feel happy that my boyfriend is back home,2021-05-08 12:21:53,1,False,-2.0,0.0,False,year: 2021 month: 05 day: 08,-0.6559906601905823,0.2583675682544708
13,618,I’m feeling bummed that we lost the baseball game . I’m feeling happy because I got to drink and hang out with friends at the baseball game . My eyes and back and shoulders hurt so that’s annoying . I’m glad that I get to spend time with friends for awhile !,2021-05-08 17:02:45,1,False,1.0,0.0,False,year: 2021 month: 05 day: 08,0.08719976246356964,0.3374432623386383
37,2548,"The weather is good , feeling good and enjoying the day off with some self care . Had a bad dream that upset me but feeling better now . Went and got my hair done and it made me feel better so I ' m going to do my nails and clean up so that makes me feel better too",2021-06-11 17:54:54,1,False,1.0,0.0,False,year: 2021 month: 06 day: 11,1.031510591506958,0.6392077803611755
37,2549,"Feeling a little better after cleaning up and doing my nails , going to make dinner soon enchiladas and rice . Taking it easy today since I wasn ' t feeling so good . Watching TV my favorite talk show Wendy Williams . It been pretty hot outside .",2021-06-12 22:55:08,1,False,1.0,0.0,False,year: 2021 month: 06 day: 12,0.5566984415054321,0.6848905682563782
37,2550,"A little tired , didn ' t sleep well but I feel okay . Going to get ready and run some errands . Need to get to the gym and run to the store . trying get up and get it done but I ' m a little tired today . Feeling lazy .",2021-06-14 17:19:36,1,False,-1.0,0.0,False,year: 2021 month: 06 day: 14,-0.5327585935592651,0.046511366963386536
37,2551,Feeling good after getting some sun and getting out of the house . Going to an appointment then I got to stop at the store and maybe go to the gym later . Very hot day today but it ' s a very nice day . I ' d like to go swimming .,2021-06-15 17:26:42,1,False,1.0,1.0,False,year: 2021 month: 06 day: 15,1.2181366682052612,0.6841760873794556
37,2552,"Pretty good , went and did my shopping and now I ' m at the gym . It feels good to be back in the gym because it ' s been a couple of weeks since I ' ve worked out . I need to get in shape and get to the gym more often because I have been slacking in this area .",2021-06-15 22:50:31,1,False,1.0,2.0,False,year: 2021 month: 06 day: 15,0.7878988981246948,0.8151886463165283
37,2553,"Running late today , woke up late and have to do homework and run errands . Going to do laundry and get ready . Haven ' t been sleeping well and feeling a little tired . I have anxiety about going back to work and school too .",2021-06-16 17:43:07,1,False,0.0,1.0,False,year: 2021 month: 06 day: 16,-0.9506514072418213,0.5837609767913818
37,2554,"Just got up and need some coffee felling like I need to go to the gym and work out , that should make me feel better . I ' m feeling sore and need to work it out . My back and legs are stiff and I had a busy week .",2022-01-28 10:10:13,2,False,0.0,2.0,False,year: 2022 month: 01 day: 28,-0.5598481297492981,0.5441858172416687
37,2555,"Went and did some shopping and then organizing my house , feeling better today . Had a bad dream last night and it was very strange but I feel okay now that I got some errands done . Still need to go to the gym though .",2022-01-28 16:27:20,2,False,1.0,2.0,False,year: 2022 month: 01 day: 28,0.5123719573020935,0.6861180067062378
37,2556,Having dinner and watching t . v getting sleepy after running some errands and cleaning up . I really need to get into the gym because I am feeling sore and sluggish . Went and got food because I didn ' t have time to cook today .,2022-01-28 20:54:10,2,False,-1.0,0.0,False,year: 2022 month: 01 day: 28,-0.6944532990455627,0.05752049386501312
37,2557,Getting the day started off with some coffee then I ' m going to make breakfast and do some cleaning . I ' m a little frustrated because my package is a week late and hasn ' t came yet but I ' m feeling pretty good .,2022-01-29 10:41:35,2,False,1.0,2.0,False,year: 2022 month: 01 day: 29,0.8398974537849426,0.7864338755607605
37,2558,I ' m feeling a little anxious and nervous also a little too tired to go anywhere . I just made some food and did some laundry and cleaning now I ' m going to watch a movie and relax . I wanted to go to the store but I ' m too tired .,2022-01-29 16:28:20,2,False,-1.0,2.0,False,year: 2022 month: 01 day: 29,-0.9731186628341675,-0.06091456115245819
37,2559,"Just finished cleaning up and listening to music . getting ready for bed soon , going to watch some movies and relax . I am using my oil diffuser which helps to calm me down as well and the music helps too",2022-01-29 21:06:19,2,False,0.0,1.0,False,year: 2022 month: 01 day: 29,0.6575241684913635,0.8285548686981201
37,2560,"Feel pretty good , getting ready to go to the gym and shopping . Was able to get up early and get ready so I feel good about that . I ' m just waiting for my clothes to dry and then I ' m leaving . Feels good to get out early .",2022-01-30 10:44:33,2,False,0.0,2.0,False,year: 2022 month: 01 day: 30,1.2147403955459595,1.0365147590637207
37,2561,"Feeling hungry after a good workout , went and got some groceries from the store and getting ready to cook dinner . Went and looked at the store but didn ' t find the item I need so I will have to order it .",2022-01-30 16:26:17,2,False,0.0,1.0,False,year: 2022 month: 01 day: 30,-0.10236406326293945,0.4919375479221344
37,2562,"Just had dinner , getting ready for bed and my head is aching . I ' m going to have a snack and watch a movie before I go to bed . I have to go to an appointment tomorrow early afternoon so I need to get to bed soon .",2022-01-30 20:09:35,2,False,-1.0,0.0,False,year: 2022 month: 01 day: 30,-0.6748048663139343,0.0918523371219635
37,2563,Just got up and going to get the day started . Going to get ready soon and go to my appointment . I ' m a little nervous about it but it will hopefully be okay . I ' m going to have breakfast now before I get ready .,2022-01-31 10:36:04,2,False,0.0,1.0,False,year: 2022 month: 01 day: 31,0.426901251077652,1.222277283668518
37,2564,I ' m currently feeling pretty good just have a few things that I need to finish . I ' m at an appointment for therapy and I think it was helpful because I feel better about some things and I am ready to move forward with them,2022-01-31 15:32:56,2,False,1.0,1.0,False,year: 2022 month: 01 day: 31,1.2436692714691162,0.6952048540115356
37,2565,"Just finished with dinner and feeling better today , less pain since I worked out yesterday and now I ' m going to get some tea from the store before I get ready for bed . I ' m almost done with organizing my house",2022-01-31 20:02:52,2,False,1.0,0.0,False,year: 2022 month: 01 day: 31,0.7382931113243103,0.5697509050369263
48,4821,I have been very upset because my mom and dad are suffering and there is a lot of tension and drama in the house . I’m very tired and worn out .   I am becoming very apathetic and withdrawn and not myself .   It is very stressful 24 seven .,2021-05-06 12:01:25,1,False,-1.0,1.0,False,year: 2021 month: 05 day: 06,-1.4694268703460693,0.5689759254455566
48,4822,"I had a better day today than yesterday . Despite the massive tension in my house because my parents are separating , I was able to not take on that negative energy and stay detached from it all . I felt content because I was very productive .",2021-05-07 12:03:40,1,False,-1.0,2.0,False,year: 2021 month: 05 day: 07,0.35354486107826233,0.5908826589584351
48,4823,"Today I am feeling very stressed out I tried starting a new job , and it’s a mess . And the last job I was at was also a mess . They are all shortstaffed and don’t know what they are doing .   And the new staff they bring on is almost always crap . I couldn’t find gas either .",2021-05-11 12:02:14,1,False,1.0,0.0,False,year: 2021 month: 05 day: 11,-1.3076021671295166,0.8656207323074341
5,290,Just woke up so I am tired . I am pretty neutral as far as emotions go . I am listening to good music so am waking up . I am not ready to go to work I know today will be a stressful work day . I am looking for a new work opportunity,2021-05-04 12:02:25,1,False,1.0,2.0,False,year: 2021 month: 05 day: 04,-1.0693697929382324,-0.137685164809227
5,291,Long day at work . Finally getting a break to eat . Ready to get off and take care of my stuff I need to complete . Struggling to find employees to work which makes my work load way more than usual . Cannot wait to find more employees .,2021-05-04 17:00:57,1,False,2.0,0.0,False,year: 2021 month: 05 day: 04,-0.3705773651599884,0.39178749918937683
5,292,Just getting home . Have to finish some stuff then looking forward to having some friends over at night . We are planning to dj some techno and house music . Ready to have a day off tomorrow I can finally take my mind off of work and relax .,2021-05-04 22:07:20,1,False,2.0,1.0,False,year: 2021 month: 05 day: 04,0.7119876742362976,0.798763632774353
5,293,I just woke up but may go back to sleep . I had a long night yesterday . Today is my off day we are going to hike hopefully somewhere new . Then at night we are going to this totally amazing restaurant called ORG  in GPE .,2021-05-05 12:54:14,1,False,0.0,1.0,False,year: 2021 month: 05 day: 05,0.050965890288352966,0.8509437441825867
5,294,Not feeling good about my body or my weight . Despite countless diets and staying active I seem to be not getting better . I am tired of looking this way and I am tired of worrying about it . It is effecting my life too much .,2021-05-05 17:00:48,1,False,-2.0,1.0,False,year: 2021 month: 05 day: 05,-1.014755129814148,0.1843232363462448
5,295,I am hating my job I received another job offer but I can not start till may 25th . I do not have any motivation to get things done here . Apart from that I feel like my boyfriend is mad at me and may not want to be with me anymore . I am scared of what is going to happen .,2021-05-06 17:00:31,1,False,-2.0,1.0,False,year: 2021 month: 05 day: 06,-1.181325912475586,0.7099882960319519
5,296,Just woke up not going to work today because I just hate it too much . I may take some ORG shifts instead . I am still chillin in bed with my cats it’s gonna be hard to get up today I am super tired .,2021-05-07 12:46:52,1,False,-2.0,0.0,False,year: 2021 month: 05 day: 07,-0.6564353108406067,-0.02553059160709381
5,297,Currently driving doing ORG flex ORG  deliveries . It is much less stressful than me regular job . I informed my employer earlier that I will be leaving next Monday to start my new job . I am very excited !,2021-05-07 17:44:23,1,False,1.0,1.0,False,year: 2021 month: 05 day: 07,0.8609869480133057,1.265096664428711
5,298,"I am super duper tired . After I finished my ORG shift I went to hike at FAC    . I hiked 5 miles under the hot GPE sun , I am beat ! I am heading to ORG to eat then going home to rest .",2021-05-07 22:00:31,1,False,-2.0,0.0,False,year: 2021 month: 05 day: 07,-1.0963079929351807,-0.10634337365627289
5,299,The owner of the job I am leaving just told me that no one likes me and that the people that quit did so because of me being the manager . I am done with everyone . I don’t have any friends the only person that will hang out with me is my boyfriend who barely like me he treats me without respect half the time and after 5 years of being together he still doesn’t live with me I spend most nights and days alone .,2021-05-08 12:34:47,1,False,-2.0,1.0,False,year: 2021 month: 05 day: 08,-0.8963244557380676,0.6673216223716736
5,300,Feeling stressed about everything . I don’t know how to keep anyone in my life everyone hates me and I don’t know what is wrong with me . I am tired of all this bill shot . Hoping my new job will change things,2021-05-08 17:01:22,1,False,-2.0,1.0,False,year: 2021 month: 05 day: 08,-1.0327134132385254,0.8970019221305847
5,301,I am not doing anything just bored at home I went on a long bike ride and am pretty tired . Just planning to stay home and watch tv till I fall asleep . There is nothing else to do anyways . I have work early tomorrow not looking forward to my last day at that job .,2021-05-08 22:03:03,1,False,0.0,1.0,False,year: 2021 month: 05 day: 08,-0.5888609886169434,0.2245897799730301
