user_id,text_id,text,timestamp,collection_phase,is_words,valence,arousal,is_seen_user,valence_preds,arousal_preds
3,256,I ' m on my first day off of three and feeling pretty good . Just been lazy today and trying to clean the house here and there . I enjoy being home and spending time with my daughters ............\ nThey are both sleeping now so I ' m gonna watch some ORG haha \ n,2021-06-14 20:17:40,1,False,1.0,1.0,True,0.9806557893753052,0.38012874126434326
3,257,I have been feeling pretty good . Enjoying my last day off apparently . I got called in tomorrow to work a private party of 40 golfers . So that should be some pretty decent money I think . I also have a doctor ' s appointment in the am so that should be fun .,2021-06-15 19:12:56,1,False,1.0,1.0,True,0.9037584662437439,1.0328513383865356
3,258,"Feeling good today , just got back from a Dr ' s appointment .   Grabbed some burger king on the way home for me and my oldest daughter . It was surprisingly good for a change . Bartending a private party later tonight",2021-06-16 14:36:11,1,False,1.0,0.0,True,1.5484977960586548,0.6388262510299683
3,249,Last night I bartended a private party of 45 golfers . They were alot of fun and I made some decent money . I ' ve been feeling pretty good regardless of this cold that won ' t seem to go \naway . But I work tonight and it should be busy so I ' m excited,2021-06-17 14:43:36,1,False,1.0,1.0,True,1.4166083335876465,1.2337372303009033
3,250,I ' ve been feeling pretty good except for the fact that I can ' t get enough sleep it seems . Im so tired when I wake up that I almost need a nap instantly .   I have work tonight again so maybe I can get a nap in before,2021-06-18 12:35:39,1,False,1.0,1.0,True,0.1052989661693573,0.24403584003448486
7,349,Last night I felt pretty high on life aftera good shift at work . I had a couple of light drinks after work . Today I have been really dragging and trying to find motivation and alertness . 200 character rule is silly .,2021-03-13 16:07:30,1,False,-1.0,0.0,True,-0.20384834706783295,0.9748894572257996
7,350,I have been feeling generally extremely tired . I got a full night of sleep and did not have any drinks . Heading into work for a night shift now and still can ' t snap out of the foggy feeling . Why do you require 200 characters .,2021-03-14 17:46:14,1,False,-2.0,0.0,True,-1.2529226541519165,0.32880544662475586
10,411,"Happy , Content , Relaxed , Calm , Tired",2021-06-12 12:10:12,1,True,2.0,0.0,True,1.4885748624801636,0.6144740581512451
10,412,"Quiet , Calm , Content , Happy , Tired",2021-06-12 22:00:42,1,True,2.0,0.0,True,1.0091261863708496,0.38275274634361267
10,413,"Tired , Content , Happy , Calm , Relaxed",2021-06-13 12:05:52,1,True,2.0,0.0,True,0.512116014957428,0.5268310308456421
17,1090,"I am just getting up . I feel okay , a little tired/sluggish yet . I am fixing to start my schoolwork . And I have class today for about 5 hours . Lab for bio and chemistry . Hopefully I’ll continue to feel ok through the day .",2022-09-07 10:01:21,4,False,-1.0,0.0,True,1.0065070390701294,0.245703786611557
17,1091,"I am good/okay today . I just got out of class , and have another class to go to . I enjoy school , as long as i understand it . I’m hungry , hopefully i don’t start to feel sick because I’m hungry . I am still stressed about money . But it will work it w , somehow .",2022-09-07 15:18:55,4,False,2.0,0.0,True,1.2305232286453247,0.3918873071670532
17,1092,"I am hurting a little this evening . I don’t feel the best . I am still stressed about money . But I did get my rent and one of three things paid . So I have two left . It will work out somehow . Other than that , I am okay .",2022-09-07 20:37:50,4,False,2.0,0.0,True,-1.016682505607605,0.4809463918209076
17,1093,"I am okay , king of tired today . I had to get up early for a dentist appt , I have some broken teeth that need to be fixed . I finally got into a dentist with a sliding pay scale . Yay me . Still stressed about money . I got three things to pay , before the twentieth . It will work out somehow .",2022-09-08 10:06:38,4,False,2.0,0.0,True,0.3482329249382019,0.4353279769420624
17,1094,"I am very happy at the moment . I wanted a job at a particular restaurant , and they called me today for an interview . Yaaay . I hope it goes well . I can at least get my foot in the door . I’m so excited . She said everyone that I know there , that I’ve worked with before , gave me very high recommendations .",2022-09-08 15:06:05,4,False,2.0,1.0,True,1.641969084739685,0.8223466277122498
17,1095,"I am at work . I feel bad tonight . I have a headache . It has been such a good day until the headache . I got the new job , hired me on the spot due to others   recommendations of me . Made me feel good !! I hope I like it there , kind of nervous .",2022-09-08 20:13:35,4,False,1.0,0.0,True,0.44642284512519836,0.7701426148414612
17,1096,"I am okay today . I do not feel the best , but I feel okay . I am a little tired , but I am excited to start my new job ! I just got hired , on the spot , yesterday . That made me feel really good . I am content . I am worried about money still . I hope I am not making a mistake .",2022-09-09 10:01:15,4,False,0.0,1.0,True,1.3960403203964233,0.6359809041023254
17,1097,"I am pretty good today . My stomach has not felt the best , besides that and being stressed about money , I am pretty good . I am on my way to work now . But I will be leaving there and starting my new job soon .",2022-09-09 15:08:03,4,False,2.0,0.0,True,1.097013235092163,0.7939195036888123
17,1098,"I am at work . It is a little busy , but not like usual . I have one of the worst sections again ! I will not make what others makes and I am sick of it ! I am so glad I am leaving this place !!! I will be glad when two weeks are up .",2022-09-09 20:05:49,4,False,1.0,0.0,True,-0.4985864758491516,0.743945300579071
17,1062,"I am at work . We will see how today goes . The last few shifts I have not really made anything . That is why I am leaving this place . I am stressed about money , and not making anything . I have stuff to pay and I’m getting worried that I will not be able to do it .",2022-09-10 10:21:34,4,False,2.0,0.0,True,-0.3750193119049072,1.3014942407608032
17,1063,"I feel good today . I am a little upset with work , again . I should have been able to pick where I was tonight , while others can , I guess I can not . I HATE the favoritism there . It is do not fair !! Anyway . I am still stressed out about money . I didn’t make any thing this morning except hourly , no tips at all . I am so mad !",2022-09-10 15:01:00,4,False,2.0,0.0,True,1.039652943611145,0.5263518691062927
17,1064,"I am ready to go home already . I’m tired . I hate working doubles , but I need the money so bad . I am stressed due to money . I have stuff to pay with not a lot coming in right now . That’s one of the reasons I’m switching jobs .",2022-09-10 20:03:17,4,False,1.0,0.0,True,-0.4870542883872986,0.6488185524940491
17,1065,"I am okay today . I am trying to do homework this morning as I start my new job today , just for training . I gave my two weeks at the other place , last day is the 24th of this month . That makes me happy ! That I do not have to deal with their Bull Shìt anymore . I am still stressed about money .",2022-09-11 11:04:12,4,False,1.0,1.0,True,1.09727144241333,0.5162083506584167
17,1066,I am on the way to my new job . I am going to get some if the training done . So I am happy about that . I am still stressed about money . I am broke . I hate being broke . I have bills I need to pay . I am afraid I will not have enough to pay everything . I hate that feeling .,2022-09-11 15:05:52,4,False,2.0,1.0,True,1.0418555736541748,0.7437119483947754
17,1067,"I am good . I am at my new job . It is a lot to learn ! A lot ! But I will get it . And I found out we have to wait for our tips , I do not like that at all . But maybe it will work out better that way . Who knows ?? Still stressed about money , but maybe that’ll be over soon too !!",2022-09-11 20:12:22,4,False,2.0,0.0,True,1.4137389659881592,0.2460266649723053
17,1068,"I feel pretty good today . I am a little hungry , but besides that I am god this morning . I am off today , but I do have a doctors appointment and then class for three hours . But no work !! I am starting to really stress about money . I did not make hardly anything at work last week , really the last ten weeks .",2022-09-12 10:29:47,4,False,1.0,1.0,True,1.0296863317489624,0.5415857434272766
17,1069,"I am okay . I feel okay . Pretty good actually today . I have gotten through my drs appointment and school for three hours , I have the evening off to work on school work . Study , whatever . But no work . I need to get as much as I can though tonight and tomorrow morning cause I’ll be busy the rest of the week with both jobs .",2022-09-12 15:39:14,4,False,2.0,0.0,True,1.4214669466018677,0.33758872747421265
17,1070,"I am starting to feel a little bad this evening . My legs are bothering me and I am super tired . I am ready to go to bed , but I have my grandson . I am still stressed about money . The 20th is getting closer and closer . I am getting worried .",2022-09-12 21:46:20,4,False,2.0,0.0,True,-1.5100611448287964,0.39365285634994507
17,1071,"I am doing school work and I have my grandson . He is two . So I am trying to Do it . I have to work this evening at my old job . Hopefully I make some money , because I sure need it to pay some bills . I do not know what to do about money right now . I am so stressed . I feel okay , just stressed .",2022-09-13 10:00:51,4,False,2.0,0.0,True,0.5037533044815063,0.8560618758201599
17,1072,"I am feeling okay . Not the greatest , but I’m okay . I am just getting to work . I need to eat , so I came   in early . I hate looking at food and being hungry !! I am stressed about money , hopefully I make some tonight . I sure need it .",2022-09-13 15:00:48,4,False,2.0,0.0,True,1.2207038402557373,0.3139156699180603
17,1073,"I am at work . I do not feel very good . I have one table left and I have finished everything , except that table . I wish they would go so I could go home !! I am so tired tonight . I am so stressed . I just want to go home .",2022-09-13 21:25:14,4,False,-1.0,1.0,True,-1.0582219362258911,0.6250731945037842
17,1074,"I had my first inspection today for my home , I was stressed about that because my boyfriend smokes in garage and we aren’t supposed to . But I think everything went okay . I am still stressed about money . My back is hurting today . I have class at 12 : 30 . I am trying to do schoolwork that I do not completely understand .",2022-09-14 10:49:33,4,False,1.0,0.0,True,-0.1650838851928711,1.0712883472442627
17,1115,"I do not feel well at all . I am hurting very badly . My legs and my back . It has been for   several days now . I go to the dr I’m the morning . Other than that I’m ok I guess . Money could be better , but hopefully it will be soon .",2023-03-09 21:02:46,5,False,-2.0,0.0,True,-1.47921884059906,0.2968335747718811
17,1116,"I am still hurting bad today . I am at a drs appointment at the moment . I have to with this evening . Not looking forward to that , but I do need the money . Not working for a month back in December really hurt me .",2023-03-10 10:07:24,5,False,-2.0,0.0,True,-1.1549803018569946,0.5408575534820557
17,1117,"I feel okay at the moment , but I’m fixing to into work . I’m hungry , I need to eat really quick . Hopefully tonight goes well , I am not able to do a lot cause of hurting so bad the last few days . Mentally I am ok I guess . I’m not too stressed at the moment .",2023-03-10 15:12:57,5,False,0.0,1.0,True,0.9320173859596252,0.5554298758506775
17,1118,I was having a good night until someone took the wrong copy of their receipt . I worked for them and had to pay because of tip outs . That completely sucks . I don’t even feel like going this Shìt tonight ! And I get screwed ? Fuck that . I hate this Shìt sometimes .,2023-03-10 20:11:05,5,False,-1.0,1.0,True,-0.6388254761695862,0.7820356488227844
17,1119,"I feel okay this morning , hurting some still . I am working on schoolwork . I have to work this afternoon at 3 : 30 . Hopefully I will make some money , because I sure need it . I am content this morning . I’m not too stressed .",2023-03-11 10:03:54,5,False,1.0,1.0,True,1.3335078954696655,0.010977275669574738
17,1120,"I feel okay I guess , my back is beginning to hurt pretty badly . My shift starts in 29 minutes , so I’m fixing to head to work . I am content , not super happy at the money cause of hurting , but I am good .",2023-03-11 15:01:14,5,False,0.0,1.0,True,1.287385106086731,0.2721448540687561
17,1121,"I am okay tonight , still hurting , but the night has gone by quickly because I’ve been pretty busy . I do not feel good , but I need the money so   bad . I am still at work , I’m the bathroom stall at the moment filing this out . I am content , not stressed , and calm right now .",2023-03-11 20:05:38,5,False,2.0,0.0,True,1.0655550956726074,0.11851147562265396
17,1122,"I am okay this morning . I am content , tested , not hurting too bad , and I have the day , and tomorrow off from work . Although , I do have schoolwork to do . My other half has to work , so I can concentrate on my school work today , for the most part anyway . I’m not stressed . I am working and making money .",2023-03-12 10:05:11,5,False,2.0,0.0,True,1.4532904624938965,0.49761778116226196
17,1123,"I am hurting bad again , so I am not feeling well . I need to take a test for school , but it’s is timed , 75 minutes . I don’t feel up to that right now .   But I’ll get it done . I’m very tired . But I am content . I am not happy happy , but I am okay . I am off from work , that is one thing . I can relax today , besides doing schoolwork .",2023-03-12 15:01:29,5,False,-2.0,0.0,True,-0.617283046245575,0.3426221013069153
17,1124,"I am still doing schoolwork , but I have gotten a lot done today I think . I am caught up on everything I need to do and I am a little ahead as of right now . I just took a test and made a 94 . I have a 4 . 0 gpa this semester , so I’d say I am doing well in that aspect . I am content . Not sad , not stressed . I got money coming tomorrow and Wednesday , so that’s good and I’m off tomorrow again . Happy days",2023-03-12 20:01:10,5,False,0.0,1.0,True,1.750000238418579,0.6117144227027893
17,1125,"I am okay this morning . I am hurting a little , but not too awful bad yet . I got my money from the school , my pell grant , so that’s good . I can post some bills and buy some new work shoes , as they are expensive . This makes me less stressed about money for sure .",2023-03-13 10:06:18,5,False,2.0,0.0,True,0.5348436832427979,0.5072989463806152
17,1126,"I am good . I spent the Afternoon with my daughter , did a little shopping . Got my granddaughters birthday presents and some new work shoes . I needed them , my feet were killing Me at the end of my shift . I am content . I am good . Not stressed . I have a little money , that helps a lot . Plus I’m off today . Yay .",2023-03-13 15:01:00,5,False,2.0,0.0,True,1.4443905353546143,0.15159747004508972
17,1127,"I am content and calm this evening . I have been off today and yesterday from work , so I am rested , until tomorrow anyway . I work a double tomorrow . Not looking forward to that at all . But I an ok right now",2023-03-13 20:09:24,5,False,2.0,0.0,True,1.6314963102340698,-0.09208232909440994
17,1128,I am okay . I just got to work so I do not have long to do this . I am okay though . I am in a pretty good mood I guess . Been up since early . I had to take my daughter to work . It’s going to be a good day .,2023-03-14 10:04:19,5,False,2.0,0.0,True,1.3576372861862183,0.808987557888031
17,1129,"I am okay . I am good . I am in a good mood today . I made a little cash this morning but I’m walking out the door to go to my other job for this evening . Still serving , just a different place .   Anyhow , they are both money . I am having a pet good day",2023-03-14 15:02:45,5,False,1.0,1.0,True,1.1560813188552856,0.8254784345626831
17,1130,"My feet hurt and I’m ready to go home . I spent 150 on non slip shoes that aren’ Are slipping every where . I am really upset about that . I am tired , but I am content . Other than that , I am good . I am ready to go home and go to bed .",2023-03-14 21:28:12,5,False,-2.0,0.0,True,-0.5970504879951477,0.1794550120830536
17,1131,"I am okay today , kind of hurting some . I just had three teeth fixed that have been broken for a while , so that is a good thing . I work later , not really looking forward to that , but like always I need the money . I am very happy about my teeth being fixed , as it hurt to eat before .",2023-03-15 10:51:53,5,False,1.0,0.0,True,0.946386992931366,0.8000196814537048
17,1132,"I took my shoes back , after cleaning then really well . They took them back . I figured I would try and it worked , thankfully . I am fixing to leave to go to work . I an okay , I am hurting a little today . Other than that I a good though . Can not wait to get home and see   my man tonight , I am missing him today . I am content , happy , and calm .",2023-03-15 15:05:11,5,False,2.0,0.0,True,1.301462173461914,0.23765847086906433
17,1133,"I am done at work , no more tables at the moment . But we have to stay and clean the floors , what fun for everyone ! I am ready to go home . I’m tired . I have to work all day tomorrow , and that is a lot on me . But I’ll be okay .",2023-03-15 20:12:55,5,False,1.0,0.0,True,-0.5155569911003113,0.20161369442939758
17,1134,"I am running late this morning . I am on the way to work , but later by about 25 minutes . I had school work to do and had to run somewhere before work . Other than that I am good . I’m content and not stressed this morning . Making okay money again so that helps a lot . I’m just tired a lot between that and school too .",2023-03-16 10:19:30,5,False,2.0,0.0,True,-0.24228894710540771,0.4752767086029053
17,1135,"I just got screwed out of $130 that I should   not babe have . That really makes me angry . I can’t drop crying and I’m so mad . I got the night off from work , which is cool . But I’m off tomorrow night as well , and I didn’t think about that . I could’ve worked this evening . I thought I was off next Saturday , but I was wrong . Great Shìt , huh ? lol",2023-03-16 15:22:38,5,False,-2.0,1.0,True,-1.0470658540725708,0.365830659866333
17,1136,"I am okay , now . I sure was bit earlier though . I was so upset . I do not have the money for someone to just charge me for an extra 135 . 00 . I just do not get it . Anyway , I paid most of it and a lot of other stuff today . At least I don’t have to worry with that .",2023-03-16 20:16:38,5,False,2.0,0.0,True,-0.1835758537054062,0.5017874836921692
17,1137,"I content and okay this morning . I feel okay , so that helps a lot . I have to work this evening , but that’s fine too . They gave me the night off last night and I got to keep my grandson . So I got to see him and spend some time with him . That makes me happy , as long as he’s good . lol",2023-03-17 10:03:34,5,False,2.0,0.0,True,1.7753487825393677,0.3156822919845581
17,1138,"I am doing fine today . I feel okay . Got most of my bills paid now . I just got to work for   the evening . I hate serving , but I love the money I can make , so I guess it evens out . lol . Anyway , I hope it will be a good night .",2023-03-17 15:23:20,5,False,2.0,0.0,True,1.4259958267211914,0.45015284419059753
17,1139,"I have had one shitty night . It was supposed to be a good night !!! I hate life sometimes and I hate freaking people sometimes !! Sometimes I just feel like I don’t want to do this anymore . Not that I won’t , just feel like that . I’m very sad and angry . I’m calm , but angry .",2023-03-17 20:22:15,5,False,2.0,0.0,True,-0.9210761785507202,0.8501470685005188
17,1099,"I am off today . I feel okay today , so that is good . So far anyway . I have some school work to do , so that is what I am   working on now . Hopefully today will be a good day , especially after the night I had last night . It was a terrible night .",2023-03-18 10:09:09,5,False,0.0,1.0,True,0.8669428825378418,0.1660466492176056
17,1100,"I have waited my whole day . Sleeping on and off . I am just so tired . Exhausted is more like it . Other than that , I am good today . It’s my day off today . I am feeling good and I am okay . Have a great day whomever is ? this vv",2023-03-18 15:01:19,5,False,-2.0,0.0,True,-0.7881015539169312,0.07233291119337082
17,1101,"I have been so tired all day today . I have slept most of the day away . I haven’t gotten much school work done today and I needed to . I’ll have to get up early in morning and get done fine before work . Other than that I’m good . I’m not hurting too Bad today , so that is good .",2023-03-18 20:09:17,5,False,-2.0,0.0,True,-0.9604482054710388,0.006963819265365601
17,1102,"I am okay right now , but I do have to work tonight . I have a lot of schoolwork to do , I should’ve done more yesterday , now I’m going to get behind or have a lot to do over the next few days . To top it off I read the wrong chapter in one class , so now I have to do that again . On top of working tonight . Uggghh . I’m content , quiet , calm at the moment .",2023-03-19 10:50:16,5,False,0.0,0.0,True,0.7541372179985046,0.18786269426345825
17,1103,"I am tired and don’t feel very good . I wish I didn’t have to with this evening . But I have to leave in like 10 minutes to head that way . I need the money , so I’ll go . We have bills to pay . Just life I guess . I’m just tired .",2023-03-19 15:01:28,5,False,-2.0,0.0,True,-1.3572678565979004,0.23957467079162598
17,1104,"I am at work , trying to close down for the night . It was slow , but I still made 100 . Fortunately . One table even stiffed me tonight . That sucked . Other than that I’m okay , content and calm . I am fixing to go home , so that makes me happy . Yaaay",2023-03-19 20:40:18,5,False,2.0,0.0,True,0.4449211359024048,0.41940659284591675
17,1105,"I am okay , content , calm , quiet . I am home alone , doing school work . I have all day with the exception of a mandatory meeting at work at 4 today , other than that I can concentrate on my schoolwork and get a lot done today . I feel okay today , so far anyway . I’m not stressed , not yet anyway lol .",2023-03-20 10:03:55,5,False,0.0,0.0,True,1.5047012567520142,0.08932178467512131
17,1106,"I am okay . I’ve been working on schoolwork all morning . But I have to leave soon to go to a 4 : 00 mandatory meeting at work . They are rolling out a new menu . At least we get to eat . For free . So we can try everything new if we like . That will be good at least . My back is hurting a little , but I’m okay mainly .",2023-03-20 15:02:37,5,False,0.0,1.0,True,0.8073430061340332,0.5184701681137085
17,1107,"I do not feel good . My back and legs are hurting . I just fell asleep because I was waiting on them to stop while laying down . It sucks , bad . But I will be okay , when am I not ?? I’m very quiet today . Very claim . Just tired .",2023-03-20 20:52:35,5,False,-2.0,0.0,True,-1.7629108428955078,0.36269643902778625
17,1108,"I just got to work . I hate working here two mornings a week . I like my evening job much better . But this is cash and the other is every two week . Anyway I’m ok , hurting a Little . I’m content . I’m calm . I’m quiet . Ready to get this over with",2023-03-21 10:01:07,5,False,0.0,1.0,True,0.7155110239982605,0.31169912219047546
17,1109,"Hi to whoever is reading this . I can never think of anything so I just tell you how I am feeling . I am   okay . I feel okay . Hurting some , but mainly I’m okay . My bills are mainly paid , so I’m not stressing that at the moment . I don’t have a lot of money , but everything that needed to get paid is paid . That’s a good thing .",2023-03-21 15:00:59,5,False,1.0,1.0,True,1.7110666036605835,0.28484368324279785
17,1110,"Having a pretty good night so far . Started out hurting really bad , but that’s eased up some now . I do feel better , probably walked it off . I am ready to go home though . I’m tired . I am content , calm . A bit lively tonight . Have a great evening !!",2023-03-21 20:05:18,5,False,1.0,2.0,True,1.4049345254898071,0.24925976991653442
17,1111,"You need more choices in how we feel , like aggravated being one ! I am so aggravated with my school work at the moment . Other than that I am okay I guess . I feel okay . Just trying to figure out an assignment for school and I don’t know what to do for it at all .",2023-03-22 10:09:22,5,False,-1.0,1.0,True,0.29984965920448303,0.8306602239608765
17,1112,"I am getting ready to leave to go to work . They just put in the app that 2 could have the night off , I wanted to reply so bad , but I need the money on my check and need it period . I have bills coming up . I am okay right now . Had a pretty good day so far . I got to see my daughter for a little bit , that’s always a good thing . Have a good day !!",2023-03-22 15:01:46,5,False,0.0,1.0,True,1.5672433376312256,0.42487090826034546
17,1113,"I just got done eating . I was supposed to work but it was really slow so I went home . Trying to work on schoolwork . I am I little tired , but I guess I am okay other than that . I do wish I has more energy .",2023-03-22 20:06:56,5,False,0.0,1.0,True,-0.5160896182060242,0.15276122093200684
17,1114,"I am pretty good this morning . I just got to work and I was late . I fell back to sleep , I did not mean to . I would not have come if I did not need the money . I do not like this place . But I am only here 2 days a week . So I will deal right now . Hello by the way !",2023-03-23 10:26:09,5,False,2.0,0.0,True,1.3770416975021362,0.38482266664505005
17,1155,"I just woke up . I feel ok . I have to work today . I am content , not really happy because I   just opened my eyes . I have about gotten my bills all caught up , so I’m not stressed out . I work in a few hours . From 1 : 00 until I get cut tonight . Not looking forward to that .",2023-06-25 10:45:16,6,False,1.0,0.0,True,1.380799651145935,0.4843520224094391
17,1156,"I’m okay , pretty content/happy . I’m at   work , just happen to be on   break at the moment . I’m fixing to go back in though . I only had one table when I got there , then went on break . lol . What a waste of time ! That aggravated me ,   but it is what it is . I’m okay besides that , I feel okay today .",2023-06-25 15:00:53,6,False,1.0,1.0,True,1.6725996732711792,-0.04556416720151901
17,1157,"I feel bad right now . My stomach starting hurting really bad at work and I had to leave early . Thankfully they let me . They are good about that . I am content and calm , other than that . I’m not really stressed about money right now .",2023-06-25 20:06:59,6,False,0.0,1.0,True,-0.2901918888092041,0.3194468915462494
17,1158,"I am up and alive ! I’m content and calm . I have the day off today , so I’m running some errands . I feel okay right now , so that’s good . I can relax today , no work . I go back to work tomorrow evening . That’s ok though , because I like the people I work with .",2023-06-26 10:07:11,6,False,2.0,0.0,True,1.6552330255508423,0.1449863612651825
17,1159,"I am okay . I guess I feel okay , so that should mean I’m okay , right ? I’m not stressed about money . I am stressed about 2 of my grown children though . They have some health issues going on , and I can’t help but to worry about them . Other than that , I’m okay .",2023-06-26 15:15:31,6,False,-1.0,0.0,True,1.2795590162277222,0.4522632956504822
17,1160,"I do not feel the best tonight , I hate feeling bad . My legs hurt so bad . I absolutely HATE feeling like this . I guess I am stressed about my kids , their health , 2 of them anyway . I wish I was rich and could god what I could for them , but I barely scape by myself .",2023-06-26 20:04:15,6,False,-1.0,0.0,True,-1.4276458024978638,0.5725466012954712
17,1161,"I just had to pull my account Negative to post something my step daughter told me was paid already . So   I am stressed out about that . My stomach hurts . I don’t feel good right now . I am so sick of Shìt happening with my bills ! Last month we lost our Internet provider babies they said we were paying with faulty cards , that we didn’t own . We’ve only paid it with one card the whole time . It’s just ridiculous .",2023-06-27 10:04:34,6,False,-1.0,1.0,True,-0.6167542934417725,1.0150545835494995
17,1162,"I am very tired today . I did not sleep well last night . Not I’m on the way to work , tired as hell . My stomach is hurting , o tried to get out of work , no such luck . Maybe it will be a good night anyway .",2023-06-27 15:06:40,6,False,-1.0,0.0,True,-1.6720086336135864,0.231553852558136
17,1163,"I am at work . I feel okay , just really tired today . I did not sleep well last night . I’m worried about 2 out of 5 of my children , their health . That doesn’t help me sleep well . I feel okay other than that I guess . I am ready to go home .",2023-06-27 20:23:49,6,False,1.0,0.0,True,0.3228667974472046,0.2737971246242523
17,1164,"I am okay . I feel okay . Just tired . I have to work this evening , so I have the day off until 3 : 30 anyways . I get so tired of working , but you need money so what can you do ? But I get bored as hell not working too , so again , what can you do ?",2023-06-28 10:01:07,6,False,0.0,0.0,True,0.8312289118766785,0.05230703204870224
17,1165,"I am on the way to work . I am running late . Because I am hungry . My stomach is hurting because I’m so hungry , so I just had to get something . I am okay today , not feeling too bad I guess , and that always helps .",2023-06-28 15:21:53,6,False,1.0,0.0,True,0.47573620080947876,0.8011874556541443
17,1166,"I feel okay . I’m still at work . It’s been pretty slow , which definitely affects my money . I’m not hitting right now , so that’s a plus . I am ready to go home though . I’m really tired . About ready for bed , lol .",2023-06-28 20:19:43,6,False,2.0,0.0,True,0.7039919495582581,0.4566032290458679
17,1167,"I woke up late . Had to be at work at 11 , and woke up see 10 : 30 . I told you yesterday how tired I was . And I hate Thursdays . They are so slow at work . I need the money , so hopefully it’ll be busy . It if   nice out . I feel okay besides being tired .",2023-06-29 10:55:17,6,False,-1.0,0.0,True,-0.8675944805145264,0.0433642640709877
17,1168,"I slept in , not on purpose , by accident , but I feel so much better today ! I’m not nearly as tired ! I am at work . Today has been okay . I’m not hurting yet today , so that’s   a good thing . Work has been okay today .",2023-06-29 15:01:46,6,False,1.0,2.0,True,0.8543585538864136,0.6578205227851868
17,1169,"I have had a good day . I haven’t been hurting too awfully bad . Work has been okay . The best part is I have felt okay , I am still tired , but not like I was . Thankfully . I am fixing to get off work , but I still have one table left at the moment . I am waiting on them to get done .",2023-06-29 20:13:17,6,False,1.0,2.0,True,1.416327953338623,0.4964025318622589
17,1170,"My stomach is hurting this morning . Not feeling the best . But I have not been up long , so we will see how the day goes . My back and legs are hurting today . Maybe it’ll go away . I’m not too stressed at the moment . But that may come later . I don’t know . I’m getting too old to serve !!",2023-06-30 10:22:07,6,False,-1.0,0.0,True,-0.792137086391449,0.18630769848823547
17,1171,"I’m at work , in the bathroom . I don’t have long . I have two tables and I’m waiting in drinks . I feel ok , although I didn’t this morning . I felt really bad . Thankfully I feel better now . I’m not too stressed , so that’sgood .",2023-06-30 16:06:17,6,False,1.0,2.0,True,1.3146848678588867,0.5516642928123474
17,1172,"I at work and my umph is wearing down . My energy is depleting . We still have 50 minutes until close , then side work , side work , side work !! I still feel okay , I’m just tired . Ready   to go home . Just to do it all day tomorrow .",2023-06-30 20:10:01,6,False,-1.0,0.0,True,-0.7420303821563721,-0.024346068501472473
17,1173,"Hi ! I just got out the shower , trying to get ready for work . I don’t feel the Need , but not the worst other . I guess I’m okay right now . I do not really want to work though , but I need the money so I go , every day but one day a week . I get tired , I’m almost 50 now . But you got to do what you got to do , right ? I’m not stressed at the moment .",2023-07-01 10:01:47,6,False,0.0,1.0,True,0.811253547668457,0.8989529013633728
17,1174,"I am okay today . A little tired , and hurting a little , but I’m okay . I’m at work . Had to go to the bathroom . I’m still worried about my kids , but other than that I’m okay . Money is ok right now , bills are paid anyway .",2023-07-01 15:07:58,6,False,1.0,2.0,True,1.1174520254135132,0.2940830588340759
17,1175,"I just got off work . I am very tired . I am on the way home now , thankfully . My feet hurt really bad . Other than that , I am okay . Still worried about my kids , not so much money at the moment . I will be glad you get home .",2023-07-01 20:57:02,6,False,-1.0,0.0,True,-0.17740817368030548,0.45033717155456543
17,1176,"I am okay right now . I am still laying in bed at the moment , but I’ve been up and down for the last two hours . I am not hurting too bad at the moment . I have work in two   hours . Hopefully it’s busy , so I can make some money .",2023-07-02 10:00:56,6,False,0.0,1.0,True,0.78663569688797,0.37105417251586914
17,1177,"I am very tired . My feet hurt really bad , so do my legs and I have a few hours left at work still . That sucks . I went in at 12 , not in on break . I am Tim to grab some food really quick . I do not feel very good today . I really don’t at all .",2023-07-02 15:07:19,6,False,-1.0,0.0,True,-1.8011534214019775,0.04052937775850296
17,1178,"I am on   the way home . I just got off work . I an do very tired . My head hurts from getting so hot . It is thumping right now . I will be glad to get home and just sit for a while . I an off tomorrow , thankfully .",2023-07-02 20:07:51,6,False,-2.0,0.0,True,-0.31348347663879395,0.17541882395744324
17,1179,"Good morning . I feel okay this morning , so far . Today is my day off . I plan on going to get my grandson , my daughter , and we are going to my friends house to go to the pool for a bit . It should be fun . I do not ever do anything , so hopefully I’ll continue to feel ok .",2023-07-03 10:03:21,6,False,1.0,2.0,True,1.2554386854171753,0.5022172331809998
17,1180,"I did not end up going to the pool today with my grandson . I went and bought a bunch of stuff to take him and they would not let me . That was very disappointing for me , it upset me quite   badly . I guess that is life , he is not my child . I goes they do not trust me . I do not know . Anyway , I am tired today , but it’s my day off .",2023-07-03 15:00:54,6,False,0.0,2.0,True,-1.644109845161438,0.7585731148719788
17,1181,"I have emailed y’all , with no reply . I am not going to continue to do this with no pay . I haven’t gotten any compensation yet , and I have by now usually . Please check into this . Other than that I’m fine .",2023-07-03 20:00:57,6,False,0.0,1.0,True,0.005881818011403084,0.7241848707199097
17,1140,"I have not been up long . I do not feel the best . My stomach is hurting today . I just got out of the shower . Getting ready for work . You need to check into my payment , I haven’t got one yet . Please check into that for me . It’s beginning to stress me out .",2023-07-04 10:01:58,6,False,-1.0,0.0,True,-1.5163366794586182,0.7822020649909973
17,1141,"I am okay today . I am on break , I am   fixing to head back to work to finish out my shift . Why haven’ti gotten paid yet ??? That’s PERSON to stress   me out bad . I try so hard to do these for y’all and not miss one , but I’m not being compensated at all this time . Other than that , I am good today . Thank you",2023-07-04 15:06:47,6,False,0.0,1.0,True,1.4082831144332886,0.019344069063663483
17,1142,"Hello ! I want my money for doing this ! I have emailed y’all , no reply . I’ve put messages in here , no nothing . I need the money , that’s why I do this . I feel like Shìt . I’m hurting like hell . Go to hell",2023-07-04 21:49:44,6,False,-1.0,0.0,True,-0.9911525845527649,1.1770368814468384
17,1143,"Hello ! I feel like Shìt . That’s my honest answer in how I feel right now . They put me upstairs last night , and my hip is killing my this morning . It’s hard to walk . I work at 3 : 30 again today . Hopefully I’m not updated again ! I’m not really stressing , just hoping my check comes through today like it usually does , I’m not sure cause yesterday was a holiday . I need to post my rent today .",2023-07-05 10:03:43,6,False,-2.0,0.0,True,-0.02093624137341976,0.47407424449920654
17,1144,"I am still hurting . My hip , from climbing the stairs over and over again last night . It feels somewhat better , but it is still hurting . I am worried I won’t get my check in time to pay my rent in time . Which is today . Hopefully it comes through this evening where I can jump online and post it .",2023-07-05 15:02:15,6,False,-2.0,0.0,True,-0.9811397194862366,0.7721930146217346
17,1145,"I feel a lot better this evening than I did this morning . My hip isn’t hurting like it was , that’s for sure . I got my rent paid , I was also worried about that being on time . Thankfully it was . I hope . I am tired , but I do not work until 3 : 30 tomorrow evening yaaay .",2023-07-05 22:19:10,6,False,0.0,0.0,True,0.3159559965133667,0.5380833745002747
17,1146,"Hello . I still have not received any compensation for doing this . It is really starting to bother me , why am I doing this ?????\ nI feel okay , I’m just really tired . I’m so tired of being tired . And not feeling good . Is this all that getting older is ? Not feeling good ? Of course if I’m honest , I can’t remember the last time I did feel good .",2023-07-06 10:03:41,6,False,-1.0,0.0,True,0.29401636123657227,0.18537014722824097
17,1147,"I am tired . I am also tired of feeling bad all the time . I am always tired , of course I’m not 20 anymore so I assume that has something to do with it . lol . I just get tired of feeling like this . Other than that , I hired I’m okay .",2023-07-06 15:22:26,6,False,-1.0,0.0,True,-1.1829725503921509,0.281586229801178
17,1148,"I am at work , I have an hour left to go , then sidework . Yay ! Not ! We have to scrub the floors tonight , so we will be here even later . I hate scrubbing the floors ! It sucks . My hip is feeling some better , thankfully . I could barely walk the other night",2023-07-06 20:06:03,6,False,1.0,0.0,True,0.4555606245994568,0.7528795599937439
17,1149,"I finally got my money for doing these !! Thank you ! I am feeling ok this morning . I do not work until 3 : 30 , but I have to go get my daughter at 12 , then do some running around before then . I’m not really stressing about anything today . I’m not hurting , yet , so that’sa good thing .",2023-07-07 10:00:40,6,False,1.0,1.0,True,1.3568066358566284,0.32770824432373047
17,1150,"I’m starting to feel really tired and my legs are beginning to hurt .   My legs have hurt since I was a little girl . I don’t know why , but I hate it . It sucks bad . I’m not too stressed about anything . Although I would love not to go to work this evening .",2023-07-07 15:02:37,6,False,-1.0,0.0,True,-1.6742206811904907,-0.08634863048791885
17,1151,I got off work early cause I was not feeling good . I’m so tired . And don’t feel very good today . I think I feel better tonight than I did this morning though . I was dragging around 3 : 00 . I am not stressed out . I’m okay in that department .,2023-07-07 20:01:30,6,False,-1.0,0.0,True,-0.9668760895729065,0.23874419927597046
17,1152,"I am feeling okay this morning I guess . I have to work at 12 , so I am fixing to get ready . I have to work until close , but hopefully it’ll be good money . Hopefully I stay feeling okay as well . I hate feeling bad . I’m not stressed at the moment , I am okay I’m that department .",2023-07-08 10:49:42,6,False,0.0,1.0,True,1.5919468402862549,0.38117048144340515
17,1153,"I am on break . I have to go back in just a few minutes . We only get 30-45 minutes break . I have just enough time to come home , sit for a few   and go back . I feel okay today . My hip is hurting some , but not too awful bad today . I’m not too stressed . Have a great day !!",2023-07-08 15:10:25,6,False,1.0,0.0,True,1.1515530347824097,0.16059008240699768
17,1154,"I am at work . I am cut , but still have tables . I am tired . But overall it’s been a price good day . My legs are beginning to ache some . I am ready to go home , but my tables and sidework . Have a great night !!!",2023-07-08 20:48:33,6,False,0.0,0.0,True,-0.2763209939002991,0.18110859394073486
18,1302,"Happy , Cheerful , Lucky , Inspired , Calm",2022-05-07 15:00:00,3,True,2.0,1.0,True,1.4419552087783813,0.9597530961036682
18,1303,"Content , Calm , At ease , Accepting , Excited",2022-05-08 12:20:00,3,True,1.0,0.0,True,1.3083168268203735,0.7114038467407227
18,1304,"Calm , Content , Happy , Guilty , At peace",2022-05-08 16:34:00,3,True,1.0,0.0,True,1.5539597272872925,0.3900008499622345
18,1286,"Content , Excited , Productive , Calm , At ease",2022-05-09 20:01:00,3,True,2.0,1.0,True,1.5306071043014526,0.8115778565406799
18,1287,"Content , At peace , Happy , Excited , Pleasant",2022-05-10 22:14:00,3,True,2.0,0.0,True,1.4122830629348755,0.5927895903587341
18,1288,"Calm , Excited , Happy , Optimistic , Content",2022-05-12 17:44:00,3,True,2.0,0.0,True,1.4314329624176025,0.8639408946037292
18,1289,"Excited , Happy , Content , Stoked , Elated",2022-05-13 12:16:00,3,True,2.0,2.0,True,1.7673096656799316,1.1655383110046387
18,1290,"Happy , Calm , Excited , Content , Pumped",2022-05-13 17:37:00,3,True,2.0,1.0,True,1.7113664150238037,0.9251247048377991
18,1291,"Happy , Excited , Loved , Calm , Content",2022-05-13 20:00:00,3,True,2.0,1.0,True,1.6031938791275024,0.8800346255302429
19,1313,"Awake , Busy , Annoyed , Overwhelmed , Aggravated",2021-06-15 12:02:00,1,True,0.0,2.0,True,0.16617944836616516,1.5287413597106934
19,1314,"Busy , Annoyed , Too much to do , Not enough time , Tired",2021-06-16 13:05:21,1,True,0.0,1.0,True,-0.4589754641056061,1.3880528211593628
19,1315,"Overworked , Underpaid , Stressed out , Hungry , Thirsty",2021-06-17 12:08:12,1,True,0.0,1.0,True,-1.0779591798782349,0.7269386649131775
19,1316,"Hungover , Tired , Achy , Hot , Hungry",2021-06-18 12:03:18,1,True,-2.0,0.0,True,-0.5252228379249573,0.7527100443840027
20,1319,"Anxiety , Happy , Tired , Rested , Happy",2021-06-16 21:19:29,1,True,1.0,1.0,True,0.4286351203918457,1.0579768419265747
20,1320,"Happy , Tired , Full filled",2021-06-17 22:00:20,1,True,1.0,1.0,True,1.2456692457199097,0.7729670405387878
23,1348,I have felt pretty good . I did have to work last night but after two days off it was easier to get through it and it was a little busy . I was also able to hang out with a coworker so it helped me cut some of the stress away .,2021-05-16 14:15:31,1,False,1.0,1.0,True,0.4513520300388336,0.7850346565246582
23,1336,Good day off with the family . It makes it easier to relax when I can spend time with my kids instead of stressing about what’s going on at home . But it’s been a good day until I have to go back later to work fir the next 6 days .,2021-05-17 12:03:46,1,False,2.0,1.0,True,1.2005774974822998,0.39874228835105896
23,1337,"Again just work , I have a bunch of projects I’m doing at home right now so it’s tiering to work 10hrs and drive 2 hours , get up in the am and work on the house . Motivation is a big problem , especially in my advanced age , I sometimes need a day to relax .",2021-05-18 21:57:01,1,False,-1.0,0.0,True,-0.5928742289543152,0.9626345038414001
23,1338,"Tired , mostly just then end of the work week and I need to get through one more day . It gets tougher and tough to be customer facing all the time and pretend that you “care” when realistically we just want to make money . At work I just kinda shutdown , the same questions over and over again , you can only tell 10 people in a night that there is still food being cooked at 6 pm when the bar is full of people eating food .",2021-05-20 14:05:12,1,False,0.0,1.0,True,-0.4429340660572052,0.3367593586444855
23,1339,"Got through work last night ok because I have a few days off , but it makes it easier to know I don’t have to travel to and from work for a few days . Again it’s just been tough to get through the days when you work 6 days in a row with one day off in between .",2021-05-21 15:57:51,1,False,1.0,1.0,True,-0.10508783906698227,1.0003795623779297
23,1340,"You know sleep is super important , when I get time off , I usually go to bed by 11 or 12 and the kids get me up by 7-8am . I feel a lot better today than I did yesterday just because of a good night sleep and not having to stress about going to work .",2021-05-22 16:08:37,1,False,1.0,1.0,True,0.0878119096159935,0.532896101474762
24,1415,"Tired , Sneezy , Grumpy , Hopeful , Sore",2021-06-12 12:06:08,1,True,0.0,1.0,True,-0.41895151138305664,0.5532596707344055
24,1416,"Tired , Grumpy , Hot , Gross , Groggy",2021-06-12 17:13:01,1,True,0.0,1.0,True,-0.5410311818122864,0.6569053530693054
24,1417,"Tired , Hot , Lethergic , Calm , Grumpy",2021-06-13 12:50:55,1,True,2.0,0.0,True,-0.23286288976669312,0.659256100654602
24,1418,"Stressed , Tired , Hot , Hungry , Headachy",2021-06-13 17:49:45,1,True,1.0,0.0,True,-0.3977741003036499,0.8682010173797607
25,1490,"I am a heart person . Trust me I feel every emotion and sometimes for no reason . If I have a feeling inside me , I let it out , and I be ready for whatever consequences or results that feeling will bring .",2021-06-11 17:59:23,1,False,2.0,1.0,True,0.7468028664588928,1.500383973121643
25,1491,I’M LOOKING FORWARD TO THE END OF THE PANDEMIC .   I HOPE TO SEE ALL MY FRIENDS AND GO OUT DRINKING AGAIN .   BETTER WITH FRIENDS THAN DRINKING ALONE .   THIS PANDEMIC HAS MADE ME REALIZE HOD FRIENDS AND FAMILY ARE REALLY IMPORTANT .,2021-06-11 22:09:58,1,False,2.0,0.0,True,0.8542032241821289,0.6234984993934631
33,2209,"Sleepy , Tired , Sluggish , Neutral , Quite",2022-09-07 20:19:14,4,True,0.0,0.0,True,-1.589808464050293,0.12573078274726868
33,2210,"Sleepy , Tired , Sluggish , Content , Quite",2022-09-08 11:12:01,4,True,-1.0,0.0,True,-1.487253189086914,0.028353534638881683
33,2211,"In pain , Jittery , Tired , Fatigued , Sleepy",2022-09-08 15:09:29,4,True,-2.0,2.0,True,-2.0282161235809326,1.0878065824508667
33,2212,"Tired , Sleepy , Irritated , Fatigued , Quite",2022-09-08 20:00:56,4,True,-2.0,0.0,True,-1.6949522495269775,0.21154633164405823
33,2213,"Sluggish , Tired , Fatigued , Sleepy , Annoyed",2022-09-09 10:09:37,4,True,-1.0,0.0,True,-1.8798635005950928,-0.12117772549390793
33,2214,"Irritated , Mad , Angry , Tired , Sleepy",2022-09-09 15:40:23,4,True,-2.0,0.0,True,-0.9587326645851135,1.4041210412979126
33,2215,"Sluggish , Tired , Sleepy , Irritated , Mad",2022-09-09 20:10:50,4,True,-1.0,0.0,True,-1.8195629119873047,-0.03981534391641617
33,2176,"Quite , Sleepy , Sluggish , Content , Calm",2022-09-10 10:10:09,4,True,2.0,0.0,True,-0.14664551615715027,0.2367105782032013
33,2177,"Quiet , Content , Calm , Neutral , Sleepy",2022-09-10 15:00:50,4,True,0.0,0.0,True,1.0110411643981934,0.193514883518219
33,2178,"Quiet , Content , Calm , Excited , Happy",2022-09-10 20:45:14,4,True,0.0,0.0,True,1.7568246126174927,0.1583048701286316
33,2179,"Neutral , Content , Quiet , Sleepy , Emotional",2022-09-11 10:48:19,4,True,0.0,1.0,True,0.44073691964149475,0.995553195476532
33,2180,"Sleepy , Tired , Fatigued , In pain , Emotional",2022-09-11 15:00:50,4,True,-1.0,0.0,True,-1.8818128108978271,0.16750559210777283
33,2181,"Tired , Emotional , Sleepy , Content , Annoyed",2022-09-11 20:31:29,4,True,-2.0,0.0,True,-1.5103858709335327,0.2873237431049347
33,2182,"Annoyed , Mad , Irritated , Sleepy , Tired",2022-09-12 10:35:05,4,True,-2.0,0.0,True,-0.889185905456543,1.5252898931503296
33,2183,"Annoyed , Mad , Irritated , Sluggish , Sleepy",2022-09-12 15:22:45,4,True,-2.0,0.0,True,-1.0379084348678589,1.549218773841858
33,2184,"Tired , Sleepy , Irritated , Annoyed , Mad",2022-09-12 20:16:55,4,True,-2.0,0.0,True,-1.6367483139038086,0.3384707570075989
33,2185,"Sleepy , Tired , Annoyed , Irritated , Quiet",2022-09-13 10:32:43,4,True,0.0,1.0,True,-1.5343929529190063,0.28794485330581665
33,2186,"Sleepy , Tired , Quiet , Irritated , Annoyed",2022-09-13 15:39:33,4,True,-2.0,0.0,True,-1.629026174545288,0.32732149958610535
33,2187,"Sleepy , Quiet , Exhausted , Irritated , Annoyed",2022-09-13 20:01:50,4,True,-2.0,0.0,True,-1.6197205781936646,0.20350059866905212
33,2188,"Tired , Sleepy , Sluggish , Quiet , Restless",2022-09-14 10:02:25,4,True,-1.0,0.0,True,-1.891091227531433,-0.19244086742401123
33,2189,"Sleepy , Tired , Sluggish , Irritated , Annoyed",2022-09-14 15:00:33,4,True,-2.0,0.0,True,-1.9761089086532593,0.12376513332128525
33,2190,"Sleepy , Tired , Mad , Annoyed , Exhausted",2022-09-14 21:48:03,4,True,-2.0,0.0,True,-1.8050693273544312,0.3788371682167053
33,2191,"Quiet , Sleepy , Tired , Neutral , Anxious",2022-09-15 10:03:38,4,True,0.0,1.0,True,-0.4478912353515625,0.23571458458900452
33,2192,"Sleepy , Tired , Irritated , Annoyed , Anxious",2022-09-15 15:02:36,4,True,-1.0,0.0,True,-1.7182470560073853,0.5290051102638245
33,2233,"Anxious , Sleepy , Tired , Annoyed , Overwhelmed",2023-03-11 20:07:21,5,True,0.0,1.0,True,-1.2168744802474976,1.3590773344039917
33,2234,"Sluggish , Tired , Anxious , Jittery , Sleepy",2023-03-12 12:24:44,5,True,-2.0,0.0,True,-1.6526693105697632,0.259573757648468
33,2235,"Sluggish , Tired , Content , Nervous , Anxious",2023-03-12 16:00:11,5,True,-1.0,0.0,True,-1.5076828002929688,0.04639468342065811
33,2236,"Tired , Sluggish , Anxious , Sleepy , Sad",2023-03-12 20:02:53,5,True,-1.0,0.0,True,-1.6996041536331177,0.06774917989969254
33,2237,"Sluggish , Tired , Sleepy , Annoyed , Anxious",2023-03-13 10:21:17,5,True,-2.0,0.0,True,-1.6642708778381348,0.05204375833272934
33,2238,"Tired , Sluggish , Sleepy , Anxious , Annoyed",2023-03-13 15:01:26,5,True,-2.0,0.0,True,-1.673204779624939,0.11384045332670212
33,2239,"Sluggish , Tired , Sleepy , Annoyed , Mad",2023-03-14 10:02:45,5,True,-2.0,0.0,True,-1.7835773229599,-0.03966457396745682
33,2240,"Tired , Annoyed , Sluggish , Sleepy , Anxious",2023-03-14 15:01:40,5,True,-2.0,0.0,True,-1.5599496364593506,0.2258802354335785
33,2241,"Tired , Sluggish , Sleepy , Content , Neutral",2023-03-14 20:01:01,5,True,-2.0,0.0,True,-1.5059584379196167,-0.007588900625705719
33,2242,"Tired , Sleepy , Sluggish , Annoyed , Mad",2023-03-15 10:50:39,5,True,-2.0,0.0,True,-1.8398256301879883,0.01213892549276352
33,2243,"Sleepy , Tired , Anxious , Calm , Quite",2023-03-15 15:44:30,5,True,0.0,1.0,True,-1.1429500579833984,0.265575647354126
33,2244,"Quiet , Tired , Sleepy , Anxious , Annoyed",2023-03-15 20:01:23,5,True,0.0,0.0,True,-0.31690701842308044,0.1860136091709137
33,2245,"Sleepy , Angry , Annoyed , Anxious , Jittery",2023-03-16 10:01:16,5,True,-1.0,0.0,True,-1.3273875713348389,0.9312963485717773
33,2246,"Sluggish , Tired , Angry , Annoyed , Mad",2023-03-16 15:01:26,5,True,-2.0,0.0,True,-1.7516595125198364,0.14103299379348755
33,2247,"Tired , Sluggish , Aggravated , Mad , Annoyed",2023-03-16 20:02:45,5,True,-2.0,0.0,True,-1.775088906288147,0.2396605908870697
33,2248,"Sleepy , Tired , Anxious , Jittery , Quiet",2023-03-17 10:01:19,5,True,0.0,0.0,True,-1.4659243822097778,0.26143592596054077
33,2249,"Quiet , Sleepy , Tired , Calm , Neutral",2023-03-17 16:34:53,5,True,0.0,1.0,True,-0.39710935950279236,0.11225158721208572
33,2250,"Quiet , Anxious , Annoyed , Mad , Sleepy",2023-03-17 20:08:31,5,True,0.0,1.0,True,0.46712157130241394,0.42350536584854126
33,2251,"Tired , Sleepy , Sluggish , Anxious , Sad",2023-03-18 10:49:12,5,True,-2.0,0.0,True,-1.70565664768219,0.002400226891040802
33,2252,"Tired , Sleepy , Sad , Anxious , Annoyed",2023-03-18 15:06:00,5,True,-1.0,1.0,True,-1.6183849573135376,0.3116481304168701
33,2253,"Tired , Sluggish , Sleepy , Annoyed , Anxious",2023-03-18 21:11:42,5,True,-2.0,0.0,True,-1.6809133291244507,0.09941322356462479
33,2254,"Tired , Sluggish , Sleepy , Angry , Annoyed",2023-03-19 10:48:49,5,True,-2.0,0.0,True,-1.8522909879684448,0.042840294539928436
33,2255,"Sleepy , Tired , Anxious , Annoyed , Mad",2023-03-19 15:14:57,5,True,0.0,1.0,True,-1.579931616783142,0.46351784467697144
33,2256,"Tired , Anxious , Sleepy , Jittery , Angry",2023-03-19 20:01:16,5,True,-2.0,0.0,True,-1.5883690118789673,0.532788097858429
33,2216,"Tired , Sluggish , Anxious , Sleepy , Annoyed",2023-03-20 10:16:56,5,True,-2.0,0.0,True,-1.6552283763885498,0.1771019995212555
33,2217,"Sleepy , Annoyed , Tired , Mad , anxious",2023-03-20 15:01:45,5,True,0.0,1.0,True,-1.4669913053512573,0.4831906259059906
33,2218,"Tired , Sleepy , Quiet , Content , Calm",2023-03-20 22:58:44,5,True,0.0,0.0,True,-1.1764363050460815,-0.07915549725294113
33,2219,"Sleepy , Tired , Annoyed , Mad , Angry",2023-03-21 10:05:51,5,True,-2.0,0.0,True,-1.84013032913208,0.29156970977783203
33,2220,"Tired , Sleepy , Annoyed , Mad , Anxious",2023-03-21 15:22:30,5,True,-1.0,1.0,True,-1.5455999374389648,0.37561362981796265
33,2221,"Tired , Sluggish , Anxious , Annoyed , Jittery",2023-03-21 20:28:25,5,True,-2.0,0.0,True,-1.678906798362732,0.46228688955307007
33,2222,"Mad , Annoyed , Anxious , Tired , Sleepy",2023-03-22 10:01:19,5,True,-2.0,0.0,True,-1.0361852645874023,1.4685372114181519
33,2223,"Annoyed , Sluggish , Tired , Sleepy , Anxious",2023-03-22 15:01:07,5,True,-2.0,0.0,True,-1.1916652917861938,0.9078031182289124
33,2224,"Annoyed , Mad , Anxious , Tired , Sleepy",2023-03-22 20:01:03,5,True,-2.0,0.0,True,-0.8085319399833679,1.4966531991958618
33,2225,"Annoyed , Mad , Sleepy , Tired , Sluggish",2023-03-23 10:31:45,5,True,-1.0,0.0,True,-1.0748355388641357,1.0309720039367676
33,2226,"Tired , Sluggish , Annoyed , Mad , Angry",2023-03-23 15:00:53,5,True,-2.0,0.0,True,-1.8124269247055054,0.10866791754961014
33,2227,"Sluggish , Tired , Sleepy , Annoyed , Mad",2023-03-23 20:00:41,5,True,-2.0,0.0,True,-1.7835773229599,-0.03966457396745682
33,2228,"Sluggish , Tired , Sleepy , Anxious , Jittery",2023-03-24 10:08:30,5,True,-2.0,0.0,True,-1.7882080078125,0.09558536857366562
33,2229,"Sleepy , Tired , Anxious , Jittery , Nervous",2023-03-24 15:00:54,5,True,-2.0,0.0,True,-1.7073842287063599,0.6485962867736816
33,2230,"Annoyed , Anxious , Jittery , Tired , Sluggish",2023-03-24 20:02:24,5,True,-2.0,0.0,True,-1.0687754154205322,1.8885926008224487
33,2231,"Anxious , Jittery , Nervous , Sluggish , Tired",2023-03-25 10:04:17,5,True,0.0,1.0,True,-1.5999739170074463,1.7409194707870483
33,2232,"Sluggish , Tired , Jittery , Sleepy , Annoyed",2023-03-25 15:44:35,5,True,-2.0,0.0,True,-1.749028205871582,0.23401403427124023
33,2272,"Tired , Sluggish , Sleepy , Anxious , Sad",2023-06-29 10:15:01,6,True,0.0,1.0,True,-1.7170358896255493,-0.0032614395022392273
33,2273,"Sluggish , Tired , Anxious , Sad , Down",2023-06-29 15:03:34,6,True,-2.0,0.0,True,-1.7435603141784668,0.08297459036111832
33,2274,"Tired , Sluggish , Anxious , Sad , Annoyed",2023-06-29 20:00:50,6,True,-2.0,0.0,True,-1.6597111225128174,0.2015582025051117
33,2275,"Sleepy , Tired , Anxious , Uneasy , Annoyed",2023-06-30 10:27:54,6,True,-1.0,0.0,True,-1.6056524515151978,0.4685210585594177
33,2276,"Annoyed , Tired , Sleepy , Anxious , Overwhelmed",2023-06-30 15:26:12,6,True,-2.0,2.0,True,-1.1911276578903198,1.3149241209030151
33,2277,"Tired , Sluggish , Annoyed , Mad , Sad",2023-06-30 20:07:11,6,True,-2.0,0.0,True,-1.8060415983200073,0.08572433143854141
33,2278,"Sleepy , Quiet , Tired , Anxious , Sad",2023-07-01 10:50:51,6,True,0.0,1.0,True,-1.2307249307632446,0.19631221890449524
33,2279,"Tired , Annoyed , Sluggish , Sleepy , Anxious",2023-07-01 15:06:12,6,True,-2.0,0.0,True,-1.5599496364593506,0.2258802354335785
33,2280,"Annoyed , Angry , Anxious , Sleepy , Tired",2023-07-01 20:00:55,6,True,-2.0,0.0,True,-0.7476676106452942,1.3560174703598022
33,2281,"Sleepy , Tired , Sluggish , Anxious , Sad",2023-07-02 10:06:39,6,True,-2.0,0.0,True,-1.8819488286972046,0.054984040558338165
33,2282,"Sleepy , Tired , Happy , Content , Quiet",2023-07-02 17:28:36,6,True,-2.0,0.0,True,-0.8515549302101135,0.20539423823356628
33,2283,"Tired , Sleepy , Sluggish , Calm , Quiet",2023-07-02 20:14:13,6,True,-2.0,0.0,True,-1.5704541206359863,-0.12089873105287552
33,2284,"Sluggish , Tired , Sad , Sleepy , Foggy",2023-07-03 10:02:40,6,True,-2.0,0.0,True,-1.815300703048706,-0.07775960117578506
33,2285,"Sleepy , Tired , Annoyed , Sluggish , Angry",2023-07-03 15:03:08,6,True,-2.0,0.0,True,-1.9403725862503052,0.12809959053993225
33,2286,"Tired , Sluggish , Sleepy , Sad , Anxious",2023-07-03 20:05:49,6,True,-2.0,0.0,True,-1.685399055480957,-0.008204348385334015
33,2287,"Tired , Sluggish , Sleepy , Quiet , Calm",2023-07-04 10:01:01,6,True,-2.0,0.0,True,-1.6597726345062256,-0.11469171941280365
33,2288,"Sleepy , Tired , Anxious , Sad , Jittery",2023-07-04 15:05:59,6,True,0.0,1.0,True,-1.8951648473739624,0.4504728317260742
33,2289,"Tired , Sluggish , Sleepy , Content , Quiet",2023-07-04 20:00:45,6,True,-2.0,0.0,True,-1.5820999145507812,-0.1566448211669922
33,2290,"Content , Calm , Tired , Sluggish , Sleepy",2023-07-05 10:16:39,6,True,0.0,1.0,True,1.0497502088546753,0.3280191421508789
33,2291,"Tired , Sluggish , Annoyed , Sleepy , Irritated",2023-07-05 15:04:09,6,True,-2.0,0.0,True,-1.8086360692977905,0.12117741256952286
33,2292,"Quiet , Sleepy , Tired , Exhausted , Content",2023-07-05 20:49:04,6,True,0.0,0.0,True,-0.43634480237960815,-0.1362210512161255
33,2293,"Sad , Anxious , Nervous , Sluggish , Tired",2023-07-06 10:18:10,6,True,-1.0,1.0,True,-1.8810310363769531,0.8973594307899475
33,2294,"Tired , Sleepy , Sick , Sluggish , Quiet",2023-07-06 15:10:30,6,True,-2.0,0.0,True,-1.8061788082122803,-0.1650884747505188
33,2295,"Sluggish , Miserable , Tired , Sleepy , Anxious",2023-07-06 20:25:03,6,True,-2.0,0.0,True,-1.8493483066558838,-0.025753401219844818
33,2296,"Sick , Tired , Sleepy , Anxious , Sluggish",2023-07-07 10:41:59,6,True,-2.0,0.0,True,-2.190751075744629,0.026770062744617462
33,2297,"Sick , Tired , Sluggish , Sleepy , Miserable",2023-07-07 15:03:27,6,True,-2.0,0.0,True,-2.2318360805511475,-0.13546854257583618
33,2298,"Miserable , Sad , Tired , Sleepy , Sluggish",2023-07-07 20:00:48,6,True,-2.0,0.0,True,-2.128533124923706,0.33530962467193604
33,2257,"Sick , Miserable , Tired , Sluggish , Sleepy",2023-07-08 10:03:32,6,True,-2.0,0.0,True,-2.370936155319214,-0.10101278871297836
33,2258,"Sick , Tired , Sluggish , Sleepy , Anxious",2023-07-08 16:19:53,6,True,-2.0,0.0,True,-2.0656282901763916,-0.049698032438755035
33,2259,"Sick , Miserable , Tired , Sleepy , Anxious",2023-07-08 20:02:48,6,True,-2.0,0.0,True,-2.1999757289886475,0.20206576585769653
33,2260,"Sleepy , Tired , Sluggish , Sick , Anxious",2023-07-09 10:13:43,6,True,-2.0,0.0,True,-1.7926721572875977,-0.0028347596526145935
33,2261,"Tired , Sluggish , Annoyed , Sleepy , Sick",2023-07-09 15:16:08,6,True,-2.0,0.0,True,-1.8422044515609741,-0.05505671352148056
33,2262,"Tired , Sluggish , Sleepy , Sick , Anxious",2023-07-09 20:29:20,6,True,-2.0,0.0,True,-1.7464343309402466,-0.08449327200651169
33,2263,"Tired , Sleepy , Sluggish , Anxious , Irritated",2023-07-10 10:07:15,6,True,-2.0,0.0,True,-1.641813039779663,0.1543968915939331
33,2264,"Tired , Annoyed , Slow , Anxious , Sleepy",2023-07-10 15:26:12,6,True,-2.0,0.0,True,-1.432883858680725,0.4110652506351471
33,2265,"Tired , Sleepy , Sluggish , In pain , Anxious",2023-07-10 20:04:52,6,True,-2.0,0.0,True,-1.7303420305252075,0.05762358754873276
33,2266,"Tired , Quiet , Sleepy , Anxious , Nervous",2023-07-11 10:36:43,6,True,0.0,1.0,True,-1.061724066734314,0.2085825800895691
33,2267,"Annoyed , Mad , Irritated , Anxious , Tired",2023-07-11 15:00:48,6,True,-2.0,0.0,True,-0.875856876373291,1.7519383430480957
33,2268,"Drained , Tired , Sluggish , Sleepy , Anxious",2023-07-11 20:28:07,6,True,-2.0,0.0,True,-1.7576733827590942,-0.0595150962471962
33,2269,"Sleepy , Quiet , Calm , Tired , Slow",2023-07-12 10:07:25,6,True,0.0,1.0,True,-0.8849790692329407,0.30436617136001587
33,2270,"Exhausted , Sleepy , Tired , Sluggish , Slow",2023-07-12 15:38:04,6,True,-2.0,0.0,True,-1.6893633604049683,-0.11207281798124313
33,2271,"Anxious , Irritated , Sluggish , Sleepy , Tired",2023-07-12 20:03:14,6,True,-2.0,0.0,True,-1.5329478979110718,1.3459057807922363
34,2367,I feel like I dont have enough time in my day . Work has been understaffed and busy which makes me feel agitated and like I ' m not fast enough or good at my job . I feel rushed and unaccomplished . I have no energy and don ' t want to deal with people .,2021-05-04 16:26:06,1,False,-1.0,0.0,True,-1.2905738353729248,0.9247211217880249
35,2410,"Energetic , Happy , Bothered , Hungry , Annoyed",2021-03-27 12:00:36,1,True,1.0,2.0,True,0.9972627758979797,1.3035556077957153
35,2411,"Bored , Productive , Curious , Bothered , Calm",2021-03-29 12:00:54,1,True,0.0,1.0,True,0.7524113655090332,0.9294130802154541
42,3830,I am off today . I had an early night with my kids after an amazing meal and some fun and games . I woke up early to overcast skies which was perfect for taking the dog for a long walk to get a cup of coffee and some breakfast . I ' m feeling calm and centered . My body has physically recovered from the weekend and I am finally re-hydrated and feeling rested .,2021-06-15 12:08:59,1,False,2.0,0.0,True,0.5535081028938293,0.5915263891220093
42,3831,Today is my day off . I am spending the day with my family . I will not be answering anymore survey questions that require lengthy answers because it is taking me away from my family which is what helps my emotional stability .,2021-06-15 17:06:39,1,False,2.0,0.0,True,0.5326462984085083,0.5180390477180481
42,3832,With my family With my family With my family With my family With my family With my family With my family With my family With my family With my family With my family With my family With my family With my family With my family,2021-06-15 22:21:15,1,False,2.0,0.0,True,-0.3604831099510193,0.5873094201087952
42,3833,"I ' ve just finished meditating . I need to clock . in at work in 75 minutes . I am feeling calm and centered , I ' ve properly hydrated and had a healthy meal and am ready for the physical stress of the night ahead . It ' s supposed to be slow which means I can focus on the guest experience that much more .",2021-06-16 17:16:04,1,False,2.0,0.0,True,1.0360196828842163,0.791481077671051
43,3994,I am going in to work tonight . Not really looking forward to it . I am really hopping that the night goes by quickly so I can go home and sleep . I am pretty tired today . I am not really feeling like I can give 100 % tonight .,2021-06-15 17:26:31,1,False,0.0,1.0,True,-0.616663932800293,0.619228184223175
43,3995,"Since I filled out the questionnaire on yesterday , I have been feeling a bit tired , sleepy sluggish and need to get some sleep . Last night at work was ok , I was busy . Customers were steady , so I never got to take a break .",2021-06-16 12:54:20,1,False,-2.0,0.0,True,-0.9703123569488525,-0.07731855660676956
43,3988,"Yesterday was a better day as far as for how I was feeling . I went to a friends house and she put food on the grill . Got to relax a bit . Still feel really tired so I just want to go to sleep , but I cant I have too much to do .",2021-06-17 12:01:58,1,False,1.0,1.0,True,0.15016987919807434,0.28898587822914124
43,3989,In the past 24 hours I have been feeling a bit overwhelmed . I have a lot going on in my personal life dealing with another service industry entity and not understanding the level of service that they provided for me when I hired them for my big day .,2021-06-18 12:03:31,1,False,1.0,0.0,True,-0.34901970624923706,1.443390130996704
54,3540,I am feeling great I have enough time to interracial with friends via call which i am having a great time doing I get to talk about exciting things and fun I am also having amazing time with friends we get to speak about things that bound us,2024-10-14 12:31:30,7,False,1.0,1.0,True,1.7603124380111694,1.272026777267456
54,3644,"Active , Very good , Excited , Calm , Happy",2024-10-14 17:02:02,7,True,2.0,0.0,True,0.7878595590591431,1.4677683115005493
54,3725,I feel alive and happy and I’m active at work having conversations with people and also talking about lo of things with my colleagues which is also making my day fun and very interesting Just left a conference call with my friends we get to check up on each other which actually make me feel secured knowing fully well I have friends who really cares about each other,2024-10-15 12:04:22,7,False,2.0,2.0,True,1.8854334354400635,1.2504847049713135
54,3834,I feel happy and delighted concerning my life . The joy can be noticed from my facial expression and mood . The way the environment whether makes me feel like someone that is renewed with hope . and ability .,2024-10-15 17:27:33,7,False,2.0,1.0,True,1.3136159181594849,1.2263692617416382
54,3913,"Active , Good , Calm , Cool , Enthusiast",2024-10-16 12:04:02,7,True,2.0,0.0,True,0.7330644130706787,1.3446927070617676
54,4016,I feel good got to meet with an old time friends and we dot to talk about soo many things and I also have good time playing video games an I did hang with friends and family and I am also excited to meet with friends,2024-10-16 17:06:42,7,False,1.0,2.0,True,1.7733259201049805,0.912188708782196
54,4077,I feel very good and happy having interesting conversations with my colleagues at work we are also having fun and talking about why we find our work interesting and also talking about our weaknesses and strength and also our plans for the future,2024-10-17 12:47:32,7,False,2.0,1.0,True,1.5340710878372192,0.8843849301338196
54,4164,Currently I feel good and happy and at the moment I’m having a wonderful time at work and it’s Friday and it’s weekend i just have this positive feeling I’m going to have a wonderful time with my kids and my wife so at the moment I’m just imagining how the weekend is going to be with my family,2024-10-18 12:26:20,7,False,1.0,1.0,True,1.8672846555709839,0.8211432099342346
54,4228,"Happy , Excited , Calm , Active , Cool",2024-10-18 17:56:41,7,True,2.0,2.0,True,1.531431794166565,1.3139845132827759
60,2588,Hi ! Having a mani n pedi done right now . So relaxing and peaceful .    Having such quiet time to meditate and reflect on the week and actually start planning for the week n weekend   hoping that next week will be a busier week than this week in relation to work,2024-07-26 17:01:57,7,False,2.0,0.0,True,1.436930775642395,-0.08996226638555527
60,2599,"Relaxing , Accomplished , Fulfilled , Expecting , Relaxed",2024-07-26 22:07:45,7,True,2.0,0.0,True,2.017346143722534,-0.13029888272285461
60,2610,Happy Saturday —-beautiful day out . Super excited to get out there today . We r going to the FAC in GPE   .   Lots of walking to do history to see and admire . N structures to view and be in awe of .    Love the cloisters and the water views . Amazing spectacular !!! Enjoy this glorious day !,2024-07-27 12:01:16,7,False,2.0,0.0,True,2.1588003635406494,0.05869688838720322
60,2621,Hi happy Saturday !   Just walked thru the museum absolutely amazing beautiful breathe taking .   Going to lunch in midtown . NORP food is what I want right now . Did lots of walking inside and outside . Feeling inspired and amazing,2024-07-27 17:01:03,7,False,2.0,0.0,True,1.961379885673523,0.4410579204559326
60,2632,"Fulfilled , Relaxed , Happy , Proud , Calm",2024-07-27 22:13:49,7,True,2.0,0.0,True,2.1273746490478516,-0.1816607415676117
60,2643,"Calm , Happy , Excited , Blessed , Content",2024-07-28 12:01:51,7,True,2.0,0.0,True,2.23649001121521,-0.17448583245277405
60,2655,"Happy , Excited , Thrilled , Fulfilled , Content",2024-07-28 17:16:02,7,True,2.0,0.0,True,1.952203392982483,0.19216883182525635
60,2666,Hi happy Sunday . Feeling relaxed fulfilled and happy . Went to the ORG  game with my middle child . He took the railroad into GPE met me there and we went to see our favorite baseball team play and unfortunately lose . Although they lost we had a shaving time together bonding laughing n eating . FYI best lobster rolls at FAC  ever . $35 will get u one . Ouch . Great Sunday !,2024-07-28 22:02:23,7,False,2.0,0.0,True,1.8494678735733032,0.35946643352508545
60,2870,"Happy , Content , Busy , Excited , Fulfilled",2024-07-29 12:00:35,7,True,2.0,0.0,True,1.9614088535308838,0.1884484887123108
60,2881,Happy Monday !   Feeling accomplished ! \n8 am went to LOC to pick up immunizations papers for my 3 college kids . Followed my getting a tire patched and ordering a new tire for my daughter . \nI also showed 2 rentals to a new client . Hoping he takes one of the rentals . \nMaybe more appointments later and maybe a yoga class later though . My day changes on a daily,2024-07-29 17:07:37,7,False,2.0,0.0,True,1.3936651945114136,0.39084333181381226
60,2891,"Fulfilled , Ready , Tired , Accomplished , Content",2024-07-29 22:01:07,7,True,2.0,0.0,True,1.7912546396255493,0.04943878948688507
60,2900,"Relaxed , Happy , Excited , Busy , Fulfilled",2024-07-30 12:02:20,7,True,2.0,0.0,True,2.2177984714508057,0.24587082862854004
60,2911,Hi happy taco Tuesday !!! Feeling great rescued and accomplished !   Lots done and lots more to do !!! \nRunning to library in a bit and off to do errands . Banking food shopping and then off to cook dinner for my kids .   Also looking to get my daughters apartment ready in just a few weeks,2024-07-30 17:02:47,7,False,2.0,0.0,True,2.0439815521240234,0.32438579201698303
60,2922,"Fulfilled , Excited , Calm , Peaceful , Happy",2024-07-30 22:04:05,7,True,2.0,0.0,True,2.2119596004486084,-0.03335271775722504
60,2933,Feeling great . Calm energized at the same time . Went to 6 am beach yoga . Amazing way to start the day . Followed by 8 am yoga at my studio .    Busy day ahead so happy began it with physical and mental practice,2024-07-31 12:00:34,7,False,2.0,0.0,True,2.2612853050231934,0.23280298709869385
60,2940,Hi happy Wednesday . Feeling good . Accomplished still lots more to do .   Feeling like the week is flying by —cannot believe tomorrow is August —-summer is almost over . Kids back to college so much to do in the next 2-3 weeks . Will pace myself to get all done,2024-07-31 17:00:52,7,False,2.0,0.0,True,2.3117196559906006,0.513446033000946
60,2942,"Content , Tired , Fulfilled , Expectant , Satisfied",2024-07-31 22:00:20,7,True,2.0,0.0,True,1.7563976049423218,-0.21922409534454346
60,2952,"Calm , Content , Busy , Excited , Happy",2024-08-01 12:00:28,7,True,2.0,0.0,True,2.2449100017547607,-0.061354197561740875
60,2953,Happy August first ! Feeling accomplished . 2 hours of yoga this morning so feeling physically and emotionally good . Had an appointment with a client today . Not a good match but feeling positive .   I absolutely need more clients and soon .   Hoping interest rates get lower and prices of homes do as well . Feeling hopefull,2024-08-01 17:00:53,7,False,2.0,0.0,True,2.080007314682007,0.14911428093910217
60,2959,"Accomplished , Fulfilled , Tired , Calm , Peaceful",2024-08-01 22:24:04,7,True,2.0,0.0,True,1.8012350797653198,-0.10428810864686966
61,3069,"Tired , Annoyed , Sleepy , Happy , Furious",2024-08-11 22:00:48,7,True,2.0,0.0,True,-0.1550430804491043,0.6910057663917542
61,3080,"Happy , Excited , Frustration , Annoyed , Sad",2024-08-12 12:56:20,7,True,2.0,0.0,True,1.4751821756362915,0.6478860974311829
61,3091,"Tired , Annoyed , Furious , Boredom , Upset",2024-08-12 22:00:21,7,True,2.0,0.0,True,-0.7426385283470154,0.8454050421714783
61,3102,Right now I ' m feeling annoyed and anxious so much that I don ' t get time to myself everybody wants their needs taken care of off of you I have a person and I have my own needs and I need things taken care of as well So with that being said tomorrow appointments at then I ' m going to,2024-08-13 12:36:59,7,False,2.0,0.0,True,-0.6468375325202942,1.2647703886032104
61,3113,Haven ' t woken up for my nap I ' m now going to cook lunch and pick up the kids and then come home and then read a book help the kids with homework feed the cats and wait on other truth now that I ' m in my chair I can relax and wait on the rest of the day today and and then cook later on a great meal,2024-08-13 17:00:26,7,False,2.0,0.0,True,0.5697774291038513,0.5450134873390198
61,3124,"Hot , Tired , Frustration , Worried , Scared",2024-08-14 12:05:47,7,True,2.0,0.0,True,-0.46313437819480896,0.7862876057624817
61,3136,Finally home . I can start cleaning the bathroom and mop in the hallway as well throwing up the trash I ' m clean and organized things . And then after that I will make a lunch and then I ' ll be able to relax,2024-08-15 12:39:44,7,False,2.0,0.0,True,0.9204988479614258,0.6701260209083557
61,3146,"Tired , Happy , Annoyed , Mad , Curious",2024-08-15 17:00:22,7,True,1.0,0.0,True,0.3884250521659851,0.7988280057907104
61,3157,"Tired , Depress , Sad , Conflicted , Trapped",2024-08-15 22:22:08,7,True,2.0,0.0,True,-1.0474538803100586,0.49762481451034546
61,3168,"Happy , Hunger , Satisfied , Content , Enjoyment",2024-08-16 22:00:26,7,True,2.0,0.0,True,1.0124536752700806,1.0323808193206787
64,4710,"Calm , Peaceful , Happy , Delightful , Grateful",2024-08-18 17:17:33,7,True,2.0,0.0,True,1.6151500940322876,0.25137412548065186
64,4711,Been feeling okay not sad not too happy \nThe fact that I have work and all of that is just stress \nIt’s time for bed and I’m stressed thinking of how the day will go and also how things will turn out \nIt’s abit fine but not too fine \nI’m also jovial and welcoming,2024-08-18 22:02:10,7,False,0.0,1.0,True,1.2517743110656738,0.9636767506599426
64,4712,"I’m somewhat contented because I have a couple of things on my mind \nAs it is a lot of stress on my mind and also drama here and there ,\nI feel tired and worried \nI feel contented too \nI feel anxious \nI feel worried too",2024-08-19 12:05:11,7,False,1.0,0.0,True,0.5126551985740662,0.915428638458252
64,4713,"Thoughtful , Enjoying , Relaxed , Calm , Happy",2024-08-19 17:11:42,7,True,1.0,1.0,True,1.1287647485733032,0.8464634418487549
64,4714,I’m calm and down \nI’m actually not bad today wasn’t a rough day it was a stressful day the drama was just there so I feel stressed and unhappy and all of that \nI feel good but not entirely happy and all of that I’m just feeling grateful and all of that \nI feel much more better,2024-08-19 22:00:36,7,False,1.0,0.0,True,0.9547131061553955,0.6009006500244141
64,4716,"Excitement , Exceptional , Hot headed , Joyed , Calm",2024-08-20 12:16:52,7,True,2.0,1.0,True,1.3359547853469849,1.567150354385376
64,4717,"Jiggy , Chill , Calm , Simple , Hungry",2024-08-20 17:06:05,7,True,2.0,0.0,True,0.5913549065589905,1.0259634256362915
64,4718,"Freaky , Fresh , Calm , Okay , Chilled",2024-08-21 12:42:50,7,True,1.0,0.0,True,1.0063557624816895,1.2946745157241821
64,4719,"I feel very demure , I feel happy words can’t even express how I’m feeling and all of that \nI have been good in recovery , I feel extra playful \nI feel like the world is on a different planet of excess joy from others \nI feel evolved and calm",2024-08-21 17:02:37,7,False,2.0,1.0,True,0.8166362643241882,0.6045857071876526
64,4733,"I’m feeling contented , I’m calm and happy I’m feeling goosebumps and chills , I’m feeling a whole lots of drama and all of that \nI’m feeling a different vibes from wahala \nI’m feel happy and stress less \nI’m feeling highly recommended and highly motivated and appreciated",2024-08-21 22:04:35,7,False,2.0,0.0,True,1.7655876874923706,0.40758541226387024
64,4734,"Feeling bright , Calm , Feeling relaxed , Left out , Hot tempared",2024-08-22 12:01:07,7,True,1.0,1.0,True,1.2518895864486694,0.5507815480232239
64,4735,"Sense of relief , Little work load , Overwhelming , Relaxed , Exceptional",2024-08-22 17:06:34,7,True,2.0,1.0,True,1.4514623880386353,0.6749129295349121
64,4736,"Relaxed , Sleepy , High , Restful , Dramatic",2024-08-22 22:00:52,7,True,2.0,0.0,True,0.9882145524024963,0.39649590849876404
64,4737,"Sexy , Happy , Calm , Extra , Extreme",2024-08-23 12:07:18,7,True,2.0,0.0,True,0.7273809909820557,1.421586275100708
64,4738,"Joyful , Excited , Appreciated , Chill , Fly",2024-08-23 17:02:54,7,True,1.0,0.0,True,1.5462816953659058,1.5339679718017578
64,4740,"I’m feeling active , I’m sleepy too , I’m unhappy at the moment , I had a fight with with someone so I feel disappointed , I practically feel very stressed ,\nI’m feeling okay as well \nI’m abit traumatized and stressed out , I miss my babe and all",2024-08-23 22:08:04,7,False,0.0,2.0,True,0.11331784725189209,1.4331501722335815
64,4741,"Sleepy , Cheesy , Calm , Soft , Hungry",2024-08-24 12:06:58,7,True,2.0,0.0,True,-0.13272933661937714,0.6202784180641174
64,4742,"Funny , Chilled , Calm , Excited , Relaxed",2024-08-24 17:10:15,7,True,2.0,0.0,True,0.5735723972320557,1.4546849727630615
64,4743,"I feel jiggy , I feel calm and relaxed , I’m just everywhere \nNo much drama I feel good and all of PERSON \nThank y’all for him being there \ nI feel responsible \nI feel preservation or the house \ nSo everything is now drama and a lot of parental responsibility I feel very ready and all",2024-08-24 22:03:59,7,False,2.0,0.0,True,1.6407679319381714,0.6486369967460632
67,4806,I am currently feeling neutral I ' m at neither sad or happy I ' m just normal . I ' m playing some video games at the moment and later on I will eat something . After that I will be on my phone and then take a shower and then sleep,2024-11-08 22:44:10,7,False,0.0,1.0,True,0.2797999382019043,0.7967954277992249
67,4807,"I currently feel tired it as   a very   long day yesterday I had to work a long shift and what I do is dishwashing and it ' s really tiring . Later on the day I wlll do some chores , be on my phone and eat and then take a bath and that ' s it",2024-11-10 17:00:36,7,False,0.0,1.0,True,-0.9610484838485718,-0.2216493785381317
67,4808,"Calm , Relaxed , Happy , Neutral , Tired",2024-11-10 22:02:13,7,True,0.0,1.0,True,0.9496147036552429,0.6261994242668152
67,4809,I current feel neutral neither tired or happy or sad just neutral . Might do some laundry later help my mother out with some errands . Do online surveys do some research on how to make some extra cash . Later on I will eat and scroll through reels for a bit,2024-11-11 17:20:27,7,False,0.0,1.0,True,0.0457565113902092,0.6630052924156189
67,4810,Currently feel sleepy and tired had to go do something early in the morning and feel tired . Might take a little nap for now and then I will pick up my brother from school . Then when I get back home i will clean,2024-11-13 12:31:33,7,False,0.0,0.0,True,-1.065924048423767,-0.005380064249038696
67,4811,"Calm , Neutral , Relaxed , Normal , Happy",2024-11-14 17:17:42,7,True,0.0,1.0,True,0.6741644144058228,0.7457475662231445
67,4812,I currently feel neutral I don ' t feel happy or sad just normal . Currently I will eat something and then I will help my brother with homework and then I will take a quick shower and then I will scroll through my phone for a bit and then sleep,2024-11-14 22:50:11,7,False,0.0,1.0,True,-0.15473715960979462,0.44058725237846375
67,4813,"Calm , Relaxed , Happy , Neutral , Sleepy",2024-11-15 17:24:37,7,True,0.0,1.0,True,1.0338419675827026,0.6729696393013
67,4815,I currently feel tired since I bought a tv from ORG and I went carrying it from GPE to where I live . It was heavy so I came a little fatigued from my hands and biceps . Later on I will take a quick bath and eat something,2024-11-15 22:34:20,7,False,0.0,1.0,True,-1.2046740055084229,0.26718389987945557
73,5022,"Neutral , Hopeful , Overwhelmed , Thoughtful , Expectant",2024-10-12 12:24:29,7,True,0.0,1.0,True,0.12959375977516174,1.0988088846206665
73,5023,"Tired , Exhausted , Hungry , Drained , Stressed",2024-10-12 22:06:33,7,True,0.0,1.0,True,-0.8917087912559509,0.3531781733036041
73,5024,"Quiet , Down , Unhappy , Thinking , Confused",2024-10-13 12:01:06,7,True,0.0,0.0,True,-0.5178297758102417,0.5020195245742798
73,5025,I ' m feeling weak and tired \nI had a stressful day and it ' s been so for some time now \ nNowadays I work more than is required so that ' s the reason \nI ' m feeling weak and tired \nI had a stressful day and it ' s been so for some time now \ nNowadays I work more than is required so that ' s the reason,2024-10-13 17:14:01,7,False,0.0,0.0,True,-1.0873645544052124,0.6198300123214722
73,5026,"Sick , Tired , Stressed , Not happy , Not well",2024-10-15 17:11:51,7,True,-1.0,1.0,True,-1.2531331777572632,0.38232168555259705
73,5027,"Happy , Active , Lively , Strong , Excited",2024-10-16 12:02:11,7,True,0.0,1.0,True,1.3476110696792603,1.5039647817611694
73,5028,"I ' m feeling tired after a long day \ nIt ' s been same all week , been feeling tired more often than usual \ nI work long hours so it ' s possibly why \ nI ' m feeling tired after a long day \ nIt ' s been same all week , been feeling tired more often than usual \ nI work long hours so it ' s possibly why \ nI ' m feeling tired after a long day \ nIt ' s been same all week , been feeling tired more often than usual \ nI work long hours so it ' s possibly why",2024-10-16 17:01:13,7,False,0.0,1.0,True,-1.0507147312164307,0.6905408501625061
73,5029,"I ' m currently feeling a bit exhausted and a bit tired , was quit very about the situation \nI ' m currently feeling a bit exhausted and a bit tired , was quit very about the situatio \ nn \nI ' m currently feeling a bit exhausted and a bit tired , was quit very about the situation",2024-10-16 22:43:26,7,False,0.0,1.0,True,-1.20768404006958,0.5087330937385559
75,5062,"tired , faint , pain , unease , annoyed",2024-10-22 22:01:22,7,True,-2.0,0.0,True,-1.3101903200149536,0.17240563035011292
75,5063,"back pain , tired , restless , seldom , quiet",2024-10-23 12:01:02,7,True,-2.0,0.0,True,-1.4688477516174316,-0.01722920686006546
75,5064,i had an emergency medical situation that required medical attention . i had pain that was intense and uncomfortable requiring the need for care . i am uncomfortable and want to rest . i will stay in bed and relax,2024-10-23 17:15:50,7,False,-1.0,0.0,True,-1.4392956495285034,0.32866665720939636
75,5065,"I am currently   feeling sick . i am experiencing extreme back pain that is resulting in restlessness , agitation .   the pain was a quick onset and is intensifying over the course of the day . i fewl as if i fell and   injured myself as i have no answers for the onset of the pain",2024-10-23 22:02:34,7,False,-2.0,0.0,True,-1.4318486452102661,0.5711326003074646
75,5066,i am still feeling sick . i am exhausted and tired at the current time . i am in bed resting and hoping to feel \ nbetter soon .    i am thinking that although work is rewarding getting sick from children is not the best,2024-10-24 12:00:24,7,False,-1.0,0.0,True,-1.6033037900924683,-0.3421868681907654
75,5067,"tired , content , still , soft , placid",2024-10-24 17:00:36,7,True,0.0,0.0,True,-0.5939981341362,-0.1132650300860405
75,5068,"still , faint , faint , tired , silent",2024-10-24 22:22:52,7,True,0.0,0.0,True,-1.255625605583191,0.1256527304649353
75,5069,i am currently feeling neutral . i am feeling a little better physically therefore it is improving my mood . i feel that my medical condition will improve and the pain will subside . it was an immediate onset and i am seeking out alternatives to have me rest .,2024-10-25 12:00:25,7,False,0.0,1.0,True,-0.3375806212425232,0.5882155299186707
75,5070,i am a little more content at this time as i am more rested and alert . the pain is decreasing and i have fewer symptoms . i am refreshed to know that family will be visiting tomorrow as children make me happy and content . i look forward to visitors and having a special time with them,2024-10-25 22:27:08,7,False,0.0,0.0,True,0.6497049331665039,0.5246865749359131
75,5071,i am feeling extremely content at this time . i am able to relax / watch a television show of interest and feel at ease . i located my tens medical machine and my back pain has decreased . i wished i thought of this earlier . i have a solution to a dilemma and therefore content and calm,2024-10-26 22:00:58,7,False,2.0,0.0,True,1.9185328483581543,0.3852750360965729
75,5072,i am feeling content and calm on this Sunday morning .   I had a decent nights sleep and feel well rested .   I am experiencing decreased pain and the headache is not as intense .   i look forward to visitors on this day and will \ nplan accordingly .,2024-10-27 12:00:34,7,False,2.0,2.0,True,1.5321271419525146,0.13166296482086182
75,5073,I returned back to work today and have a light schedule .   i am looking forward to meeting with sites and planning for a rewarding experience . my activities for the day includes working on social emotional learning / feelings charts .,2024-10-28 12:01:18,7,False,2.0,0.0,True,0.36219528317451477,0.7206241488456726
75,5074,"sleepy , tired , exhausted , fatigue , lethargic",2024-10-28 22:38:04,7,True,0.0,0.0,True,-1.728763222694397,-0.17395952343940735
75,5075,"fatigue , tired , bored , sick , feverish",2024-10-29 17:03:07,7,True,-1.0,0.0,True,-1.3990978002548218,0.10520165413618088
75,5076,"quiet , tired , content , restless , poised",2024-10-30 22:05:31,7,True,0.0,0.0,True,-0.6362476944923401,0.11638965457677841
80,5193,"Dynamic , Vibrant , Tired , Stressed , Convinced",2024-08-22 17:15:20,7,True,0.0,1.0,True,1.046789526939392,1.0113223791122437
80,5194,"Energetic , Capable , Smiley , Encouraging , Determined",2024-08-22 22:26:27,7,True,0.0,2.0,True,0.6425622701644897,1.9010504484176636
80,5195,"Stressed , Disturbed , Distress , Confused , Tired",2024-08-23 12:14:29,7,True,0.0,1.0,True,-0.8701704144477844,0.7882776856422424
80,5196,"Irritated , Annoyed , Weak , Disappointed , Sluggish",2024-08-23 17:09:48,7,True,-1.0,1.0,True,-0.9249461889266968,1.2025961875915527
80,5197,"Vibrant , Energetic , Dynamic , Motivated , Convinced",2024-08-23 22:25:44,7,True,1.0,1.0,True,0.9861310124397278,1.637152075767517
80,5198,"Fun , Happy , Determined , Vibrant , Steady",2024-08-24 12:14:11,7,True,0.0,2.0,True,1.2425998449325562,1.3429908752441406
80,5199,Feeling bored stressed like all is about to end in a dark and unfair situation mood switching from opposite phase disappointed that fair goals are met for the day and not having adequate fun to ignite the day .,2024-08-24 17:37:10,7,False,-1.0,1.0,True,-0.7551700472831726,0.9730544090270996
80,5200,"A neutral feeling is a calm and balanced state , free from strong emotions or biases . It ' s a midpoint between positive and negative , where neither excitement nor sadness dominates . Imagine a still pond , reflecting the surroundings without a ripple . Neutral feelings bring clarity , and stability , like a steady heartbeat .",2024-08-25 12:09:17,7,False,0.0,1.0,True,0.36872196197509766,0.46694809198379517
80,5201,"Calm , Reversed , Still , Grateful , Grieved",2024-08-25 17:21:55,7,True,-2.0,0.0,True,1.0178114175796509,0.6343477368354797
80,5202,"A quiet feeling is a peaceful and serene state , characterized by stillness and calmness . It ' s a sense of gentle hush , where thoughts and emotions are subdued , and the mind is tranquil . Imagine a snowflakes ' gentle fall , or a soft misty dawn , where the world is muffled and slow . Quiet feelings bring a sense of refuge , comfort , and contemplation , like a warm embrace that soothes the soul . In this state , the world ' s noise and chaos fade away , leaving only a sense of gentle quietude .",2024-08-25 22:13:29,7,False,0.0,0.0,True,-0.3346031904220581,0.17714694142341614
80,5203,"Calm , Perplexed , Reserved , Determined , Vibrant",2024-08-26 12:59:44,7,True,0.0,0.0,True,0.8470883369445801,0.6127018928527832
80,5204,"A neutral feeling is a calm and balanced state , free from strong emotions . It ' s a midpoint between positive and negative , where neither excitement nor sadness dominates . Thoughts and feelings are acknowledged without judgment , like a still pond reflecting the surroundings . Neutral feelings bring clarity , objectivity , and stability , like a steady heartbeat . No strong attachment or reaction , just a sense of ""being "" without bias . It ' s a state of emotional equilibrium , where one observes life without taking sides , like a witness to the present moment .",2024-08-26 17:39:14,7,False,0.0,1.0,True,0.4296081066131592,0.43926000595092773
80,5205,"Vibrant , Hearty , Grateful , Optimistic , Determined",2024-08-29 17:01:43,7,True,0.0,2.0,True,1.1592174768447876,1.7352527379989624
80,5206,"Perplexed , Vibrant , Dynamic , Optimistic , Determined",2024-08-29 22:41:33,7,True,0.0,2.0,True,0.16870859265327454,1.888650894165039
89,571,I feel happy and lively even thought I got some kind of bad news today . But that bad news doesn’t define me and I’m having too great of a day so I feel great ! I feel content and full of happiness . My muscles feel good from finishing my workout too . I do feel hungry though .,2024-08-19 17:04:31,7,False,2.0,2.0,True,1.8010377883911133,1.5040355920791626
89,572,"Tired , Sluggish , Ok , Sore , Hungry",2024-08-20 12:52:24,7,True,-1.0,0.0,True,-0.8081439137458801,0.1587493121623993
89,573,"I’m currently feeling less tired but still tired . My eyes feel a little heavy and my back a little sore . I feel a little crampy (period cramps) . I feel a little lazy today also . But that’s it , that’s basically how I’m feeling .",2024-08-20 17:13:00,7,False,-1.0,0.0,True,-0.9393002390861511,0.2998920679092407
89,574,"I am feeling good . I feel lively and excited and happy . I feel a little sore but not too crazy . Overall , I am better now than I was earlier today . That’s basically how I’m feeling today at this very moment .",2024-08-20 22:06:49,7,False,0.0,2.0,True,1.0173543691635132,1.2380255460739136
89,579,"I feel active , lively , but slightly tired . My eyes mainly feel a little tired . I am pretty energetic though . I also feel excited and a little nervous . I also feel angsty . That’s basically it how I’m feeling at the moment .",2024-08-21 12:39:01,7,False,0.0,2.0,True,-0.50289386510849,1.215554118156433
89,580,I’m feeling tired right now and somewhat emotionally drained . My eyes are definitely tired and I’m trying to stay focused . My top body feels sore (from working out) and I feel like I was to sleep . That is basically how I am feeling .,2024-08-21 17:35:51,7,False,-1.0,0.0,True,-1.6469916105270386,0.22297906875610352
89,581,"I feel tired today since I went to bed late last night . I also feel sluggish and a little defeated . My brain feels fuzzy , but I’m trying to get out of it so I can be productive today . I also feel somewhat emotionally drained and a little stressed .",2024-08-23 12:47:21,7,False,0.0,0.0,True,-1.7330409288406372,0.19892975687980652
89,582,"Nervous , Thoughtful , Nervous , Stressed , Ignorant",2024-08-23 22:37:59,7,True,0.0,1.0,True,-0.4736998677253723,1.175554871559143
89,583,"Meh , Stressed , Unmotivated , Unfocused , Drained",2024-08-24 12:44:12,7,True,0.0,1.0,True,-0.5386165380477905,0.5218536257743835
89,584,"Sluggish , Tired , Drained , Defeated , Nervous",2024-08-24 22:07:43,7,True,-2.0,0.0,True,-1.4339733123779297,0.0782369002699852
89,585,"Content , Excited , Slightly nervous , Active , Determined",2024-08-25 17:30:31,7,True,0.0,2.0,True,1.0616742372512817,1.2281689643859863
89,586,"Nervous , Tired , Hungry , Frustrated , Defeated",2024-08-26 17:50:44,7,True,-1.0,2.0,True,-0.6555584073066711,1.0617223978042603
89,587,"Tired , Exhausted , Hungry , Happy , Intrigued",2024-08-29 22:10:23,7,True,-2.0,0.0,True,0.1233852282166481,0.7916367053985596
94,970,"Cool , Calm , Lowkey , Normal , Gentle",2024-11-13 12:05:15,7,True,2.0,0.0,True,1.0010312795639038,0.33595573902130127
94,971,"Sluggish , Tired , Down , Depressed , Low",2024-11-13 17:17:46,7,True,-2.0,0.0,True,-1.8593521118164062,0.04707985371351242
94,1182,"normal to have an ""off "" day or two where you don ' t feel like yourself . If you ' re feeling ""off "" or ""weird "" for more than a couple of days , you can try to reflect on what ' s going on and ask yourself some non-judgmental questions . \n",2024-11-13 22:04:54,7,False,0.0,0.0,True,0.24514085054397583,0.5023555755615234
94,1183,"Sad , Down , Low , Not happy , Depressed",2024-11-14 12:01:59,7,True,-2.0,1.0,True,-1.599771499633789,0.6216416954994202
94,1184,"Quite , Calm , Lowkey , Chilled , Unbothered",2024-11-14 17:32:41,7,True,0.0,0.0,True,1.0376707315444946,0.34447985887527466
94,1185,"There are many reasons why you might feel ""off "" or ""weird "" from time to time , including : \nA symptom of depression that can make you feel empty , discouraged , isolated , or unfocused . You might feel like you ' re going through the motions and can ' t connect to your environment",2024-11-15 12:09:22,7,False,0.0,0.0,True,-1.2242847681045532,0.8159380555152893
94,1186,"Active , Alive , Energetic , Online , Active",2024-11-15 17:19:13,7,True,0.0,2.0,True,-0.1529788374900818,1.7851709127426147
94,1187,"Feeling calm and quiet "" means experiencing a state of inner peace and serenity , where there is a lack of agitation , disturbance , or excitement , essentially a feeling of tranquility and stillness , like a peaceful moment with minimal external stimuli ; it implies a sense of being relaxed and composed , both mentally and physically",2024-11-16 12:04:43,7,False,2.0,0.0,True,-0.2531779110431671,0.30078986287117004
94,1188,"Calm , Gentle , Dull , Down , Lowkey",2024-11-16 17:12:38,7,True,2.0,0.0,True,0.5061362385749817,0.06215144693851471
94,1189,"saying that expresses a lack of strong emotion or opinion on a particular matter , often conveying a sense of detachment or indifference ; a common example is ""If you are neutral in situations of injustice , you have chosen the side of the oppressor ,"" which highlights that remaining neutral in the face of wrongdoing can be interpreted as supporting the unjust side .",2024-11-17 12:09:21,7,False,0.0,1.0,True,-0.35098183155059814,0.8814762234687805
94,1190,"Happy , Cheerful , Jovial , Joyous , Jollyful",2024-11-17 17:38:30,7,True,2.0,1.0,True,1.5316871404647827,1.1883198022842407
94,1191,"Enthusiasm is related to other words like playfulness , inventiveness , optimism , zest , and high energy . The word enthusiasm comes from the NORP word enthousiasmos , which comes from enthou , meaning ""possessed by a god , inspired "". It was originally used in a derogatory sense to describe excessive religious zeal",2024-11-18 12:32:00,7,False,2.0,2.0,True,0.36284491419792175,1.2590610980987549
94,1192,"Slow , Dull , Moody , Down , Depressed",2024-11-18 22:53:59,7,True,-1.0,0.0,True,-0.9266278147697449,0.2088589072227478
94,1193,"Neutral feelings can be normal , and they can occur alongside positive or negative emotions . For example , a parent might feel neutral about going to the park with their child , but also feel happy because their child wants to spend time with them .",2024-11-19 12:08:06,7,False,0.0,1.0,True,-0.023275261744856834,1.0672556161880493
94,1194,"Calmness can soothe negative emotions like anxiety , stress , anger , and frustration . It can also encourage other emotional habits Feeling calm is a psychological state of peace and quiet , where you feel at ease and free from anxiety , stress , and tension",2024-11-19 17:18:38,7,False,2.0,0.0,True,0.14967244863510132,0.7310413718223572
99,1390,"Tired , Bored , Drained , Confused , Pensive",2024-11-12 22:23:00,7,True,0.0,1.0,True,-1.1326652765274048,0.33371561765670776
99,1391,"Had another doctors appointment this morning , always nerve wracking , also had too much coffee . I have two interviews today so that is not helping with the nerves . Otherwise I am excited for the outcome of my meetings/interviews today and to be done with my doctors appointments .",2024-11-13 12:02:17,7,False,-2.0,2.0,True,-0.38587528467178345,1.0271342992782593
99,1392,I am calm because I ate and am sitting by the fire relaxing . I am thinking about my appointment tomorrow which makes me slightly anxious . I am feeling excited because I got another job interview for one that I am excited about .,2024-11-13 22:02:32,7,False,0.0,1.0,True,0.8846348524093628,0.9909160137176514
99,1393,I am feeling tired because I had to get up for the doctors again but am happy because my treatment is almost done . I am grateful for the breakfast that I just had and because my mentor agreed to write me a letter of rec . this makes me a little nervous because it means I need to get started on PhD apps !,2024-11-14 12:01:01,7,False,0.0,0.0,True,-0.37098369002342224,0.43309926986694336
99,1394,I am feeling chill because I’m home by the fire and got responses to important emails . I am still waiting to hear about my medical stuff so I am a little nervous about that . I had a stressful afternoon so I am decompressing .,2024-11-14 22:17:51,7,False,0.0,0.0,True,0.27874070405960083,0.6736103296279907
99,1395,"Chill , Tired , Anxious , Full , Unmotivated",2024-11-15 12:32:34,7,True,-2.0,0.0,True,0.18880772590637207,0.8734699487686157
99,1396,"I’m very hungry right now and stressed because I have to give myself a shot at 2 in the morning to prep for a surgery so I am already getting anxious for that . Otherwise I am trying to relax , I had a productive day .",2024-11-15 22:01:23,7,False,-2.0,0.0,True,-0.7107945680618286,1.241719365119934
99,1397,I am very tired because I had to stay up to administer my shots at 2 am and then couldn’t sleep . I am feeling nervous for my procedure tomorrow but excited to be done with the process . I am more relaxed because it’s the weekend .,2024-11-16 12:01:08,7,False,-2.0,0.0,True,-1.4488338232040405,0.0986182764172554
99,1398,Still feeling very tired and unmotivated which is frustrating because I have a lot to get done ! I am drained and just want to stay in bed but I am trying to convince myself to go on a walk . I just feel lazy and uncomfortable .,2024-11-16 17:02:17,7,False,-2.0,0.0,True,-1.4412771463394165,0.15796756744384766
99,1399,I am nervous and anxious because I have surgery today . I am glad to almost be done with it but I have never had surgery before so I’m a little scared . I am hopeful that everything will go well . I am feeling supported by family .,2024-11-17 12:01:13,7,False,-2.0,2.0,True,-0.36372917890548706,1.358054518699646
99,1400,"Tired , Unmotivated , Uncomfortable , Sluggish , Quiet",2024-11-18 12:50:49,7,True,-1.0,0.0,True,-1.062219262123108,0.31064462661743164
99,1401,I am feeling pretty productive today but quite stressed by all I have to do . I am still feeling a little inactive because of my procedure and want to be more active . I am also getting a little anxious about the holidays because I just made some plans .,2024-11-19 17:21:11,7,False,0.0,2.0,True,0.5542600750923157,1.0695171356201172
99,1402,"Calm , Chill , Sluggish , Frustrated , Bored",2024-11-19 22:05:24,7,True,2.0,0.0,True,0.47784242033958435,0.5891693830490112
99,1403,"Bored , Chill , Thoughtful , Tired , Relaxed",2024-11-20 17:43:12,7,True,0.0,1.0,True,-0.27573493123054504,0.5267989039421082
105,1796,"Tired , Anxious , Grateful , Neutral , Content",2024-11-20 12:00:52,7,True,-2.0,0.0,True,0.0393521711230278,0.7635295987129211
105,1798,Not the best right now . Financial issues becoming stress in the family living off a 1 person income . Also tired since only slept for about 2 hours so hopefully my next nap is soon . I am thankful for my kids they are my true motivation .,2024-11-20 17:00:52,7,False,-2.0,2.0,True,-0.6548622250556946,0.5130987763404846
105,1799,"Sluggish , Pain , Tired , Overwhelmed , Content",2024-11-20 22:56:11,7,True,-2.0,0.0,True,-0.9333457350730896,0.20481926202774048
105,1800,Today I am not feeling the most comfortable and confident about the future . Hardships in my personal life are starting to make me more nervous today and hoping that will pass . I am tired because of my night shift but hard time falling asleep at the moment . Soon I will be more comfortable but I know hard times pass .,2024-11-21 12:00:52,7,False,-2.0,0.0,True,-1.457326054573059,0.44777655601501465
105,1801,Could be better . I feel well rested but still stressing . Hoping that this feeling will go away but will take it one day at a time . I am hungry since I just woke up and need to eat . Also looking forward to something with my family that’s coming soon so can’t wait for that .,2024-11-21 17:05:28,7,False,-2.0,0.0,True,0.19422687590122223,0.9997507929801941
105,1802,I am tired and have a headache . I am getting hungry because I didn’t have breakfast but not sure what to eat . I am sluggish from the lack of sleep but will be taking a nap soon . I am hopeful for the future because if I don’t then negativity drown my thought .,2024-11-22 17:00:48,7,False,-1.0,1.0,True,-1.1872905492782593,0.11554776877164841
105,1803,Tired and sluggish since I just woke up but lazy as well . Not in the mood to get up to cook but need to start making dinner . Not really excited about work tonight but at least I have my days off ahead to look forward to . Those are my relaxing nights since I can sleep in my own bed . Happy to be spending time with family soon .,2024-11-22 22:01:05,7,False,-1.0,0.0,True,-0.4154162108898163,-0.0850825235247612
105,1815,"Tired , Uncertain , Neutral , Unsure , Confused",2024-11-23 12:07:57,7,True,-2.0,0.0,True,-0.9350699186325073,0.6377403140068054
105,1816,I am currently starving since I haven’t eaten and been up for a while . Got no sleep this morning since my daughter got up to early so running on a hour of sleep . Hopefully I’ll be able to rest fine when I can sleep but will be doing that soon . I am ok because of exhaustion so can’t tell you how my emotions are because of tiredness .,2024-11-23 17:12:44,7,False,-1.0,2.0,True,-1.1124106645584106,0.36745762825012207
105,1817,Jittery this morning since I did not get a good nights sleep . Happy to see my family today for my brothers birthday so we will be having fun together . Nervous to pay a bill to lose my WiFi but will be able to still enjoy my time . Also happy to know my family will be together to celebrate thanksgiving .,2024-11-24 12:06:04,7,False,-1.0,2.0,True,0.9300923347473145,0.7689422965049744
105,1818,"Neutral , Uncomfortable , Uncertain , Sluggish , Pain",2024-11-25 12:10:39,7,True,0.0,1.0,True,-0.31276506185531616,0.8370804190635681
105,1820,"Tired , Unmotivated , Neutral , Content , Lazy",2024-11-25 22:34:54,7,True,-2.0,0.0,True,-0.5606725811958313,0.569610595703125
105,1821,"Thirsty , Tired , Hungry , Annoyed , Pain",2024-11-26 17:20:42,7,True,0.0,1.0,True,-0.2675723433494568,0.8814180493354797
106,1832,"Upset , Resentful , Emotional , Unhappy , Frustrated",2024-10-20 12:40:12,7,True,-2.0,1.0,True,-1.1192905902862549,1.2042169570922852
106,1833,"I feel very overwhelmed from the last couple of days . I’m more calmed down now , but not completely relaxed . I feel a bit hopeless about the problems I’m facing but am trying to distract myself by doing things I enjoy .",2024-10-21 12:00:40,7,False,0.0,1.0,True,-0.8946300148963928,1.1239452362060547
106,1834,"Annoyed , Irritated , Angry , Frustrated , Confused",2024-10-21 22:27:11,7,True,-1.0,2.0,True,-1.0616986751556396,1.3606657981872559
106,1835,"Mild , Congested , Ambivalent , Tired , Sleepy",2024-10-22 12:32:44,7,True,1.0,0.0,True,0.13199792802333832,0.8509675860404968
106,1836,"I’m feeling less sick and more energetic . I’m still stressed and uneasy , but less so than I have been recently . I’ve been distracting myself by doing things I enjoy and that’s helped me feel better . I’m hopeful that my mood will improve .",2024-10-22 22:04:59,7,False,0.0,1.0,True,0.08715751022100449,0.9759765267372131
106,1837,"I’m in a better mood than I have been lately . I feel energetic and positive . While I am still stressed and uneasy , I have found comfort in spending time with others . I feel more motivated to do things I enjoy and leave my house besides going to work .",2024-10-23 12:11:48,7,False,1.0,0.0,True,0.49775683879852295,1.2923563718795776
106,1838,"I’m still sick . My symptoms feel like they’re improving , but earlier I had a coughing fit that was irritating and painful . I’m going to go to sleep soon so I’m looking forward to that . I feel lonely and tired . I miss a lot of people who used to be in my life that are hard to keep in touch with .",2024-10-23 22:07:23,7,False,0.0,1.0,True,-0.6252012252807617,0.7692493796348572
106,1839,I’m looking forward to the weekend . I have fun plans and that’s helping improve my mood . I’m still sick and I’m really tired but I don’t feel bothered by anything . I think today will be a good day and that has put me in a good mood .,2024-10-24 12:31:06,7,False,1.0,0.0,True,1.3022483587265015,0.7620132565498352
107,1859,I had a lot of trouble falling asleep last night . I tried everything I could think of to help me fall asleep but none of it worked . So now I am very tired and my heart is beating very fast (possibly due to anxiety) .,2024-08-11 12:00:46,7,False,-2.0,0.0,True,-1.491431474685669,0.9167003631591797
107,1860,"I went out to get some coffee and food with a friend . We had a good chat . But for reasons unknown even to me , I started to feel really down after we parted ways . Now I am sitting in my room and crying . I hate my life and I hate myself .",2024-08-11 17:00:34,7,False,-2.0,1.0,True,-0.9004822373390198,0.6743327379226685
107,1861,"I was feeling intense emotions earlier , so I journaled about all those complicated feelings . I am feeling calmer now . I understand that I am going through a very difficult time , and I need to be extra kind and patient with myself . I have survived worse in the past , and I will get through this too .",2024-08-11 22:07:02,7,False,-1.0,1.0,True,-0.8382725119590759,1.2194803953170776
107,1863,"Tired , Lethargic , Mellow , Chill , Easygoing",2024-08-12 12:00:35,7,True,0.0,0.0,True,-0.6415476202964783,0.17790013551712036
107,1864,"I am feeling kind of stuck . On one hand , I am too tired to do the things I want to do , so I feel stressed out about it which causes me to not sleep well at night , which in turn results in me feeling tired during the day and it has become this vicious cycle . I understand that I need to be gentle with myself but I also do not want to use that as an excuse to forgo my responsibilities .",2024-08-12 17:05:54,7,False,-1.0,0.0,True,-1.2677961587905884,1.0423744916915894
107,1865,"After taking a two-hour nap , I finally felt more energetic . I accomplished a lot of chores and some tasks related to work . Although my sadness did not go away , I did not let it stop me from doing things and taking care of myself .",2024-08-12 22:11:59,7,False,0.0,1.0,True,-0.32784873247146606,1.0120481252670288
107,1866,"I had a lot of trouble falling asleep last night . I think it was because I had too much tea and took a nap in the afternoon . So I am feeling very tired this morning . Also , I have 3 interviews tomorrow which I am very nervous about .",2024-08-13 12:13:28,7,False,-1.0,0.0,True,-1.3573933839797974,0.3978521227836609
107,1867,"Tired , Drained , Numb , Lost , Sad",2024-08-13 17:07:37,7,True,-2.0,0.0,True,-1.5250486135482788,0.11051874607801437
107,1868,"Sad , Down , Numb , Tired , Lonely",2024-08-13 22:00:39,7,True,-1.0,1.0,True,-1.2968500852584839,0.6604238748550415
107,1869,"Content , Motivated , Ok , Productive , Supported",2024-08-14 17:44:17,7,True,1.0,0.0,True,0.4545975923538208,0.972451388835907
107,1870,"After a long day , I am hanging out with some friends . It is nice to be in the company of people who have a good sense of humor and support me . I feel better now even though it was a rough day for me otherwise . So that was good .",2024-08-14 22:03:29,7,False,0.0,1.0,True,0.08337294310331345,1.0544487237930298
107,1871,I am feeling extremely exhausted . I just took a two-hour nap and am still feeling tired . I tried to push myself to get up and do something but I just feel like I am going to fall asleep at any given moment .,2024-08-15 17:05:44,7,False,-2.0,0.0,True,-1.7378543615341187,0.44700732827186584
107,1872,"Tired , Motivated , Content , Cozy , Connected",2024-08-16 12:01:59,7,True,0.0,0.0,True,-0.17970365285873413,0.4272487163543701
107,1874,I am feeling a mix of emotions right now : a little bit overwhelmed by all the things that I have to do ; sad about my current life situation ; and stressed out about my job search and starting my own business .,2024-08-16 17:09:43,7,False,-1.0,1.0,True,-0.7653818726539612,1.5496854782104492
107,1875,"Sluggish , Drained , Numb , Pessimistic , Lonely",2024-08-16 22:01:36,7,True,-2.0,0.0,True,-1.5310914516448975,0.07601132243871689
107,1876,"Active , Motivated , Productive , Tired , Sleepy",2024-08-17 12:01:29,7,True,0.0,2.0,True,0.20482616126537323,1.3976953029632568
107,1877,"Sad , Down , Tired , Lethargic , Lonely",2024-08-17 22:21:37,7,True,-1.0,1.0,True,-1.287514567375183,0.6685693860054016
119,2478,"Happy , Thirsty , Content , Lazy , Glad",2024-10-20 22:01:51,7,True,2.0,2.0,True,1.1919245719909668,1.1051751375198364
119,2479,"Okay , Chill , Happy , Comfortable , Nice",2024-10-21 22:01:00,7,True,0.0,1.0,True,1.1589536666870117,0.6595546007156372
119,2480,"Nervous , Hungry , Tired , Excited , Calm",2024-10-24 17:26:33,7,True,-1.0,2.0,True,0.6038126349449158,0.9445134401321411
119,2481,"I feel like crying a bit , and maybe alot . My ear is hurting and i’ve been more sensitive with the wind as it hits my ear . It doesn’t help when there’s an instrument by in my ear constantly for marching band .",2024-10-25 17:13:50,7,False,-1.0,1.0,True,-1.24924898147583,1.0310028791427612
119,2483,"Quiet , Hungry , Longing , Tired , Cold",2024-10-28 22:00:44,7,True,0.0,0.0,True,0.35026097297668457,0.6703471541404724
120,2510,"I am content and calm after having a great day . I am ready to relax and wind down for the night . I am excited for tomorrow to come and am anticipating a very light , easy day at work + plans with friends .",2024-11-07 22:48:34,7,False,2.0,0.0,True,1.2461155652999878,0.22257322072982788
120,2511,"sluggish , tired , excited , content , thoughtful",2024-11-08 12:46:36,7,True,-2.0,0.0,True,-0.520672619342804,0.2536751627922058
120,2513,"content , calm , reflective , grateful , cheerful",2024-11-08 22:38:18,7,True,2.0,0.0,True,1.5744760036468506,0.6400380730628967
120,2514,"quiet , exhausted , drained , sleepy , satisfied",2024-11-09 22:54:45,7,True,0.0,0.0,True,-1.1562057733535767,0.15087395906448364
120,2515,"sluggish , tired , annoyed , dissatisfied , questioning",2024-11-10 12:26:28,7,True,-1.0,0.0,True,-1.4824312925338745,0.3012073040008545
120,2516,I am happy because I found out today is a national holiday and therefore I don ' t have to work since it ' s a company holiday too . I am excited because I now have time to complete errands and enjoy the downtime with my family . I am pondering what I can do today for fun .,2024-11-11 12:53:21,7,False,1.0,1.0,True,1.6251553297042847,0.9824283123016357
120,2517,"quiet , satiated , content , tired , sleepy",2024-11-11 22:02:09,7,True,0.0,0.0,True,0.29588401317596436,0.229263037443161
120,2518,"sluggish , tired , drained , sleepy , concerned",2024-11-12 22:02:01,7,True,-2.0,0.0,True,-1.664087176322937,0.09337901324033737
120,2519,"jittery , nervous , on edge , stressed , annoyed",2024-11-13 12:44:14,7,True,-2.0,2.0,True,-1.4638538360595703,1.9270122051239014
120,2520,"confused , sluggish , tired , annoyed , irritated",2024-11-13 17:23:11,7,True,-1.0,0.0,True,-1.54958975315094,0.5311717987060547
120,2521,"neutral , calm , collected , content , relaxed",2024-11-13 22:02:01,7,True,0.0,1.0,True,1.100401759147644,0.6772988438606262
120,2522,I am feeling content having finished up a tough work week . I am feeling happy having met up with friends .   I am feeling quiet as I decompress through meditation and relaxing yoga . I am feeling tired as I go through my nightly routine,2024-11-15 22:07:03,7,False,2.0,0.0,True,1.1050688028335571,0.11805040389299393
122,2601,"Calm , Neutral , Fine , Bored , Tire",2024-09-05 12:06:15,7,True,0.0,1.0,True,0.6504155397415161,0.7032354474067688
122,2602,"I am currently feeling okay right now . It is getting late in the afternoon for this workday , and I feel like the day is going by quite slowly . I am a bit tired , maybe a little bored , and am looking forward to attending a local baseball game tonight . It should be a fun time .",2024-09-05 17:06:05,7,False,1.0,1.0,True,-0.03231515735387802,0.38465118408203125
122,2603,"Content , Calm , Relaxed , Happy , Joyful",2024-09-05 22:55:03,7,True,2.0,0.0,True,1.2779306173324585,0.537391185760498
122,2604,"Okay , Fine , Neutral , Unemotional , Blank",2024-09-06 17:15:22,7,True,0.0,1.0,True,0.3063724637031555,0.8254998326301575
122,2605,"Calm , Okay , Content , Fine , Happy",2024-09-07 17:09:15,7,True,0.0,1.0,True,1.1746888160705566,0.4376729726791382
122,2606,"I am feeling fairly good right now because it is Saturday night and I am home and just relaxing . We had some family visiting our home earlier today , which was an enjoyable experience . I am very excited for the upcoming start of the ORG football season , which begins tomorrow at 10AM",2024-09-07 22:05:13,7,False,1.0,1.0,True,0.6057186722755432,0.7381967306137085
122,2607,"Happy , Joyful , Great , Good , Content",2024-09-08 17:01:17,7,True,1.0,1.0,True,1.5526585578918457,0.9801309108734131
122,2608,"Okay , Fine , Neutral , Blank , Meh",2024-09-08 22:27:30,7,True,0.0,1.0,True,0.4289923310279846,0.6719083189964294
122,2609,"Active , Alert , Productive , Caffeinated , Good",2024-09-09 12:06:58,7,True,0.0,2.0,True,0.16078975796699524,1.6430121660232544
122,2611,"I am currently feeling okay at the moment . I am almost done with today ' s workday (on Tuesday September 10th) and I am pretty glad that this day is nearly over . I am feeling just a little bit stressed , but more so tired",2024-09-10 17:10:58,7,False,0.0,1.0,True,0.7439844012260437,0.8055499196052551
122,2612,"I am feeling okay right now . It is almost the end of today ' s workday , and I had a few stressful moments earlier today in which my manager learned of some mistakes I had made on one of my analyses . I do not think it is going to turn into a big deal in the future , but it did make me a bit upset in the moment .",2024-09-11 17:10:09,7,False,0.0,1.0,True,-0.056341879069805145,0.7686814069747925
122,2613,"It is currently Wednesday evening at 8 : 17PM , and I am feeling fairly happy right now . My wife and I finished dinner and are next going to look for something entertaining to watch on ORG or ORG . I am also glad that the hot weather is over and we are back to normal GPE  weather .",2024-09-11 22:17:13,7,False,1.0,1.0,True,1.0618884563446045,0.8340982794761658
127,2926,"Today , I feel neutral . It’s like I’m just hanging out in this middle zone where nothing’s super exciting , but nothing’s really bothering me either . I’m not overly happy or sad , just kind of ... there . It’s like when you’re listening to a song that’s just okay ; you’re not skipping it , but you’re not jamming out to it either . \nI’m just going through the day without any big highs or lows . I’m not super pumped to do anything , but I’m not dreading anything either . It’s almost like I’m just on autopilot , letting things happen without getting too wrapped up in them . It feels kind of chill , like a break from all the usual ups and downs .",2024-09-24 12:26:12,7,False,0.0,1.0,True,-0.011930292472243309,0.6652994751930237
127,2927,"I ' m really happy right now because everything in my life feels like it’s going in the right direction . I’m surrounded by people who make me smile and support me , and that makes a huge difference . It’s like every day brings something good , even if it’s just enjoying a nice walk or hanging out with friends . \nI’ve had some tough times , but those moments make me appreciate this happiness even more . Now , I feel more confident , and I’m learning to just go with the flow . I’ve realized that even the small things , like listening to my favorite music or having a good meal , can bring a lot of joy . This happiness makes me feel lighter , more positive , and excited for what’s next .",2024-09-24 17:00:41,7,False,1.0,2.0,True,1.7131242752075195,1.3124958276748657
127,2928,"Today , I feel really sad . Everything just feels heavier than usual , and it’s like nothing makes sense . I woke up hoping it would be a good day , but it’s just hard to shake off this feeling . The things that used to make me smile don’t feel the same , and it’s tough to find any motivation .\ n \ nI’m trying to stay positive , but it’s like my mind is stuck on everything that’s wrong . I know I’m not the only one who feels this way , but it still feels lonely . I wish I could snap out of it and feel better , but today , it’s just not that easy . For now , I’m just letting myself feel what I feel , hoping tomorrow will be different .",2024-09-25 12:02:56,7,False,-2.0,1.0,True,-0.8164138793945312,1.430660367012024
127,2929,"Today , I feel pretty neutral . It’s like I’m just going through the day without feeling super happy or really sad . I’m not excited about anything , but I’m not upset either . It’s just one of those days where everything feels kind of average , like I’m just here and things are happening around me . Nothing is really bothering me , but nothing is making me feel great either . It’s a bit like coasting , where I’m just moving along with whatever’s happening without getting too caught up in it . It’s not a bad feeling , just kind of calm and chill , like I’m in the middle , not leaning one way or the other .",2024-09-25 17:01:48,7,False,0.0,1.0,True,-0.06496468931436539,0.849546492099762
127,2930,"Happy , Sad , Mad , Content , Glad",2024-09-25 22:04:50,7,True,-1.0,2.0,True,0.9943594336509705,1.1212862730026245
127,2931,"Right now , I ' m feeling really jittery , like I’ve had way too much caffeine . My hands are kind of shaky , and I feel restless , like I just can’t sit still . It’s like my mind is racing with a bunch of thoughts all at once , and it’s making it hard to concentrate . My heart feels like it’s beating a bit faster , and it’s giving me this nervous , uneasy feeling . It’s almost like I’m excited or anxious , but I’m not really sure why . I just feel all this energy inside me , and it’s hard to calm down . This jittery feeling makes me want to move around , but at the same time , it’s kind of frustrating because I just want to feel normal and relaxed again . It’s like I need to take a deep breath and chill , but my body and mind just won’t let me right now .",2024-09-26 12:21:35,7,False,-1.0,1.0,True,-0.7924577593803406,1.5205501317977905
127,2932,"Today , I’m feeling pretty neutral . It’s one of those days where nothing seems to be too exciting or too upsetting . I’m just kind of going through the motions , getting things done as usual . There’s no real sense of happiness or sadness ; everything just feels like it ' s on a flat line . It’s not like I’m having a bad day or anything , but I wouldn’t say it’s a great day either . It’s just… a day . Sometimes , it feels like life is on autopilot , and today’s definitely one of those times . I’m not really focused on anything special , and nothing around me is really catching my attention . It’s like I’m stuck in the middle , just coasting along without any big highs or lows . Maybe tomorrow will bring something different , but for now , I’m just okay with things being this way . It’s actually kind of nice not to have any extreme emotions taking over . Sometimes , being neutral is just the break you need before things pick up again . So , I’ll just keep going , taking things one step at a time , and see where this day takes me .",2024-09-26 17:31:47,7,False,0.0,1.0,True,0.36352986097335815,0.828016459941864
127,2934,"happy , estatic , relaxed , content , blessed",2024-09-27 12:05:55,7,True,2.0,1.0,True,1.796965479850769,0.9812459349632263
127,2935,"glad , mad , sad , happy , tired",2024-09-27 17:25:24,7,True,2.0,1.0,True,0.21625646948814392,1.0041266679763794
127,2936,"Right now , I ' m feeling really jittery , like I’ve had way too much caffeine . My hands are kind of shaky , and I feel restless , like I just can’t sit still . It’s like my mind is racing with a bunch of thoughts all at once , and it’s making it hard to concentrate . My heart feels like it’s beating a bit faster , and it’s giving me this nervous , uneasy feeling . It’s almost like I’m excited or anxious , but I’m not really sure why . I just feel all this energy inside me , and it’s hard to calm down . This jittery feeling makes me want to move around , but at the same time , it’s kind of frustrating because I just want to feel normal and relaxed again . It’s like I need to take a deep breath and chill , but my body and mind just won’t let me right now .",2024-09-27 22:31:42,7,False,-1.0,0.0,True,-0.7924577593803406,1.5205501317977905
127,2937,"Live , Happy , Blessed , Content , Estatic",2024-09-28 12:50:41,7,True,2.0,2.0,True,1.3582122325897217,0.9511770606040955
127,2938,"Sad , Mad , Glad , Content , Upset",2024-09-28 17:01:10,7,True,0.0,1.0,True,0.15919825434684753,0.8213263750076294
127,2939,"Today , I feel full of energy and excitement . I woke up refreshed , and everything seems brighter . I’m moving with a bounce in my step , and even simple things are making me smile . It’s a day where I feel ready to take on anything , enjoying every moment with enthusiasm .",2024-09-28 22:47:35,7,False,2.0,2.0,True,1.3257585763931274,1.5931588411331177
133,3110,"Happy , Existed , Delightful , Comfortable , Loved",2024-09-18 17:13:59,7,True,0.0,2.0,True,1.62391996383667,0.8574789762496948
133,3111,"Right now , I’m feeling a deep sense of happiness that seems to permeate every part of my day . It’s that kind of joy where everything feels a little brighter , and even the smallest moments bring a smile to my face . Whether it’s a chat with a friend , a quiet moment with a book , or just the pleasure of a sunny day , I’m savoring it all .",2024-09-18 22:06:35,7,False,1.0,1.0,True,1.4902890920639038,1.1757673025131226
133,3112,"Happy , Delightful , Loved , Wonderful , Great",2024-09-19 12:01:27,7,True,1.0,1.0,True,1.412004828453064,0.8969733715057373
133,3114,"Right now , I ' m feeling pretty hopeful and motivated , to be honest . I reached out for help with singing , which is something I ' m really passionate about , and I ' m excited to see some improvement . There ' s this sense of anticipation building up inside me , like I ' m on the verge of unlocking a new level of self-expression . My mind is buzzing with the possibilities - imagining myself belting out my favorite tunes with confidence , connecting with others through music , and maybe even discovering a newfound talent . It ' s like a spark has been lit , and I ' m eager to fan the flames . I ' m also feeling a tad nervous , wondering if I ' ll be able to overcome my vocal limitations , but mostly I ' m just ready to dive in , learn , and have fun with the process .\ n",2024-09-19 17:00:43,7,False,1.0,1.0,True,0.9511313438415527,1.9344762563705444
133,3115,"Happy , Delightful , Grateful , Loved , Graceful",2024-09-20 12:01:35,7,True,2.0,1.0,True,1.417862057685852,0.8948183655738831
133,3116,"Happy , Grateful , Delightful , Hopefull , Loved",2024-09-20 17:15:06,7,True,1.0,1.0,True,1.3280454874038696,1.0003790855407715
133,3117,"Delightful , Grateful , Happy , Loved , Excited",2024-09-22 22:00:44,7,True,0.0,1.0,True,1.3159598112106323,0.7291150689125061
133,3118,"Happy , Delightful , Excited , Loved , Grateful",2024-09-23 12:03:23,7,True,0.0,1.0,True,1.4328360557556152,0.9015804529190063
133,3119,"I feel like I’m juggling a million thoughts at once , and it ' s exhausting . Some days , it’s hard to find my focus , and everything just seems to blur together . I really need a moment to pause and regroup , you know . But I feels better",2024-09-23 17:40:12,7,False,-1.0,1.0,True,-1.111598253250122,0.8084061741828918
133,3120,"Excited , Happy , Delightful , Grateful , Loved",2024-09-24 22:59:31,7,True,0.0,1.0,True,1.48735511302948,1.0923091173171997
133,3121,"Moody , Delightful , Grateful , Okay , Loved",2024-09-25 12:03:05,7,True,0.0,1.0,True,0.898170530796051,1.129634976387024
134,3139,"Excited , Nervous , Anxious , Happy , Active",2024-10-23 17:03:57,7,True,1.0,2.0,True,1.2131602764129639,1.5525615215301514
134,3140,"Happy , Rested , Excited , Enthuiastic , Lively",2024-10-24 12:01:06,7,True,1.0,2.0,True,1.4827293157577515,1.3687224388122559
134,3141,I am feeling frustrated because I had to go to the doctor for a checkup today when I didn ' t want to . I made a weird comment that made me feel ashamed . I felt weird and strange today . And I have homework due soon .,2024-10-24 22:11:34,7,False,0.0,1.0,True,-1.0994616746902466,0.9362092614173889
134,3142,"Anxious , Fearful , Awful , Sad , Nervous",2024-10-25 12:01:09,7,True,-2.0,2.0,True,-0.8109020590782166,1.2231615781784058
134,3143,"Groggy , Anxious , Nervous , Sad , Weird",2024-10-26 17:00:52,7,True,-1.0,0.0,True,-0.6872593760490417,1.3134783506393433
134,3144,I am feeling horrible because I laid in bed all day . I really need to do my math homework but I haven ' t which makes me feel useless . I want to go to sleep but never wake up again . I am a failure . I hate being a failure .,2024-10-27 17:50:24,7,False,-2.0,0.0,True,-1.55305016040802,0.4097113013267517
134,3145,I did not get out of bed until 6 P . M . today which made me feel useless . My friend could have helped me with my math homework but instead I wanted to be a piece of shit and now I ' m forced to do it alone by myself . I wish I wasn ' t a lethargic idiot all the time .,2024-10-27 22:05:03,7,False,-2.0,0.0,True,-1.2983704805374146,0.4235825538635254
134,3147,"Forgetful , Anxious , Needy , Weary , Stupid",2024-10-28 12:39:01,7,True,-2.0,0.0,True,-0.2617107033729553,1.3490301370620728
134,3148,"I feel awkward and stupid because I accidentally bumped into someone ' s rear mirror and they said ""What The Fuck "" to me . I didn ' t mean to . It made me feel like shit . I feel terrible and useless . I also was late to math class today .",2024-10-28 17:02:18,7,False,0.0,0.0,True,-1.4513355493545532,0.896479070186615
134,3149,"I am okay . I have to do a JavaScript assignment which I ' m dreading because I really don ' t want to do any work right now . I feel really useless because I did not go to math class today which makes me feel awful . I did get checkers though , however I overate , which made me feel awful .",2024-10-28 22:02:43,7,False,-2.0,0.0,True,0.21552953124046326,0.7657549977302551
134,3150,I slept through both of my alarms which made me feel awful about myself . I ended up getting a school late now I ' m sitting in the parking lot and I feel like a failure . I went to bed early and this still happened . I feel bad .,2024-10-29 12:26:17,7,False,-2.0,0.0,True,-1.3818132877349854,0.8146249651908875
134,3151,"I am very loopy today . Also , I missed math class today . Not all of it though , better than nothing ! I felt very anxious today , like I was going to die . But it went away ! I hope things get better . I ' m looking forward to going home .",2024-10-29 17:02:47,7,False,1.0,1.0,True,-0.6412714123725891,1.1136282682418823
134,3152,I am feeling useless because I was late to Math Class today . I did not feel good today . I was anxious today because I took an edible and it kicked in 2 hours later as a full blown panic attack . I also binge ate .,2024-10-29 22:00:48,7,False,-2.0,0.0,True,-1.3006128072738647,1.0501288175582886
139,3509,"I ' m more confident , outgoing and willing to engage . Mood swings might lurk , but overall , I ' m feeling uplifted . My thoughts flow freely , though clarity takes a hit , I ' m feeling somewhat relaxed and calm , with a gentle sense of euphoria washing over me . My worries seem to fade away , replaced by a carefree attitude and increased sociability .",2024-11-19 17:38:25,7,False,1.0,0.0,True,1.2824865579605103,1.5901299715042114
139,3510,"Happy , Active , Lively , Cool , Calm",2024-11-19 22:03:53,7,True,1.0,1.0,True,1.2684566974639893,1.7740288972854614
139,3511,"I currently feel enveloped in relaxation , with a soothing calmness spreading throughout my body . My mind unwinds , shedding worries and inhibitions , as a warm sense of euphoria takes hold . my worries seems fade away , replaced by I don’t care attitude",2024-11-20 12:10:43,7,False,1.0,0.0,True,1.2720829248428345,1.171604037284851
139,3512,"Happy , Lively , Excited , Cool , Calm",2024-11-20 17:02:36,7,True,2.0,1.0,True,1.50826895236969,1.6799331903457642
139,3513,"My senses are slightly dulled , coordination requires focus , and reactions slow . Mild dizziness and numbness creep in .\ nEmotions swing toward increased confidence , sociability and joy . Mood swings are possible .\ nThought clarity decreases , focus blurs and judgment becomes slightly impaired .\ n",2024-11-20 22:02:27,7,False,1.0,1.0,True,-0.15297043323516846,1.3897594213485718
139,3515,"Reserved , Serene , Anxious , Calm , Happy",2024-11-21 12:01:58,7,True,0.0,1.0,True,0.574246346950531,0.9254260659217834
139,3516,"Relaxed , Calm , Cool , Neutral , Serene",2024-11-21 17:03:48,7,True,0.0,1.0,True,1.0764696598052979,0.8575178980827332
139,3517,"I ' m feeling delightfully buzzed , with a pleasant haze enveloping my thoughts and a warm , tingling sensation coursing through my body . My worries have melted away , replaced by a carefree euphoria that ' s making me giggle more easily and connect with those around me on a deeper level .\ n",2024-11-21 22:02:22,7,False,0.0,2.0,True,1.7873419523239136,1.473115086555481
139,3518,"Calm , Relaxed , Delightful , Chilled , Gentle",2024-11-22 12:03:30,7,True,2.0,0.0,True,1.9589767456054688,0.43031197786331177
139,3519,"Calm , Relief , Content , Cool , Happy",2024-11-22 17:28:18,7,True,1.0,0.0,True,1.7661117315292358,0.5030825734138489
139,3520,"Vibrant , Warm , Carefree , Cool , Quiet",2024-11-22 22:04:19,7,True,0.0,1.0,True,1.3665186166763306,1.575393795967102
139,3521,"\nI ' m feeling utterly intoxicated , with a swirling vortex of thoughts and sensations that ' s making it challenging to focus or think clearly . My body feels heavy and uncoordinated , as if my limbs are disconnected from my brain . The room around me is spinning , and I ' m struggling to maintain my balance .\ n",2024-11-23 12:39:44,7,False,-1.0,1.0,True,-0.6181161403656006,1.4119017124176025
139,3522,"I feel my cognitive faculties rapidly deteriorating , like a ship losing anchor in a stormy sea . My thoughts are disjointed and fragmented , making it difficult to articulate coherent sentences or follow conversations . The world around me has become distorted , with colors blurring together and sounds becoming muffled .\ n",2024-11-23 17:04:54,7,False,-1.0,1.0,True,-1.3763054609298706,0.9415555596351624
139,3523,"Anxious , Stressed , Tired , Hopeless , Calm",2024-11-23 22:03:11,7,True,0.0,1.0,True,-0.06561567634344101,1.1998006105422974
139,3524,"I ' m experiencing a loss of motor control , with my limbs feeling like lead weights that refuse to obey my brain ' s commands . My vision is blurry , and my sense of balance is severely impaired , making every step a precarious adventure . The room ' s spinning , and I ' m clinging to whatever solid object I can find to prevent myself from toppling over .\ n",2024-11-24 12:16:26,7,False,0.0,1.0,True,-0.9903963208198547,1.2627300024032593
139,3526,"Calm , Observant , Quiet , Dull , Reserved",2024-11-24 17:02:42,7,True,0.0,1.0,True,0.7118544578552246,0.46518003940582275
139,3527,"Calm , Content , Quiet , Reserved , Cool",2024-11-25 12:23:11,7,True,2.0,0.0,True,1.5643693208694458,0.40128380060195923
139,3528,"I ' m feeling rather chill and relaxed , like the tension in my body has dissipated , leaving me with a warm , fuzzy sensation . My thoughts are still clear , but my mind has shifted gears , and I ' m now cruising at a leisurely pace , enjoying the gentle buzz . The gentle warmth spreading through my veins is soothing , calming my nervous system and quieting my racing thoughts .\ n",2024-11-25 17:34:10,7,False,1.0,1.0,True,1.1965526342391968,0.8531318306922913
139,3529,"I notice my muscles unwinding , releasing the pent-up stress and anxiety of the day . The gentle warmth spreading through my veins is soothing , calming my nervous system and quieting my racing thoughts . My senses remain sharp , but my perception has softened , allowing me to view the world with a more relaxed , laid-back attitude .\ n",2024-11-25 22:02:50,7,False,2.0,0.0,True,0.8373920321464539,1.1190532445907593
140,3554,The reason that I feel the way that I do is because I have had an long and tiring day so far but even though I was able to do that that I was able to take an moment to myself and I was able to be thankful for what I do have .,2024-08-15 17:13:41,7,False,0.0,1.0,True,-0.682588517665863,0.8593389391899109
140,3555,The way that I am feeling right now would be tired . The reason that I would say this is because for me it has been an long day for me and I also have been sore but overall i would say that it still has been an good day .   Also I enjoy that I have been able to spend time with family today,2024-08-15 22:21:52,7,False,-2.0,0.0,True,-0.9771313071250916,0.4094516634941101
140,3556,"Peace , Good , Fine , Decent , Happy",2024-08-16 12:07:51,7,True,2.0,0.0,True,0.9937395453453064,0.41379114985466003
140,3557,I would say the way that I am feeling right now is because I am tired . The reason that I say I am tired is because it had been an day when I had long days so that was something that had made me tire .,2024-08-16 17:00:57,7,False,0.0,1.0,True,-1.9988301992416382,0.3636455237865448
140,3558,The reason that I feel calm is because I got to the end of my day where I am able to relax more now and also probley be able to watch an movie . Also another reason that I feel this way is because I had an pretty good day today .,2024-08-16 22:03:57,7,False,2.0,0.0,True,0.542937159538269,0.5130459666252136
140,3559,"Good , Happy , Peaceful , Na , Na",2024-08-17 12:03:34,7,True,2.0,0.0,True,1.024879813194275,0.5620648264884949
140,3560,"Good , Happy , Peaceful , Content , Na",2024-08-17 22:08:29,7,True,2.0,0.0,True,1.259042739868164,0.5846973061561584
140,3561,"Calm , Good , Peaceful , Relaxed , Na",2024-08-18 17:11:49,7,True,0.0,1.0,True,1.3512531518936157,0.3020409345626831
140,3562,I would say the way that I am feeling is tired and also stressed out . The reason that I am saying this is because the stove went out so that is making it an long and also tiring day . Also the reason for this is because it had put me into further debt then I had wanted to be .,2024-08-18 22:02:35,7,False,-2.0,0.0,True,-2.1103694438934326,0.5629708766937256
140,3564,The way that I am feeling is tired right now and the reason for that is because it is cooler weather outside instead of it being hot outside . Also because of rhe weather that is something that also is making me happy also .,2024-08-19 12:01:24,7,False,-2.0,0.0,True,-1.0728137493133545,0.48834383487701416
140,3565,"Good , Fine , Intriguing , Calm , Happy",2024-08-19 17:09:51,7,True,2.0,0.0,True,1.0257476568222046,0.45524144172668457
140,3566,I would say the way that I am feeling right now would be calm and also peaceful .   The reason that I say this is because it is the end of the day where I usally am able to relax and do something like watching an movie .,2024-08-19 22:09:39,7,False,2.0,0.0,True,0.7949333786964417,0.28811413049697876
140,3567,The way that I am feeling right now is ok but also quiet and also tired at the same time also . I would say the reason that I feel that way is because it is comtable out but I am also able to relax right now also to .,2024-08-20 12:00:48,7,False,0.0,0.0,True,0.5068989396095276,0.5771409869194031
140,3568,I would say that I am feeling right now would be content and also happy . The reason for that is because I was able to spend time with family and also able to relax today also . Also another thing that I was able to do was to go into the garden which is relaxing .,2024-08-20 17:03:07,7,False,0.0,1.0,True,1.254987120628357,0.1991034746170044
140,3569,I would say the way that I am feeling would be good and also I would be calm because I have had an decent day also . Also I would say this is because it is an day that I had to enjoy . Also it was an day that I got to spend with friends,2024-08-20 22:00:47,7,False,0.0,1.0,True,0.5941858887672424,0.7016282677650452
140,3570,"Busy , Stressed , Humming , Ok , Content",2024-08-21 17:03:41,7,True,0.0,2.0,True,0.13094177842140198,1.0718172788619995
140,3571,"Relaxed , Happy , Content , Na , Na",2024-08-21 22:24:49,7,True,2.0,0.0,True,1.4201956987380981,0.47984611988067627
145,3696,"tired , productive , happy , achy , sore",2024-08-14 17:01:36,7,True,1.0,1.0,True,0.5249055027961731,0.6815438866615295
145,3698,I am currently running errands today . I have a meeting at 4 pm and another one at 7 pm . I am eating a lime fruit bar and making chicken spring rolls for my boyfriend for his lunch . We will be traveling to the LOC tonight and our bus is at 9 : 30 pm,2024-08-15 17:08:51,7,False,1.0,2.0,True,0.5424169898033142,0.8285121321678162
145,3699,I feel tired because I stayed up late last night . I drank an iced coffee in the afternoon yesterday . And I usually do not do that because the caffeine keeps me up very late at night . I am tired today and wish it was sunny,2024-08-18 12:45:44,7,False,0.0,0.0,True,-1.1391732692718506,0.3269861936569214
145,3700,"My stomach is hurting today . I also have been drinking coffee . So that is probably why my stomach is hurting . It is another dark , depressing and rainy day . I hate when the weather gets like this because it makes me feel sad",2024-08-19 12:25:12,7,False,-1.0,2.0,True,-1.7407580614089966,0.48294198513031006
145,3701,I am feeling pretty good today . I had a healthy lunch and have also been very productive today . I had a healthy lunch and will also make a snack soon . I have been studying and also had meetings today . PERSON and I will get some Carvel later for their national ice cream day deal,2024-08-19 17:03:44,7,False,1.0,1.0,True,1.1698687076568604,1.2505947351455688
145,3702,"Busy , Productive , Fueled , Happy , Energetic",2024-08-20 12:50:33,7,True,1.0,2.0,True,0.6584833264350891,1.8616048097610474
147,3752,"Neutral , Calm , Hungry , Quiet , Watching TV",2024-10-21 12:06:19,7,True,0.0,1.0,True,-0.33843475580215454,0.970912516117096
147,3753,I am feeling very happy and content because it ' s beautiful outside and my friends and I are outside enjoying the beautiful weather . We want for a short walk with the dogs and then came back to the benches and have been sitting and talking and being one with nature .,2024-10-21 17:01:29,7,False,2.0,1.0,True,0.7955593466758728,1.325822353363037
147,3754,"Neutral , Calm , Excited , Happy , Thrilled",2024-10-21 22:01:15,7,True,0.0,1.0,True,0.011214504018425941,1.354967474937439
147,3755,I am feeling very content and neutral just sitting and relaxing before I meet up with some friends for our daily walk . Then we are going to sit outside on this beautiful day and soak in the sun and be one with nature .,2024-10-22 12:01:15,7,False,0.0,1.0,True,0.25269317626953125,1.0603145360946655
147,3756,"Content , Happy , Relaxed , Sitting with nature , Calm",2024-10-22 17:02:04,7,True,0.0,1.0,True,0.23183757066726685,0.7768630385398865
147,3757,I am very content right now I just ate dinner and now I am watching my reality shows and waiting for a new show I like to come on . I am also chatting online with a friend who lives far away from me and we catch up once a week .,2024-10-22 22:02:11,7,False,0.0,1.0,True,0.38936647772789,0.7934125661849976
147,3758,"Calm , Neutral , Relaxed , On line in ORG office , PERSON",2024-10-23 12:03:35,7,True,0.0,1.0,True,0.1477232277393341,0.7540186047554016
147,3759,Feeling neutral right now sitting out with my friend and her dog . Socializing with our neighbors and talking about various subjects . Also sitting with the birds that we feed everyday and being one with nature .,2024-10-23 17:10:24,7,False,0.0,1.0,True,0.41011518239974976,0.8530740141868591
147,3760,I am very tired tonight I didn ' t sleep well last night I ' m actually up on 4 hours sleep and it has caught up to me . I just finished dinner so I can ' t lay down for a good while so I am just going to sit up and watch a little TV .,2024-10-23 22:05:20,7,False,-1.0,0.0,True,-1.1783033609390259,-0.18689575791358948
147,3761,I am in a neutral mood I ' m in my friends house that I am taking care of while he ' s in a rehab facility and also taking care of his cat . Then I ' m going to go outside for a daily walk with friends and their dogs then come back to my building and sit outside with nature .,2024-10-24 12:06:40,7,False,0.0,1.0,True,0.12291281670331955,1.1774429082870483
147,3762,I am feeling calm right now sitting out with my friends and their dogs and the birds . Enjoying the fresh air and conversating with my neighbors . Then I am going to an exercise class at my local library .,2024-10-24 17:01:13,7,False,0.0,1.0,True,0.5957463383674622,1.064113974571228
147,3763,I am feeling very calm and content right now . I am watching my shows and relaxing . This evening I went to my exercise class and learned some new ways to exercise and met with some new people . Then I came home and had dinner before watching my shows .,2024-10-24 22:09:57,7,False,0.0,1.0,True,0.39905914664268494,0.7994837164878845
147,3764,I am feeling very calm right now I am getting ready to go to my friends house to check on his cat and do whatever I need to do . Then I need to go bring him some stuff at the rehab where he is right now and after that go home and meet up with some friends and do our daily walk with their dogs then sit out for a while and take in the sun and fresh air .,2024-10-25 12:01:18,7,False,0.0,1.0,True,0.4045318365097046,1.3481565713882446
147,3765,I am very tired I went on my errand earlier to bring some stuff to my friend in the rehab facility and I did a lot of running around so I am exhausted . Sitting out with my friends I didn ' t make our daily walk but I will tomorrow .,2024-10-25 17:10:39,7,False,-2.0,0.0,True,-1.2661188840866089,0.2568589150905609
147,3766,I am feeling content right now I ate dinner and now I am going to watch my favorite show ORG wrestling Smackdown . I love this show very much it brings me much joy . Then I am going to watch a movie I DVR ' d that I couldn ' t watch the other night .,2024-10-25 22:01:25,7,False,0.0,1.0,True,0.5078877210617065,0.9085872769355774
147,3767,"Calm , Relaxing , Watching TV , Just ate breakfast , Neutral",2024-10-26 12:34:23,7,True,0.0,1.0,True,0.022805431857705116,0.6005257964134216
147,3768,"Calm , Neutral , Relaxed , Quiet , Walking",2024-10-26 17:06:45,7,True,0.0,1.0,True,-0.22043372690677643,0.655360758304596
147,3769,I am very relaxed right now I am watching one of my favorite movies the sixth sense . They are running scary movies right now because of Halloween next week so I am really enjoying myself . Although some scary movies can cause me nightmares but I still like to watch them,2024-10-26 22:12:25,7,False,0.0,1.0,True,0.31461209058761597,1.1712099313735962
147,3770,"Quiet , Calm , Relaxed , Neutral , Getting ready to go for a walk",2024-10-27 12:01:15,7,True,0.0,1.0,True,-0.11212683469057083,0.6823143362998962
147,3771,"Calm , Relaxed , Walking with friends , Enjoying nature , Happy",2024-10-27 17:03:13,7,True,0.0,1.0,True,0.18267035484313965,0.789867103099823
147,3772,I am very content right now I ate dinner and now I am watching one of my favorite movies Beetlejuice and when that is finished I am going to watch some wrestling . I am also going to try and watch another movie called pitch perfect if I don ' t get too tired .,2024-10-27 22:04:51,7,False,2.0,0.0,True,0.3684890866279602,0.4299253225326538
152,3876,"It is very warm so I am not feeling like going to the gym , but I probably will . All is good with me and I am interested in learning new things . I wish I could plan a trip but my wife’s physical condition precludes that .",2024-07-15 17:35:30,7,False,1.0,0.0,True,0.6456485986709595,0.7468504309654236
152,3877,Feeling fine but a little pressed for time .\ nEverything is going well and I sm interested in learning new things .. Still disappointed that we cannot travel due to my wife’s disability . Happy to be seeing my children tonight .,2024-07-17 12:12:24,7,False,1.0,0.0,True,1.1515332460403442,0.39842820167541504
152,3878,"Calm , Satisfied , Interested , Proud , Lucky",2024-07-19 12:19:33,7,True,1.0,0.0,True,1.4206660985946655,0.5180268883705139
152,3879,"Pleased , Interestested , Concerned , Calm , Contemplative",2024-07-19 17:50:14,7,True,1.0,0.0,True,1.3671916723251343,0.8053777813911438
152,3880,"Calm , Interested , Concerned , Proud , Accomplished",2024-07-21 12:27:39,7,True,1.0,0.0,True,1.2611483335494995,0.7504051327705383
152,3881,"relaxed , interested , concerned , diligent , proud",2024-07-21 17:44:52,7,True,2.0,0.0,True,1.5136924982070923,0.7736647725105286
152,3882,"GPE , Interested , Contemplating , Frieindly , busy",2024-07-22 17:06:54,7,True,1.0,0.0,True,0.4101635217666626,1.4757035970687866
155,3950,"focused , overwhelmed , tired , determined , stressed",2024-11-10 12:46:45,7,True,-1.0,1.0,True,-1.0191220045089722,1.2550410032272339
155,3951,I am feeling pretty exhausted and low energy and a little bit defeated . But overall I am feeling calm and relaxed and accepting of what happens happens . I am trying to stay calm and still be productive .,2024-11-10 17:30:39,7,False,-1.0,1.0,True,-0.936618983745575,0.43179038166999817
155,3952,"Stressed , Overwhelmed , Jittery , Nervous , Tense",2024-11-10 22:35:48,7,True,-1.0,2.0,True,-0.9120981097221375,1.3734185695648193
155,3953,I am overall feeling nervous but at the same time I am feeling focused and determined . I feel like my attention is there and I also feel flutters in my heart and stomach . Overall I would say I am feeling stressed but in a productive way .,2024-11-11 12:29:42,7,False,-1.0,2.0,True,-0.6169529557228088,2.09675669670105
155,3954,"Tired , Relaxed , Calm , Fatigued , Chill",2024-11-11 17:02:58,7,True,0.0,1.0,True,-0.7598416805267334,0.24191507697105408
155,3955,"Tired , Sleepy , Calm , Exhausted , Fatigued",2024-11-11 22:12:13,7,True,-1.0,1.0,True,-0.9549317359924316,0.21390250325202942
155,3956,"I am feeling pretty neutral right now , focused on what I need to do but I overall feel calm . I am a little nervous about a task I need to do but not overly so , I am mostly focused on getting things done .",2024-11-12 12:13:39,7,False,0.0,0.0,True,0.061064623296260834,0.8710716366767883
155,3957,"Calm , Tired , Chill , Fatigued , Focused",2024-11-12 17:58:26,7,True,0.0,2.0,True,0.513705313205719,0.5114309787750244
155,3958,"chill , calm , relaxed , breathing , tired",2024-11-12 22:04:20,7,True,1.0,1.0,True,0.16267439723014832,0.4243547022342682
155,3959,"Sleepy , Tired , Drowsy , Calm , Low energy",2024-11-13 12:56:35,7,True,0.0,1.0,True,-1.147498607635498,0.2755281329154968
155,3960,"tired , sleepy , calm , fatigued , content",2024-11-13 22:35:12,7,True,0.0,1.0,True,-0.7996343970298767,0.08867501467466354
155,3961,"Nervous , Determined , Tired , Stressed , Quiet",2024-11-14 12:02:12,7,True,0.0,1.0,True,-0.33006545901298523,1.0512417554855347
164,4196,"Tired , Hungry , Sleepy , Na , Na",2024-07-23 22:00:43,7,True,0.0,1.0,True,-0.5943252444267273,0.43262290954589844
164,4197,"Still worried about our housing situation . This could be a very good option , and though a higher price , we ' d be getting a lot more for it . But everything has to fall into place , and sometimes , that doesn ' t quite seem to happen . So who knows what will be . We have to daven I guess .",2024-07-24 12:22:49,7,False,0.0,1.0,True,0.3583669066429138,0.8937338590621948
164,4198,"I’m worried about the housing situation , and hopeful that we can rent this house . But I’m not so confident that it will work out , since the market is so tight and there are so few options . But maybe we got out in front of this one and we’ll get it . But probably not .",2024-07-24 22:02:23,7,False,0.0,1.0,True,-0.3885451853275299,1.2592440843582153
164,4199,"Concerned about housing , for a change . There ' s a real chance we get nothing , or at least , not at all what we want . But now we just have to wait , and hope , that the other tenant is a bad option , and we come out looking great . Nothing else to do at this point .",2024-07-25 17:05:34,7,False,0.0,1.0,True,0.5897358059883118,0.8407074809074402
164,4200,"As per usual , housing . Where will we live ? Will it work out ? And should we buy the fancy mattress ? Will it make a difference in our sleep ? Who knows . Oh , and the market . Not helping things here . I wish we had pulled out earlier . But that’s how it goes .",2024-07-25 22:29:22,7,False,0.0,1.0,True,-0.11101789027452469,0.7236852645874023
164,4201,"Obviously , stressed about the housing situation . Hopeful that this could all work out , but very stressed b/c if it doesn ' t , we will not have a place to live , and that would be problematic . But there ' s no more to do at this point but hope and pray . So we will hope and pray . No real other choices at this point .",2024-07-26 12:02:32,7,False,0.0,1.0,True,-0.23589074611663818,1.1265597343444824
164,4202,"Concerned about housing , and nervous that nothing will work out . But we have to keep hoping and praying that it will work out , because we don’t really have any other options . So here’s hoping something works out .",2024-07-28 12:00:49,7,False,1.0,1.0,True,-0.44190487265586853,1.4578430652618408
164,4203,"We have housing ! This is a really big deal . It’s slightly more expensive than I would have liked , but hopefully we’ll really be getting something for it . And now we can feel good about where we are living , and hopefully feel comfortable in the space . It’s not GPE , but maybe it will be even better . I’m really hopeful that this could be good . And nervous , of course .",2024-07-29 22:01:16,7,False,1.0,0.0,True,1.1752933263778687,1.2464141845703125
164,4204,"Annoyed after a long bedtime routine , and the fact that I have to write out a long message about my feelings that’s at least 200 words , which is a not insignificant number of words to fill out multiple times a day with not very much to say .",2024-07-30 22:01:07,7,False,0.0,1.0,True,-0.7188525795936584,0.8967183232307434
168,4270,"Happy , Excited , Grateful , Little bit stress , Great",2024-11-13 17:04:58,7,True,1.0,1.0,True,1.9307500123977661,0.9026995301246643
168,4271,"Woke up feeling very grateful and happy . A little bit stressed , nervous and anxious because I have two tests tonight , but I’m still trying to stay positive and calm , to pass it with a good grade . Looking forward to accomplishing a good grade in both of my tests",2024-11-14 12:03:41,7,False,1.0,1.0,True,1.1841806173324585,0.7011381983757019
168,4272,"Feeling nervous and a little bit anxious for both of my upcoming tests . Still trying to stay positive and trust the process , as I am sure that I will be passing both of theses exams . Looking forward to feel relaxed and happy with the outcome tonight .",2024-11-14 17:09:33,7,False,0.0,1.0,True,-0.03354413062334061,0.9711767435073853
168,4273,"Happy , Calm , Grateful , Content , Excited",2024-11-15 12:42:25,7,True,1.0,1.0,True,2.0144128799438477,0.6362013220787048
168,4274,"Neutral , Calm , Grateful , Tired , At peace",2024-11-15 17:11:46,7,True,0.0,1.0,True,0.2526642978191376,0.7854193449020386
168,4275,"Currently feeling extremely happy , enthusiastic , and grateful . I’ve had an amazing day , full of joy , laughter and incredible time with my love ones . Looking forward to have a blessed and great day tomorrow .",2024-11-15 22:07:57,7,False,1.0,2.0,True,1.6848996877670288,0.6671757102012634
168,4276,"Feeling grateful , happy and calm . Looking forward to have an amazing evening with my loved ones and watch “Miss Universe” with my family . Extremely grateful and happy for everything that is happening in my life and all of the blessings .",2024-11-16 17:03:39,7,False,1.0,1.0,True,1.7766634225845337,0.48166322708129883
168,4277,"Feeling extremely lively , enthusiastic and happy . Extremely grateful , and happy . Currently , spending a great time with my family , watching the “Miss Universe “ hoping for our delegate to win !! Looking forward to have a great night , and a wonderful day tomorrow !",2024-11-16 22:20:43,7,False,2.0,2.0,True,1.6130586862564087,0.6768069267272949
168,4278,"Woke up feeling happy , exited and grateful , as I will be spending the night with my loved ones . Looking forward to have an amazing , blessed and wonderful day . And keep the positive vibes flowing . Hoping to spend a great time with my loved ones !!",2024-11-17 12:09:00,7,False,1.0,1.0,True,1.708161473274231,0.7033247351646423
168,4279,"Excited , Grateful , Happy , Lively , healthy",2024-11-17 17:39:22,7,True,1.0,1.0,True,1.8329510688781738,0.7956764101982117
168,4280,"Grateful , Happy , Excited , Full of love , Blessed",2024-11-17 22:12:17,7,True,2.0,2.0,True,1.6746677160263062,0.8388266563415527
168,4281,"Woke feeling extremely grateful , thankful , blessed and happy . Had an amazing night with my loved ones . Looking forward to have an awesome day full of blessings , love and kindness . As the week start , my intentions for this week , will also be kindness and love towards everyone that I will have contact with .",2024-11-18 12:18:32,7,False,2.0,2.0,True,1.4727190732955933,0.5463890433311462
168,4282,"Lively , Enthusiastic , Blessed , Grateful , Happy",2024-11-19 12:16:55,7,True,2.0,2.0,True,1.9075273275375366,1.1283787488937378
168,4283,"Grateful , Blessed , Tired , Content , Relax",2024-11-19 17:28:43,7,True,0.0,1.0,True,1.3704534769058228,0.28761106729507446
168,4284,Feeling super tired after a long day . Still feeling grateful and happy in the inside for all of my accomplishments today and all the things I learned . Looking forward to have a good night rest and have a great day tomorrow !,2024-11-19 22:34:03,7,False,-2.0,0.0,True,-0.20959943532943726,0.14343419671058655
168,4285,"Content , Relax , Sleepy , Grateful , Bless",2024-11-20 17:05:19,7,True,1.0,0.0,True,1.4294345378875732,0.0841309055685997
169,716,It is a good day to enjoy but a little cold . I am happy to be at work . A lot or stress with students and bills . I am working overtime . It is fun to see the colors of autumn . I want to go on vacation and away from all the stress .,2024-10-15 12:20:29,7,False,1.0,1.0,True,-0.3495168089866638,0.8885676264762878
169,717,"Tired , Stress , Exhausted , Hungry , Work overload",2024-10-15 17:15:05,7,True,-2.0,0.0,True,-1.8293033838272095,0.02979925274848938
169,718,I am tired and exhausted from work . I would like to sleep but still have a lot of work to finish . I want to be less stressed at work and be a caring family member . I want to have more money and not worry about bills .,2024-10-15 22:01:11,7,False,2.0,0.0,True,-1.5614328384399414,-0.22254660725593567
169,719,"I want to relax and not be stressed out . It is a rat race and it just gives me anxiety . I want to be less worried about others and enjoy life . The simpler the life , the better it would be . The parents are my school are nasty and crazy .",2024-10-16 12:06:53,7,False,-2.0,1.0,True,-1.3120490312576294,0.2914128303527832
169,720,I am worried about the future and bills to pay . I would like to move somewhere cheaper and not have so much stress . I worry about the parents and how angry they get if their child fails .   They threaten to sue and become nasty .\ n,2024-10-16 17:00:55,7,False,-2.0,1.0,True,-1.570299506187439,0.38000255823135376
169,721,I want to sleep and be tired all the time .\ nI worry too much and nothing seems to be right .\ nWork stress is weighing me down and taking its toll on my mental health . I hope tomorrow is better and more relaxing then today .,2024-10-16 22:02:38,7,False,-2.0,1.0,True,-1.3973475694656372,0.1478366255760193
169,722,"stress , worried , hungry , tired , bills",2024-10-17 12:01:07,7,True,2.0,0.0,True,-1.9670416116714478,0.15180373191833496
169,726,"Worked , Running around , Hungry , Stressed , Billed",2024-10-17 17:00:47,7,True,0.0,1.0,True,-1.209999680519104,0.4715999960899353
169,727,"Exhausted , Tired , Over worked , Too busy , Worried",2024-10-17 22:02:28,7,True,-2.0,0.0,True,-2.0126898288726807,-0.07845231145620346
169,728,I am happy to know it is Friday and I can pay bills . I am still worried about many things and being middle class is not fun . It is a hard life and am tired all the time . It is not easy .   I hope others are doing better .,2024-10-18 12:24:27,7,False,1.0,0.0,True,-0.5776779055595398,0.35333290696144104
169,729,There is a lot of work to be done and needs attention . I am very exhausted and tired from balancing work and home life . I feel I am not myself most of the time but constantly being pulled in many directions .,2024-10-18 17:06:22,7,False,-2.0,0.0,True,-1.5838004350662231,0.522933840751648
169,730,"Homebody , Relaxed , Tea time , Breakfast , Full",2024-10-19 12:25:04,7,True,1.0,1.0,True,-0.8489038944244385,0.13705748319625854
169,731,I am   busy with house chores and making sure household runs smoothly .   Busy from morning to night and spending too much money on necessary stuff . I hope economy does better and elections go smoothly .,2024-10-19 17:02:32,7,False,0.0,1.0,True,-0.8910068273544312,0.7684587836265564
169,732,I am content with my day and looking forward to relaxing on a Sunday . I am going to sleep in and not worry about the work week . I hope the work week is relaxing and without any big hassle . I want to worry less .,2024-10-19 22:01:15,7,False,1.0,1.0,True,-0.3659225106239319,0.31503593921661377
169,733,"relaxed , enjoying , happy , content , optimistic",2024-10-20 12:08:17,7,True,1.0,1.0,True,-0.861581027507782,0.45152199268341064
169,734,I am tired . i did a lot of house work and now I want to rest and take a nap . i am ok .\ nI hope tomorrow is not a hard day and nothing to worry about . I will be a long week . Have a good week . I need food right now .,2024-10-20 17:55:43,7,False,-2.0,0.0,True,-1.3245223760604858,-0.14759624004364014
169,735,"Tired , Need rest , Stressed , Sleepy , Exhausted",2024-10-20 22:05:48,7,True,0.0,0.0,True,-1.8703008890151978,-0.19515249133110046
169,736,I am happy to be at work and finish a lot of stuff . I want to work with others and make life easier . I want to learn and be able to share with my students . I want to give back to the community . I hope to be a better citizen .,2024-10-21 12:21:38,7,False,1.0,0.0,True,-0.7500316500663757,0.9551491141319275
169,737,"Exhaustion , Sleep , Over drive , Tired , Stressed",2024-10-21 22:01:09,7,True,1.0,0.0,True,-1.8429386615753174,-0.1542712152004242
169,738,"happy , content , working , hungry , good",2024-10-22 12:22:38,7,True,1.0,1.0,True,-0.9929595589637756,0.53888338804245
169,739,"tired , home , hungry , over worked , content",2024-10-22 17:01:02,7,True,1.0,0.0,True,-1.4245600700378418,-0.3902449905872345
169,740,I am tired and exhausted . I am hoping for a better say tomorrow . \nI want to eat something and go to sleep . I did a lot of work at school and now want to do nothing . I graded a lot if work from my students and want them to succeed .,2024-10-22 22:01:14,7,False,1.0,1.0,True,-1.9022928476333618,-0.35704994201660156
169,741,I am working after school to help the kids finish their work and want to make sure they succeed . I am hoping for a great day and time for lunch . I want to travel and have the money to not worry about bills .,2024-10-23 12:19:02,7,False,1.0,1.0,True,-0.8685821890830994,0.7302929162979126
169,742,I am happy to be going home . I worked a lot and want to go home and relax . I am exhausted and hungry . I want to drink a cup of tea and listen to music . I am happy Wednesday is over . Starting to look forward to the weekend . Happy week .,2024-10-23 17:12:26,7,False,-2.0,0.0,True,-0.04337141662836075,0.6229164004325867
169,743,I am very sleepy and tired . I am hungry and want to finish my work so I can sleep . I am trying to grade papers and make sure all is done . I want to work and have nothing to do tomorrow . I am going to eat now .,2024-10-23 22:04:22,7,False,-2.0,2.0,True,-1.4607470035552979,-0.16674938797950745
169,744,I want to work extra hard and finish as much grading as possible . I want to go home without any work and just sleep . I am hoping to eat lunch and take a nap . I want to study for some exams and not worry some much .,2024-10-24 12:02:07,7,False,1.0,0.0,True,-0.0897827073931694,0.644137442111969
169,745,"tired , stressed , hungry , not care , over worked",2024-10-24 17:17:19,7,True,-1.0,0.0,True,-1.892870306968689,0.10136551409959793
169,746,"Tired , Sleepy , Friday , Friday , Weekend",2024-10-24 22:48:41,7,True,-1.0,0.0,True,-1.8496769666671753,-0.33779311180114746
169,747,I am looking forward to the weekend and want the day to end . I worked a lot this week and just want to sleep in . I am looking forward to eating a good breakfast not be in a rush . I hope the weekend is relaxing .,2024-10-25 12:22:37,7,False,1.0,0.0,True,-0.08987502008676529,0.8595324158668518
169,748,"Relaxed , Hungry , Happy , Tea time , Happy",2024-10-25 17:51:20,7,True,2.0,1.0,True,-0.7897264361381531,0.227389395236969
169,749,I am tired and want to sleep . I just ate dinner and ready to go to sleep . I want to fi wish some work and then have nothing to do for tomorrow .   I want to relax and be free . I happy to be home . I am ready to sleep .,2024-10-25 22:14:15,7,False,-2.0,0.0,True,-0.9955006241798401,-0.028732135891914368
169,750,"hungry , happy , relax , trying , overworked",2024-10-26 12:16:39,7,True,1.0,0.0,True,-0.36057043075561523,0.7379584908485413
169,751,"Happy , Relax , Content , Wanted , Wishes",2024-10-26 17:42:44,7,True,0.0,2.0,True,-0.8817244172096252,0.28551581501960754
169,752,"Tired , Hungry , Sleepy , Exhausted , Bills",2024-10-26 22:08:56,7,True,-2.0,0.0,True,-1.909185528755188,-0.18662643432617188
169,753,I have a migraine and nausea . I am not feeling my best and want to just sleep . I am hoping to rest and not have much to do . I have a lot of grading . I want to do nothing and take care of myself .   I am done for the day .,2024-10-27 12:34:15,7,False,0.0,0.0,True,-1.534973382949829,-0.1850758194923401
169,754,I am not well today and am very tired . I want to stay in bed and take care of myself . I want to close my eyes and rest . I am hoping no one bothers me or needs anything from me . I am not looking forward to school tomorrow .,2024-10-27 17:20:08,7,False,0.0,0.0,True,-1.4082494974136353,-0.21999099850654602
169,755,I am at work and making sure to complete all my work . I am recovering from my migraine and want to be rest but have a lot of work to finish . I want to eat today and then sleep to feel better after finishing my grading .,2024-10-28 12:30:13,7,False,1.0,0.0,True,-1.288277506828308,0.5123588442802429
169,756,"Tired , Exhaustion , Sleepy , Sleepy , Overworked",2024-10-28 22:04:05,7,True,-2.0,0.0,True,-2.038102149963379,-0.33047330379486084
170,4343,"Numb . Uncertainty . I thought I had a goal to work towards . I thought I know what I’m doing . In the end , I lack discipline , lack the foresight . For two and a half years I’ve always thought I was on track , all I had to do was to stick with what I planned . In the end , I found out what I thought was right from the start was incorrect .",2024-11-20 12:03:42,7,False,-1.0,0.0,True,-0.7873396277427673,0.8942510485649109
170,4344,"determined , hopeful , nervous , energized , stressed",2024-11-20 22:29:05,7,True,0.0,2.0,True,-0.027391275390982628,1.7230013608932495
170,4345,"tired , sleepy , hopeful , determined , neutral",2024-11-21 12:06:34,7,True,1.0,2.0,True,-0.8302516341209412,0.416204035282135
170,4346,"sleepy , tired , stressed , nervous , worried",2024-11-22 12:01:42,7,True,-1.0,0.0,True,-1.191965937614441,0.5319481492042542
170,4347,"I ' m feeling very stressed . I have a lot of work piled up that I have to get down . Other than that , I am excited for Thanksgiving Break . I ' ve also made some plans so I ' m looking forward to the upcoming days .",2024-11-22 22:01:42,7,False,1.0,1.0,True,-0.08294256031513214,1.3178339004516602
170,4348,"stress , tired , worried , nervous , sleepy",2024-11-23 12:16:52,7,True,-2.0,2.0,True,-1.1751002073287964,0.5159710049629211
170,4349,"conflicted , unsure , stressed , tired , nervous",2024-11-23 17:31:49,7,True,-1.0,1.0,True,-1.2936090230941772,1.253862977027893
170,4350,"I ' m very excited . Thanksgiving Break is in less than a week and I ' ve made plans to explore the city . I ' m definitely also feeling a bit stressed because I know prior to break , there would be work that has to be completed .",2024-11-23 22:01:50,7,False,1.0,1.0,True,1.498749852180481,1.2610735893249512
170,4351,"Currently I’m feeling a bit lively , a bit PERSON , and as always , a bit stressed . The weather is kind of nice today but a bit too windy for my liking . I’m stressed because I did procrastinate a little so now I have to study for a quiz tomorrow as well as catch up on my lectures for other classes .",2024-11-24 12:03:56,7,False,1.0,2.0,True,0.36344146728515625,1.4311288595199585
170,4352,"I’m feeling very overwhelmed , indignant , and confused . I’m currently at work right now and there’s just so much happening . I’m trying to wrap my mind around everything and trying to see how I can fit in and contribute . Unfortunately the minute I thought I got it figured out , things change again or something new happens .",2024-11-24 17:16:16,7,False,-1.0,1.0,True,-1.176220178604126,1.9255644083023071
170,4353,"I ' m still feeling pretty excited and happy . At this time of the day , I ' m also feeling a little bit more tired and sleepy . I also procrastinated a little on the work that I planned on completing today so I ' m a little stressed as well .",2024-11-25 17:03:05,7,False,1.0,1.0,True,0.11395211517810822,1.0689034461975098
170,4354,"It’s funny but I’m not feeling the same level of excitement going back home for Thanksgiving break as compared to the initial excitement and anticipation I had last week . It could be the weather and the pile of work I procrastinated on but I’m feeling dread , nervous , and stressed .",2024-11-26 12:05:35,7,False,1.0,1.0,True,-0.6960042119026184,1.2764263153076172
170,4355,"happy , excited , determined , lively , stressed",2024-11-26 17:36:28,7,True,1.0,2.0,True,0.9239687323570251,2.0249698162078857
170,4356,"disappointed , stressed , conflicted , unsure , unhappy",2024-11-26 22:30:25,7,True,-2.0,1.0,True,-1.4049776792526245,1.0873080492019653
170,4357,"neutral , indifferent , hungry , unsure , confused",2024-11-27 12:36:05,7,True,0.0,1.0,True,-0.3346787989139557,0.9381778836250305
170,4358,I ' m currently feeling pretty lively and hopeful . I had my mock interview this morning and it seemed to have gone well . I also finally had a conversation with my brother and we got a chance to catch up for a little bit .,2024-11-27 17:16:10,7,False,1.0,2.0,True,0.9614326357841492,0.95907062292099
171,4380,"happy , alert , awake , motivated , fresh",2024-10-17 12:25:55,7,True,1.0,2.0,True,0.5781702399253845,2.161834716796875
171,4381,"slow , unmotivated , tired , sleepy , calm",2024-10-17 17:20:31,7,True,0.0,0.0,True,-0.7551267743110657,0.5732768774032593
171,4382,"I am feeling a bit drained . I had a decently productive day , and that makes me feel happy . I ' m glad to be relaxing on the couch with my partner . I ' m feeling like I ' m ready to stretch out and head to bed .",2024-10-17 22:01:38,7,False,-1.0,0.0,True,-0.4717521667480469,0.008320346474647522
171,4383,"I am very happy it ' s Friday , and I slept fairly well last night . I am feeling motivated to get my stuff done for work so that I don ' t have to do any catch-up work this weekend . I ' m also feeling like my coffee worked a little better than usual this morning , so I feel a little jittery .",2024-10-18 12:30:04,7,False,0.0,2.0,True,1.2203046083450317,1.016229271888733
171,4384,"drained , sluggish , lazy , tired , bored",2024-10-18 17:01:22,7,True,-2.0,0.0,True,-1.3023334741592407,0.10899775475263596
171,4385,"calm , happy , content , cozy , relaxed",2024-10-18 22:15:26,7,True,2.0,1.0,True,2.1384665966033936,0.31362539529800415
171,4386,"I have had a quiet and relaxed morning , which I am feeling grateful for . I am excited to spend a little bit more time relaxing and then head to my partner ' s family ' s house to hang out and watch a football game .",2024-10-19 12:02:18,7,False,1.0,0.0,True,0.7929784655570984,0.16565871238708496
171,4387,I am happy and excited to be spending time with my partner ' s family . I am feeling content and happy and calm . I am excited to head home and put on comfy clothes and relax for the rest of the evening .,2024-10-19 17:28:51,7,False,2.0,1.0,True,1.6498035192489624,0.6595509052276611
171,4388,"tired , drained , unsettled , sluggish , full",2024-10-19 22:02:12,7,True,-1.0,0.0,True,-1.5270975828170776,0.3297642171382904
171,4389,I am feeling frustrated that my weight is so terrible despite trying really hard to eat better . I have to get more movement in and I know that . I am headed out for a walk now and am hoping that boosts my mood and self-confidence .,2024-10-20 12:01:37,7,False,-1.0,1.0,True,-1.0348873138427734,0.8378282189369202
171,4390,"I am happy to be back home and on the couch relaxing . I am proud of myself for getting a good walk in this morning , and I am feeling hopeful that I can stay motivated this week . I am excited to spend the rest of the evening relaxing .",2024-10-20 17:12:06,7,False,1.0,0.0,True,1.2293645143508911,0.4633316993713379
171,4391,"sleepy , calm , content , proud , quiet",2024-10-20 22:01:28,7,True,0.0,0.0,True,0.055479906499385834,0.5480371117591858
171,4392,"I am feeling relaxed . I ' m at the research center for this vaccine study and I ' m feeling proud to contribute to research , though hard not to be a little nervous , too . I feel pretty calm and quiet , though .",2024-10-21 12:01:02,7,False,0.0,0.0,True,1.1218551397323608,0.6226595640182495
171,4393,"slow , slump , unmotivated , tired , sleepy",2024-10-21 17:01:06,7,True,-1.0,0.0,True,-0.9856910109519958,0.5051134824752808
171,4394,"down , slow , lazy , tired , muted",2024-10-21 22:11:30,7,True,-1.0,1.0,True,-0.7156974673271179,0.3932499885559082
171,4395,"calm , productive , motivated , focused , alert",2024-10-22 12:01:47,7,True,0.0,0.0,True,1.6258608102798462,0.4331011474132538
171,4396,"bored , quiet , sluggish , neutral , unmotivated",2024-10-22 17:01:25,7,True,0.0,1.0,True,-0.76795494556427,0.6322542428970337
171,4397,"happy , comfy , content , excited , proud",2024-10-22 22:01:22,7,True,2.0,1.0,True,1.7237852811813354,1.3418132066726685
171,4398,"I am feeling a bit tired and slow this morning , though still fairly motivated for my work day . I feel confident that I can be productive today , but I didn ' t sleep as well as I usually do last night so I am feeling a bit sluggish and a bit lower energy than usual .",2024-10-23 12:03:01,7,False,-1.0,0.0,True,-1.4506150484085083,0.12589800357818604
171,4399,"I am feeling lively , upbeat , motivated , and active . I ' m not really tired this afternoon , which is surprising .   I ' m focused and ready to finish my work day and then go run errands . I am also excited to relax after I ' m done for the day .",2024-10-23 17:19:46,7,False,1.0,1.0,True,1.0648785829544067,1.7172971963882446
171,4400,"tired , slow , comfy , content , calm",2024-10-23 22:01:40,7,True,-1.0,0.0,True,-0.8209919929504395,0.12120702862739563
49,4873,"awake , ready , up , prepared , busy",2021-05-04 12:20:18,1,True,1.0,1.0,False,1.0523631572723389,1.3874139785766602
49,4874,"awake , tired , lazy , calm , neutral",2021-05-05 12:00:37,1,True,0.0,1.0,False,-0.7326075434684753,0.28099536895751953
49,4875,"lazy , tired , neutral , fine , okay",2021-05-05 17:01:35,1,True,0.0,1.0,False,-0.3340989351272583,0.4108092784881592
49,4876,"tired , sleepy , lazy , neutral , regretful",2021-05-06 12:37:24,1,True,-2.0,0.0,False,-1.1957658529281616,0.28797340393066406
49,4878,"tired , sleepy , worn out",2022-02-15 10:01:50,2,True,0.0,1.0,False,-1.3872624635696411,0.06200375407934189
49,4879,"neutral , busy , active",2022-02-15 15:25:09,2,True,1.0,2.0,False,0.6330143809318542,1.2992171049118042
49,4880,"tired , moody , sluggish",2022-02-17 15:50:37,2,True,0.0,1.0,False,-1.128900408744812,0.6319190859794617
49,4881,"fine , neutral , tired",2022-02-17 20:30:27,2,True,0.0,1.0,False,0.873931348323822,0.778265655040741
49,4882,"excited , good , relaxed",2022-02-18 15:06:09,2,True,1.0,2.0,False,1.8196111917495728,0.998596727848053
49,4883,"neutral , fine , relaxed",2022-02-19 15:00:27,2,True,0.0,2.0,False,1.0977747440338135,0.7711827754974365
49,4884,"drunk , enjoyable , okay",2022-02-19 20:19:57,2,True,0.0,2.0,False,0.9010617136955261,1.039140224456787
49,4885,"fine , busy , PERSON",2022-02-22 15:32:32,2,True,0.0,2.0,False,1.3433198928833008,0.9878413081169128
49,4877,"fine , neutral , tired",2022-02-24 15:33:23,2,True,0.0,1.0,False,0.873931348323822,0.778265655040741
49,4887,"tired , unproductive , relaxed , sleepy , okay",2022-09-05 21:32:15,4,True,1.0,0.0,False,-0.8392316102981567,0.31216564774513245
49,4888,"tired , fatigued , headache , groggy , slow",2022-09-06 11:05:22,4,True,-1.0,0.0,False,-1.535094141960144,0.14521843194961548
49,4889,"sluggish , reviving , okay , neutral , tired",2022-09-06 15:21:02,4,True,0.0,1.0,False,-0.25184109807014465,0.530559778213501
49,4890,"better , frustrated , drained , coping",2022-09-06 20:26:55,4,True,1.0,2.0,False,-1.1365809440612793,0.8102326393127441
49,4891,"tired , anxious , dread , okay",2022-09-07 17:10:00,4,True,1.0,2.0,False,-0.9289225339889526,0.8571058511734009
49,4892,"tired , worn out , stressed , anxious , hot",2022-09-12 16:29:48,4,True,0.0,1.0,False,-1.4210363626480103,0.7164257168769836
49,4893,"tired , sluggish , anxious",2022-09-13 12:19:08,4,True,-2.0,0.0,False,-1.1392558813095093,0.47288256883621216
49,4886,"tired , anxious , sluggish",2022-09-14 15:28:45,4,True,0.0,1.0,False,-1.2095344066619873,0.7110249400138855
49,4905,"fatigued , stressed , unmotivated",2023-03-14 20:03:01,5,True,-2.0,0.0,False,-0.7212373614311218,1.1844215393066406
49,4906,"tired , resting , neutral",2023-03-15 10:26:25,5,True,0.0,0.0,False,-0.8039857745170593,0.3853909373283386
49,4907,"neutral , active , motivated",2023-03-15 15:48:24,5,True,1.0,2.0,False,0.6064044833183289,1.0890843868255615
49,4908,"pressured , stressed , active",2023-03-16 11:36:02,5,True,1.0,0.0,False,-0.7239177823066711,1.4982446432113647
49,4909,"motivated , accomplished , more energy",2023-03-16 20:05:40,5,True,1.0,2.0,False,0.7578530311584473,1.617454171180725
49,4910,"neutral , tired , awake",2023-03-17 11:32:05,5,True,0.0,1.0,False,-0.05813328176736832,0.68265700340271
49,4911,"neutral , tired , winding down",2023-03-17 20:00:47,5,True,0.0,1.0,False,-0.9277567267417908,0.40114960074424744
49,4912,"stressed , tired , overwhelmed",2023-03-19 10:19:39,5,True,0.0,1.0,False,-1.2988883256912231,0.6142631769180298
49,4913,"relaxed , neutral , bored",2023-03-19 15:15:04,5,True,1.0,2.0,False,1.0994776487350464,0.6885256171226501
49,4914,"busy , interested , motivated",2023-03-19 20:48:55,5,True,0.0,2.0,False,0.5037673115730286,1.9997367858886719
49,4915,"hungover , tired , motivated , slightly stressed",2023-03-20 15:51:12,5,True,-1.0,2.0,False,-1.1437424421310425,0.521574079990387
49,4916,"tired , winding down , slow",2023-03-20 20:01:15,5,True,0.0,0.0,False,-1.1010922193527222,0.43006372451782227
49,4917,"slow , tired , sluggish",2023-03-21 15:00:43,5,True,0.0,0.0,False,-1.0140904188156128,0.35316774249076843
49,4918,"neutral , okay , slightly stressed",2023-03-21 20:00:36,5,True,0.0,1.0,False,0.2922023832798004,1.0206066370010376
49,4919,"productive , motivated , stressed",2023-03-22 15:29:12,5,True,0.0,2.0,False,0.15702077746391296,1.7808705568313599
49,4920,"accomplished , motivated , winding down",2023-03-22 20:08:51,5,True,1.0,2.0,False,1.0406042337417603,1.1144973039627075
49,4894,"neutral , interested , bored",2023-03-23 20:04:09,5,True,1.0,2.0,False,0.10432153195142746,0.8476107120513916
49,4895,"tired , productive , congested",2023-03-24 11:31:18,5,True,0.0,1.0,False,-0.01848546229302883,0.884476900100708
49,4896,"bored , tired , sluggish",2023-03-24 15:09:49,5,True,-1.0,0.0,False,-1.1768090724945068,0.24573391675949097
49,4897,"okay , bored , lively",2023-03-24 20:05:49,5,True,1.0,2.0,False,0.37629234790802,0.7637582421302795
49,4898,"sluggish , fatigued , annoyed",2023-03-25 10:28:50,5,True,-1.0,0.0,False,-1.4050167798995972,0.2187085747718811
49,4899,"lively , active , productive",2023-03-25 15:25:07,5,True,1.0,2.0,False,1.6101967096328735,1.4218711853027344
49,4900,"energetic , productive , motivated",2023-03-25 21:03:48,5,True,1.0,2.0,False,1.2011197805404663,1.3078974485397339
49,4901,"active , okay , productive",2023-03-26 20:00:43,5,True,0.0,2.0,False,0.6787316799163818,1.431365966796875
49,4902,"okay , bored , lazy",2023-03-27 21:00:05,5,True,0.0,1.0,False,-0.5274066925048828,0.5579766631126404
49,4903,"motivated , busy , stressed",2023-03-28 11:51:28,5,True,1.0,2.0,False,-0.308447927236557,1.810368537902832
49,4904,"winding down , sleepy , sluggish",2023-03-28 15:55:35,5,True,-1.0,0.0,False,-1.0930923223495483,0.26010453701019287
49,4932,"excited , ambitious , content",2023-06-28 10:07:00,6,True,1.0,1.0,False,1.7625013589859009,1.1374917030334473
49,4933,"sluggish , hot , slow",2023-06-28 16:16:09,6,True,0.0,0.0,False,-0.8307669162750244,0.4803362488746643
49,4934,"bored , content , fine",2023-06-28 20:20:11,6,True,1.0,0.0,False,1.368268370628357,0.6729137301445007
49,4935,"busy , motivated , productive",2023-06-29 10:00:59,6,True,1.0,2.0,False,1.006799340248108,1.7773057222366333
49,4936,"lively , okay , motivated",2023-06-29 15:01:13,6,True,1.0,2.0,False,0.7692785263061523,1.35907781124115
49,4937,"late , anxious , frantic",2023-06-30 12:02:41,6,True,-1.0,2.0,False,-0.8198190927505493,1.5436211824417114
49,4938,"hungover , tired , sluggish",2023-06-30 15:00:20,6,True,-2.0,0.0,False,-1.3484960794448853,0.202656090259552
49,4939,"tired , okay , frustrated",2023-06-30 20:23:17,6,True,0.0,1.0,False,-0.8169780373573303,0.498154878616333
49,4940,"tired , accomplished , busy",2023-07-01 16:35:26,6,True,0.0,0.0,False,-0.40496140718460083,0.7328539490699768
49,4941,"tired , drained , headachey",2023-07-01 20:01:50,6,True,-1.0,0.0,False,-1.5283265113830566,0.14495325088500977
49,4942,"tired , sore , awake",2023-07-02 11:11:30,6,True,0.0,0.0,False,-1.0474509000778198,0.5043025612831116
49,4943,"tired , neutral , angry",2023-07-02 15:26:23,6,True,-1.0,0.0,False,-0.5737788081169128,0.6202642917633057
49,4944,"tired , okay , neutral",2023-07-02 20:01:17,6,True,0.0,1.0,False,-0.3515791893005371,0.5807124972343445
49,4945,"tired , drunk , anxious",2023-07-03 12:01:20,6,True,-1.0,0.0,False,-1.1158150434494019,0.595274031162262
49,4946,"tired , neutral , fine",2023-07-03 17:54:28,6,True,0.0,1.0,False,0.052268676459789276,0.6918373107910156
49,4947,"neutral , hungry , fine",2023-07-03 20:31:03,6,True,0.0,0.0,False,0.5615739226341248,0.8947913646697998
49,4948,"neutral , awake , eager",2023-07-04 10:26:47,6,True,0.0,1.0,False,0.8120874762535095,1.1615644693374634
49,4949,"active , busy , eager",2023-07-04 16:03:54,6,True,0.0,1.0,False,-0.0016657467931509018,1.8914252519607544
49,4950,"active , okay , anxious",2023-07-04 20:35:47,6,True,1.0,2.0,False,-0.027441179379820824,1.4607442617416382
49,4951,"active , busy , rushed",2023-07-05 12:00:34,6,True,0.0,2.0,False,-0.40741145610809326,1.7384175062179565
49,4952,"tired , achey , swamped",2023-07-06 10:04:05,6,True,-1.0,0.0,False,-1.1284115314483643,0.5110072493553162
49,4953,"active , busy , anxious",2023-07-06 15:03:22,6,True,0.0,2.0,False,-0.32578086853027344,1.785051703453064
49,4954,"tired , painful , sluggish",2023-07-06 20:53:43,6,True,-2.0,0.0,False,-1.289124608039856,0.3248298466205597
49,4921,"sluggish , tired , drained",2023-07-07 12:18:01,6,True,-1.0,0.0,False,-1.5012842416763306,0.11090273410081863
49,4922,"anxious , tired , busy",2023-07-07 15:18:26,6,True,-1.0,0.0,False,-1.0787349939346313,1.1829952001571655
49,4923,"neutral , overwhelmed , okay",2023-07-07 20:24:15,6,True,0.0,0.0,False,-0.1472560316324234,1.0147653818130493
49,4924,"awake , neutral , tired",2023-07-08 12:14:14,6,True,0.0,1.0,False,0.32631558179855347,0.9925196766853333
49,4925,"exhausted , overwhelmed , unhappy",2023-07-08 22:29:10,6,True,-1.0,1.0,False,-1.570871114730835,0.5040586590766907
49,4926,"active , tired , productive",2023-07-09 17:02:23,6,True,0.0,2.0,False,0.16914093494415283,1.0463290214538574
49,4927,"barely awake , okay , neutral",2023-07-10 10:30:07,6,True,0.0,1.0,False,-0.21001367270946503,0.9279670119285583
49,4928,"neutral , tired , okay",2023-07-10 15:05:27,6,True,0.0,1.0,False,-0.03831707686185837,0.8040209412574768
49,4929,"quiet , relaxing , easy",2023-07-10 21:34:30,6,True,1.0,0.0,False,1.0278805494308472,0.5420220494270325
49,4930,"awake , neutral , tired",2023-07-11 12:50:02,6,True,0.0,1.0,False,0.32631558179855347,0.9925196766853333
49,4931,"tired , drained , angry",2023-07-11 15:06:19,6,True,-1.0,0.0,False,-1.2949131727218628,0.23690959811210632
53,5224,"Excited , Calm , Focused",2021-06-08 12:01:16,1,True,2.0,0.0,False,1.4051613807678223,1.0064095258712769
53,5225,"Excited , Happy , Motivated , Anxious",2021-06-09 12:04:41,1,True,2.0,1.0,False,1.45079505443573,1.3959988355636597
53,5226,"Tired , Sluggish , Busy",2021-06-10 12:03:14,1,True,0.0,1.0,False,-0.599259078502655,0.4563959538936615
53,5227,"Excited , Anxious , Indecisive",2021-06-10 17:07:49,1,True,1.0,2.0,False,1.3964508771896362,1.5220693349838257
53,5228,"Happy , Curious , Calm",2021-06-11 12:18:55,1,True,2.0,0.0,False,1.4322102069854736,0.9580171704292297
53,5229,"Calm , Satisfied , Lazy",2021-06-12 12:28:02,1,True,0.0,1.0,False,1.4442225694656372,0.5148388743400574
53,5245,"Tired , Happy , At ease , Comfortable",2022-01-25 10:05:20,2,True,2.0,0.0,False,0.8663474917411804,0.5168266296386719
53,5246,"Calm , Content , Ready for work",2022-01-25 15:22:13,2,True,1.0,2.0,False,1.5461863279342651,0.566341757774353
53,5247,"Content , Accomplished , Hopeful",2022-01-25 22:50:22,2,True,1.0,1.0,False,1.1649218797683716,1.0518262386322021
53,5248,"Tired , Lazy , Calm",2022-01-26 10:34:59,2,True,-1.0,0.0,False,-0.3990681767463684,0.4156712293624878
53,5249,"Content , Calm , Happy",2022-01-26 16:57:06,2,True,2.0,0.0,False,1.4393385648727417,0.5254175662994385
53,5250,"Happy , Calm , Bored",2022-01-26 20:02:26,2,True,1.0,2.0,False,1.3537780046463013,0.7485548853874207
53,5251,"Tired , Stuffy nose , Content",2022-01-27 11:34:44,2,True,1.0,0.0,False,-0.5149297714233398,0.46987152099609375
53,5252,"Motivated , Ready , Hurried",2022-01-27 15:34:07,2,True,1.0,2.0,False,0.4286729097366333,1.8131771087646484
53,5253,"Bored , Content , Worried",2022-01-27 20:06:39,2,True,1.0,1.0,False,0.8102794289588928,0.6956448554992676
53,5254,"Just woke up , Content , Calm",2022-01-28 10:11:52,2,True,0.0,1.0,False,1.2701125144958496,0.6813874840736389
53,5255,"Sore , Content , Just alright",2022-01-28 15:03:00,2,True,1.0,1.0,False,0.4219428300857544,0.649792492389679
53,5256,"Accomplished , Happy , Content",2022-01-28 22:42:06,2,True,1.0,1.0,False,1.1700071096420288,1.371968150138855
53,5257,"Ready for the weekend , Excited , Chill",2022-01-29 10:37:41,2,True,2.0,2.0,False,1.2468849420547485,1.159164547920227
53,5258,"Excited , Ready , Anxious",2022-01-29 15:20:45,2,True,2.0,2.0,False,1.4179195165634155,1.4854778051376343
53,5259,"Excited , Calm , Ready",2022-01-29 22:44:32,2,True,1.0,1.0,False,1.6564816236495972,1.2111276388168335
53,5260,"Happy , Excited , Content",2022-01-30 15:00:46,2,True,1.0,2.0,False,1.4957740306854248,1.2451775074005127
53,5261,"Happy , Excited , Content",2022-01-31 10:55:35,2,True,1.0,1.0,False,1.4957740306854248,1.2451775074005127
53,5262,"Calm , Relaxed , Happy",2022-01-31 15:04:42,2,True,1.0,1.0,False,1.2698588371276855,0.5520043969154358
53,5263,"Calm , Content , Bored",2022-02-02 21:17:04,2,True,1.0,1.0,False,1.3676981925964355,0.4186035990715027
53,5230,"Tired , Quiet , Calm",2022-02-03 11:18:11,2,True,0.0,1.0,False,-0.4789523482322693,0.42462509870529175
53,5231,"Rushed , Anxious , Content",2022-02-03 15:00:47,2,True,1.0,1.0,False,-0.11917174607515335,1.720894455909729
53,5232,"Bored , Calm , Unbothered",2022-02-03 20:37:00,2,True,1.0,1.0,False,0.3468456268310547,0.8217945098876953
53,5233,"Tired , Unmotivated , Restless",2022-02-04 10:34:44,2,True,-2.0,0.0,False,-0.973866879940033,0.41756853461265564
53,5234,"Rushed , Ready , Stressed",2022-02-04 15:02:27,2,True,1.0,2.0,False,0.3625448942184448,1.28590989112854
53,5235,"Bored , Content , Happy",2022-02-04 20:34:07,2,True,1.0,1.0,False,1.1121978759765625,0.7490606904029846
53,5236,"Tired , Lazy , Calm",2022-02-05 11:26:01,2,True,-2.0,0.0,False,-0.3990681767463684,0.4156712293624878
53,5237,"Sluggish , Tired , Calm",2022-02-05 15:03:06,2,True,1.0,0.0,False,-0.8240757584571838,0.1806662678718567
53,5238,"Tired , Drained , Sleepy",2022-02-06 11:12:24,2,True,0.0,1.0,False,-1.1559295654296875,0.2320007085800171
53,5239,"Happy , Content , Hyper",2022-02-06 20:04:58,2,True,1.0,1.0,False,1.6792519092559814,1.058484435081482
53,5240,"Calm , Happy , Content",2022-02-07 11:23:10,2,True,0.0,1.0,False,1.6150872707366943,0.5217900276184082
53,5241,"Happy , Lively , Active",2022-02-07 16:53:55,2,True,2.0,1.0,False,1.4686851501464844,1.42221999168396
53,5242,"Tired , Sluggish , Calm",2022-02-08 11:35:52,2,True,-1.0,0.0,False,-0.6815729737281799,0.3069900572299957
53,5243,"Tired , Sluggish , Unmotivated",2022-02-08 15:05:00,2,True,-1.0,0.0,False,-0.9696478247642517,0.35352063179016113
53,5244,"Happy , Calm , Relaxed",2022-02-08 20:14:11,2,True,1.0,1.0,False,1.328583836555481,0.8521268963813782
70,4840,"Good , content , excited , satisfied , reflective",2024-10-31 12:37:43,7,True,0.0,1.0,False,1.505036473274231,0.6416892409324646
70,4841,"peaceful , excited , focused , satisfied , happy",2024-10-31 17:12:48,7,True,1.0,1.0,False,1.3469735383987427,0.5788677334785461
70,4842,"Have been feeling normal and good , have been trying to sleep after coming from work today and people around me have nor been able to sleep because they have been watching movie in my room since so I wasn ' t able to sleep .",2024-10-31 22:03:33,7,False,0.0,1.0,False,1.1590417623519897,0.4668022394180298
70,4843,"calm , quiet , peaceful , satisfied , calm",2024-11-01 12:10:18,7,True,0.0,0.0,False,1.3053215742111206,0.14012807607650757
70,4844,"I ' m just feeling happy because my day was good and I saw somethings that really impressed me today , I wasn ' t even expecting anything good today but unfortunately it happens ,   so I ' m grateful for that .",2024-11-01 22:08:12,7,False,1.0,1.0,False,1.532744288444519,0.42965903878211975
70,4845,"I ' m just feel okay with everything around me , I ' m just feeling normal today , I ' m also trying to maintain my steez , I don ' t want anything that will spoil my day so avoiding anything called problem today .",2024-11-02 12:55:02,7,False,0.0,1.0,False,0.946382462978363,0.5175163745880127
70,4846,"lonely , quiet , gentle , calm , bored",2024-11-02 22:08:54,7,True,0.0,0.0,False,-0.5771891474723816,0.34394121170043945
70,4847,I ' m just feeling Good and happy because I met a beautiful damsel that really likes me and she has been complimenting me since and I really like too I wish to be with her for the rest of the day she really respect me alot .,2024-11-03 12:15:23,7,False,1.0,1.0,False,1.4528656005859375,1.2084063291549683
70,4848,"happy , calm , amusement , love , calm",2024-11-03 17:15:36,7,True,0.0,1.0,False,1.603778600692749,0.959866464138031
70,4849,"I ' m feeling normal , I didn ' t really feel anything today but we experienced any bad thing today nothing has changed my day from good to bad , and nothing has really make my day to be that Interesting . Everything has been in a normal condition .",2024-11-03 22:08:50,7,False,0.0,1.0,False,0.5985655188560486,0.8066025376319885
70,4851,"happy , awesome , Good , nice , calm",2024-11-04 12:11:31,7,True,1.0,1.0,False,1.8836802244186401,1.0020662546157837
70,4852,"loved , excited , cool , content , nice",2024-11-04 17:08:36,7,True,0.0,1.0,False,1.5214314460754395,1.3738967180252075
70,4853,"relaxed , nervous , confused , overwhelmed , lonely",2024-11-04 22:08:27,7,True,0.0,1.0,False,0.9556943774223328,0.9235945343971252
70,4854,"active , cool , reserved , content , joyful",2024-11-05 12:09:49,7,True,0.0,2.0,False,1.0524958372116089,0.9030302166938782
70,4855,"nervous , proud , grateful , content , relaxed",2024-11-05 17:02:55,7,True,0.0,1.0,False,1.5237311124801636,0.8406750559806824
70,4856,"I ' m feeling good and active , I ' m just trying to observe everything and around Me . And make I ' m also doing what is right , and keep people around me active , and try to make everything around me to feel good , no bad energy .",2024-11-05 22:10:50,7,False,0.0,2.0,False,1.2247713804244995,1.0309276580810547
70,4857,"I ' m active watching some online videos so that I can gain more experience about the new thing I want to start doing , I ' m about to start learning some new thing to expand my knowledge and have been working towards that lately .",2024-11-06 17:28:52,7,False,0.0,2.0,False,0.6954039335250854,1.5430933237075806
70,4858,"I ' m just feeling good and also feeling like I want to sleep , I have rested I ' m just moving from one task to another so that I will be able to finish my task for the week , so that I will be able to enjoy my weekend and have time to rest .",2024-11-06 22:01:53,7,False,0.0,2.0,False,0.8432036638259888,0.8241571187973022
70,4859,"I ' m feeling active , my eyes are opened and I ' m looking sharp , because I ' m feeling dull and calm at all , have try to play some online games with my old school friends but have winning since so they are just wondering , hoe I ' m so good in all those games .",2024-11-07 17:49:27,7,False,0.0,2.0,False,1.262030839920044,1.0019097328186035
70,4860,"uncertain , eager , restless , astonished , agitated",2024-11-07 22:10:53,7,True,0.0,1.0,False,-0.7476626038551331,1.9615505933761597
70,4861,"active , satisfied , secured , hopeful , Good",2024-11-08 12:24:33,7,True,0.0,2.0,False,1.1597927808761597,1.304202675819397
70,4862,"content , patient , good , appreciated , nice",2024-11-08 17:15:16,7,True,0.0,1.0,False,1.480505347251892,0.7136418223381042
70,4863,"I ' m just feeling chilled and relaxed , have got some chilled drink with me to calm myself down and been playing some interesting movie so that I will be able to calm my head down , and the movie that I ' m watching is so interesting .",2024-11-08 22:12:25,7,False,0.0,1.0,False,1.2763274908065796,0.5715487599372864
70,4864,"Good , content , hopeful , nice , better",2024-11-09 12:28:09,7,True,0.0,1.0,False,1.3647977113723755,0.5795682072639465
70,4865,"dizzy , cool , content , hopeful , calm",2024-11-09 17:03:33,7,True,0.0,1.0,False,1.3467910289764404,0.6786835193634033
70,4866,"good , nice , content , okay , joyful",2024-11-09 22:10:05,7,True,0.0,1.0,False,1.643131136894226,0.6845765113830566
70,4867,"protective , relived , disgurt , calm , good",2024-11-10 12:52:41,7,True,0.0,1.0,False,0.9136927723884583,1.2147643566131592
70,4868,"quiet , curious , gentle , calm , focused",2024-11-10 17:45:48,7,True,0.0,0.0,False,0.41431924700737,0.9169588685035706
70,4869,"active , energized , reflective , focused , grateful",2024-11-10 22:06:50,7,True,0.0,2.0,False,0.5662311315536499,2.0369608402252197
70,4870,"I ' m just feeling too calm , because I don ' t really have energy to do much work today , and my friends at work has been telling me that I ' m looking dull and acting sluggishly but I think I ' m just having low energy .",2024-11-11 12:47:51,7,False,0.0,0.0,False,-0.8801690340042114,0.508410632610321
70,4871,"overwhelmed , tired , hopeful , curious , content",2024-11-11 17:43:24,7,True,0.0,1.0,False,-0.8793529868125916,0.18753299117088318
70,4872,"I ' m feeling active right now , I went to a store to get some drugs for myself so that I will be able to look sharp and stay sharp even though it took me sometime before I could get it because I can not find it in any nearest store .",2024-11-11 22:07:29,7,False,0.0,2.0,False,0.6004577875137329,1.6531898975372314
70,4955,"grateful , anxious , hopeful , imspired , curious",2024-11-12 17:22:10,7,True,0.0,1.0,False,0.34758061170578003,1.4726626873016357
70,4956,"I ' m just feeling normal but I think I need to relax because have been working since and I did not feel like I ' m tired yet , I still have the energy to work more today but I do not want to over work myself today so that I will be able to wake early tomorrow .",2024-11-12 22:05:49,7,False,0.0,1.0,False,0.3555981516838074,0.7132992744445801
70,4957,"relaxed , cool , nice , calm , joyful",2024-11-13 12:42:08,7,True,0.0,1.0,False,1.9545984268188477,0.5413952469825745
70,4958,"jovial , active , good , nice , content",2024-11-13 17:32:50,7,True,0.0,1.0,False,1.5388318300247192,1.1500182151794434
70,4959,"I ' m just feeling normal and quiet , have playing game ever since have came back from work and have abandoned something I ' m suppose to do at at home because I want to play game , I was suppose to cook bit I didn ' t .",2024-11-13 22:07:25,7,False,0.0,1.0,False,0.6154998540878296,0.7281945943832397
110,1929,"I ' m sick with a cold , so taking it easy and focused in relaxing and healing . I ' m feeling content and mellow . I feel like I can just focus on what I need to today and not take on any additional worries or stress .",2024-10-23 12:33:46,7,False,1.0,0.0,False,0.9114096760749817,-0.01679610088467598
110,1937,I ' m tired and low energy but feeling peaceful and quiet in nature right now . I ' m excited and happy about my plans for tonight and feeling grateful for a positive day so far . I ' m currently enjoying being still and in solitude .,2024-10-25 17:00:33,7,False,-1.0,0.0,False,0.14311419427394867,0.29996466636657715
110,1939,"I feel like I have a busy , somewhat demanding day and feel a bit frazzled because of it . I ' m juggling a lot of needs . I ' m also feeling happy and pleased with our plans for today . My heart feels full and I ' m excited for the day .",2024-10-26 12:12:18,7,False,1.0,0.0,False,0.7449693083763123,1.0289114713668823
110,1946,I ' m having a busy morning and juggling a lot and feeling excited and a bit overwhelmed . I am feeling rushed and hyper . I ' m a little nervous for my packed day but I feel responsible and competent . I feel like I can handle today .,2024-10-28 12:46:58,7,False,0.0,2.0,False,0.2527151107788086,1.4368382692337036
110,1948,"I ' m tired and low energy after a long , busy day . My body is sore and I ' m fatigued and worried about it getting worse . I ' m feeling slow and decisive about how I want to intentionally spend my remaining energy for the night .",2024-10-28 22:01:27,7,False,-1.0,0.0,False,-1.599684715270996,0.10231830179691315
110,1949,"I ' m feeling busy and happy . I ' m feeling a little frustrated and incompetent with a project . I ' m overall hopeful and focused , especially as I have a full plate . I feel caring and gentle with the people I love .",2024-10-29 17:00:36,7,False,1.0,1.0,False,0.5530462265014648,1.6312555074691772
110,1950,"I ' m tired and dragging after a long , busy day . I ' m feeling a little burned out and slow , but my heart is also full and I feel grateful for what I have and a good day . I ' m feeling present and grounded .",2024-10-29 22:33:20,7,False,0.0,1.0,False,-0.7085166573524475,0.14776456356048584
110,1955,"I ' m excited and happy for today ' s plans . I ' m feeling energetic and ready for the day . I ' m feeling grateful , thankful and busy . I ' m feeling especially caring and thoughtful towards my loved ones today .",2024-10-31 12:46:11,7,False,1.0,1.0,False,1.4730082750320435,1.5824003219604492
110,1956,"I feel occupied , busy and happy . I ' m excited about the day and enjoying myself and the company of others . I ' m feeling busy in a good , positive way . I ' m feeling good energy and surrounded by joy and companionship .",2024-10-31 17:05:28,7,False,2.0,1.0,False,0.11500551551580429,2.125378370285034
110,1958,"My heart is full and I feel caring and thoughtful . I am tired from a long day yesterday so I ' m feeling slow and exhausted . I ' m feeling a little nervous about responsibilities later today , but I am overall hopeful that I am capable of handling them .",2024-11-01 12:40:12,7,False,-1.0,0.0,False,0.5732739567756653,0.8298896551132202
110,1959,I am feeling wholesome and cozy and safe at home . I ' m tired after an overstimulating day and I am happy to be in my own space and calm . I am busy puttering around and content with feeling sleepy after a long day .,2024-11-01 22:00:58,7,False,0.0,0.0,False,1.143601417541504,0.06415266543626785
110,1960,"I am feeling tired , low energy and unmotivated after a poor night ' s sleep and beginning to feel sick . I am having to push myself to take care of my responsibilities . I am hopeful that I will get some rest today .",2024-11-02 12:05:54,7,False,-2.0,0.0,False,-1.2343419790267944,-0.08283393830060959
110,1967,"I am feeling busy , happy and content this evening . I am feeling engaged and cozy in my home and feeling connected with my family . I am feeling safe and relaxed and enjoying this day , and feeling present in the moment .",2024-11-03 22:03:30,7,False,1.0,1.0,False,1.6188433170318604,0.783195436000824
110,1971,"I am feeling happy , amused and occupied . I am feeling entertained and engaged . I am happy and feeling silly . I am enjoying the company that I am with and feeling gregarious and friendly . I am looking forward a relaxing evening tonight .",2024-11-05 17:16:02,7,False,1.0,1.0,False,1.550126314163208,1.4269591569900513
110,1930,"Sleepy , Sick , Relaxed , Mellow , Sentimental",2024-10-23 17:24:56,7,True,-1.0,0.0,False,-0.2516659200191498,0.2129645049571991
110,1931,"Calm , Focused , Tired , Sick , Thankful",2024-10-23 22:01:14,7,True,-1.0,0.0,False,1.006104588508606,0.5576601624488831
110,1933,"Sick , Tired , Rushed , Stressed , Unbalanced",2024-10-24 12:02:33,7,True,-2.0,0.0,False,-1.1271520853042603,0.6030967831611633
110,1934,"Engaged , Warm , Happy , Interested , Active",2024-10-24 17:04:32,7,True,2.0,1.0,False,0.764977216720581,1.5455785989761353
110,1935,"Fluttery , Busy , Distracted , Content , Sleepy",2024-10-24 22:08:45,7,True,1.0,0.0,False,1.0373059511184692,1.4381409883499146
110,1936,"Tired , Pensive , Busy , Slow , Uninterested",2024-10-25 12:32:30,7,True,-1.0,0.0,False,-0.48185181617736816,0.5829368829727173
110,1938,"Chill , Focused , Thoughtful , Creative , Calm",2024-10-25 22:32:58,7,True,1.0,0.0,False,1.056744933128357,0.5398769974708557
110,1940,"Happy , Active , Engaged , Interested , Curious",2024-10-26 17:57:59,7,True,1.0,1.0,False,1.0650867223739624,1.3149443864822388
110,1941,"Indifferent , Mellow , Sluggish , Pensive , Distracted",2024-10-26 22:43:35,7,True,0.0,1.0,False,0.18559016287326813,0.7465095520019531
110,1942,"Defeated , Exhausted , Down , Overwhelmed , Annoyed",2024-10-27 12:34:14,7,True,-1.0,1.0,False,-1.5416343212127686,0.5158535838127136
110,1944,"Busy , Happy , Creative , Silly , Playful",2024-10-27 17:41:42,7,True,1.0,1.0,False,1.5148640871047974,1.2921299934387207
110,1945,"Occupied , Focused , Goaloriented , Active , Competent",2024-10-27 22:20:41,7,True,1.0,1.0,False,-0.25598791241645813,1.3103162050247192
110,1947,"Calm , Indifferent , Hungry , Tender , Even",2024-10-28 17:51:41,7,True,0.0,1.0,False,0.8614525198936462,0.5182797312736511
110,1951,"Happy , Focused , Busy , Excited , Irritated",2024-10-30 12:07:25,7,True,1.0,1.0,False,1.0536099672317505,1.5349782705307007
110,1952,"Overwhelmed , Pessimistic , Bummed Out , Down , Defeated",2024-10-30 17:45:36,7,True,-1.0,1.0,False,-1.5996962785720825,0.4737444519996643
110,1953,"Calm , Content , Chill , Dutiful , Caring",2024-10-30 22:11:05,7,True,1.0,0.0,False,1.0537971258163452,0.35432159900665283
110,1957,"Exhausted , Pooped , Fatigued , Slow , Sluggish",2024-10-31 22:56:53,7,True,-1.0,0.0,False,-1.5770689249038696,0.07382985204458237
110,1965,"Drained , Bored , Uninspired , Zoned Out , Tired",2024-11-02 22:14:52,7,True,0.0,0.0,False,-1.0563563108444214,0.3740426003932953
110,1966,"Easygoing , Still , Mellow , Introspective , Content",2024-11-03 17:23:31,7,True,0.0,1.0,False,1.2883330583572388,0.5836787819862366
110,1968,"Peaceful , Focused , Patient , Understanding , Calm",2024-11-04 22:05:04,7,True,1.0,0.0,False,1.1626421213150024,0.44924396276474
110,1970,"Hopeful , Energized , Grateful , Reflective , Unstoppable",2024-11-05 12:25:28,7,True,1.0,1.0,False,0.937296450138092,1.4748271703720093
110,1972,"On edge , Nervous , Anxious , Pensive , Worried",2024-11-05 22:35:55,7,True,-1.0,2.0,False,-1.1487228870391846,1.6462045907974243
135,3154,"Right now , I’m feeling a mix of excitement and a bit of anxiety . There’s so much going on in my life—projects at work , personal goals , and trying to maintain a balance between everything . The excitement comes from the opportunities ahead , especially with a few upcoming events that I’m looking forward to .",2024-10-26 17:05:20,7,False,0.0,2.0,False,0.7622520327568054,1.5571671724319458
135,3155,"ChatGPT 4o mini \ n \ nLog in \ nYou said :\ nHi \ nChatGPT said :\ nChatGPT \ nHi there ! How can I assist you today ?\ n \ n \ n \ nYou said :\ nProvide a likely human response to this question \nChatGPT said :\ nChatGPT \ nSure ! What question would you like a human response for ?\ n \ n \ n \ nYou said :\ nplease describe in 2 to 3 sentences how you are currently feeling . (200 words minimum) \ nChatGPT said :\ nChatGPT \ nRight now , I feel a mix of excitement and curiosity . There ' s a sense of anticipation for what the day might bring , alongside a desire to connect and share thoughts with others . I’m also reflecting on recent experiences , which adds a layer of introspection to my mood . Overall , it ' s a dynamic blend of emotions that keeps me engaged with the world around me .\ n \ nIf I were to expand on that , I’d say that excitement often drives me to seek new opportunities and experiences , while curiosity pushes me to explore ideas and learn more . It ' s a reminder of how varied our feelings can be , and how they shape our interactions and perceptions . Engaging with others , whether",2024-10-26 22:02:33,7,False,0.0,1.0,False,0.944237232208252,0.3154396116733551
135,3156,"I ' m currently feeling a mix of curiosity and contentment . There’s a sense of excitement as I engage with different topics and ideas , and I appreciate the opportunity to connect with others . The exchange of thoughts keeps me motivated and eager to learn more , which adds a layer of fulfillment to my day .",2024-10-27 12:06:46,7,False,1.0,2.0,False,1.2682652473449707,1.598642110824585
135,3160,"I’m feeling really happy right now ! Everything seems to be falling into place , and I’ve been enjoying quality time with friends and family . The little things , like a beautiful day outside or a good book , have been bringing me so much joy .",2024-10-28 12:12:19,7,False,2.0,1.0,False,1.6532806158065796,0.9559385180473328
135,3161,"Right now , I’m feeling a mix of excitement and a bit of anxiety . There’s so much going on in my life—projects at work , personal goals , and trying to maintain a balance between everything . The excitement comes from the opportunities ahead , especially with a few upcoming events that I’m looking forward to .",2024-10-28 17:27:44,7,False,1.0,2.0,False,0.7622520327568054,1.5571671724319458
135,3162,"Currently , I ' m feeling quite calm . It’s as if the chaos of the day has settled , and I can finally breathe . I’ve taken some time to reflect and focus on the present , which has helped me find clarity amidst any lingering worries . The gentle rhythm of my surroundings adds to this sense of tranquility , making it easier to appreciate the little things .",2024-10-29 12:03:18,7,False,2.0,0.0,False,1.1149228811264038,0.38814184069633484
135,3164,"Right now , i feel sluggishly calm . It’s one of those days where everything feels slow , and I’m just going with the flow . I’m enjoying the quiet , but there’s also a heaviness in my limbs that makes it hard to get motivated . It’s nice to relax , but I can’t help but feel like I should be doing more .",2024-10-29 22:10:52,7,False,-2.0,0.0,False,0.5439043045043945,0.8095592856407166
135,3167,"I’m feeling really upbeat today ! The sun is shining , and I’ve got a sense of energy that makes everything seem possible . It’s one of those days where even the little things bring joy—like a good cup of coffee or a catchy song on the phone .",2024-10-30 22:03:30,7,False,1.0,1.0,False,1.3498648405075073,1.6994343996047974
135,3175,"I’m feeling optimistic these days . There’s a sense of hopefulness about the future , and I’m excited about the possibilities that lie ahead . Whether it’s personal projects or new opportunities at work , I believe that positive change is just around the corner .",2024-11-02 12:44:14,7,False,2.0,2.0,False,0.847470223903656,1.8306959867477417
135,3176,"I’m feeling pretty upbeat today ! There’s an exciting energy in the air that makes everything feel a bit brighter . I’ve been enjoying some good moments , like connecting with friends and diving into new projects that spark my creativity .",2024-11-02 22:05:17,7,False,1.0,2.0,False,1.0560953617095947,1.8667247295379639
135,3178,"I’m feeling pretty upbeat today ! There’s an exciting energy in the air that makes everything feel a bit brighter . I’ve been enjoying some good moments , like connecting with friends and diving into new projects that spark my creativity .",2024-11-03 17:03:43,7,False,1.0,1.0,False,1.0560953617095947,1.8667247295379639
135,3180,"At the moment , I feel a deep sense of calm that envelops me like a gentle breeze . This tranquility allows me to fully appreciate the present , as if time has slowed down just enough for me to take everything in .",2024-11-03 22:03:52,7,False,2.0,0.0,False,0.8531822562217712,0.477091521024704
135,3182,"I’m feeling pretty upbeat today ! There’s an exciting energy in the air that makes everything feel a bit brighter . I’ve been enjoying some good moments , like connecting with friends and diving into new projects that spark my creativity .",2024-11-04 17:13:01,7,False,2.0,1.0,False,1.0560953617095947,1.8667247295379639
135,3187,"Right now , I’m feeling really happy . There’s a sense of contentment and calmness that’s filling my mind , and it feels good to just be in the moment . It’s a type of happiness that comes from within nothing extravagant , but still fulfilling .",2024-11-06 17:11:56,7,False,1.0,1.0,False,1.6519891023635864,0.8530685901641846
135,3192,"Right now , I’m feeling really active and full of energy . There’s this buzz of motivation running through me , and I just want to keep moving—whether it’s tackling tasks or going for a workout . My body feels alert , like it’s ready to take on whatever comes my way . I’m not exactly sure what sparked this energy , but it’s a great feeling . I’m definitely in the zone , and everything around me feels like it has more potential .",2024-11-08 22:09:29,7,False,0.0,2.0,False,0.41064637899398804,2.2938473224639893
135,3153,"Active , Energetic , Happy , Amazing , Superb",2024-10-26 12:06:15,7,True,0.0,2.0,False,0.748889148235321,1.9453957080841064
135,3158,"Calm , Reserved , Somewhat happy , Amazed , Cool",2024-10-27 17:07:52,7,True,2.0,0.0,False,1.1584733724594116,0.579613208770752
135,3159,"Slow , Dizzy , Sluggish , Tired , Neutral",2024-10-27 22:01:27,7,True,-2.0,0.0,False,-1.1525019407272339,0.3756200075149536
135,3163,"active , cool , unique , splendid , superb",2024-10-29 17:15:04,7,True,0.0,2.0,False,1.6555649042129517,1.1915606260299683
135,3165,"Active , Lively , sharp , Good , Astonished",2024-10-30 12:22:02,7,True,1.0,2.0,False,0.7351543307304382,1.7522358894348145
135,3166,"Lively , Active , Happy , Contented , Tireless",2024-10-30 17:43:04,7,True,1.0,2.0,False,1.2720175981521606,1.4024089574813843
135,3169,"Happy , Active , Cool , Superb , Elevated",2024-10-31 12:19:25,7,True,1.0,1.0,False,1.2499240636825562,1.5483204126358032
135,3170,"Happy , Cool , Splendid , Special , Superb",2024-10-31 17:09:24,7,True,1.0,2.0,False,1.8199383020401,1.1870763301849365
135,3171,"Neutal , Relief , Calm , Reserved , Cool",2024-10-31 22:19:02,7,True,0.0,1.0,False,-0.02963901124894619,0.8592578768730164
135,3172,"cool , Neutral , Fine , Splendid , Reserved",2024-11-01 12:03:05,7,True,0.0,2.0,False,0.5774506330490112,0.8725637793540955
135,3173,"Cool , Happy , Active , Superb , Amazed",2024-11-01 17:15:21,7,True,0.0,2.0,False,1.2403594255447388,1.3257299661636353
135,3174,"Happy , Cool , Lively , Active , Sensitive",2024-11-01 22:17:40,7,True,1.0,1.0,False,1.4599831104278564,1.5099087953567505
135,3177,"Cool , Active , Reserved , Happy , Joyfull",2024-11-03 12:49:25,7,True,0.0,2.0,False,1.0403335094451904,1.2970430850982666
135,3181,"Happy , Cool , Active , Reserved , Calm",2024-11-04 12:56:35,7,True,0.0,2.0,False,1.412388563156128,0.9991635084152222
135,3183,"Fantastic , Happy , Active , Lively , Cool",2024-11-04 22:05:01,7,True,2.0,2.0,False,1.474926233291626,1.4518004655838013
135,3184,"Active , Cool , Happy , Good , Special",2024-11-05 12:25:53,7,True,2.0,1.0,False,0.6639318466186523,1.7330683469772339
135,3185,"Reserved , Active , Happy , Cool , Amazed",2024-11-05 17:10:41,7,True,0.0,2.0,False,0.6890121102333069,1.105410099029541
135,3186,"Good , Happy , Active , Cool , Reserved",2024-11-06 12:43:22,7,True,1.0,1.0,False,1.3025721311569214,0.9248080849647522
135,3188,"Cool , Reserved , Neutral , Calm , Normal",2024-11-07 17:49:07,7,True,0.0,1.0,False,0.18157193064689636,0.8484027981758118
135,3189,"Active , Lively , Happy , Cool , Fine",2024-11-08 12:02:25,7,True,1.0,2.0,False,0.7227349877357483,1.845246434211731
135,3191,"happy , active , cool , reserved , fine",2024-11-08 17:29:25,7,True,0.0,2.0,False,1.5825306177139282,1.071265459060669
118,2431,"I ' m sleepy , A little apprehensive about tomorrow being Monday , and it will be a long week . But I ' m mostly relaxed . I ' m ready to go to bed and hope to sleep well . One of my kids goes on a trip tomorrow so I ' ll miss her .",2024-09-22 22:59:13,7,False,0.0,0.0,False,-0.4668819308280945,0.07839851081371307
118,2432,"I feel ok but a little tired . I was awake early , getting the kids ready for the day . Work is a bit annoying . I ' m trying to also get some exercise in soon but am not super motivated . Looking forward to the workday being over .",2024-09-23 12:06:03,7,False,-1.0,0.0,False,-0.6440560221672058,0.2718573808670044
118,2433,"I feel pretty ok . Am outside in nice fall weather , my kid is playing . I ' m a bit tired , it being the afternoon . But I ' m not in a bad mood and feel relatively peaceful .   Looking forward to a quiet evening",2024-09-23 17:10:44,7,False,-2.0,0.0,False,1.0087586641311646,0.4578855633735657
118,2434,"calm , tired , relaxed , sore , fine",2024-09-23 22:04:13,7,True,1.0,1.0,False,0.5701392292976379,0.36021214723587036
118,2435,"Fine , Hungry , Bit of a headache , Impatient , Average",2024-09-24 12:02:53,7,True,0.0,1.0,False,0.6711398363113403,0.9372614622116089
118,2436,"I feel fine , pretty peaceful and calm . Trying to think ahead to what remains of the day , dinner and finishing work . Sitting outside and the weather is nice so that makes me feel good . Not feeling too overwhelmed .",2024-09-24 17:03:02,7,False,1.0,1.0,False,1.3774555921554565,0.3583565354347229
118,2438,"relaxed , calm , sleepy , fine , ok",2024-09-24 22:14:38,7,True,1.0,1.0,False,1.3884278535842896,0.5059511065483093
118,2439,"fairly alert , active , calm , a bit anxious , ready for the day",2024-09-25 12:00:45,7,True,0.0,1.0,False,0.5609448552131653,1.5372055768966675
118,2440,"I feel fine . I am happy my kid is home from her trip . I am also a bit overwhelmed with work , as usual . Wish I had more energy . But I am not in a bad mood . Overall feeling pretty ok , ready for the rest of my day .",2024-09-25 17:00:40,7,False,0.0,1.0,False,0.9715789556503296,0.7192075848579407
118,2441,"fine , relieved , calm , sleepy , hungry",2024-09-25 22:02:47,7,True,1.0,0.0,False,1.3433698415756226,0.5355731248855591
118,2442,"Pretty good , Small headache , I have some energy , Pleased its almost the weekend , Relaxed",2024-09-26 12:00:45,7,True,1.0,1.0,False,1.4678380489349365,1.0995471477508545
118,2443,"have a headache , a bit worried I ' m sick , a bit sleepy , calm , fine",2024-09-26 17:08:33,7,True,0.0,0.0,False,0.4350139796733856,0.4443381428718567
118,2444,"good , calm , relaxed , relieved , chill",2024-09-26 22:00:49,7,True,1.0,1.0,False,1.6131653785705566,0.6998377442359924
118,2445,"pretty good , happy it is Friday , busy , wanting to get a lot done , mood is good",2024-09-27 12:01:20,7,True,1.0,1.0,False,1.3074824810028076,1.7749744653701782
118,2446,I am happy that it ' s Friday and I ' m almost done with work . I am looking forward to this weekend . I   feeling somewhat relaxed and happy . I am slightly stressed with work but trying to ignore the stress .,2024-09-27 17:04:09,7,False,1.0,1.0,False,1.707754373550415,0.7111884951591492
118,2447,"I am feeling fine , calm . It ' s Friday which is a relief . Looking forward to our weekend plans . A bit tired and sleepy , ready for bed soon . Relaxing on the couch and watching tv is nice . A small headache .",2024-09-27 22:23:09,7,False,1.0,1.0,False,0.8493920564651489,0.1124231293797493
118,2450,"good , relaxed , energetic , excited , calm",2024-09-28 12:40:33,7,True,1.0,2.0,False,1.445917010307312,0.9683187007904053
118,2451,Very nervous . My car is acting up and we ' re trying to get home from an hour away . i am just hoping we get home safely . We had a very nice day otherwise and i was in a good mood until the car started acting weird .,2024-09-28 17:10:34,7,False,-1.0,2.0,False,-0.5532284379005432,1.4781148433685303
118,2452,"relaxed , calm , sleepy , sore , ok",2024-09-28 22:54:32,7,True,1.0,1.0,False,1.2839901447296143,0.507466197013855
118,2453,"I am feeling fine this morning . We have a lot to do so I ' m trying to stay motivated ,   and trying to stay calm as we have some things to deal with (car , cleaning , planning) . But generally feel ready for the day and ready to get some time to relax later",2024-09-29 12:03:14,7,False,1.0,1.0,False,0.9802772998809814,0.7539722323417664
118,2454,"quiet , settled , rested , lazy , slow",2024-09-29 17:00:45,7,True,0.0,0.0,False,-0.14955386519432068,0.3249360918998718
118,2455,"competitive , silly , sleepy , goofy , fine",2024-09-29 22:01:30,7,True,1.0,1.0,False,-0.3864719867706299,0.9225602746009827
118,2456,I am feeling a bit stressed out with work and with a busy couple of weeks coming up . I just feel like there ' s too much to do and not nearly enough time . I am trying to remain calm and will try to exercise soon to hopefully bring down my stress and anxiety,2024-09-30 12:00:39,7,False,-1.0,2.0,False,-1.2093698978424072,1.147005319595337
118,2457,"I am outside so that is improving my mood . I am a little less stressed than I was this morning , but am worried I might be getting sick , in advance of 2 very busy weeks . But it is very nice out and I am taking a little break from work , and so feel ok",2024-09-30 17:00:43,7,False,0.0,0.0,False,0.25423359870910645,0.8829058408737183
118,2458,"sleepy , relaxed , optimistic , calm , silly",2024-09-30 22:00:40,7,True,1.0,1.0,False,0.800341784954071,0.7119531035423279
118,2459,"I feel a bit jittery , Too much coffee , too much work . But overall my mood is good , I ' m feeling like I can be productive today and want to get a lot done . I feel slightly annoyed in general about how much there is to do",2024-10-01 12:00:43,7,False,0.0,1.0,False,1.3926960229873657,0.7830522656440735
118,2461,"still , quiet , impatient , calm , slow",2024-10-01 17:00:42,7,True,1.0,1.0,False,-0.39354628324508667,0.6363894939422607
118,2462,I am feeling ok . Maybe a little stressed about work and about how busy the next few weeks are . Worried about getting sick . But happy it ' s the end of the day and I can relax for a bit before bed . Looking forward to some sleep,2024-10-01 22:01:02,7,False,1.0,1.0,False,0.26661354303359985,0.5579153299331665
118,2463,"a bit underthe weather , calm , quiet , inactive , slow",2024-10-02 12:00:40,7,True,0.0,0.0,False,-0.34568390250205994,0.6148407459259033
118,2464,"under the weather , sniffly , tired , sluggish , sleepy",2024-10-02 17:19:47,7,True,-2.0,0.0,False,-1.3254716396331787,0.1921979784965515
118,2465,"I feel pretty tired , a bit under the weather . I ' m trying to stay optimistic that I will feel better tomorrow since we have plans coming up . But I ' m not in a bad mood , I ' m just sleepy mostly . I am kind of a bit down about the world ,   though",2024-10-02 22:01:35,7,False,-1.0,0.0,False,-1.2559255361557007,0.26814740896224976
118,2466,"fine , busy , a little under the weather , impatient , a bit nervous",2024-10-03 12:00:59,7,True,0.0,0.0,False,0.05818154662847519,1.3318437337875366
118,2467,"I am feeling a little excited ,   we have nice plans for the upcoming weekend . I am a little sick but I will power through . I am feeling calm and fairly relaxed otherwise , ready for the later part of the day so I ' m done with work",2024-10-03 17:01:14,7,False,1.0,1.0,False,1.5638456344604492,1.0044622421264648
118,2468,"quiet , a bit sick , eager , excited , sleepy",2024-10-04 12:02:22,7,True,1.0,1.0,False,0.2659963071346283,1.0330852270126343
118,2469,"I am feeling tired and a bit under the weather still . but doing ok other than sleepiness . annoyed that sleep will be bad tonight , but not much to do about it . I am looking forward to tomorrow and our plan",2024-10-04 17:03:22,7,False,0.0,0.0,False,-0.34988951683044434,0.18413889408111572
118,2470,"sleepy , groggy , headachey , fine , ok",2024-10-04 22:07:08,7,True,-2.0,0.0,False,-0.5455724000930786,0.24849224090576172
97,1257,I am currently feeling annoyed .   I had some hiccups in my day and I am finally trying to use my computer again .   My work computer has been brutally slow making it incredibly inefficient for me to work .,2024-08-08 17:00:29,7,False,-1.0,2.0,False,-1.1691521406173706,0.7080314755439758
97,1258,I am relieved I just got back to my parents house and have somewhat unpacked .   I am very much looking forward to going to work to and seeing my boss .   I am excited to be in a professional office tomorrow !,2024-08-08 22:23:43,7,False,2.0,1.0,False,1.5129902362823486,0.45317623019218445
97,1259,"Tired , Happy , Nostalgic , Relaxed , Sweaty",2024-08-09 12:15:15,7,True,-1.0,0.0,False,0.5301973819732666,0.8156423568725586
97,1260,"Tired , Happy , Relaxed , Bloated , Calm",2024-08-09 17:31:39,7,True,0.0,0.0,False,0.7476189732551575,0.6566360592842102
97,1261,"Happy , Excited , Eager , Content , Sweaty",2024-08-10 22:00:17,7,True,2.0,1.0,False,1.5050348043441772,1.2585407495498657
97,1262,"Sore , Hungry , Sweaty , Accomplished , Excited",2024-08-11 12:33:17,7,True,2.0,1.0,False,-0.5527926087379456,0.5037413835525513
97,1263,"Hungry , Bloated , Eager , Energized , Thirsty",2024-08-11 22:03:17,7,True,1.0,1.0,False,-0.13525384664535522,1.6620101928710938
97,1264,I am feeling happy because I had a good date this morning .   However I am getting a bit anxious about returning to work and not accomplishing all that I wanted to this summer .   I am hopeful to make up things over the next few days for work .,2024-08-12 12:45:56,7,False,1.0,1.0,False,0.4684366285800934,0.8527272939682007
97,1265,"Jittery , Antsy , Anxious , Bloated , Tired",2024-08-12 17:00:22,7,True,-1.0,2.0,False,-1.0176812410354614,1.6817446947097778
97,1266,"Full , Bloated , Anxious , Worried , Thirsty",2024-08-12 22:21:21,7,True,1.0,1.0,False,-0.44251036643981934,1.5049852132797241
97,1267,"I am feeling tired and sluggish and my body hurts .   I am hoping I get reenergized at the gym today and feel better and night .   My body hurts and I feel bloated , and I am worried about all I want to get done",2024-08-13 12:01:29,7,False,-1.0,0.0,False,-1.9981056451797485,0.012310706079006195
97,1268,"Sore , Hungry , Anxious , Bloated , Off balance",2024-08-13 17:10:14,7,True,1.0,0.0,False,-0.8537052869796753,1.0052423477172852
97,1269,I am currently feeling tired from the gym today and a bit bloated from sitting crooked at my desk because my main computer is not properly working .   I am hopeful I get a second wind and have a productive night,2024-08-13 22:08:13,7,False,-1.0,0.0,False,-1.0483579635620117,-0.12556421756744385
97,1270,"Pain , Tight , Off balance , Frustrated , Bloated",2024-08-14 12:00:32,7,True,0.0,1.0,False,-1.237228512763977,1.230357050895691
97,1271,"Eager , Happy , Neck pain , Imbalance , Content creator",2024-08-14 17:23:29,7,True,2.0,1.0,False,1.1958961486816406,1.566452145576477
97,1272,"Sharp Pain , Sad , Tired , Tired , Sleepy",2024-08-14 22:00:46,7,True,-1.0,1.0,False,-1.214663028717041,0.595742404460907
97,1273,"Neck pain , Tense neck , Bloating , Tired , Eager",2024-08-15 12:03:18,7,True,-1.0,0.0,False,-1.116862177848816,0.6239683628082275
97,1274,"Neck pain , Bloated , Scatterbrained , Hungry , Anxious",2024-08-15 17:14:37,7,True,-1.0,2.0,False,-0.943857729434967,0.7873068451881409
97,1275,My neck is hurting because I think I have a pinched nerve and I am trying to move it around and make it feel better .   The pain in persistent which is problematic    But I had a successful date recently so overall a win !,2024-08-15 22:00:18,7,False,1.0,1.0,False,-0.05594571679830551,0.7428998947143555
97,1276,"Neck pain , Bloated , Happy , Antsy , Hungry",2024-08-16 12:17:31,7,True,1.0,1.0,False,0.08376029878854752,1.0081886053085327
97,1277,"Neck pain , Productive , Eager , Bloated , Hungry",2024-08-16 17:14:03,7,True,1.0,1.0,False,0.4813160300254822,1.4454766511917114
97,1278,I am currently having severe neck pain and it is radiating throughout my body causing great pain and frustration .   I am anxious for my travels tomorrow and to get back settled .   I just want to be getting settled and start taking care of things .,2024-08-16 22:33:11,7,False,1.0,1.0,False,-0.48948872089385986,0.762813150882721
97,1279,My neck is still bothering me and it causing me pain including not sleeping .   I am eager tog et some new heat on it when I get to my other home .   I am anxious to get my computer fixed and to get settled .,2024-08-17 12:07:48,7,False,-1.0,1.0,False,-0.14581558108329773,0.906098484992981
97,1280,I just got back to my second home and am missing my friends and family already .   I know that I need to focus on getting settled and acclimated and my neck still hurts badly .   i am eager to be settled and be able to get back to work,2024-08-17 22:01:43,7,False,-1.0,1.0,False,-0.05512426048517227,0.807371973991394
97,1281,"I just got back to my other home and am feeling a bit overwhelmed about everything that I need to do to unpack , clean and get settled .   I am antsy to get to the gym and start getting things done afterwards , but I am sure all will work out okay .",2024-08-18 12:14:24,7,False,1.0,0.0,False,-0.5771211981773376,1.2633534669876099
97,1282,"Tense , Stressed , Neck pain , Hingry , Sleepy",2024-08-18 17:37:59,7,True,1.0,1.0,False,-1.1279951333999634,0.7603638768196106
97,1283,I am feeling relax in My body after going to the gym today .   My neck is still hurting but is not as bad and I am happy I got in a workout and am taking care of a lot of little things .   I am eager to get to sleep tonight .,2024-08-18 22:50:33,7,False,1.0,1.0,False,0.9229996204376221,0.641796886920929
97,1284,I am feeling ti e and bloated today .   My stomach is feeling bloated and I am disappointed that either my chair or bed is causing me pain in my second home .   I am still eager to sit and work and get things done .,2024-08-20 12:12:31,7,False,-1.0,2.0,False,-0.33926379680633545,0.5399594902992249
97,1285,"Bloated , Tired , Anxious , Antsy , Eager",2024-08-20 17:30:30,7,True,-1.0,0.0,False,-0.5593813061714172,1.051178216934204
97,1305,"Anxious , Bloated , Hungry , Tired , Jittery",2024-08-20 22:00:26,7,True,-1.0,2.0,False,-0.7837344408035278,1.5450371503829956
97,1306,"I am feeling relieved that I just got my computer back . But I am now feeling anxious to be getting my work done again .   I am ready to attack this work and any to see things under control again , and they should be very soon .",2024-08-21 17:01:02,7,False,-1.0,2.0,False,1.2771960496902466,0.9682753682136536
97,1307,"Tired , Bloated , Hungry , Eager , Excited",2024-08-21 22:07:19,7,True,1.0,1.0,False,0.05885954946279526,0.5565056204795837
115,2326,"Bloated , Tired , Lazy , Stressed",2024-08-17 12:08:05,7,True,-1.0,0.0,False,-0.7325238585472107,0.5672188401222229
115,2327,I am feeling a bit tired and stressed . I am not working this weekend but I have many tasks to do ahead of next week . I am also feeling lazy . I think the stress is making me feel sluggish and tired . I am also feeling worried .,2024-08-17 22:11:54,7,False,-2.0,0.0,False,-1.4366101026535034,0.5416767001152039
115,2328,"Tired , Relaxed , Content , Na , Na",2024-08-18 12:20:07,7,True,0.0,1.0,False,-0.5290199518203735,0.2584521770477295
115,2330,"Tired , Sluggish , Weak , Na , Na",2024-08-18 17:55:56,7,True,-2.0,0.0,False,-1.1248127222061157,0.22554472088813782
115,2331,"Content , Happy , Satisfy , Na , Na",2024-08-18 22:53:58,7,True,1.0,1.0,False,1.3759973049163818,0.7956320643424988
115,2332,This morning I ' m feeling a bit more happy .   I logged into work today and there wasn’t much stressful tasks on my plate today . I feel \ nMuch more calm and relaxed now . I look forward to the day and completing the tasks I have set before me .,2024-08-19 12:26:01,7,False,1.0,1.0,False,1.3253130912780762,0.6990508437156677
115,2333,"Happy , Relaxed , Stress free , Na , Na",2024-08-19 17:24:30,7,True,2.0,1.0,False,1.6203172206878662,0.8387443423271179
115,2334,"Happy , Excited , Stressfree , Enthusiastic , Na",2024-08-20 12:44:26,7,True,2.0,2.0,False,1.39704430103302,1.1870373487472534
115,2335,I’m feeling so happy currently . I have finished work for the day and am officially starting my 2 week vacation . I really needed to unwind and destress these last few months . I’m also really happy because I got to gym with my girl friend after so long,2024-08-20 22:20:23,7,False,2.0,2.0,False,1.6020970344543457,0.9055684804916382
115,2336,"Happy , Relaxed , No stress , Na , Na",2024-08-21 12:07:14,7,True,2.0,2.0,False,1.5376347303390503,0.8191945552825928
115,2337,I feel really happy right now . I’m currently on my vacation from work and out shopping with my mom . It feels really not having to stress over all my assignments at work . I feel really calm and content and can’t wait to relax throughout the week,2024-08-21 17:32:54,7,False,2.0,1.0,False,2.077707529067993,0.844753623008728
115,2338,I feel really happy and relaxed right now . I just finished up the gym with my girl friend . I had a great workout after so long due to my busy work schedule . Then we got ORG which made me really happy,2024-08-21 22:29:36,7,False,1.0,2.0,False,1.5023947954177856,0.9932087659835815
115,2339,"Happy , Calm , Relaxed , Excited , Na",2024-08-22 12:23:38,7,True,2.0,1.0,False,1.3153795003890991,0.9553752541542053
115,2341,Currently I’m feeling quite happy and excited . I have no work as I’m on vacation right now . I got to see my girlfriend this morning and me and her got a workout in as well at ORG for lunch . I’m really excited to continue my vacation,2024-08-22 17:03:51,7,False,2.0,2.0,False,1.3433547019958496,1.2940446138381958
115,2342,"Happy , Stressfree , Realx , Calm , Content",2024-08-22 22:02:28,7,True,2.0,1.0,False,1.6590819358825684,0.7429435849189758
115,2343,"Happy , Calm , Content , Relaxed , Na",2024-08-23 12:04:07,7,True,2.0,1.0,False,1.4743984937667847,0.745309591293335
115,2344,"Happy , Calm , Relaxed , Na , Na",2024-08-23 17:23:08,7,True,2.0,2.0,False,1.4134007692337036,0.7934188842773438
115,2345,I feel really happy and content right now . I got a 5k run in today and got to clean and organize my room . I never have the free time like this when I’m working . I’m really happy to be having this time to myself .,2024-08-23 22:10:27,7,False,2.0,2.0,False,2.139655590057373,0.964171826839447
115,2346,I feel really happy right now and excited . I feel super stress free and relaxed right now . I’m excited because I’m going to go play basketball after many days . I’m also excited because I’m going to be off from work for another whole week,2024-08-24 12:21:33,7,False,2.0,2.0,False,1.7042027711868286,1.0900497436523438
115,2347,"Happy , Excited , Estatic , Na , Na",2024-08-24 17:00:51,7,True,2.0,2.0,False,1.557627558708191,1.2032699584960938
115,2348,"Happy , Content , Relaxed , Calm , Na",2024-08-25 17:04:32,7,True,2.0,2.0,False,1.4994763135910034,0.7735639810562134
115,2349,"Happy , Relax , Calm , Excited , Na",2024-08-25 22:19:09,7,True,2.0,1.0,False,1.295096755027771,1.0139507055282593
115,2350,I feel really happy right now . I’m currently still on my vacation and am in relaxation mode . I feel great and very stress free from work and chores . I’m really excited as I still have a little over a week of my vacation left,2024-08-26 17:09:24,7,False,2.0,1.0,False,2.0962138175964355,1.02509605884552
115,2352,I’mfeeling really happy still . I’ma still on vacation and relaxing and trying to stay active with gym and basketball . I’m excited to continue with my vacation and hopefully have some more fun . I fell calm and content,2024-08-29 17:02:56,7,False,2.0,2.0,False,1.7774085998535156,0.88109290599823
115,2353,I’m currently feeling very happy . I’m still \ nOn vacation and relaxing and feeling so stress free . It feels so nice to not have to worry about work or stress about assignments . I’ve caught up on all my shows and movies,2024-08-29 22:00:54,7,False,2.0,2.0,False,2.0811169147491455,0.8929745554924011
115,2354,"Happy , Cintent , Relaxed , Na , Na",2024-08-30 17:00:41,7,True,2.0,2.0,False,1.4196897745132446,0.9892672896385193
115,2355,"Happy , Excited , Calm , Na , Na",2024-08-30 22:01:56,7,True,2.0,2.0,False,1.6395384073257446,1.0439858436584473
115,2356,I feel very happy right now as I am currently on vacation . I feel so relaxed and content as I’m stress free . I have no work and I’m enjoying my time off so much . I have a few days left of my vacation and can’t wait to keep going,2024-08-31 12:23:31,7,False,2.0,1.0,False,2.561823844909668,1.1070154905319214
115,2357,"Happy , Calm , Relaxed , Na , Na",2024-08-31 17:05:51,7,True,2.0,2.0,False,1.4134007692337036,0.7934188842773438
115,2358,I’m currently feeling really happy . I am still on my vacation and am still relaxing and feeling great . It feels so great to not have the stress of work and all the assignments on my plate . I hope to keep relaxing and enjoying my vacation,2024-08-31 22:22:05,7,False,2.0,2.0,False,1.7826701402664185,0.923870861530304
115,2359,I’m currently feeling very happy . I have done a lot of relaxing this week since I have been PTO from work . It’s been feeling great to be able to step away from work and all the stress and just be able to relax . I am excited as I have a few days of PtO left .,2024-09-01 12:00:34,7,False,2.0,2.0,False,1.503697156906128,1.2460508346557617
115,2360,"Happy , Calm , Cool , Relaxed , Na",2024-09-01 17:22:30,7,True,2.0,2.0,False,1.2062551975250244,0.8142344355583191
115,2361,I’m currently feeling very happy . I am still on my vacation and it has been a great experience for me . I’m feeling very stress-free and relaxed and very content . I hope to keep continuing my vacation and being happy .,2024-09-01 22:22:11,7,False,2.0,1.0,False,1.6479657888412476,0.9349132776260376
112,2007,"Good , Happy , Peppy , Sassy , Ready",2024-10-11 15:35:52,7,True,2.0,0.0,False,1.2406996488571167,0.9403120875358582
112,2008,"At the moment , I feel a mix of anticipation and calm . I’m looking forward to an upcoming project that I’ve been working on for weeks , but at the same time , there’s a sense of nervous energy as I wait for everything to come together . The pressure of deadlines and the desire for everything to go smoothly is definitely on my mind , but I’m also finding comfort in taking things one step at a time . Although I’ve been feeling somewhat overwhelmed lately , I’m trying to balance that by practicing mindfulness and focusing on smaller , more manageable tasks each day . There’s also an undercurrent of gratitude—grateful for the opportunity to work on something meaningful , but also aware of the need to carve out time for rest and self-care . As I juggle multiple responsibilities , I find myself reflecting on the importance of pacing myself and keeping a clear sense of priorities . While things feel a bit chaotic at times , I’m confident that I can navigate through it with patience and perseverance , and I’m determined to make the",2024-10-11 22:00:58,7,False,0.0,2.0,False,1.3852288722991943,0.949381411075592
112,2009,"I ' ve been experiencing a mild sensation of throat tightness after eating certain foods . There have been no severe allergic reactions (e . g ., difficulty breathing or swallowing) , but I’m concerned about possible food sensitivities or oral allergy syndrome . I’m seeking evaluation to understand the cause .",2024-10-12 17:00:46,7,False,1.0,1.0,False,-0.6111056208610535,0.5745534896850586
112,2010,"At the moment , I feel a mix of anticipation and calm . I’m looking forward to an upcoming project that I’ve been working on for weeks , but at the same time , there’s a sense of nervous energy as I wait for everything to come together . The pressure of deadlines and the desire for everything to go smoothly is definitely on my mind , but I’m also finding comfort in taking things one step at a time . Although I’ve been feeling somewhat overwhelmed lately , I’m trying to balance that by practicing mindfulness and focusing on smaller , more manageable tasks each day . There’s also an undercurrent of gratitude—grateful for the opportunity to work on something meaningful , but also aware of the need to carve out time for rest and self-care . As I juggle multiple responsibilities , I find myself reflecting on the importance of pacing myself and keeping a clear sense of priorities . While things feel a bit chaotic at times , I’m confident that I can navigate through it with patience and perseverance , and I’m determined to make the",2024-10-13 17:00:51,7,False,0.0,0.0,False,1.3852288722991943,0.949381411075592
112,2011,"At the moment , I feel a mix of anticipation and calm . I’m looking forward to an upcoming project that I’ve been working on for weeks , but at the same time , there’s a sense of nervous energy as I wait for everything to come together . The pressure of deadlines and the desire for everything to go smoothly is definitely on my mind , but I’m also finding comfort in taking things one step at a time . Although I’ve been feeling somewhat overwhelmed lately , I’m trying to balance that by practicing mindfulness and focusing on smaller , more manageable tasks each day . There’s also an undercurrent of gratitude—grateful for the opportunity to work on something meaningful , but also aware of the need to carve out time for rest and self-care . As I juggle multiple responsibilities , I find myself reflecting on the importance of pacing myself and keeping a clear sense of priorities . While things feel a bit chaotic at times , I’m confident that I can navigate through it with patience and perseverance , and I’m determined to make the",2024-10-14 17:15:52,7,False,0.0,1.0,False,1.3852288722991943,0.949381411075592
112,2012,"At the moment , I feel a mix of anticipation and calm . I’m looking forward to an upcoming project that I’ve been working on for weeks , but at the same time , there’s a sense of nervous energy as I wait for everything to come together . The pressure of deadlines and the desire for everything to go smoothly is definitely on my mind , but I’m also finding comfort in taking things one step at a time . Although I’ve been feeling somewhat overwhelmed lately , I’m trying to balance that by practicing mindfulness and focusing on smaller , more manageable tasks each day . There’s also an undercurrent of gratitude—grateful for the opportunity to work on something meaningful , but also aware of the need to carve out time for rest and self-care . As I juggle multiple responsibilities , I find myself reflecting on the importance of pacing myself and keeping a clear sense of priorities . While things feel a bit chaotic at times , I’m confident that I can navigate through it with patience and perseverance , and I’m determined to make the",2024-10-14 22:12:39,7,False,0.0,2.0,False,1.3852288722991943,0.949381411075592
112,2014,"Cool , Mad , Love , Magical , Hopeful",2024-10-15 12:00:42,7,True,0.0,1.0,False,0.8765893578529358,1.3423181772232056
112,2015,"At the moment , I feel a mix of anticipation and calm . I’m looking forward to an upcoming project that I’ve been working on for weeks , but at the same time , there’s a sense of nervous energy as I wait for everything to come together . The pressure of deadlines and the desire for everything to go smoothly is definitely on my mind , but I’m also finding comfort in taking things one step at a time . Although I’ve been feeling somewhat overwhelmed lately , I’m trying to balance that by practicing mindfulness and focusing on smaller , more manageable tasks each day . There’s also an undercurrent of gratitude—grateful for the opportunity to work on something meaningful , but also aware of the need to carve out time for rest and self-care . As I juggle multiple responsibilities , I find myself reflecting on the importance of pacing myself and keeping a clear sense of priorities . While things feel a bit chaotic at times , I’m confident that I can navigate through it with patience and perseverance , and I’m determined to make the",2024-10-15 17:00:45,7,False,1.0,0.0,False,1.3852288722991943,0.949381411075592
112,2016,"Happy , Sad , Sassy , Moody , Worried",2024-10-15 22:01:28,7,True,0.0,1.0,False,0.6193513870239258,1.1536070108413696
112,2017,"Sassy , Happy , Moody , Unhappy , Ready",2024-10-16 12:19:24,7,True,-1.0,2.0,False,0.698761522769928,1.2919530868530273
112,2018,"Sassy , Worried , Happy , Moody , Curious",2024-10-16 17:01:53,7,True,0.0,1.0,False,0.34218406677246094,1.0668197870254517
112,2019,"Emotional , Pretty , Confident , Loud , Soft",2024-10-16 22:01:02,7,True,0.0,1.0,False,0.2912636995315552,1.4213536977767944
112,2020,"Sassy , Moody , Hungry , Cunty , Campy",2024-10-17 12:08:19,7,True,0.0,2.0,False,-0.13903769850730896,1.3772785663604736
112,2021,"Love , Respect , Great , Sassy , Zesty",2024-10-17 17:16:56,7,True,0.0,1.0,False,0.8559119701385498,1.1094447374343872
112,2022,"Sassy , Moody , Happy , Sad , Sweet",2024-10-18 12:03:22,7,True,0.0,2.0,False,0.1137705072760582,1.0913223028182983
112,2023,"Happy , Love , Sad , Baddie , Emotional",2024-10-18 22:13:51,7,True,0.0,2.0,False,1.0652068853378296,1.3101704120635986
112,2025,"At the moment , I feel a mix of anticipation and calm . I’m looking forward to an upcoming project that I’ve been working on for weeks , but at the same time , there’s a sense of nervous energy as I wait for everything to come together . The pressure of deadlines and the desire for everything to go smoothly is definitely on my mind , but I’m also finding comfort in taking things one step at a time . Although I’ve been feeling somewhat overwhelmed lately , I’m trying to balance that by practicing mindfulness and focusing on smaller , more manageable tasks each day . There’s also an undercurrent of gratitude—grateful for the opportunity to work on something meaningful , but also aware of the need to carve out time for rest and self-care . As I juggle multiple responsibilities , I find myself reflecting on the importance of pacing myself and keeping a clear sense of priorities . While things feel a bit chaotic at times , I’m confident that I can navigate through it with patience and perseverance , and I’m determined to make the",2024-10-19 12:00:54,7,False,0.0,2.0,False,1.3852288722991943,0.949381411075592
112,2026,"Sassy , Happy , Love , Magical , Passionate",2024-10-20 12:57:38,7,True,0.0,2.0,False,1.2693190574645996,1.5542150735855103
112,2027,"At the moment , I feel a mix of anticipation and calm . I’m looking forward to an upcoming project that I’ve been working on for weeks , but at the same time , there’s a sense of nervous energy as I wait for everything to come together . The pressure of deadlines and the desire for everything to go smoothly is definitely on my mind , but I’m also finding comfort in taking things one step at a time . Although I’ve been feeling somewhat overwhelmed lately , I’m trying to balance that by practicing mindfulness and focusing on smaller , more manageable tasks each day . There’s also an undercurrent of gratitude—grateful for the opportunity to work on something meaningful , but also aware of the need to carve out time for rest and self-care . As I juggle multiple responsibilities , I find myself reflecting on the importance of pacing myself and keeping a clear sense of priorities . While things feel a bit chaotic at times , I’m confident that I can navigate through it with patience and perseverance , and I’m determined to make the",2024-10-20 17:01:00,7,False,0.0,2.0,False,1.3852288722991943,0.949381411075592
112,2028,"Sassy , Happy , Moody , Funny , Hopeful",2024-10-20 22:00:53,7,True,0.0,2.0,False,1.0464414358139038,1.032243251800537
112,2029,"Sassy , Happy , Frilly , Giddy , Content",2024-10-21 17:00:44,7,True,-1.0,2.0,False,1.2229841947555542,1.5912388563156128
112,2030,"Euphoric , Sassy , Happy , Good , Sweet",2024-10-21 22:01:19,7,True,0.0,2.0,False,1.2583147287368774,1.5708028078079224
112,2031,"Sassy , Great , Good , Special , Giddy",2024-10-22 12:24:39,7,True,0.0,2.0,False,1.2054399251937866,1.2199831008911133
112,2032,"At the moment , I feel a mixture of anticipation and contemplation . There’s an underlying excitement about upcoming projects and opportunities , particularly a few creative ventures I’m exploring , but that excitement is balanced by moments of doubt , which sometimes slow my progress . I’ve been reflecting on past decisions , evaluating where I am and how far I’ve come , while trying to remain focused on what’s ahead . It’s like walking a tightrope between wanting to celebrate the small wins and feeling the weight of the work still to be done .\ n \ nPhysically , I’ve been experiencing some fatigue , which may be due to the change in weather or the workload , but I’m making sure to find moments of rest . I’m trying to stay grounded and maintain a sense of optimism , reminding myself that growth happens even in times of uncertainty . There’s an overall sense of gratitude—gratitude for the support system I have and for the opportunities I’ve been given—while still acknowledging the challenges that lie ahead . Despite the ups and do",2024-10-22 17:01:03,7,False,0.0,2.0,False,0.24625229835510254,1.6678650379180908
112,2033,"At the moment , I feel a mixture of anticipation and contemplation . There’s an underlying excitement about upcoming projects and opportunities , particularly a few creative ventures I’m exploring , but that excitement is balanced by moments of doubt , which sometimes slow my progress . I’ve been reflecting on past decisions , evaluating where I am and how far I’ve come , while trying to remain focused on what’s ahead . It’s like walking a tightrope between wanting to celebrate the small wins and feeling the weight of the work still to be done .\ n \ nPhysically , I’ve been experiencing some fatigue , which may be due to the change in weather or the workload , but I’m making sure to find moments of rest . I’m trying to stay grounded and maintain a sense of optimism , reminding myself that growth happens even in times of uncertainty . There’s an overall sense of gratitude—gratitude for the support system I have and for the opportunities I’ve been given—while still acknowledging the challenges that lie ahead . Despite the ups and do",2024-10-23 12:00:43,7,False,0.0,2.0,False,0.24625229835510254,1.6678650379180908
112,2034,"At the moment , I feel a mixture of anticipation and contemplation . There’s an underlying excitement about upcoming projects and opportunities , particularly a few creative ventures I’m exploring , but that excitement is balanced by moments of doubt , which sometimes slow my progress . I’ve been reflecting on past decisions , evaluating where I am and how far I’ve come , while trying to remain focused on what’s ahead . It’s like walking a tightrope between wanting to celebrate the small wins and feeling the weight of the work still to be done .\ n \ nPhysically , I’ve been experiencing some fatigue , which may be due to the change in weather or the workload , but I’m making sure to find moments of rest . I’m trying to stay grounded and maintain a sense of optimism , reminding myself that growth happens even in times of uncertainty . There’s an overall sense of gratitude—gratitude for the support system I have and for the opportunities I’ve been given—while still acknowledging the challenges that lie ahead . Despite the ups and do",2024-10-23 17:57:27,7,False,0.0,2.0,False,0.24625229835510254,1.6678650379180908
112,2037,"At the moment , I feel a mixture of anticipation and contemplation . There’s an underlying excitement about upcoming projects and opportunities , particularly a few creative ventures I’m exploring , but that excitement is balanced by moments of doubt , which sometimes slow my progress . I’ve been reflecting on past decisions , evaluating where I am and how far I’ve come , while trying to remain focused on what’s ahead . It’s like walking a tightrope between wanting to celebrate the small wins and feeling the weight of the work still to be done .\ n \ nPhysically , I’ve been experiencing some fatigue , which may be due to the change in weather or the workload , but I’m making sure to find moments of rest . I’m trying to stay grounded and maintain a sense of optimism , reminding myself that growth happens even in times of uncertainty . There’s an overall sense of gratitude—gratitude for the support system I have and for the opportunities I’ve been given—while still acknowledging the challenges that lie ahead . Despite the ups and do",2024-10-23 22:10:33,7,False,0.0,2.0,False,0.24625229835510254,1.6678650379180908
112,2038,"Sassy , Happy , Good , Peppy , Terrific",2024-10-24 12:03:37,7,True,0.0,2.0,False,1.251707673072815,1.3568918704986572
112,2039,"Sassy , Happy , Moody , Giddy , Brave",2024-10-24 17:00:54,7,True,2.0,2.0,False,0.9344490170478821,1.3462072610855103
112,2040,"Sassy , Moody , Spicy , Empathetic , Zesty",2024-10-24 22:00:46,7,True,2.0,2.0,False,-0.3671153783798218,1.5913448333740234
111,1973,"I am feeling very active , I am feeling very lively , I am feeling very much awoken , I feel relaxed and I feel relieved . I feel much alive . It’s a sunny day and I feel alive and active I feel alive ! Every breath is a reminder of the incredible gift of life . The world around me pulsates with vibrancy , and I ' m grateful to be a part of it . The warmth of the sun on my skin , the laughter of loved ones , and the thrill of new experiences all converge to ignite a sense of wonder within me .",2024-10-15 12:06:51,7,False,0.0,2.0,False,1.458783507347107,1.7906200885772705
111,1974,"""I feel tired , drained of energy and vitality . My body weighs heavy , my mind foggy . Every task seems insurmountable , every decision a burden .\ n \ nThe world outside feels overwhelming , noises amplified , and lights too bright . I crave silence , solitude , and stillness . My thoughts swirl with exhaustion , doubts , and worries .",2024-10-15 17:01:48,7,False,0.0,0.0,False,-1.3956998586654663,0.47043338418006897
111,1975,"Equitable , Dispassionate , Uninvolved , Unaligned , Neutral",2024-10-16 12:01:28,7,True,0.0,1.0,False,0.18504981696605682,1.227986454963684
111,1976,"""I feel happy , genuinely and deeply . A warm sense of contentment envelops me , lifting my spirits and brightening my outlook . Every breath feels lighter , every smile more effortless . Gratitude floods my heart , thinking of loved ones , supportive friends , and life ' s simple joys . The world seems vibrant , full of promise and possibility . Challenges fade into the background , replaced by optimism and confidence .\ n",2024-10-16 17:25:39,7,False,2.0,1.0,False,1.857704520225525,1.1069225072860718
111,1977,"PERSON , Cool , Gentle , Chilled , Unbothered",2024-10-17 12:02:31,7,True,2.0,0.0,False,0.775290310382843,1.1253999471664429
111,1978,"Chilled , Calm , Gentle , Cool , Minding my business",2024-10-17 22:03:47,7,True,0.0,0.0,False,1.1651792526245117,0.670760452747345
111,1979,"Alert , Lively , Active , Not dulling , Online",2024-10-18 12:02:04,7,True,0.0,2.0,False,0.7772611975669861,1.4277526140213013
111,1981,"Dull , Slow , Lazy , Tired , Slothful",2024-10-18 17:05:32,7,True,-2.0,0.0,False,-0.9638035893440247,0.20918136835098267
111,1982,"Alive , Elegant , Active , Sharp , Radiant",2024-10-19 12:01:24,7,True,0.0,2.0,False,1.1963210105895996,1.3345140218734741
111,1983,"Chilled , Calm , Relaxed , Unhappy , Quite",2024-10-19 17:28:44,7,True,0.0,0.0,False,0.6666421890258789,0.8198803067207336
111,1984,"Down , Distress , Unhappy , Downcast , Dejected",2024-10-19 22:01:55,7,True,-2.0,1.0,False,-1.2250632047653198,0.7154667973518372
111,1985,"1 . Lack of strong emotions : Neither positive (happiness , excitement) nor negative (sadness , anger) .\ n2 . Balance : No leaning towards any extreme feelings .\ n3 . Calmness : A sense of stability and composure .\ n4 . Objectivity : Ability to observe thoughts and situations without bias .\ n",2024-10-20 12:55:40,7,False,0.0,1.0,False,0.2983786165714264,0.7079554200172424
111,1986,"Quite , Chilled , Lowkey , Calm , Cool",2024-10-20 17:03:09,7,True,2.0,0.0,False,0.9455511569976807,0.8659679293632507
111,1987,"Happy , Excited , Overwhelmed , Joyous , Happy",2024-10-21 12:02:25,7,True,2.0,1.0,False,1.3903218507766724,0.8098154067993164
111,1988,"Feeling tired , also known as fatigue , is a common emotional and physical state characterized by :\ n \ n * Physical Symptoms :*\ n \ n1 . Lack of energy \ n2 . Muscle weakness \ n3 . Heavy eyelids \ n4 . Slow movements \ n5 . Decreased mobility \ n \ n * Emotional Sym \ n \ n1 . Mental fogginess \ n2 . Lack of motivation \ n3 . Irritability \ n4 . Decreased concentration \ n5 . Emotional exhaustion \ n",2024-10-22 12:02:15,7,False,-2.0,0.0,False,-1.1076470613479614,0.13688623905181885
111,1989,"Feeling neutral refers to an emotional state characterized by :\ n \ n1 . Lack of strong emotions : Neither positive (happiness , excitement) nor negative (sadness , anger) .\ n2 . Balance : No leaning towards any extreme feelings .\ n3 . Calmness : A sense of stability and composure .\ n4 . Objectivity : Ability to observe thoughts and situations without bias .\ n \ nCommon descriptions :\ n \ n1 . ""I ' m just okay .""\ n2 . ""I don ' t feel anything strongly .""\ n3 . ""I ' m not excited or upset .""\ n4 . ""I ' m in a neutral zone .""\ n \ nBenefits :\ n \ n1 . Clarity : Easier decision-making , uninfluenced by emotions .\ n2 . Stability : Less emotional turbulence .\ n3 . Flexibility : Open to various perspectives .\ n4 . Reduced stress : No intense emotional responses .\ n \ nSituations that may evoke neutrality :\ n \ n1 . Routine tasks \ n2 . Familiar environments \ n3 . Lack of significant events \ n4 . Emotional exhaustion (after intense emotions) \ n",2024-10-22 17:05:54,7,False,0.0,1.0,False,0.6292349696159363,0.22425997257232666
111,1990,"Dull , Lazy , Moody , Tired , Stressed",2024-10-23 12:02:23,7,True,-1.0,0.0,False,-0.8945825695991516,0.2775825262069702
111,1992,"Feeling neutral refers to an emotional state characterized by :\ n \ n1 . Lack of strong emotions : Neither positive (happiness , excitement) nor negative (sadness , anger) .\ n2 . Balance : No leaning towards any extreme feelings .\ n3 . Calmness : A sense of stability and composure .\ n4 . Objectivity : Ability to observe thoughts and situations without bias .",2024-10-23 17:05:09,7,False,0.0,1.0,False,-0.0003954526036977768,0.615350067615509
111,1993,"Feeling Z neutral refers to an emotional state characterized by :\ n \ n1 . Lack of strong emotions : Neither positive (happiness , excitement) nor negative (sadness , anger) .\ n2 . Balance : No leaning towards any extreme feelings .\ n3 . Calmness : A sense of stability and composure .\ n4 . Objectivity : Ability to observe thoughts and situations without bias .",2024-10-24 12:00:55,7,False,0.0,1.0,False,0.06155405193567276,0.6552974581718445
111,1994,"Feeling Z neutral refers to an emotional state characterized by :\ n \ n1 . Lack of strong emotions : Neither positive (happiness , excitement) nor negative (sadness , anger) .\ n2 . Balance : No leaning towards any extreme feelings .\ n3 . Calmness : A sense of stability and composure .\ n4 . Objectivity : Ability to observe thoughts and situations without bias .\ n \ nCommon descriptions :\ n \ n1 . ""I ' m just okay .""\ n2 . ""I don ' t feel anything strongly .""\ n3 . ""I ' m not excited or upset .""\ n4 . ""I ' m in a neutral zone .""",2024-10-24 22:59:37,7,False,2.0,2.0,False,0.818428635597229,0.3119911849498749
111,1995,"Sad , Bad , Down , Exhausted , Regretting",2024-10-25 12:12:40,7,True,-2.0,1.0,False,-1.4587305784225464,0.6290693283081055
111,1996,"Quiet , Cool , Chilled , No drama , Gentle",2024-10-25 17:01:24,7,True,0.0,0.0,False,0.9424142241477966,0.45284146070480347
111,1997,"Quiet , Cakm , Cool , Chill , Shy",2024-10-25 22:55:43,7,True,0.0,0.0,False,0.32419443130493164,0.43235599994659424
111,1998,"Feeling sad is a natural and universal human emotion that can manifest in different ways and intensities . Here ' s a breakdown of what it means to feel sad :\ n \ n * What is sadness ?*\ n \ nSadness is an emotional state characterized by feelings of sorrow , grief , disappointment , or loss . It ' s a normal response to situations that are perceived as unpleasant , undesirable , or hurtful .",2024-10-26 12:01:13,7,False,-1.0,1.0,False,0.046802110970020294,0.9468290209770203
111,1999,"Sluggish , Dull , Unbothered , Slow , Deteriorated",2024-10-26 17:09:22,7,True,-1.0,0.0,False,-1.2602341175079346,0.19866427779197693
111,2000,"Absence of noise _: A state of silence or minimal sound .\ n _ Respite from disturbance _: Freedom from interruption , disruption , or turmoil .\ n _ Inner stillness _: A calm and peaceful mental state .\ n \ nTypes of quiet :\ n \ n * Physical quiet : External environment is silent or peaceful .\ n * Emotional quiet : Inner calmness and stability .\ n * Mental quiet : Clarity of thought , focus , and mental stillness .",2024-10-26 22:47:20,7,False,0.0,0.0,False,0.21625804901123047,0.2775270342826843
111,2001,"Feeling lively refers to a state of being full of energy , enthusiasm , and vitality . When someone feels lively , they are typically :\ n \ n1 . Energetic : Having a sense of physical and mental vigor .\ n2 . Alert : Mentally sharp and focused .\ n3 . Cheerful : Displaying a positive and upbeat attitude .\ n4 . Vibrant : Radiating enthusiasm and excitement .\ n5 . Active : Ready to engage in activities or social interactions .",2024-10-27 12:06:45,7,False,1.0,2.0,False,0.1240653321146965,1.6021907329559326
111,2003,"In this moment , everything feels right . My soul sings with joy , unencumbered by worries or doubts . I bask in the radiance of happiness , letting its warmth seep into every pore .\ n \ nHappiness isn ' t just a feeling ; it ' s a choice . I choose to focus on the good , to cherish every moment , and to cultivate love and kindness . I choose to let go of fears , to release burdens , and to embrace life ' s beauty .\ n \ nAs I soak in this bliss , I know it ' s contagious . Happin",2024-10-27 17:27:22,7,False,0.0,1.0,False,1.6250989437103271,1.1346341371536255
111,2004,"Quiet , Chilled , Calm , Lowkey , Relaxed",2024-10-27 22:30:17,7,True,0.0,0.0,False,0.34939607977867126,0.5455275177955627
111,2005,"Neutral , No feelings , In between , Intermediary , Neutral",2024-10-28 12:12:02,7,True,0.0,1.0,False,0.16436728835105896,1.0167862176895142
111,2006,"Gentle , Quiet , Lowkey , Chilled , Calm",2024-10-28 17:03:30,7,True,0.0,0.0,False,0.28901374340057373,0.5672401189804077
181,4613,I am very excited to be leaving work . I am tired from working all day . Now I have to go to my next time which is fun . I like seeing my co workers . Then I can go home and relax .   I am excited about going to work early tomorrow so I can get home earlier . I am ready for the weekend,2024-06-13 17:35:51,7,False,2.0,2.0,False,1.5469015836715698,0.8483548760414124
181,4616,I am feeling happy laying in bed watching Bridgerton with my boyfriend . I love when the weekend comes because I get to spend time with him after a long week . I am really enjoying the new episodes of Bridgerton that came out last night,2024-06-14 22:01:04,7,False,2.0,0.0,False,1.340227723121643,1.2087781429290771
181,4620,I am currently exhausted from being at an amusement park for three hours . We went in every ride and had so much fun . Now we are full from having ORG  because we were hungry . Now we are leaving to go home,2024-06-16 17:00:27,7,False,2.0,2.0,False,-1.333988070487976,0.39864078164100647
181,4621,I am currently feeling full from my dinner of chicken and string beans . Now I am feeling okay about having to take my cpr pre class before my class in person on Wednesday in GPE . I’m also very thirsty . I don’t think I drank enough today,2024-06-16 22:00:50,7,False,2.0,1.0,False,-0.1507394015789032,1.1056368350982666
181,4625,I am currently Sweating but excited to be going to work where I can sit down and relax more . I’m very hungry and thirsty . I need to make sure I drink more water . I am proud of myself for being able to run my group independently .,2024-06-18 17:39:16,7,False,1.0,1.0,False,0.21049079298973083,1.0488978624343872
181,4627,I am currently feeling rundown . My allergies are horrible and I cannot stop sneezing . I am excited because I am working on my new cross stitch project . I am making a animal crossing one that is going to come out great,2024-06-20 22:07:18,7,False,-2.0,0.0,False,0.2468297779560089,1.0623514652252197
181,4631,I am currently at work and feeling tired . I am also rundown from my allergies . I didn’t get a good nights rest because I kept waking up because I couldn’t breathe out of my nose . I am also hungry I wish I had something for breakfast .,2024-06-22 12:01:29,7,False,2.0,1.0,False,-1.3969029188156128,0.18150430917739868
181,4634,"I’m currently feeling very run down from my allergies . I have a really bad sinus headache , congestion , an cough and a sore throat . I am also very tired from my body trying to fight off this infection that’s coming .",2024-06-23 12:25:46,7,False,-2.0,0.0,False,-1.7004319429397583,0.40588441491127014
181,4635,I am currently shopping at ORG and feeling happy because I am getting supplies to make a birthday banner for someone at the library . I am very sweaty the weather is so hot and humid today . I am also very thirsty . I definitely have not drank enough water today .,2024-06-23 17:01:40,7,False,0.0,2.0,False,-0.09787432849407196,1.2843767404556274
181,4639,I am currently feeling excited as my workday is over and I am able to go home without having to go to my other job . I am hungry and thirsty and cannot wait to get home so that I can have a snack . I am also tired even though I got enough sleep last night . I am sweating as it is very hot today .,2024-06-25 17:35:04,7,False,2.0,2.0,False,1.4343141317367554,1.1601572036743164
181,4640,I am currently very tired but I don’t know why . I am also hungry and really want some pretzels . My knee also hurts right now and I think I need to get it checked out . I am afraid I am doing more damage to it by not getting it checked out,2024-06-25 22:03:09,7,False,-2.0,0.0,False,-1.0792056322097778,0.3738442659378052
181,4612,"Happy , Full , Loving , Excited , Content",2024-06-12 22:31:16,7,True,2.0,0.0,False,1.6447745561599731,0.9366401433944702
181,4614,"Hungry , Thirsty , Tired , Happy , Glad",2024-06-13 22:01:06,7,True,2.0,2.0,False,0.3270960748195648,1.0803927183151245
181,4615,"Excited , Happy , Sweating , Tired , Thirsty",2024-06-14 17:09:36,7,True,2.0,2.0,False,1.4244587421417236,0.8178751468658447
181,4617,"Airy , Aggressive , Agitated , Annoyed , Angry",2024-06-15 17:02:29,7,True,2.0,1.0,False,-0.715565025806427,1.617821455001831
181,4618,"Tired , Full , Happy , Excited , Content",2024-06-15 22:00:39,7,True,2.0,1.0,False,0.695660412311554,0.6023597717285156
181,4619,"Happy , Excited , Full , Thirsty , Good",2024-06-16 12:00:35,7,True,2.0,1.0,False,1.2608932256698608,0.986463189125061
181,4622,"Hungry , Thirsty , Tired , Hot , Happy",2024-06-17 12:35:13,7,True,2.0,2.0,False,0.36648306250572205,1.013750433921814
181,4623,"Hungry , Tired , In pain , Thirsty , Happy",2024-06-17 17:33:08,7,True,1.0,1.0,False,0.5072041153907776,0.8793017864227295
181,4624,"Happy , Sweaty , Thirsty , Hungry , Hot",2024-06-17 22:29:10,7,True,2.0,0.0,False,0.9230688214302063,1.2205779552459717
181,4626,"Tired , Hungry , Thirsty , Happy , Sluggish",2024-06-18 22:23:09,7,True,-1.0,0.0,False,-0.17460398375988007,0.6726329326629639
181,4628,"Hot , Hungry , Thirsty , Excited , Tired",2024-06-21 17:01:44,7,True,2.0,0.0,False,0.44981229305267334,1.2149895429611206
181,4629,"Tired , Thirsty , Hungry , Happy , Hi",2024-06-21 22:00:35,7,True,0.0,1.0,False,0.2201397716999054,0.7430735230445862
181,4632,"Hot , Tired , Happy , Hungry , Thirsty",2024-06-22 17:00:40,7,True,-1.0,0.0,False,0.4645174741744995,1.126526951789856
181,4633,"Tired , Thirsty , Hungry , Stuffy , Happy",2024-06-22 22:11:05,7,True,2.0,0.0,False,-0.14660269021987915,0.645537793636322
181,4636,"Hungry , Tired , Thirsty , Happy , Loved",2024-06-23 22:02:58,7,True,1.0,1.0,False,0.622012197971344,0.8399240374565125
181,4637,"Tired , Hungry , Thirsty , Sweaty , Happy",2024-06-24 17:30:25,7,True,2.0,2.0,False,0.12821762263774872,0.764621913433075
181,4638,"Tired , Thirsty , Happy , Hungry , Excited",2024-06-24 22:00:55,7,True,2.0,1.0,False,0.5759910941123962,0.7009451985359192
136,3194,"Tired , Anxious , Scared , Wondering , Numb",2024-10-31 12:02:16,7,True,-1.0,2.0,False,-0.27249059081077576,0.8676490187644958
136,3195,Feeling better now than before . Talked to my partner and was able to calm down a little . Anxiety is ok . I forgot to take my meds so I am tired and not feeling the best . I hope everything is going to be ok,2024-10-31 22:09:37,7,False,-1.0,1.0,False,-0.08000262081623077,0.5931870937347412
136,3197,Just had a meeting with someone . Class this morning and slept a lot . I think my depression and anxiety are getting worse . My friend told me to seek help . I reached out to my family and they didn’t give me much support at all . My partner was very supportive and been by my side . He said no matter what happens I’m here for you . He’s all I have . I’ve been having alot of nightmares,2024-11-01 17:08:10,7,False,-2.0,1.0,False,-0.4360503852367401,0.9662979245185852
136,3198,"Sad , Anxious , Scared , Hyperfixated , Worried",2024-11-01 22:01:09,7,True,-2.0,1.0,False,-0.9449223875999451,1.1478631496429443
136,3199,"Better , Hot , Tired , Behind , Shaking",2024-11-02 17:17:28,7,True,-1.0,1.0,False,0.30289584398269653,0.8212160468101501
136,3200,"Okay , Better , Hopeful , Relaxed , Content",2024-11-02 22:01:29,7,True,-1.0,1.0,False,0.5929737687110901,0.7551143765449524
136,3201,Been a little more productive yesterday and today . I went out and got groceries even though I didn’t want to . I didn’t want to get out of bed . I didn’t want to shower . I didn’t want to eat . I didn’t want to do anything . But I was productive and forced myself to do the things I needed to do . I’m trying my best . I’m struggling but I’m trying my best,2024-11-03 17:02:28,7,False,-1.0,1.0,False,-0.09225088357925415,1.4337453842163086
136,3202,"Content , Calm , Relaxed , Social , Open",2024-11-03 22:01:35,7,True,1.0,0.0,False,1.2563351392745972,0.5527352690696716
136,3203,"Tired , Sad , Nervous , Anxious , Uncertain",2024-11-04 17:03:34,7,True,-1.0,1.0,False,-0.9868527054786682,0.7415692210197449
136,3204,Feeling alone and sad . Been having really bad days for the past few days . I hope that things will get better . I want to just feel okay . To feel normal . I have been so bad and down mentally . I should be feeling normal . I need to feel stronger and keep pushing .,2024-11-04 22:04:02,7,False,-2.0,1.0,False,-0.9563264846801758,0.6722888946533203
136,3205,"Sad , Anxious , Unproductive , Lonely , Upset",2024-11-05 17:03:43,7,True,-1.0,1.0,False,-1.1106414794921875,0.8703622817993164
136,3206,"Sad , Overwhelmed , Nauseous , Lonely , Depressed",2024-11-05 22:47:20,7,True,-1.0,1.0,False,-1.3567874431610107,0.6724660992622375
136,3208,"Sad , Tired , Sleepy , Grumpy , Annoyed",2024-11-06 12:47:33,7,True,-1.0,1.0,False,-1.1789909601211548,0.6490476727485657
136,3209,I didn’t go to class this morning . Slept all morning . Took my meds . Still tired . studied . Haven’t eaten yet today but not hungry . Stomach hurts . I have no motivation to do anything I just want to stay in bed all day and do nothing,2024-11-06 17:01:41,7,False,-1.0,1.0,False,-1.2217767238616943,0.06732480973005295
136,3210,"Sad , Annoyed , Angry , Tired , Fatigue",2024-11-06 22:01:51,7,True,-2.0,1.0,False,-1.185083031654358,0.8438144326210022
136,3211,I feel horrible . Last night was another tough night . I reached out to a friend and they had to make sure I was ok . I barely slept . I couldn’t sleep until after 4am . Class at 8am . Meeting . I feel empty . Sad . Lonely . I feel so horrible,2024-11-07 12:13:44,7,False,-2.0,1.0,False,-1.674250602722168,0.5108255743980408
136,3212,"Feeling a little better right now . Been busy all day . Tired because I did not sleep well last night . Did not fall asleep until after 4am and then woke up at 7am . I had class , saw patients , and now have a quiz to go to at 6pm . Keeping myself busy . Tired and want to take a nap",2024-11-07 17:03:48,7,False,-1.0,1.0,False,-0.7968313097953796,0.2795674502849579
136,3213,"Okay , Better , Calm , Relaxed , Safe",2024-11-07 22:16:42,7,True,0.0,1.0,False,0.34897375106811523,0.5293601155281067
136,3214,"Okay , Relaxed , Content , Calm , Breathing",2024-11-08 22:02:36,7,True,0.0,1.0,False,0.7696564793586731,0.43575191497802734
136,3215,"Feeling ok mentally . Woke up pretty late around 12pm , then stayed in bed until 2pm . Went out to get groceries and did laundry so I’m trying to be productive . I have to start studying now because it’s late in the afternoon . I slept ok . Mood is ok but my stomach hurts",2024-11-09 17:27:28,7,False,-1.0,0.0,False,0.2796804904937744,0.5579006671905518
136,3216,"Went to get groceries , did laundry , studied , ate food , talked to my partner , feeling okay right now . I feel like I’ve been productive . The day went by pretty fast . I get to sleep in tonight because tomorrow is the weekend . I’m looking forward to sleep",2024-11-09 22:04:18,7,False,0.0,1.0,False,0.06599845737218857,0.8544766902923584
136,3217,"Lonely , Sad , Nervous , Anxious , Unsure",2024-11-10 17:16:48,7,True,-1.0,1.0,False,-0.909098207950592,0.6654453873634338
136,3425,Been productive for most of the day . Got some snacks and food for myself so self care . Also went out for a short walk but it was too hot so only stayed out for like 10 minutes . I feel comfortable and clean after taking a shower and lay in bed watching tv and playing games . Feeling ok currently,2024-11-10 22:03:12,7,False,0.0,1.0,False,0.369811475276947,0.34562572836875916
136,3426,"Tired , Sleepy , Lonely , Overwhelmed , Stressed",2024-11-11 12:02:16,7,True,-1.0,1.0,False,-1.1805475950241089,0.3840574324131012
136,3427,"Woke up and did not want to go to class because I was tired and sleepy and was not able to fall asleep until 2am . I thought about not going to class but made myself go . I also went to small group after class . I took a nap but kept waking up every 10 minutes . I am not tired right now but feeling a little sick . Other than that , I’m okay",2024-11-11 17:02:26,7,False,-1.0,2.0,False,-0.43529945611953735,0.24246090650558472
136,3428,Currently I am feeling okay . A little tired and don’t have energy but I feel mentally okay . Missed class this morning because I didn’t fall asleep until after 3-4am so I didn’t wake up until past 12pm . I missed my alarm . Todays lectures were pretty simple so I am not worried,2024-11-12 17:08:22,7,False,0.0,1.0,False,0.007269078865647316,0.18656370043754578
136,3429,"Confused , Stressed , Anxious , Frustrated , Uncertain",2024-11-12 22:06:19,7,True,-1.0,1.0,False,-0.644352376461029,1.1315556764602661
136,3430,Feeling okay . Woke up feeling tired and then went to class . Finished class . Now I would usually take a nap but I’m not feeling tired right now . I have small group and don’t want to go but I should go because I want to stay productive . Woke up and feel okay about my body today,2024-11-13 12:02:10,7,False,-1.0,0.0,False,0.8786714673042297,0.5025461316108704
136,3431,"Tired , Sad , Nervous , Stressed , Anxious",2024-11-13 17:02:28,7,True,-1.0,1.0,False,-0.9220677018165588,0.7083552479743958
136,3432,"Tired , Sleepy , Anxious , Annoyed , Lonely",2024-11-13 22:02:19,7,True,0.0,1.0,False,-0.8027775287628174,0.6345587372779846
100,1404,"Good , Calm , Neutral , Okay , Cool",2024-07-17 12:04:58,7,True,0.0,1.0,False,0.6958388686180115,0.9083424210548401
100,1405,"Tipsy , Lively , Good , Cool , Okay",2024-07-17 17:03:46,7,True,1.0,1.0,False,1.270233392715454,1.3112362623214722
100,1406,"Calm , Anxious , Cool , Good , Somewhat happy",2024-07-18 17:30:07,7,True,0.0,1.0,False,1.3482108116149902,0.6618388295173645
100,1407,"Good , Happy , Great , Cool",2024-07-19 12:48:16,7,True,1.0,1.0,False,1.3918851613998413,0.8240445256233215
100,1408,"Calm , Good , Neutral , Unbothered , Cool",2024-07-20 17:07:27,7,True,0.0,1.0,False,0.8744397759437561,0.7966725826263428
100,1409,"Cool , Calm , Somewhat tired , Good",2024-07-21 12:30:42,7,True,0.0,1.0,False,0.8760913610458374,0.8244788646697998
100,1419,"Calm , Nervous , Cool , Good , Fine",2024-07-22 12:49:38,7,True,1.0,1.0,False,1.066381812095642,0.629467785358429
100,1420,Work has been so tasky today and I ' m feeling very sluggish and tired already . Been working my ass out since I got to work and my strength is diminishing .\ n \ nI feel kinda stressed out tired and feel like resting or sleeping,2024-07-22 17:12:48,7,False,-1.0,0.0,False,-1.9403047561645508,0.047232113778591156
100,1421,"Cool , Calm , Nice , Unbothered",2024-07-23 12:15:51,7,True,0.0,1.0,False,0.8240835070610046,0.8697324991226196
100,1422,"Calm , Good , Neutral , Getting stressed",2024-07-24 12:45:53,7,True,0.0,1.0,False,1.1387661695480347,0.6266677975654602
100,1423,"Tired , Stressed , Sluggish , Exhausted , Hungry",2024-07-24 17:02:23,7,True,-2.0,0.0,False,-0.7716162204742432,0.2893402874469757
100,1424,"Lively , Spirited , Tipsy , Happy , Cool",2024-07-25 17:11:49,7,True,1.0,2.0,False,1.5213409662246704,1.6504839658737183
100,1425,"Tired , Exhausted , Hungry , Low , Anxious",2024-07-26 17:01:43,7,True,-2.0,0.0,False,-0.7756235003471375,0.5319669842720032
100,1426,"Tired , Exhausted , Tipsy , calm , Nervous",2024-07-27 17:13:04,7,True,-2.0,0.0,False,-0.5292544960975647,0.4374249279499054
100,1427,"Tired , Sluggish , Sleepy , Tipsy",2024-07-27 22:17:23,7,True,-1.0,0.0,False,-1.1023329496383667,0.2026175558567047
100,1428,"Lively , Tipsy , Good , Happy",2024-07-28 17:14:19,7,True,1.0,2.0,False,1.7554655075073242,1.453180193901062
100,1429,"I ' m feeling good and lively , today ' s work wasn ' t that stressful as there wasn ' t much to do . And I had a good time with a friend during lunch as we talked about life in it ' s entirety .\ n \ nI ' m also feeling hungry at the moment and somewhat sleepy .",2024-07-29 17:12:15,7,False,1.0,1.0,False,1.4447137117385864,0.9020935893058777
100,1430,"I ' m feeling quite normally or do I say neutral because I ' m neither happy nor unhappy . Tho I ' m kinda nervous with the task I ' m currently working on , as I ' m expecting a positive outcome .\ n \ nSo I ' m just feeling cool .",2024-07-30 12:00:48,7,False,0.0,1.0,False,0.7365311980247498,0.7961856722831726
100,1431,"Tired , Exhausted , Stressed , Restless , Tipsy",2024-07-30 22:00:51,7,True,-2.0,0.0,False,-1.124692678451538,0.3716856837272644
143,3608,"Happy , Calm , Cool , Jaunty , Good",2024-10-15 12:02:25,7,True,1.0,1.0,False,1.4849271774291992,0.9635270833969116
143,3609,"I am currently feeling good , I am doing my daily tasks and my following my daily routine activities . I am happy with the situation of things currently and I am able to relate well with my colleagues at the workplace",2024-10-15 17:21:31,7,False,1.0,1.0,False,1.48067307472229,1.0094810724258423
143,3610,"Calm , Cool , Confident , Relaxed , Good",2024-10-16 12:01:50,7,True,2.0,0.0,False,1.2062875032424927,0.6223753094673157
143,3611,"Calm , Contented , Confident , Happy , Relaxed",2024-10-16 17:02:10,7,True,2.0,1.0,False,1.1554486751556396,0.591191291809082
143,3612,"Calm , Dizzy , Relaxed , Happy , Good",2024-10-16 22:09:02,7,True,2.0,0.0,False,1.3752217292785645,0.49708154797554016
143,3613,"Calm , Happy , Lively , Relaxed , Confident",2024-10-17 12:40:49,7,True,1.0,0.0,False,1.8184949159622192,0.6648737788200378
143,3614,"Contented , Calm , Cool , Relaxed , Comfortable",2024-10-17 17:34:49,7,True,2.0,0.0,False,0.4436558485031128,0.42181578278541565
143,3615,"I feel happy and I am doing good with everything happening to me right now , I feel awesome and lively at the moment . Things are going smoothly for me and I believe I am on the right track at the moment .",2024-10-17 22:06:00,7,False,1.0,2.0,False,1.6307703256607056,1.3179084062576294
143,3616,"I am feeling good , I am happy and doing fine . Things are going smoothly and I am optimistic about my future , I can handle situations about my life comfortably . I believe when I pray to God and I put in my best in all I do , I will come out victorious .",2024-10-18 12:08:08,7,False,2.0,1.0,False,1.2881205081939697,1.0299876928329468
143,3618,"Nervous , Calm , Good , Comfortable , Confident",2024-10-18 17:02:52,7,True,0.0,1.0,False,1.4271153211593628,0.449413537979126
143,3619,"I am not feeling happy ,, I am expecting and information to come through my mail and it’s not coming through . I am kinda nervous because of the information I am expecting . I hope this information will come through and I will be able to use it for what I intend to use it for",2024-10-18 22:01:34,7,False,0.0,1.0,False,-0.518231213092804,1.1583495140075684
143,3620,"Calm , Cool , Happy , Contented , Confident",2024-10-19 12:01:52,7,True,1.0,0.0,False,1.424115538597107,0.6542263031005859
143,3621,"Happy , Calm , Comfortable , Relaxed , Good",2024-10-19 17:03:58,7,True,1.0,1.0,False,1.512172818183899,0.7258732914924622
143,3622,"I am feeling happy , relaxed and relieved . I am enjoying my weekend with my family and things are going on smoothly . I am playing with my kids and they’re also enjoying the moment with me . This kind of moment helps foster the love between family",2024-10-20 12:57:59,7,False,1.0,0.0,False,1.7226017713546753,0.926534116268158
143,3623,"I am very happy with the way things are going for me , I am happy I have enough time to spend with my family . I feel relaxed and happy seeing them . Doing good . I feel connected to them . I am always happy having my family around me",2024-10-20 17:49:47,7,False,2.0,1.0,False,1.9146147966384888,0.6178489923477173
143,3624,"I am contented with everything , and happy with the situation of things in my life . I feel relaxed anytime I am with my family , because it gives me that special feeling and helps increase how I see things from a love side . I am feeling confident and satisfied , I like the way life is revolving",2024-10-20 22:08:54,7,False,2.0,0.0,False,1.7012741565704346,0.7071752548217773
143,3625,"I am happy and proud of myself , I feel everything is going on well for me and I am doing great for myself . I am fine with the situation of things around me and I am happy about it . I feel relaxed and happy about my day so far",2024-10-21 12:38:53,7,False,1.0,0.0,False,2.1892311573028564,0.7852323055267334
143,3626,"Cool , Happy , Active , Relaxed , Confident",2024-10-21 17:03:57,7,True,0.0,2.0,False,1.3282221555709839,1.007390022277832
143,3627,"Cool , Happy , Joy , Calm , Relaxed",2024-10-21 22:01:54,7,True,0.0,2.0,False,1.4092192649841309,0.8015344738960266
143,3629,I am feeling happy and jaunty . I am happy with my current situation at work . I am active and performing my daily tasks . I am also happy working with my colleagues and we’re all happy doing a great job together . I feel relaxed and confident,2024-10-22 17:26:58,7,False,0.0,2.0,False,1.5251106023788452,1.5426479578018188
143,3630,"I am happy with the situation of things , things are going on well and I am happy with the situations at my workplace . Life has been going on well for me , I feel relaxed connected , calm with everyone around me . Things have been good for me",2024-10-23 17:07:41,7,False,0.0,2.0,False,0.7007088661193848,1.2912371158599854
143,3631,"Happy , Active , Good , Calm , Jaunty",2024-10-23 22:58:51,7,True,0.0,2.0,False,1.6098965406417847,1.105722427368164
143,3632,"Happy , Calm , Cool , Confident , Comfortable",2024-10-24 12:01:15,7,True,0.0,2.0,False,1.3203824758529663,0.7871066927909851
143,3633,"I am feeling relaxed and happy with myself . I like the situation of things around my workplace , I am in good condition with my other colleagues at the workplace . I feel comfortable with people around me and everything has been going on smoothly since I’ve get to the workplace",2024-10-24 17:03:37,7,False,0.0,2.0,False,1.7751630544662476,0.6998710632324219
143,3634,I feel active and firm . I enjoined myself to see things from the positive side of life . I am happy with the situation of things around my life and the balance between my personal life and my work life . Things have going on well for me and I am also enjoying life with everything that revolves around it,2024-10-24 22:01:40,7,False,0.0,2.0,False,1.2338502407073975,1.5375022888183594
143,3635,"Calm , Cool , Active , Happy , Comfortable",2024-10-25 12:03:51,7,True,0.0,2.0,False,1.3271774053573608,0.6184142827987671
143,3636,"Happy , Calm , Cool , Comfortable , Confident",2024-10-25 17:28:15,7,True,0.0,2.0,False,1.38131582736969,0.7602911591529846
143,3637,"I am active and looking sharp , today has been good so far and thing are fine in the public space . I’m happy with the situation of things around me and today was a good day . I’m happy it’s weekend because I’ve got enough time to spend with my family .",2024-10-25 22:06:44,7,False,0.0,2.0,False,1.4583207368850708,1.308902621269226
143,3638,"I am happy with my family , I am happy with the situation of things around me . My kids are happy with me and I am also glad I have enough time to spend with them this weekend . I also feel relaxed around my family and how things have been going for us",2024-10-26 17:10:33,7,False,0.0,2.0,False,1.4613736867904663,0.6213871240615845
143,3640,"I am happy and doing good , I like what’s happening around me and what’s going on in my life . I feel more confident about my future and I am happy . Life has been good to me and things are working well for me and my family",2024-10-26 22:12:49,7,False,0.0,2.0,False,0.8982216715812683,1.5945817232131958
143,3641,I am feeling happy with my family at the moment . Everyone of us is doing fine and we’re happy we can spend this beautiful moment with one another . My spouse and I are very happy with how we’re spending the weekend,2024-10-27 12:59:22,7,False,0.0,2.0,False,1.4893220663070679,0.7561141848564148
143,3642,I am happy with myself . I am feeling better with myself and my family . I am feeling much happier today because I have enough time to spend with my family . I am happy because my spouse is really happy enjoying the moment we’re spending together,2024-10-27 22:06:21,7,False,0.0,2.0,False,0.9561676383018494,0.7462286353111267
143,3643,"I am happy with the situation of things around me , I’m active and working with my colleagues . I am happy and confident about myself . Work has been a bit hectic today but I’m still productive and completing my daily tasks .",2024-10-28 17:03:16,7,False,0.0,2.0,False,1.4008427858352661,1.0308371782302856
92,690,I feel tired and fatigued at the moment . Feeling slightly overwhelmed that I am not done with my day yet . There were some unexpected situations during my day resulting in me needing to be flexible in my day in order to be accommodating .,2024-09-24 17:00:52,7,False,-2.0,0.0,False,-1.244428277015686,0.608128011226654
92,694,Feeling sluggish as I have a lot of notes to complete for my job . I am feeling tired because there is always work to do after work . Feeling slightly overwhelmed as I still have lots to do despite waking up early to get a head start to complete notes .,2024-09-26 17:18:32,7,False,-1.0,0.0,False,-1.0394145250320435,0.5248696208000183
92,695,"Feeling sad because I have met up with some friends and I do not like where I am at . Feeling unaccomplished and distracted . I feel like I should be doing more , but I’m not and I don’t know how to reach where I want to be . Feeling sad .",2024-09-26 22:37:40,7,False,-1.0,1.0,False,-0.9223673939704895,0.7372459769248962
92,696,"Feeling rested and well relaxed after sleeping a full night of sleep . I spend last night with family and getting a nice dinner to enjoy our time together . Today I have more events planned with my friends , so I am excited and feeling relaxed .",2024-09-28 12:24:15,7,False,1.0,0.0,False,1.4095131158828735,0.3556804955005646
92,697,Tired due to personal health reasons . The gloomy weather also plays a role in how I feel . The weekend is usually my time to relax but the weather is not nice enough to go outside and enjoy it . My plans with my friend was also cancelled due to weather changes .,2024-09-29 12:22:46,7,False,-2.0,0.0,False,-1.0734636783599854,0.45508134365081787
92,698,I feel somewhat sad as my weekend was finished so quickly and I was not able to do what I wanted to do . I am feeling slightly sad that I have to prepare myself for another week of work even though I feel like I am not ready to work yet .,2024-09-29 22:46:11,7,False,-1.0,1.0,False,-0.873144268989563,1.2310360670089722
92,699,Lively because it is the start of my day and I need to be lively for my work . I just finished treating one of my patients who always looks forward to seeing me and that makes me excited to see her and treat her as well . Makes me feel appreciated .,2024-09-30 12:07:20,7,False,1.0,2.0,False,1.3036892414093018,1.724758505821228
92,709,Neutral and content as I do not have plans tomorrow . I am relaxed and enjoying my night . I ate a big meal and spent time with my boyfriend so I am enjoying my day and content with what I did today . Feeling relaxed as I do not have to work tomorrow and I get to spend time with my dog at home .,2024-10-05 22:41:28,7,False,0.0,1.0,False,0.7712748050689697,0.7346076369285583
92,711,"Neutral as my job is reaching out on a my resting day . I was feeling content but I am feeling slightly frustrated but trying to not have my work interrupt my resting day routine and emotions , I have a lot of the day to continue to enjoy so I am not as upset .",2024-10-06 17:16:42,7,False,0.0,1.0,False,0.6417906284332275,0.8093673586845398
92,712,"Feeling neutral , tomorrow is Monday , but I am not working so I feel a little more at ease . Currently I’m feeling calm because I am cooking and trying out a new recipe . My dog is by my side and keeping me company so I am content and relaxed as well .",2024-10-06 22:40:09,7,False,0.0,1.0,False,0.5258385539054871,0.6648576855659485
92,713,Feeling happy as I have the day off and spending my time with my boyfriend and my dog . I was able to sleep in a little bit today and enjoy a slower morning . Planning out the rest of my day to take advantage of what the dog on my day off . However there are still emails being reached out to me and there are still things to do .,2024-10-07 12:36:49,7,False,1.0,1.0,False,1.3533188104629517,1.0544353723526
92,714,"Currently feeling neutral , not content and not sad . I am doing my own independent work for personal growth , so I’m just neutral . I thinking about what to eat for dinner and considering eating outside on a Monday as there would be less people out . Planning out my week in preparation for work .",2024-10-07 17:00:16,7,False,0.0,0.0,False,-0.3145175576210022,0.8137515187263489
92,689,"Rushed , Awake , Neutral , Anxious , Worried",2024-09-24 12:00:45,7,True,0.0,2.0,False,0.02326837368309498,1.1670020818710327
92,691,"Rushed , Relief , Content , Tired , Rested",2024-09-25 12:02:24,7,True,1.0,0.0,False,-0.4960588216781616,0.9823015332221985
92,692,"Content , Calm , Worried , Tired , Relaxed",2024-09-25 22:56:58,7,True,1.0,0.0,False,1.0213068723678589,0.42132049798965454
92,693,"Worried , Anxious , Overthinking , Calm , Rested",2024-09-26 12:12:12,7,True,0.0,1.0,False,0.030294926837086678,1.0165220499038696
92,700,"Calm , Worried , Anxious , Tired , Drained",2024-09-30 17:46:46,7,True,0.0,1.0,False,0.5776591300964355,0.5704624056816101
92,701,"Neutral , Calm , Resting , Tired , Drained",2024-09-30 22:19:31,7,True,0.0,1.0,False,-0.15374600887298584,0.6770476698875427
92,702,"Tired , Fatigued , Used , Sad , Drained",2024-10-01 17:52:45,7,True,-1.0,1.0,False,-1.265895962715149,0.3501879870891571
92,703,"Tired , Drained , Sad , Sore , Used",2024-10-01 22:05:56,7,True,-2.0,0.0,False,-1.2076934576034546,0.23216474056243896
92,704,"Tired , Sleepy , Anxious , Disgust , Disappointed",2024-10-02 17:00:36,7,True,-1.0,0.0,False,-0.8257294297218323,0.6625713109970093
92,705,"Calm , Happy , Tired , Relaxed , Sore",2024-10-02 22:00:32,7,True,2.0,0.0,False,1.2962361574172974,0.5509774088859558
92,706,"Quiet , Relaxed , Content , Calm , Happy",2024-10-03 22:54:59,7,True,0.0,0.0,False,0.8339555859565735,0.34928327798843384
92,707,"Content , Calm , Happy , Slightly anxious , Thinking",2024-10-04 12:22:09,7,True,1.0,0.0,False,1.2487019300460815,0.5594432950019836
92,708,"Active , Rushed , Alive , Anxious , Content",2024-10-05 12:00:24,7,True,0.0,2.0,False,0.05567092448472977,1.6898750066757202
92,710,"Happy , Content , Calm , Relaxed , Rested",2024-10-06 12:00:22,7,True,1.0,1.0,False,1.5468443632125854,0.6404998898506165
92,715,"Relaxed , Content , Calm , Refreshed , Ease",2024-10-07 22:00:54,7,True,0.0,1.0,False,1.2286266088485718,0.4656325578689575
104,1565,"I ' m pretty excited to go hiking . The weather has been really warm and today actually feels like Fall weather . So my mood is calm and content . I ' m with family , the air is crisp and Fall weather is my favorite season .",2024-11-02 12:14:46,7,False,2.0,0.0,False,1.412695050239563,1.0645414590835571
104,1566,Today my mood is pretty good . I am going for a hike and the weather is super nice . The temperature is finally feeling Fall like and I ' m excited to go on my first   hike of the year . Looking forward to more hikes until the end of the year for sure,2024-11-02 17:02:15,7,False,2.0,0.0,False,1.552242636680603,1.0244601964950562
104,1567,"Calm , Sleepy , Normal , Fine , Content",2024-11-03 12:47:56,7,True,2.0,0.0,False,1.1930996179580688,0.3011128306388855
104,1568,"Nervous , Ambiguous , Hopeful , Cautious , Optimistic",2024-11-04 17:12:41,7,True,-1.0,2.0,False,-0.7309005856513977,1.6848914623260498
104,1569,Still a bit jittery for the coming election tomorrow . Not sure what to think of it . Cautiously optimistic hut still want to not put all my eggs into a basket . Just had dinner and trying not to overthink about tomorrow,2024-11-04 22:14:53,7,False,0.0,1.0,False,0.4877515435218811,1.6406699419021606
104,1571,Just feeling nervous about the election . I have no idea how the entire thing is going to unfold and the next few decades will be decided on the winner . And it ' s a close race . No idea and cautiously optimistic and yet still feels unsurr,2024-11-05 22:05:42,7,False,-1.0,2.0,False,0.54293292760849,1.084140658378601
104,1572,"Dejected , Lost , Wondering , Election , Hope",2024-11-06 17:13:34,7,True,-1.0,1.0,False,-0.8172432780265808,0.6500841379165649
104,1573,"Contemplating , Unsure , Neutral , Nonchalant , Wistful",2024-11-06 22:05:24,7,True,0.0,1.0,False,-0.35657912492752075,1.162576675415039
104,1574,Not as doom and gloom on election day . Don ' t want to over rhink and just focus on hope and the future and pray that it ' s not as bad as it seems . And try to get on with my life and just go about my day as normalna and possible,2024-11-07 12:01:38,7,False,0.0,1.0,False,0.9947471022605896,0.8019953370094299
104,1575,Not sure what to make of this post election situation . But I ' m not going to keep feeling down and just try to continue with the daily life and focus on my mental well being and situation . Life goes on,2024-11-07 17:26:55,7,False,0.0,1.0,False,0.3265993595123291,0.9517682194709778
104,1576,"Nonchalant , Unsure , Cautious , Wondering , Reflection",2024-11-08 12:54:59,7,True,0.0,1.0,False,0.2760842442512512,1.0307931900024414
104,1577,"Full , Restful , Neural , Calm , Homely",2024-11-08 22:03:29,7,True,0.0,1.0,False,0.12585951387882233,0.7976683974266052
104,1578,Feeling ok . It ' s the weekend and the weather is pretty nice . Just trying to make the best out of today . Gotta make sure my mental health is good and feeling loved and content . Want to feel positive despite the election .,2024-11-09 12:01:30,7,False,0.0,0.0,False,0.7568811178207397,0.7580859065055847
104,1579,Not much change from today . About the same and just getting ready for dinner and turn down for the night . I ' m feeling fine and normal . Not sure what else to say or elaborate and I ' m ok . Sorry just rambling coz it ' s a 200 words minimum and I ' m trying to explain the best I can,2024-11-09 17:01:29,7,False,0.0,1.0,False,1.2561815977096558,0.5313184857368469
104,1580,"This is the 3rd mini survey I did . So I ' m not sure if I ' m supposed to keep doing 3 of these today . But I don ' t think my feelings change in the course of the entire day . So it ' s basically just normal , not over thinking .",2024-11-09 22:10:24,7,False,0.0,1.0,False,-0.1615273654460907,1.034515142440796
104,1582,Excited to go to ORG to do some home furnishing Morning feels good . Nothing out of the ordinary crazy and just feeling content . Planning my days for the next weekend . Feeling good and content and looking forward to continue my day,2024-11-10 12:06:27,7,False,1.0,1.0,False,2.0398075580596924,1.2240889072418213
104,1583,No much change since this morning . I really don ' t know how much to explain as it ' s pretty much the same as I felt this morning . Just waiting to take a nap and continue with the rest of the Sunday . I feel ok . Nothing change,2024-11-10 17:01:45,7,False,0.0,1.0,False,0.5563195943832397,0.7139348983764648
104,1584,Feeling ok . Watching tv . No feeling anything in particular . Just the same as the last mini survey I ' ve talked about . Like I said . Watching tv . Just chilling and not thinking anything in particular just the same . Sorry much to say for 200 words minimum,2024-11-10 22:55:18,7,False,0.0,1.0,False,0.8647515177726746,0.414219468832016
104,1585,"Normal , Relax , Rest , Fine , Chill",2024-11-11 22:24:44,7,True,0.0,1.0,False,0.540827214717865,0.6638619899749756
104,1586,"Sleepy , Ok , PERSON , Relax , Nonchalant",2024-11-12 12:49:56,7,True,0.0,1.0,False,-0.27278533577919006,0.6780425906181335
104,1587,I just had dinner and now resting and watching tv . I feel ok and not thinking about anything that ' s on the news . Looking forward to the holidays and my vacation and taking a break from work since this year,2024-11-12 22:01:29,7,False,0.0,1.0,False,0.5397757887840271,0.2041521668434143
104,1588,Starting my day right . Morning us pretty brisk and the weather is finally very nice and fall . Have some coffee and ready to go about my day and look forward to spending the rest of the day with my dog,2024-11-13 12:41:31,7,False,1.0,1.0,False,1.234370231628418,1.142030954360962
104,1589,"Tired , Thirsty , Restful , Sleepy , Normal",2024-11-13 17:07:20,7,True,-1.0,0.0,False,-0.7583837509155273,0.3571605682373047
104,1590,I just had dinner . I made something really great and felt really satisfied as I was starving . Right now I ' m just relaxing and unwinding down the rest of the day watching tv and having chocolates and just feeling mindful,2024-11-13 22:08:29,7,False,1.0,1.0,False,1.0352224111557007,0.28169453144073486
104,1591,"Sleepy , Tired , Lazy , Chilling , Hungry",2024-11-14 12:01:10,7,True,-1.0,0.0,False,-0.7727577686309814,0.3111193776130676
104,1593,"Sleepy , Tired , cold , Mindful , Sluggish",2024-11-14 17:18:03,7,True,-1.0,0.0,False,-1.3356738090515137,0.19211605191230774
104,1594,"Tired , Sleepy , Restful , Mindful , Calm",2024-11-15 12:20:50,7,True,0.0,1.0,False,-0.8084971904754639,0.15463697910308838
104,1595,"Contend , Calm , Chill , Relax , Mindful",2024-11-15 17:07:39,7,True,1.0,1.0,False,0.22693397104740143,0.7589064240455627
104,1771,Today was a good day . I had a nice and long sleep . Went out to meet a friend and spend the day walking around the city . It was a nice and no stress day . Nothing much to complain . Looking forward to the weekend,2024-11-15 22:01:29,7,False,1.0,1.0,False,1.4098824262619019,0.8167688846588135
104,1772,"Calm , Collective , Neutral , Mindful , Peace",2024-11-16 22:43:36,7,True,1.0,0.0,False,0.4453667402267456,0.6363727450370789
132,3066,"Currently , I am feeling very tired and exhausted . I was awake every two - three hours with my baby last night . Thankfully , my husband is helpful ; he stays awake during the nighttime feeding with me and helps change the baby’s diaper .",2024-11-06 12:14:02,7,False,-2.0,0.0,False,-0.9873434901237488,0.5822272300720215
132,3067,"Currently , I feel overwhelmed with graduate school and caring for a newborn . Additionally , contacting my HR and insurance company regarding my fmla has been stressful . I am also stressed about finances and childcare",2024-11-06 17:01:29,7,False,-1.0,0.0,False,-1.1531723737716675,1.2482606172561646
132,3068,"Currently , I am feeling very happy and content . My level of energy is a bit lower , but I am able to complete tasks . I am working on my health and doing minimal exercise to help my fitness and energy level .",2024-11-07 17:01:43,7,False,2.0,1.0,False,0.5716780424118042,1.0295275449752808
132,3071,"Currently , I am feeling ok . Being a new mom is difficult , but having a good support system helps . I’m physically tired , but mentally dealing with the new experiences fairly well . I am trying to be more energized by taking a few more naps during the day when possible .",2024-11-08 17:02:17,7,False,1.0,1.0,False,-0.3957355320453644,0.6991692185401917
132,3072,"Currently , I’m feeling overwhelmed with the amount of housework and homework I have to do . Preparing for guests to visit the newborn is stressful . I feel like there is so much that needs to be done , but its hard to have energy to do so .",2024-11-08 22:02:10,7,False,0.0,1.0,False,-0.7803265452384949,1.497961163520813
132,3076,"Currently i am feeling like I am not good enough . I try to comfort my baby , but she is constantly crying while awake . I’m trying to provide for my family by housekeeping , cooking , etc , but i fell inadequate",2024-11-10 22:30:28,7,False,-1.0,2.0,False,-1.1080520153045654,0.730278491973877
132,3082,"Currently , I’m feeling tired and nervous . Caring for a newborn is very tiring . Im nervous because I don’t know if I’ll be able to complete the school work I have in time . Also , I tried contacting HR regarding my leave and they haven’t responded , which is making me nervous about my pay .",2024-11-12 22:26:50,7,False,-1.0,1.0,False,-1.204903483390808,0.6225355863571167
132,3084,"Currently , I am feeling over tired . I tried napping , but the baby kept me awake . I’m overwhelmed with work and school ; still deciding on whether to withdraw from a class to lessen my workload . Everyday seems the same- trying to do work , but getting bogged down with childcare .",2024-11-13 17:02:16,7,False,-2.0,0.0,False,-1.0543171167373657,0.8023439049720764
132,3085,"Currently , I am feeling tired . I got awoken early and asked for a favor . I’m worried about my parents’ health , as they are in need of more care . Not sure how this will work out during the winter , hopefully the weather will not be bad this year .",2024-11-14 12:43:45,7,False,-1.0,0.0,False,-0.7704655528068542,0.38840895891189575
132,3086,"Currently , I am feeling ok . I was able to take a nap and rest this afternoon quietly . Providing self care is important and I feel refreshed . Although i still haven’t completed the tasks i initially wanted to , i am content .",2024-11-14 17:23:02,7,False,0.0,0.0,False,0.3017156720161438,0.6624100804328918
132,3087,"Currently I’m feeling tired and bogged down . There are tasks I need/want to complete and can’t get   away from childcare to complete them . I’m happy to be with my baby , but am overwhelmed with the things i need to do",2024-11-14 22:02:06,7,False,-1.0,2.0,False,-0.20352686941623688,0.7362555861473083
132,3088,"Currently , i am feeling tired . Even though i am lying down in bed , its hard to rest because i am thinking of all of the things i need to do . I was able to do a couple of the tasks i set out to do , but there is still so much more i would like to accomplish before my husband goes back to work from paternity leave .",2024-11-15 22:31:13,7,False,0.0,0.0,False,-0.1756286919116974,0.571890652179718
132,3092,"Currently , I am feeling drained and tired . I was able to get some naps in , but I am mentally exhausted thinking about the future . Whilst I am trying to remain present , its hard not to think about things that I need to complete to be successful .",2024-11-16 22:20:03,7,False,-1.0,1.0,False,-1.0146769285202026,0.2146681845188141
132,3095,"Currently , I am feeling ok . Even though I haven ' t completed the tasks that I wanted to , I was able to do some self-care . I am still overwhelmed with school work , but I am hoping to finish my assignments this week .",2024-11-17 22:19:02,7,False,0.0,1.0,False,0.0873703584074974,1.0012480020523071
132,3096,"Currently , I am feeling tired and sad . Im hoping to get more than 3 hours of sleep tonight , though I know it probably will not happen . Motherhood is definitely hard and I know it will not get easier .",2024-11-18 22:09:53,7,False,-1.0,1.0,False,-1.3022199869155884,0.39734089374542236
132,3070,"Anxious , Agitated , Productive",2024-11-08 12:13:11,7,True,-1.0,2.0,False,-0.50791996717453,1.7291454076766968
132,3073,"Happy , Excited , Nervous",2024-11-09 17:16:41,7,True,1.0,2.0,False,1.1986675262451172,1.1989952325820923
132,3074,"Tired , Nervous , Anxious",2024-11-10 12:47:06,7,True,-1.0,0.0,False,-0.6371855735778809,0.7600920796394348
132,3075,"Content , Relaxed , Tired",2024-11-10 17:02:33,7,True,1.0,1.0,False,0.8612664937973022,0.6768345236778259
132,3077,"Tired , Anxious , Overwhelmed",2024-11-11 17:46:08,7,True,0.0,1.0,False,-0.40186309814453125,1.0007684230804443
132,3078,"Nervous , Unsure , Overwhelmed",2024-11-11 22:02:04,7,True,-1.0,2.0,False,-0.23400145769119263,1.206726312637329
132,3079,"Angry , Upset , Nervous",2024-11-12 12:22:23,7,True,-1.0,2.0,False,-0.582709014415741,1.3336538076400757
132,3081,"Tired , Anxious , Overwhelmed",2024-11-12 17:36:19,7,True,-2.0,0.0,False,-0.40186309814453125,1.0007684230804443
132,3083,"Tired , Sad , Nervous",2024-11-13 12:31:49,7,True,-1.0,0.0,False,-0.8144649267196655,0.6681059002876282
132,3089,"Happy , Content , Accomplished",2024-11-16 12:59:15,7,True,1.0,1.0,False,1.5457392930984497,1.145600438117981
132,3090,"Tired , Exasperated , Overwhelmed",2024-11-16 17:40:27,7,True,-1.0,0.0,False,-1.1544464826583862,0.6376546025276184
132,3093,"Content , Calm , Rested",2024-11-17 12:43:48,7,True,0.0,1.0,False,1.336905837059021,0.4742729067802429
132,3094,"Tired , Overwhelmed , Worried , Anxious",2024-11-17 17:02:07,7,True,-1.0,2.0,False,-0.6694918870925903,0.6766373515129089
132,3097,"Angry , Frustrated , Tired",2024-11-19 17:27:24,7,True,-2.0,2.0,False,-0.8355162739753723,1.157232642173767
156,3962,"I am currently feeling content . I have a few plans in place this weekend so I am just thinking about that . I feel a little bit anxious about money because I am not getting paid until Tues . Therefore , I am trying to brainstorm ways that I can get some cheap yet fulfilling groceries for my self and my son to last until Tues . I feel somewhat accomplished , because I received some potentially good news in the mail regarding my student loans so that puts me at ease . I am feeling a little bit anxious and curious about the upcoming month , tomorrow is my son’s last day of summer school . He will be home with me until he starts school again in September . Therefore , I need to come up with a set schedule that can be fulfilling and fun for him . I also feel relaxed . I am laying in bed with my 5year old son waiting for him to fall asleep . I am watching a show on ORG  , called The Boys .",2024-08-08 22:01:07,7,False,2.0,0.0,False,1.571818470954895,0.28521835803985596
156,3968,I am feeling ok . I am trying to clean my apartment and made some progress so I feel content . I still have a long way to go . I Went to the park with my son and we had a nice walk so that was good . He looks pretty content also . So no bad for a Sunday evening . We are both chilled and content right now . Looking forward to having a productive week as well .,2024-08-11 22:00:55,7,False,1.0,0.0,False,0.645293653011322,0.6345729231834412
156,3969,It’s Monday morning and I am ready to tackle the day . My son is home with me on vacation so I am going to take him to the park . Then I am going to run some errands . It’s very hot outside but it will still be nice to be outside . I felt overwhelmed earlier because my place is a mess but I’m not going to let that get to me . I will feel better when I get back inside .,2024-08-12 12:02:55,7,False,2.0,2.0,False,0.7879788875579834,1.138075590133667
156,3970,Feeling a bit overwhelmed . My son is home on vacation and I feel bad that I don’t have the money to take him somewhere fun . I am trying to come up with some creative ideas . In the meantime I do hope he can take a nap .,2024-08-12 17:51:44,7,False,-2.0,2.0,False,-0.6982246041297913,0.9936949610710144
156,3974,I feel calm and content . My son and I took a nap earlier and I am up but he is still sleeping . I am just strolling on the web and social media . Had a good day out with my mom earlier . My son is learning how to play ball with me .,2024-08-13 22:48:29,7,False,2.0,0.0,False,1.0275553464889526,0.51780766248703
156,3975,I guess I’m ok . I have a lot to do and I am feeling overwhelmed . I just don’t know where to start so I feel frozen . I am trying to find smaller things to tackle so I can feel somewhat accomplished . Usually I procrastinate by oversleeping but since my son is home I cannot do that so I guess that is a blessing so I can face what is in front of me .,2024-08-14 17:19:07,7,False,-1.0,2.0,False,-0.14230181276798248,1.1327399015426636
156,3976,I’m doing ok this morning . It was hard for me to get up at first but now I am ready to tackle the day . I texted with my mom and sister and a friend this morning so that is good . My son is playing . It is very hot outside not sure I’m going outside but I hope to have a good day .,2024-08-15 12:23:44,7,False,2.0,0.0,False,0.3965740501880646,1.1584292650222778
156,3977,I’m a little agitated right now because my son is having a meltdown . I just don’t know how to help him when he does this . He is five hours old and on the spectrum . This happens when there is a change in his schedule and he has been home on vacation with me so I guess that is the change that he is struggling with .,2024-08-15 22:08:13,7,False,2.0,0.0,False,-1.4680687189102173,1.3720656633377075
156,3978,Looking forward to spending the day with my mom . We are going to go shopping and run some errands . We are very close and I always have a good day when I see her . It is hot outside but we will be in her car mostly .,2024-08-16 12:11:47,7,False,2.0,2.0,False,0.8725437521934509,1.1887327432632446
156,3980,Took a nap so I am feeling awake right now . Will try to get some housework done . It is the weekend so there is much to prepare for the upcoming week . I have some work-related projects to complete as well .,2024-08-16 22:43:51,7,False,2.0,2.0,False,0.4572222828865051,1.1784158945083618
156,3981,"I feel calm and content . We went food shopping and played a little bit . I wanted to do more but I’m ok with what I accomplished today . I hope that I can do more tomorrow , as I will have company over on Thursday .",2024-08-17 22:12:36,7,False,2.0,0.0,False,0.9046083092689514,0.09028426557779312
156,3983,"Feeling content and calm . I didn’t really accomplish anything today , just the basics but I will give myself a pass because it’s a Sunday . I do hope to be more productive this week . There really is so much that I need to accomplish .",2024-08-18 22:01:55,7,False,2.0,0.0,False,0.8681055903434753,0.511610746383667
156,3985,Feeling good . Accomplished a few things this morning . Looking forward to some work-related projects coming up . I am also applying to grad school so I’m looking forward to that . My son appears to be content as well so that always makes me happy .,2024-08-19 17:13:32,7,False,2.0,0.0,False,0.86619633436203,0.9438052773475647
156,3987,I am feeling just ok . I feel a little bit accomplished but there is so much more to be done . Looking forward to next week when I get paid I am really stretched out the grocery prices are just out of control .,2024-08-20 22:01:27,7,False,0.0,1.0,False,0.042004309594631195,1.0485074520111084
156,3996,I’m ok . I really don’t have much to say . I have a lot on my mi d right now . I’m worried about money . I am worried about all that needs to be done . There is a lot that needs to be done and I don’t have enough energy .,2024-08-21 12:51:59,7,False,0.0,1.0,False,0.2000272423028946,0.7268052101135254
156,3998,Feeling content and calm . Took a nap . Feeling better than earlier . Family member lent me some money and another family member will be sending me money as well so I feel much better . I am trying to stay positive and take it one day at a time .,2024-08-21 22:00:46,7,False,2.0,0.0,False,0.9602348804473877,0.35990777611732483
156,3963,"Anxious , Worried , Annoyed , Tired , Reflective",2024-08-09 12:16:12,7,True,-1.0,2.0,False,-0.574177622795105,1.2574087381362915
156,3964,"Relaxed , Content , Happy , Full , Enjoying",2024-08-10 17:25:20,7,True,2.0,2.0,False,1.4631930589675903,0.6015845537185669
156,3965,"Tired , Content , Focused , Relaxed , Dreamy",2024-08-10 22:08:18,7,True,0.0,0.0,False,-0.20703385770320892,0.47791045904159546
156,3966,"Accomplished , Tired , Relaxed , Hopeful , Content",2024-08-11 12:55:51,7,True,2.0,0.0,False,0.018251711502671242,0.5962530970573425
156,3967,"Annoyed , Tired , Hopeful , Fed up , Determined",2024-08-11 17:33:41,7,True,0.0,1.0,False,-0.40477728843688965,1.0669656991958618
156,3971,"Relaxed , Calm , Tired , Stationary , Peaceful",2024-08-12 22:00:56,7,True,0.0,1.0,False,0.9971505403518677,0.482591837644577
156,3972,"Calm , Relaxed , Content , Hopeful , Curious",2024-08-13 12:37:55,7,True,1.0,0.0,False,1.4591282606124878,0.4381301999092102
156,3973,"Calm , Chill , Content , Satisfied , Accomplished",2024-08-13 17:01:02,7,True,2.0,0.0,False,0.9353837370872498,0.5277484059333801
156,3979,"Calm , Relaxed , Content , Accomplished , Curious",2024-08-16 17:53:01,7,True,2.0,0.0,False,1.5422465801239014,0.3969253897666931
156,3982,"Calm , Content , Quiet , Chill , Relaxed",2024-08-18 17:00:54,7,True,0.0,0.0,False,1.1991065740585327,0.2702317535877228
156,3984,"Hopeful , Focused , Determined , Good , Lively",2024-08-19 12:25:28,7,True,2.0,2.0,False,0.9669212698936462,1.5555771589279175
156,3986,"Tired , Worn out , Unmotivated , Guilty , Lazy",2024-08-20 12:31:03,7,True,-1.0,0.0,False,-1.0593496561050415,0.34201580286026
156,3997,"Relaxed , Calm , Content , Tired , Happy",2024-08-21 17:33:14,7,True,2.0,0.0,False,1.199435830116272,0.580165684223175
157,3999,"I am feeling a bit sad , but not too sad . I have a feeling of doubt and regret . I feel like the world is a bit too tough for me .\ n "" My heart is heavy . I feel empty , lost , and alone .   and smiles feel forced . The world is dull and grey , devoid of joy . Every task feels like a mountain . I ' m trapped in sadness , searching for hope . Memories of happiness remind me of what ' s lost . I ' m suffocating in this darkness . Longing for escape , but stuck in pain .""",2024-08-21 12:03:13,7,False,-1.0,1.0,False,-0.36746570467948914,0.5807485580444336
157,4000,"Dispirited , Sad , Confused , Annoyed , Calm",2024-08-21 17:01:08,7,True,0.0,0.0,False,-0.8484365940093994,0.6806125044822693
157,4001,"""Ugh , I feel tired , slow , and unmotivated today , like I ' m moving through molasses and can ' t seem to get anything done . My brain is foggy , my body aches , and all I want to do is curl up on the couch and take a nap . Every task seems overwhelming and I just can ' t muster up the energy to care . I ' m stuck in a rut and don ' t know how to get out of it .""",2024-08-22 12:01:00,7,False,-1.0,0.0,False,-1.5405164957046509,0.3584325313568115
157,4002,"Happy , Excited , Delightful , High spirited , Joyful",2024-08-22 22:26:05,7,True,1.0,1.0,False,1.5457333326339722,1.1552635431289673
157,4003,"""Ugh , feeling really sluggish today . No energy , no motivation . Just want to stay in bed and snooze the day away . Every task feels like a huge mountain to climb . Even getting out of pajamas seems like too much effort . Need a boost to get going !""",2024-08-23 12:01:48,7,False,0.0,2.0,False,-0.5519310235977173,0.20155596733093262
157,4004,"Active , Happy , Energized , Joyful , Delighted",2024-08-23 17:02:47,7,True,0.0,2.0,False,0.8042716979980469,1.627768635749817
157,4005,"Joyful , Strong , Motivated , Active , Happy",2024-08-23 22:22:22,7,True,2.0,2.0,False,1.2216907739639282,1.3377960920333862
157,4006,"I have been Feeling quiet is like being wrapped in a warm blanket on a chilly day . It ' s a sense of stillness that calms the mind and soothes the soul . In the quiet , I find peace and clarity , away from life ' s chaos and noise . It ' s a moment to breathe , reflect , and recharge , letting go of worries and embracing the serenity within .""",2024-08-24 12:48:49,7,False,0.0,0.0,False,1.0091259479522705,0.34903815388679504
157,4007,"Normal , Curious , Enthusiastic , Creative , Peaceful",2024-08-24 22:38:15,7,True,0.0,1.0,False,0.8523460030555725,1.186662197113037
157,4008,"""Oh , what an incredible rush ! I ' m bursting with excitement , my heart racing with anticipation ! Every fiber of my being is electric , like a spark has ignited a fire within me . I can barely contain my enthusiasm , my mind racing with possibilities . It ' s like a dream come true , and I ' m walking on air , beaming with joy . The world feels full of promise , and I ' m ready to take on the day with unbridled energy and passion !""",2024-08-25 12:36:13,7,False,1.0,1.0,False,0.9619504809379578,2.209723472595215
157,4009,"Sad , Confused , Angry , Curious , Empty",2024-08-26 12:00:42,7,True,-1.0,1.0,False,-1.255111813545227,0.833438515663147
157,4010,"Quiet , Sas , Normal , Empty , Neutral",2024-08-26 17:03:05,7,True,0.0,1.0,False,-0.038616009056568146,0.686838686466217
157,4011,"Sad , Cofused , Quiet , Free , Down",2024-08-29 12:04:22,7,True,1.0,1.0,False,-0.6945659518241882,0.5429457426071167
157,4012,"I ' m feeling really sluggish today . My body feels heavy and my mind is foggy . I ' m struggling to focus and get motivated . Every task seems like a chore and I just want to curl up and take a nap . My energy levels are depleted and I ' m moving at a slow pace . I hope a cup of coffee or some fresh air can help shake off this sluggishness and get me back to my normal self .""",2024-08-29 17:29:34,7,False,-1.0,0.0,False,-1.6392465829849243,0.12024050205945969
157,4013,"I ' m feeling really down today . A heavy sadness is weighing on my heart and mind . Everything seems dull and grey , and I ' m struggling to find joy in things I normally love . My thoughts are consumed by worries and regrets , and I can ' t shake off the feeling of emptiness . I feel disconnected from the world around me and just want to retreat into myself . Even small tasks feel overwhelming , and I ' m longing for comfort and solace . I hope this sadness will lift soon , and I ' ll find my way back to happiness and peace .""",2024-08-29 22:14:18,7,False,-1.0,1.0,False,-1.2483149766921997,0.39933979511260986
157,4014,"Bright , Light , Happy , Delighted , Great",2024-08-30 12:42:56,7,True,0.0,2.0,False,1.700465202331543,0.9238978028297424
157,4015,"Normal , Silent , Quiet , Sluggish , Down",2024-08-30 17:43:06,7,True,0.0,0.0,False,-0.41972100734710693,0.5587210655212402
157,4017,"Happy , Excited , Joyful , Delightful , Greatful",2024-08-31 17:16:23,7,True,2.0,1.0,False,1.469199776649475,0.9745859503746033
157,4018,"Tired , Sleepy , Sad , Quiet , Sluggish",2024-09-01 22:18:55,7,True,0.0,0.0,False,-1.0976426601409912,0.3172791004180908
157,4019,"I ' m feeling really down and sad today . Everything seems grey and dull . I ' m struggling to find joy in things I normally love . My heart feels heavy and my mind is filled with worries . I just want to curl up and hide from the world . I ' m feeling overwhelmed and alone , like no one understands me . I wish I could shake off this sadness and feel happy again .""",2024-09-02 12:41:04,7,False,-1.0,1.0,False,-1.4140667915344238,0.7381487488746643
157,4020,"""Feeling quiet is like being wrapped in a warm blanket on a chilly day . It ' s a sense of stillness that calms the mind and soothes the soul . In the quiet , I find peace and clarity , away from life ' s chaos and noise . It ' s a moment to breathe , reflect , and recharge , letting go of worries and embracing the serenity within .""",2024-09-02 17:00:30,7,False,1.0,1.0,False,0.6242034435272217,0.273502916097641
157,4021,"Happy , Delighted , Joyful , Cheerful , Happy",2024-09-03 22:05:44,7,True,1.0,1.0,False,1.4624606370925903,0.9158723950386047
157,4022,"Feeling active is like a sunny day - energized , lively , and ready for anything . It ' s that inner buzz that keeps you moving , exploring , and embracing life with zest . Being active means feeling alive , motivated , and full of vitality , making each moment vibrant and exciting .",2024-09-05 12:32:55,7,False,1.0,1.0,False,1.2546803951263428,1.8403007984161377
84,207,It is a holiday day . I am at home with my family . We went kayaking earlier today and it was a very good morning . At the moment I am watching a show that I enjoy . It is a very pleasant and relaxing day .,2024-10-14 17:43:19,7,False,0.0,1.0,False,0.7839953303337097,0.9936414361000061
84,208,"I am currently feeling ok . I have to pack bags to go back to the city , so I am just trying to focus on all the thing that I need to pack . The day is almost over and I feel focused .   Today was a nice and relaxing day .",2024-10-14 22:02:41,7,False,0.0,1.0,False,0.6846104860305786,0.8101568222045898
84,209,"It is a first day after the long holiday and I am at work right now , it is very busy right now so I am trying to get work done . Other than that echos going good just the way it is supposed to be . I feel good and full of energy to get my work done .",2024-10-15 12:09:25,7,False,0.0,2.0,False,0.8257395625114441,1.2273997068405151
84,210,"i am currently feeling very busy because of the work that i need to do and things that need to be taken care of . So , at the moment that is what I am doing . I have nothing else to \ n add to what i already wrote .",2024-10-15 17:12:07,7,False,0.0,2.0,False,0.8021689057350159,1.1713322401046753
84,211,"It is W morning . I am at work , starting my day   and trying to see what needs to get done first . I have a busy day ahead . Feeling good in general . No complains , everything seems to be going ok . doing what i have to do .",2024-10-16 12:01:54,7,False,1.0,2.0,False,1.4295575618743896,0.9489607810974121
84,212,"i am continuing to do my work . Iti s the middle of the work day and everyone is working , myself included . I feel fine , doing things that need to get done today . The day is going just the way it has to .",2024-10-16 17:01:55,7,False,1.0,0.0,False,0.8849132061004639,0.978190004825592
84,214,I am feeling good . Doing my work and trying to finish up everything I have started earlier today . I had a busy day and many things need to be completed before i go home today . I will try and do it withing 1 hour or so .,2024-10-17 17:05:43,7,False,0.0,2.0,False,0.3635298013687134,0.970747709274292
84,219,I am relaxing and watching a movie . It is a very pleasant and peaceful Sanctuary evening . I am waiting for my older son to get home so I can completely relax and just enjoy the rest of the Saturday evening with my family ..,2024-10-19 22:19:20,7,False,2.0,0.0,False,0.8006667494773865,0.5443777441978455
84,220,"I am feeling good , happy , relaxed and enjoying this Sunday morning with my family . It is a beautiful fall morning and it feels nice to be home without having to rush anywhere or do anything . I love this feeling .",2024-10-20 12:28:32,7,False,1.0,1.0,False,1.715844988822937,0.7448393106460571
84,221,"It is Monday morning . Beginning of the work week and school week . Do , I am feeling busy at work , doing everything that needs to get done . Getting ready for whatever needs to happen today . Feeling good in general .",2024-10-21 12:17:33,7,False,0.0,2.0,False,0.13942965865135193,1.6098014116287231
84,222,"I am currently feeling good , working and doing my job . everything is going smooth . Iti safter 3 pm so in about 2 hours it will be time to go home . I am happy about that too . I do miss my family . cannot wait to see everyone .",2024-10-21 17:06:49,7,False,2.0,2.0,False,1.7319148778915405,0.8555052280426025
84,224,"It is 3pm , towards the end of my work day . It has been a busy day , with many people   to be taken care of and many tasks to complete . So , I am still very busy trying to complete tasks   I need to do it before",2024-10-22 17:00:37,7,False,2.0,2.0,False,-0.7197977900505066,1.342437505722046
84,225,"I had a good and busy evening with my family . When I got home from work kids asked to make crepes with Nutella . We ate together . I checked my youngest homework . I made fish later on , cleaned and feeling good .",2024-10-22 22:08:29,7,False,1.0,2.0,False,0.8761135935783386,0.6858283877372742
84,233,It is Friday and I literally need my boss to leave so I can go too and take my kid to a Halloween party . I am feeling good and happy but definitely ready to go . It had been a good day and a good week .,2024-10-25 17:01:14,7,False,1.0,2.0,False,0.8207910060882568,1.7244923114776611
84,235,"Feeling quiet and just mellow . It is grey out and I just want to stay home and get cozy , watch tv , eat , sleep and read and honestly nothing else . Fall mood .   I had a super busy day yesterday and today I want to stay still .",2024-10-26 17:18:06,7,False,0.0,1.0,False,0.34610429406166077,-0.07742680609226227
84,236,It is Sunday morning . I just woke up recently and feeling relaxed and quiet . We are going to make breakfast and after that we will play a board game or 2 . It is a very nice Sunday morning and everything is perfect .,2024-10-27 12:50:16,7,False,1.0,0.0,False,0.6808459162712097,0.9330532550811768
84,237,"I am feeling good , happy , relaxed . I am enjoying this Sunday with my kids and my husband . It is gorgeous day , the sun is warm and inviting and it feels really good . I am happy to have another beautiful weekend .",2024-10-27 17:53:47,7,False,2.0,0.0,False,1.5045440196990967,1.1374216079711914
84,239,I am having a very pleasant evening with my family . It is very pleasant and relaxing . Tomorrow is Monday and we all had a very relaxing time . We will be traveling back to   GPE  soon .. I has been great over all,2024-10-27 22:09:10,7,False,1.0,0.0,False,1.3182250261306763,0.8211377859115601
84,213,"energetic , lively , busy , excited , happy",2024-10-17 12:03:51,7,True,0.0,2.0,False,1.1015334129333496,1.6844650506973267
84,215,"Calm , Relaxed , Sleepy , Rested , Peaceful",2024-10-17 22:25:02,7,True,0.0,0.0,False,1.1638216972351074,0.2707807421684265
84,217,"active , energetic , busy , occupied , under pressure",2024-10-18 12:24:52,7,True,1.0,2.0,False,-0.21065868437290192,2.007340669631958
84,218,"Lively , Active , Organized , Focused , Determined",2024-10-18 17:01:31,7,True,0.0,2.0,False,0.8685268759727478,1.674035668373108
84,223,"Great , Active , Busy , Occupied , Happy",2024-10-22 12:45:14,7,True,0.0,2.0,False,1.0054668188095093,1.3966658115386963
84,226,"Active , Busy , Happy , Determined , Excited",2024-10-23 12:13:47,7,True,1.0,2.0,False,0.21750111877918243,1.9734044075012207
84,228,"Happy , Busy , Focused , Determined , Enthusiastic",2024-10-23 17:12:24,7,True,0.0,2.0,False,0.8528907299041748,1.5153461694717407
84,229,"Cozy , Relaxed , Quite , Peaceful , Happy",2024-10-23 22:11:47,7,True,0.0,0.0,False,1.649696946144104,0.2646932601928711
84,230,"Excited , Busy , Hopefull , Happy , Energetic",2024-10-24 12:10:48,7,True,1.0,2.0,False,1.5557615756988525,1.4278665781021118
84,231,"Busy , Determined , Enthusiastic , Happy , Energetic",2024-10-24 17:09:38,7,True,0.0,2.0,False,0.2892790734767914,1.7391207218170166
84,232,"Active , Busy , Enthusiastic , Happy , Excited",2024-10-25 12:41:12,7,True,0.0,2.0,False,0.13862015306949615,1.787631630897522
84,234,"Relaxed , Calm , Content , Happy , Joyful",2024-10-26 12:24:38,7,True,0.0,0.0,False,1.376312017440796,0.6015729308128357
165,4205,"I started being active not quite long , have been alone at home since watching news on social media , I ' m just alone , I ' m just calm because I ' m the only one at home nobody to talk to and after pressing and then I went online to do some research about until one of my friend came in today to say hello to me .",2024-08-25 22:27:42,7,False,0.0,2.0,False,0.01780533231794834,0.8197844624519348
165,4206,"I love the way I ' m feeling today cause I don ' t really want to talk too much , I ' m okay with the way I am , just being cool and calm , lowkey , every still I ' m just the only one working lowkey from home because I have some unfinished project .",2024-08-26 12:16:53,7,False,1.0,1.0,False,1.359134316444397,0.669889509677887
165,4207,"I ' m active , my eyes are open , I followed a friend to a bar , to have some drinks together and discuss on how our life is going to better and discuss more on our current issue with life and how things has been going us and our family .",2024-08-26 22:03:15,7,False,0.0,2.0,False,1.0352298021316528,1.7035170793533325
165,4208,"I ' m sluggish today but I don ' t know why , I ' m just thinking maybe because am broke or something , have been hoping for money , I ' m very dull even a friend of my told me I was so choked because it was so obvious and I asked my friend and he feel so concerned .",2024-08-29 17:20:20,7,False,-1.0,0.0,False,-1.2450863122940063,0.37363314628601074
165,4215,"I feel good and I also feel loved by someone today , my day was lively because I mingled with alot of people today and I make new friends today and they also love me too and they came to my house to play .",2024-09-04 22:48:57,7,False,1.0,1.0,False,1.1584035158157349,1.1947205066680908
165,4218,"I ' m feeling good today , everything about was good to me and am still having fun , and everything is going smoothly , I went to visit one of my long time friend today , we played alot of games like chess .",2024-09-06 22:01:14,7,False,1.0,2.0,False,1.3634705543518066,0.9107601046562195
165,4220,"I ' m feeling Good and okay , I have been alone today I ' m just sitting down watching how everything is going , have been alone since morning   we don ' t have any issue with anybody we are just trying to   be .",2024-09-07 22:02:02,7,False,0.0,1.0,False,1.3012926578521729,0.8061473965644836
165,4223,"I have okay and happy , have been listening to my favorite songs sing and it has been making me to be happy and feeling good , have been alone in the room singing loud , my neighbour even came to check up on me , may be there nothing wrong .",2024-09-08 22:02:55,7,False,0.0,2.0,False,1.415523648262024,1.0716136693954468
165,4224,"I have been feeling down since , I did not have any money with me and I ' m still in debt and have been planning to borrow more when have not pay off the one on ground , have been thinking about alot of things that I can start doing that can increase my income rate .",2024-09-09 17:25:06,7,False,0.0,1.0,False,-1.0445016622543335,0.618460476398468
165,4209,"Active , Calm , Nice , Good , Amazing",2024-08-30 12:43:18,7,True,0.0,1.0,False,0.8566344976425171,1.2356858253479004
165,4210,"Amazing , Cool , Awsome , Good , Okay",2024-08-31 22:30:26,7,True,1.0,1.0,False,1.1749557256698608,0.9987468719482422
165,4211,"Active , Strong , Healthy , Good , Calm",2024-09-01 12:36:09,7,True,0.0,1.0,False,0.5807462334632874,1.5257331132888794
165,4212,"Quiet , Cool , Calm , Good , Active",2024-09-03 12:46:35,7,True,0.0,0.0,False,0.6282903552055359,0.6766459345817566
165,4213,"Lively , Happy , Good , Happy , Active",2024-09-03 22:23:37,7,True,1.0,1.0,False,1.5084019899368286,1.4302009344100952
165,4214,"Good , Lively , Active , Sharp , Okay",2024-09-04 17:41:47,7,True,0.0,1.0,False,1.334487795829773,1.0020830631256104
165,4216,"Good , Neutral , Calm , Good , Cool",2024-09-05 12:13:41,7,True,0.0,1.0,False,0.48614203929901123,1.0759689807891846
165,4217,"Good , Happy , Awesome , Excellent , Active",2024-09-05 22:18:54,7,True,2.0,1.0,False,1.2635538578033447,1.0081936120986938
165,4219,"Cheerful , Jovial , Anxious , Awesome , Active",2024-09-07 17:12:52,7,True,0.0,1.0,False,1.1780235767364502,1.0929256677627563
165,4221,"Good , Calm , ACTIVE , Awesome , Jovial",2024-09-08 12:11:11,7,True,0.0,2.0,False,1.352923035621643,1.1703954935073853
165,4222,"Good , Creative , Active , Cool , Calm",2024-09-08 17:35:29,7,True,1.0,0.0,False,1.1023904085159302,1.113444209098816
165,4225,"Quiet , Sad , Down , Calm , Sluggish",2024-09-09 22:01:16,7,True,0.0,0.0,False,-0.7088999152183533,0.34992510080337524
130,3018,"tired , overwhelmed , anxious , cold , na",2024-12-06 12:00:20,7,True,-1.0,0.0,False,-1.203046202659607,0.8626341223716736
130,3019,"I am feeling more awake , and productive ! Went on a run so feeling the endorphins . I got some work done and going to do more and relax for the rest of the day . A little bit of brain fog too , but less than the morning .",2024-12-06 17:13:20,7,False,0.0,2.0,False,0.9795330166816711,1.0845834016799927
130,3020,"I am feeling very sleepy from the day . I feel like I did a lot of studying and was productive , but at the same time it took the whole day and now I am like oh wow where did the day go ! But I stopped doing work and going to unwind now , so looking forward to that ! And feeling less anxious than I was in the morning . Happy I got a workout in too !",2024-12-06 22:00:41,7,False,-1.0,0.0,False,-0.685303270816803,0.2811901569366455
130,3021,I went on a run and ate breakfast and lunch so I am feeling more lively than I was in the morning . I am feeling stressed about my responsibilities but I always feel like those stressors hang over me often . I am also excited because I am seeing a friend and hoping it’s a nice change in routine and scenery . Hoping the lively energy continues throughout the day,2024-12-07 17:00:19,7,False,1.0,2.0,False,1.1046347618103027,1.6585994958877563
130,3022,"sluggish , hungry , stressed , anxious , sleepy",2024-12-08 12:44:41,7,True,0.0,0.0,False,-1.1744738817214966,0.4206112027168274
130,3023,"energized , stressed , anxious , sad , worried",2024-12-09 12:37:01,7,True,0.0,1.0,False,-1.1592856645584106,1.4244471788406372
130,3024,"exhausted , anxious , stressed , gloomy , hungry",2024-12-09 17:04:14,7,True,0.0,1.0,False,-1.4979695081710815,0.7377211451530457
130,3026,"exhausted , stressed , anxious , tachycardic , hungry",2024-12-09 22:00:18,7,True,0.0,2.0,False,-1.5104846954345703,0.7679267525672913
130,3027,My friend is going through a lot and I empathize with her and I feel sad . She is going through a lot and I want to be there for her but also need to keep up with my responsibilities . So I am also feeling stressed and anxious about her situation and how I am going to process it and hold space for her too .,2024-12-10 17:02:12,7,False,-2.0,0.0,False,-1.3067632913589478,1.352808952331543
130,3028,"exhausted , stressed , anxious , cold , hungry",2024-12-11 12:00:25,7,True,0.0,1.0,False,-1.4313733577728271,0.6457480192184448
130,3029,"stressed , anxious , exhausted , overwhelmed , cold",2024-12-11 17:00:18,7,True,0.0,1.0,False,-1.4122602939605713,1.0619759559631348
130,3030,"exhausted , stressed , anxious , hungry , thirsty",2024-12-13 12:00:34,7,True,-1.0,0.0,False,-1.4935417175292969,0.6634763479232788
130,3031,"I had a productive morning and early afternoon so feeling a bit more calmer , but still stressed . I am also spending time with family and loved ones , so it is a great company ! I am hoping to keep calm for the rest of the weekend so I can continue being productive . I am feeling emotionally exhausted from my week of supporting my friends , so I feel like I did not have enough space for myself . So I am trying to make more time for myself this weekend and next week !",2024-12-13 17:07:33,7,False,0.0,1.0,False,-0.04829318821430206,0.3530406057834625
130,3032,Feeling stressed with school ! But trying to be productive . Also feeling cooped up inside so will go out for a run soon to relieve some stress and get some air . Trying to keep calm and grounded to get work done and get through the day today !,2024-12-14 17:00:27,7,False,0.0,1.0,False,-0.44752979278564453,0.8752506375312805
130,3033,"exhausted , stressed , satiated , anxious , brain fog",2024-12-14 22:00:13,7,True,-1.0,0.0,False,-1.3135547637939453,0.40758809447288513
130,3034,"stressed , anxious , exhausted , cold , restless",2024-12-15 12:42:30,7,True,0.0,1.0,False,-1.375784993171692,0.9990885853767395
130,3035,"I’m currently feeling both physically and mentally drained as I prepare for my exam tomorrow . The pressure of wanting to perform well has left me feeling stressed , and the sheer amount of material I need to review feels overwhelming at times . Despite my best efforts to stay focused , fatigue has started to set in , which makes it even harder to concentrate . I know how important this exam is for my progress , so I’m doing my best to push through these feelings and stay motivated . At the same time , I’m trying to remind myself to take small breaks and prioritize self-care so that I can approach the test with as much clarity and confidence as possible .",2024-12-15 17:10:19,7,False,0.0,1.0,False,-1.1002405881881714,0.9802985787391663
130,3038,"relieved , productive , exhausted , overwhelmed , Disoriented",2024-12-16 17:01:36,7,True,1.0,2.0,False,1.0114587545394897,0.9029433131217957
130,3039,"overwhelmed , sleepy , burnt out , happy to see my dogs , calm",2024-12-16 22:52:24,7,True,0.0,1.0,False,-0.42901256680488586,0.35602033138275146
130,3040,"long day ! very overwhelming and stressful , it felt like a waste of my day , so it sucks ! but trying to be positive and make good use of the rest of my day . there is a lot going on and on my plate so it’s hard to manage everything and handle it well . very stressed !",2024-12-17 17:51:37,7,False,0.0,1.0,False,-1.527304768562317,1.1623848676681519
130,3041,"I am currently feeling incredibly tired and overwhelmed with everything going on in school . The constant stream of assignments , exams , and responsibilities is taking a toll on both my physical and mental energy . It feels like there’s always something more to do , and no matter how hard I try to stay organized or keep up , the workload just keeps piling up . \n \ nThe pressure to perform well and meet deadlines has left me feeling stretched thin , and it’s hard to find time to rest or recharge . Balancing academic demands with personal life feels almost impossible , and sometimes I question if I’ll ever catch up or feel on top of things again . Despite this , I know these challenges are temporary , and I’m trying to remind myself that perseverance and taking things one step at a time will help me push through .",2024-12-18 22:17:30,7,False,0.0,1.0,False,-2.0268044471740723,0.6110473275184631
130,3042,feeling overwhelmed and tired because of an early morning and long day ahead . feeling restless because we have been sitting since 8am and still have the whole day to go ! very stressed because i have a lot of things to do so a lot is on my mind and feeling anxious about it,2024-12-19 12:26:03,7,False,0.0,1.0,False,-1.1634631156921387,1.0933769941329956
159,4062,"I am feeling pretty confident about myself . I don’t feel down at all , which is pretty good ! I am very excited for what I get to do today since I get to teach !   I feel healthy and I feel optimistic . I am unsure what exactly will happen today but I am looking forward to it .",2024-10-31 12:04:25,7,False,2.0,0.0,False,1.663098931312561,1.270025372505188
159,4063,I am finally back home from a 2 sessions of 3 hour classes I taught . My feet hurt quite a bit but I desperately want a hot shower . What a contradiction of wants ! I wish I had a functioning tub in the middle \ nof my living room .,2024-11-01 22:01:09,7,False,2.0,0.0,False,-0.5875137448310852,1.057235836982727
159,4064,"I am feeling a little groggy today after some rest after teaching . I am anticipating my delivery order right now because this a treat I am having for myself and partner . I really want to get my apartment clean again , it has been stressing out about the hygiene standards .",2024-11-02 12:01:35,7,False,2.0,0.0,False,-0.17259804904460907,0.9121920466423035
159,4068,I am very stressed at the moment because of technical malfunctions that happened over the weekend . I am pretty mad about having to make new templates for labels from scratch since it looks like the templates used for the past 5 years have vanished into thin air . I am pretty upset having to do some tedious work and spending my day fixing it .,2024-11-04 12:08:03,7,False,-2.0,2.0,False,-0.6644929647445679,1.6234328746795654
159,4069,I am excited to end the day and go home . I have so much I need to organize at home and I finally have all the pieces to get that going . I really really am eager to not be in my office . I have reached my limit with my mind wandering and answering emails and calls for today .,2024-11-04 17:06:27,7,False,1.0,0.0,False,0.5807303786277771,1.0647274255752563
159,4065,"Tired , Content , Curious , Middle of The Road , Sore",2024-11-02 22:01:58,7,True,2.0,0.0,False,-0.1487358808517456,0.52349853515625
159,4066,"Tired , Hungry , Motivated , Lightheaded , Sore",2024-11-03 17:02:11,7,True,2.0,0.0,False,0.045831046998500824,0.7670765519142151
159,4067,"tired , sorr , meh , not so bad , decent",2024-11-03 22:09:39,7,True,2.0,0.0,False,0.5603245496749878,0.5441589951515198
159,4070,"tired , sluggish , groggy , mildly frustrated , blah",2024-11-05 12:01:48,7,True,-1.0,0.0,False,-1.2022796869277954,0.2036842703819275
159,4071,"tired , irritable , sore , sleepy , uninterested",2024-11-05 22:01:46,7,True,-2.0,0.0,False,-1.3497239351272583,0.6484503149986267
159,4072,"disappointed , deflated , tired , irritable , unwilling",2024-11-06 12:02:19,7,True,-2.0,0.0,False,-1.5876623392105103,0.7509053945541382
159,4073,"triggerhappy , angry , upset , bloodthirsty , Irritable",2024-11-06 17:01:34,7,True,1.0,2.0,False,-1.172664999961853,2.0234880447387695
159,4074,"tired , irritable , sore , meh , blah",2024-11-06 22:53:22,7,True,0.0,1.0,False,-0.9565872550010681,0.6452137231826782
159,4075,"groggy , tired , meh , sleepy , underwhelmed",2024-11-07 12:02:06,7,True,-1.0,0.0,False,-1.2269797325134277,0.0436800941824913
159,4076,"tired , blah , irritable , fatigued , sleepy",2024-11-07 17:02:01,7,True,-2.0,0.0,False,-1.0462586879730225,0.5445833206176758
159,4078,"neutral , a little tired , full , content , meh",2024-11-07 22:03:20,7,True,0.0,0.0,False,-0.13586783409118652,0.48558273911476135
175,4477,I am excited to be going on vacation .   I ' m also nervous about getting from GPE  to GPE without hiccups .   I ' m hopeful we won ' t get bored .   GPE looks beautiful but I ' m afraid there won ' t be a lot to do .,2024-11-07 17:06:54,7,False,-2.0,0.0,False,1.4839364290237427,0.8645313382148743
175,4478,I am feeling tired because we didn ' t get much sleep on the plane .   I ' m feeling excited about walking all over GPE tomorrow .   I ' m happy we were able to find some inexpensive snacks and breakfast food for our room .,2024-11-08 12:18:44,7,False,-1.0,0.0,False,0.006339961662888527,0.1909683644771576
175,4479,I ' m happy to have spent a fun afternoon in GPE .   I ' m content with the burger I had for dinner and happy PERSON is always willing to share so we don ' t overeat .   I ' m looking forward to wandering home .   Wandering makes me happy .,2024-11-09 12:02:46,7,False,1.0,1.0,False,1.8217147588729858,0.4024588465690613
175,4480,I ' m feeling quiet and content as I read and plan upcoming days . I ' m relaxed to be away from the crowds . I ' m somewhat anxious that we have just one phone charger . I ' s disappointed in myself for not running today .,2024-11-09 17:31:59,7,False,0.0,0.0,False,1.1302341222763062,0.39338192343711853
175,4484,I am bored in the passenger seat .   I am nervous about being the navigator .   I am nervous about riding in the car in GPE . I am nervous PERSON won ' t enjoy the rest of the trip if I plan it .   That ' s all .,2024-11-11 12:11:51,7,False,-1.0,0.0,False,-0.7606431841850281,0.6600521802902222
175,4485,I feel tired and sleepy .   I feel somewhat excited about getting a plan together for vacation .   I feel guilty for eating a ton of food .   I feel guilty for not running . I feel scared about . Wing a passenger in GPE .,2024-11-11 17:12:33,7,False,1.0,0.0,False,-0.5723891854286194,0.29536932706832886
175,4486,I ' m happy we drove without too much incident but concerned we lost a hubcap and will have to pay for it .   I ' m little bored in this small town .   I ' m happily anticipating dinner .   I ' m feeling guilty that I haven ' t run once since arriving because it ' s so cold .,2024-11-12 12:45:31,7,False,1.0,1.0,False,0.6587893962860107,0.41246968507766724
175,4492,I ' m feeling quiet and content .   No plans makes me relaxed .   Not having a far drive tomorrow makes me less tense . I ' m happy to be seeing the ocean . I ' m hungry and optimistic my dinner will be delicious .   I ' m annoyed that my mother-in-law is pressuring me to post vacation photos .   She ' s not worried about us . Just worried that she ' s not seeing vacation photos .,2024-11-16 12:18:19,7,False,0.0,0.0,False,1.3577805757522583,0.17783042788505554
175,4495,I ' m basically happy .   I ' m . kind of bored sitting in our room but scared to go out because I don ' t know how safe the neighborhood is .   I ' m quite sleepy .   I ' m looking forward to being home in a few days .,2024-11-20 17:26:40,7,False,1.0,1.0,False,0.3866444528102875,0.24161523580551147
175,4476,"Conflicted , Content , Reflective , Overwhelmed",2024-11-07 12:00:25,7,True,0.0,0.0,False,-0.6932044625282288,1.2145713567733765
175,4481,"Antsy , Excited , Happy , Overstimulated , Annoyed",2024-11-09 22:00:17,7,True,1.0,0.0,False,1.0504896640777588,1.2984918355941772
175,4482,"Tired , Exhausted , Unenthusiastic",2024-11-10 12:00:22,7,True,-2.0,0.0,False,-1.0458930730819702,0.476606547832489
175,4483,"Unable to sleep , Nervous , Anxious",2024-11-10 17:00:21,7,True,-1.0,2.0,False,-0.8974915146827698,1.1633292436599731
175,4487,"Relaxed , Annoyed , Sleepy , None",2024-11-12 17:20:42,7,True,1.0,0.0,False,0.8975133895874023,0.5803017020225525
175,4488,"Unsettled , Fearful , Annoyed",2024-11-13 17:00:16,7,True,-1.0,2.0,False,-0.9215866923332214,1.411868929862976
175,4489,"Bored , Tired , Disappointed",2024-11-14 12:04:09,7,True,-1.0,1.0,False,-0.5984962582588196,0.6222635507583618
175,4490,"Content , Nervous , Unfriendly , Agitated",2024-11-15 12:00:17,7,True,1.0,1.0,False,-0.05148562043905258,1.4773746728897095
175,4491,"Sleepy , Relaxed , Bored",2024-11-15 17:04:40,7,True,-1.0,0.0,False,-0.5454941987991333,0.4728105664253235
175,4493,"Relaxed , Contented , Bored",2024-11-17 17:05:24,7,True,2.0,0.0,False,0.7586795687675476,0.7779407501220703
175,4494,"Sleepy , Sluggish , Unaccomplished , None",2024-11-19 17:22:05,7,True,-2.0,0.0,False,-1.2455302476882935,0.25079217553138733
129,2989,"Okay , Hopeful , Decent , Neutral , Content",2024-08-08 17:01:49,7,True,0.0,1.0,False,0.6599417924880981,1.0315994024276733
129,2990,I am feeling okay . I got a good amount of sleep and feel rested . i am able to work online some today so feel productive . I dont feel sick . I am alittle hungry though and looking forward to my nap later today . Im hoping the rest of the day goes good and I feel good the rest of the day . I guess we shall see .,2024-08-09 12:00:53,7,False,0.0,1.0,False,0.7286776304244995,0.5016507506370544
129,2991,"content , satisfied , neutral , busy , rested",2024-08-09 17:00:55,7,True,0.0,1.0,False,1.2264496088027954,0.5564651489257812
129,2993,"tired , drained , sluggish , dragging , sick",2024-08-10 22:15:24,7,True,-2.0,0.0,False,-1.6834534406661987,0.1406044363975525
129,2994,Im okay . Im just tired atthe moment . I took a nap but still feel tired . I hope i will have more energy soon enough . Im ready for the day to be over a new day to start . Each day just goes by very slow . Tick tock . Thank you .,2024-08-11 17:13:14,7,False,-1.0,0.0,False,-0.8340769410133362,-0.05684945732355118
129,2995,im feeling okay . its early so i am tired at the moment but trying to get some work done . my kids are home now but my oldest starts school next week so excited for that . just waiting for each day to be over and waiting for the end result which will be very exciting .,2024-08-12 12:01:27,7,False,0.0,1.0,False,0.4019203782081604,0.7876461148262024
129,2996,Im okay at the moment . Took a small nap so feel rested . About to get my kids up from their nap and get them a snack . Day has been going decent today . I feel satisfied and content with how it is . Thank you .,2024-08-12 17:05:08,7,False,1.0,0.0,False,1.059314250946045,0.5821738839149475
129,2997,"Content , Tired , Satisfied , Neutral , Sluggish",2024-08-12 22:06:02,7,True,0.0,1.0,False,0.2802407145500183,0.8481668829917908
129,2998,its still early and im tired at this point . I just want to go back to bed and sleep until tomorrow . This week has been going so slow . I think i need something to keep me busy and make the time go quicker . Its just dragging every day and its hard . Thanks so listening .,2024-08-13 12:02:41,7,False,0.0,1.0,False,-0.7819640636444092,-0.0085672065615654
129,2999,Im feeling okay at the moment . Got the kids up and brought them over to grandpas . Now im just enjoying some time alone at home . I can get some things done around the house . Thank you for listening to what i have to say .,2024-08-13 17:56:03,7,False,0.0,1.0,False,0.6078132390975952,0.549536406993866
129,3000,Im currently feeling very tired and worn out . It has been a long day and im ready for the week to be over . I hope tomorrow is a better day and im not so tired . I hope i have a good sleep tonight and wake up feelibg refreshed .,2024-08-13 22:01:12,7,False,-2.0,0.0,False,-1.544387936592102,-0.10598106682300568
129,3001,"neutral , content , satisfied , tired , busy",2024-08-14 12:01:44,7,True,0.0,1.0,False,0.6827961802482605,0.6837335228919983
129,3002,Im okay at the moment . Just woke up from mynap so im not so tired and having a snack . The kids need to get up soon then dinner needs to be made and then time to relax and then bedtime . Im looking dorward to the week to be over .,2024-08-14 17:01:22,7,False,1.0,0.0,False,0.5064080357551575,0.5356634855270386
129,3004,"Tired , Sluggish , Dragging , Drained , Content",2024-08-14 22:11:52,7,True,-2.0,0.0,False,-0.8925184607505798,0.18586230278015137
129,3005,"Tired , Sluggish , Dragging , Drained , Sleepy",2024-08-15 22:09:06,7,True,-2.0,0.0,False,-1.3692060708999634,0.10837719589471817
129,3006,"content , satisfied , steady , happy , busy",2024-08-16 12:12:40,7,True,0.0,1.0,False,1.5039244890213013,0.6178334951400757
129,3007,Im feeling okay . Im so happy its friday . I just took alittle nap but still feel tired . My son PERSON hair cut today and some clothes for school . We are all excited he is finally going to kindergarten . Hes excited too .,2024-08-16 17:03:23,7,False,-1.0,0.0,False,0.16076508164405823,0.9007886648178101
129,3008,so glad its the weekend . I can take some time to just relax and rest . My son has soccer today so he went to do that with his dad . My other son and I are just hanging out at home and watching tv . Im so ready for tomorrow though since the kids will be gone .,2024-08-17 12:11:21,7,False,-1.0,0.0,False,0.592210590839386,0.5338354706764221
129,3009,Im very tired at the moment . I feel drained . It was hot today and i helped mow the lawn . It was alot and i was dragging the rest of the day . Im so happy the kids are down for the night and we are heading to bed . It was a long day .,2024-08-17 22:05:22,7,False,-2.0,0.0,False,-1.7143309116363525,0.045464687049388885
129,3010,Im good at the moment . Just relaxinf and watching a movie . Its nice the kids are away and im able to just relax and watch tv . I really like relaxing and dont want to feel stressed today . Thank you for listening .,2024-08-18 12:03:46,7,False,0.0,0.0,False,1.1859229803085327,0.3468046486377716
129,3011,Im feelingvery tired atthe moment . It was a sonewhat relaxing daybut it was still long . Im ready for tomorrow to what my son go to kindergarten . Its very exciting for all of us . Yah . Thank you for listening .,2024-08-18 22:04:16,7,False,-2.0,0.0,False,-0.46296048164367676,0.07863645255565643
129,3012,"quiet , content , sleepy , tired , drained",2024-08-19 12:02:32,7,True,0.0,0.0,False,-0.5903777480125427,0.12197475880384445
129,3013,"sluggish , tired , drained , dragging , content",2024-08-19 17:01:24,7,True,-1.0,0.0,False,-1.4786947965621948,0.06563442200422287
129,3015,im okay at the moment . im working online and trying to get some things done . its going to be a long day . i just put my son on the bus and hes happy . my other son is on my laptop and getting some work done as well . im ready for this week to be over and hope next week goes quick too .,2024-08-20 12:00:55,7,False,1.0,0.0,False,0.5557006001472473,0.9005506634712219
129,3016,im okay at the moment . i just took my nap and woke up so still somewhat tired . My son should be home from school soon . I hope he had a good day . Im just catching up on emails and waiting for the day to be over . im read for tomorrow already . thanks for listening .,2024-08-20 17:04:39,7,False,-1.0,0.0,False,-0.26037439703941345,0.32432079315185547
129,3017,"Tired , Sluggish , Drained , Dragging , Faint",2024-08-20 22:28:37,7,True,-2.0,0.0,False,-1.3005952835083008,0.11499273031949997
65,4744,"To be honest , I ' m feeling a bit rough around the edges right now - the alcohol from last night ' s gathering is still lingering in my system , leaving me with a pounding headache , dry mouth , and a general sense of fatigue . Overall , I ' m feeling sluggish and regretful , wishing I had paced myself a bit better .",2024-09-19 12:17:29,7,False,0.0,2.0,False,-1.5395084619522095,0.2179911732673645
65,4745,"Calm , Cool , Focused , Meditating , Serene",2024-09-19 17:20:20,7,True,0.0,0.0,False,0.7169128060340881,0.6461676955223083
65,4746,"Smart , Good , Sharp , Lively , Happy",2024-09-20 17:20:13,7,True,1.0,2.0,False,0.8157860636711121,1.4072213172912598
65,4747,"Afraid , Tired , Bored , Uninterested , Careless",2024-09-23 12:36:56,7,True,-2.0,1.0,False,-0.8426051735877991,0.8242591619491577
65,4748,"Tired , Weak , Bored , Stressed , Calm",2024-09-24 12:52:15,7,True,-2.0,2.0,False,-0.6937631368637085,0.42758578062057495
65,4749,"Weary , Shocked , Tired , Stressed , Bored",2024-09-24 17:02:25,7,True,0.0,2.0,False,-1.230784296989441,0.9206686019897461
65,4751,"Calm , Confident , Good , Happy , Bright",2024-09-26 17:03:25,7,True,-2.0,2.0,False,0.9994372725486755,0.7090379595756531
65,4752,"I feel more coordinated and confident in my abilities . I have a strong sense of identity and I am conversant with my environment . I feel enthusiastic too with everything I get my hands on . The thrill coursing through my veins is palpable ! As I sit here , envisioning the successful completion of my outdoor weather station project , I can barely contain my enthusiasm . It ' s as if a spark of electricity has ignited within me , fueling my creativity and drive .\ n \ nMy mind races with possibilities , conjuring images of sleek , modern designs and innovative solutions . The prospect of merging cutting-edge technology with sustainable energy sources sends shivers down my spine . Every detail , from selecting the perfect water-resistant materials to fine-tuning the sensor calibrations , feels like a puzzle piece falling into place .\ nMy hands twitch with anticipation , eager to dive into the workshop and bring this vision to life . The hum of the soldering iron , the whir of the 3D printer , and the satisfying click of components snappi",2024-09-27 12:04:50,7,False,1.0,0.0,False,1.711652398109436,1.326297640800476
65,4753,"Active , Sound , Confident , Good , Energetic",2024-09-27 17:51:25,7,True,0.0,2.0,False,0.36260849237442017,1.6168543100357056
65,4754,"Engaging , Lively , Fun , Enthusiastic , Brave",2024-09-28 17:07:37,7,True,2.0,2.0,False,1.4760788679122925,1.3216556310653687
65,4755,"I ' m electrified ! My enthusiasm courses through every fiber , like a high-voltage current . Every thought , every sensation , every breath buzzes with excitement . My heart races , pounding out a triumphant rhythm , as if celebrating a monumental victory .\ n \ nVibrant colors dance before my eyes – radiant hues of possibility , potential , and promise . The world transforms into a kaleidoscope of wonder , beckoning me to explore , create , and conquer . Each challenge becomes an exhilarating adventure , an opportunity to unleash my inner trailblazer .\ n \ nMy mind soars , unfettered by doubt or fear . Ideas burst forth like fireworks , illuminating the landscape of my imagination . Connections spark , and innovative solutions crystallize . Time dissolves , leaving only the present moment , ripe with promise .\ n \ nPhysically , I feel invigorated – every muscle humming , every nerve tingling . My smile spreads wide , infectious and unstoppable . Words flow effortlessly , conveying my vision with conviction and passion . Others catch the spark , and togethe",2024-09-29 12:37:13,7,False,0.0,2.0,False,0.668164074420929,1.7964496612548828
65,4756,"I ' m bursting with vitality ! My enthusiasm is a radiant force , illuminating every cell and fiber of my being . It ' s as if a sparkler has ignited within me , casting a warm , golden glow over everything .\ n \ nEvery thought is infused with optimism , every idea a thrilling possibility . My imagination soars on wings of eagles , conquering challenges and achieving triumphs . The world transforms into a vibrant tapestry , woven with threads of promise and potential .\ nMy heartbeat quickens , pumping exhilaration through my veins . Each breath is a refreshing breeze , invigorating my senses and sharpening my focus . Smiles spread effortlessly across my face , reflecting the joy radiating from within .\ n \ nTime dissolves , leaving only the present moment , ripe with opportunity . Obstacles shrink , and solutions emerge . Confidence surges , and self-doubt fades . I ' m unstoppable , a force driven by pure excitement and determination .",2024-09-29 17:09:53,7,False,0.0,2.0,False,0.5349173545837402,1.7554279565811157
65,4757,"As I reflect on my life , I ' m filled with profound gratitude for the loving relationships , stimulating experiences , and personal achievements that enrich my journey . My passion for exploring new horizons , savoring NORP ORG , and appreciating life ' s simple joys fuels my enthusiasm . With each sunrise , I ' m reminded that every moment holds promise , and I ' m eager to seize its potential .\ n \ nThis positivity is contagious , inspiring me to spread warmth and kindness wherever I go . I ' m drawn to like-minded individuals who share my zest for life , and together , we create a symphony of laughter , inspiration , and mutual support . My heart overflows with hope and anticipation , knowing that life ' s next chapter will bring exciting opportunities , valuable lessons , and unforgettable memories .",2024-09-30 17:02:08,7,False,2.0,2.0,False,1.7767046689987183,1.7111222743988037
65,4758,"Cool , Happy , Good , Smiling , Confident",2024-10-01 17:12:55,7,True,2.0,1.0,False,1.478392243385315,0.9367873668670654
65,4759,"Happy , Smiling , Cool , Relaxed , Fulfilled",2024-10-02 12:26:20,7,True,1.0,1.0,False,1.5453577041625977,1.1004157066345215
65,4760,"I ' m feeling lively because I ' ve recently rediscovered my passion for painting . Spending hours in my backyard studio , surrounded by vibrant colors and canvases , brings me immense joy and energy . My latest project , a mural depicting our family ' s travels , has me excitedly experimenting with new techniques .",2024-10-02 17:02:05,7,False,1.0,2.0,False,0.989758312702179,1.8220137357711792
102,1453,"I am currently feeling tired and sluggish because my dog was up all night , thank goodness it isn’t because I had a bad night otherwise . I feel a bit disoriented because of the lack of sleep . I will try later to catch up on some sleep . Nights like that which have been happening a bit more often are very hard on my mental and physical well being .",2024-09-15 12:08:49,7,False,-2.0,0.0,False,-1.7159243822097778,0.024238504469394684
102,1454,I’m feeling pretty ok right now . My day was a bit weird since I didn’t get much sleep but it got a bit better as it went on . I was able to nap and that made a difference . I ate a good dinner and that also made a difference .,2024-09-15 22:00:43,7,False,0.0,0.0,False,-0.0695008635520935,0.5356222987174988
102,1455,I just came back from the eye doctor with my dog . She’s doing great and that makes me very happy . That alone has made my day . We did have another night of not sleeping through the night so that’s tough .,2024-09-16 12:02:50,7,False,1.0,1.0,False,1.1983524560928345,1.2337394952774048
102,1456,"Tired , Exhausted , Frustrated , Upset , Disappointed",2024-09-16 17:38:57,7,True,-2.0,0.0,False,-1.1137007474899292,0.6049407124519348
102,1457,"I’m really tired . I have had a busy day . Parts of it were very overwhelming . Work , life , feeling that I don’t have any help . However , there is a part of me that feels proud that I got so much done . I am trying to focus on that .",2024-09-16 22:01:43,7,False,-1.0,0.0,False,-0.8699753880500793,0.760428786277771
102,1458,"Tired , Optimistic , Hopeful , Curious , Intrigued",2024-09-17 12:02:35,7,True,0.0,0.0,False,-0.04947184771299362,0.8423736691474915
102,1459,Again I’ve just been tired throughout the day . I feel like I need to sleep for several days to catch up . Not a great feeling . I have never been in a situation like this and I’m doing the best i can . Hopefully my nights will go back to normal soon .,2024-09-17 22:14:24,7,False,-2.0,0.0,False,-1.3963905572891235,-0.02247818559408188
102,1460,"Angry , Frustrated , Resentful , Scared , Disappointed",2024-09-18 12:04:14,7,True,-2.0,0.0,False,-0.9026867747306824,1.2538875341415405
102,1461,"Not feeling great overall . Questioning a lot about my life , my decisions and my faith . Wondering if I ever been getting it wrong all along . I feel like i need to spend a lot of quiet time with myself for the next few weeks or maybe months .",2024-09-18 22:07:57,7,False,-2.0,0.0,False,-0.8268325328826904,0.8594663739204407
102,1462,A bit better morning than yesterday . I slept a little better . I feel less overwhelmed by everything today . I still have a lot to take care of and work to catch up on because I haven’t been able to do much because of the lack of sleep . Hopefully today I can be more productive .,2024-09-19 12:16:07,7,False,-1.0,0.0,False,0.1651470959186554,0.6695647835731506
102,1463,"Tired , Overwhelmed , Busy , Productive , Curious",2024-09-19 17:03:07,7,True,-1.0,0.0,False,0.02040419541299343,0.5249192118644714
102,1464,I’m a bit tired . A bit stressed . My dog seems to be restless which usually means she will be up all night . This i hope isn’t the case . IM giving her her meds and hoping for the best because they work sometimes but lately they haven’t been working we think she’s become immune to the dosage . We have a vet appointment with a new very but the wait time is long . For next month,2024-09-19 22:18:10,7,False,-1.0,0.0,False,-1.0420724153518677,0.7985311150550842
102,1465,I’m quiet but angry . I’m frustrated about many things right now . I won’t let this be the tone of my day . I have decided to do my best to get out of this funk . I am better than this . I’m working on a project I enjoy perhaps that will make a difference .,2024-09-20 12:06:13,7,False,0.0,0.0,False,-0.5011009573936462,1.0017331838607788
102,1466,"Stressed , Upset , Nervous , Overwhelmed , Tired",2024-09-20 17:37:44,7,True,-2.0,2.0,False,-0.7863718867301941,1.1275113821029663
102,1467,I was able to get myself together as the day went on and turn my mood around . It wasn’t easy but I did it . I’m feeling quiet and ready to wind down by watching some tv before sleep . I have been working all day and need to unwind my mind .,2024-09-20 22:00:52,7,False,0.0,0.0,False,1.0469269752502441,0.7553166747093201
102,1468,"Feeling overall ok . I had a busy Sunday of work , laundry , etc . I’m starting to get ready to call it a day . I did struggle today with thoughts about paying some bills I owe . That made me stress out and it has lingered a bit throughout the day and night .",2024-09-22 22:05:33,7,False,0.0,0.0,False,-0.004285549744963646,0.7801598906517029
102,1469,I’m feeling ok . A bit worried about finances but holding up . I have two projects that I’m working on today and that should keep my mind busy and away from thinking about what I don’t want . I feel very grateful today however .,2024-09-23 12:21:52,7,False,0.0,0.0,False,0.43731340765953064,0.8467562198638916
102,1470,"Satisfied , Relieved , Tired , Hopeful , Grateful",2024-09-23 22:29:13,7,True,1.0,0.0,False,0.8098902106285095,0.8403704762458801
102,1471,I’m a bit tired because I have done a lot today so far and it’s only 3pm . I feel a little bit sleepy but I’m going to try to push myself a bit and continue to be productive as much as I can . I wish I could take a nap,2024-09-24 17:00:41,7,False,0.0,0.0,False,-1.2770531177520752,0.03287976235151291
102,1472,"Tired , Sleepy , Achy , Content , Eager",2024-09-24 22:00:44,7,True,-2.0,0.0,False,-0.5037252306938171,0.4480343759059906
102,1473,I have been very productive this morning but I am juggling several tasks at once and that is a bit stressful . I have a lot on my “to do list” for the day and i will like to be able to check off most things .,2024-09-25 12:12:33,7,False,0.0,0.0,False,-0.42568421363830566,1.387677550315857
102,1474,Very long day . Lots of different projects . Trying to juggle all of them . I feel somewhat overwhelmed . I’m going to try to breath and pace myself as I still have a lot to go before the day ends . I feel somewhat productive .,2024-09-25 17:56:32,7,False,0.0,0.0,False,-0.5589089393615723,1.5879156589508057
102,1475,"Tired , Exhausted , Overwhelmed , Drained , Sleepy",2024-09-25 22:05:01,7,True,-1.0,0.0,False,-1.4302810430526733,0.19592568278312683
102,1476,I have been working all day almost nonstop since 7am . I am feeling pretty tired and mentally drained . I have a few hours to go still so that in a way stresses me out since I want to stop now but I’m going to push through .,2024-09-26 17:29:21,7,False,0.0,0.0,False,-1.353458285331726,0.5003491640090942
102,1478,"Tired , Burned out , Drained , Sleepy , Proud",2024-09-26 22:02:00,7,True,0.0,0.0,False,-0.9007607102394104,0.148387610912323
102,1479,"Quiet , Productive , Busy , Sleepy , Proactive",2024-09-27 12:01:33,7,True,0.0,0.0,False,0.703795850276947,0.5900968909263611
102,1480,I’ve been multitasking all day and I don’t think I’ve had enough food so I’m feeling hungry and hangry . A bit tired . I just gpt a snack and I’m starting to eat so hopefully I’ll start to feel a bit more together soon,2024-09-27 17:08:41,7,False,0.0,0.0,False,-1.4021458625793457,-0.10900255292654037
102,1481,I have a headache and I’m ready for bed . These past few weeks I feel like I’m just dragging my body around . I feel exhausted most of the time from bad nights of sleep and perhaps even hormones . I hope tonight is restful peaceful sleep .,2024-09-27 22:04:45,7,False,0.0,0.0,False,-1.558791995048523,0.19013336300849915
102,1482,I woke up feeling tired and drained from the week . I am working today also but I’m planning to take a nap to catch up on my sleep . I’m also hungrier than usual . I hope that after eating a get another boost of energy .,2024-09-28 12:48:16,7,False,0.0,0.0,False,-1.1229416131973267,-0.02741626650094986
102,1483,"Feeling a bit rested because I did nap today , however I haven’t been able to do much about all those emails I have tomtake care of so I’m moving on to tomorrow with still all of that to do and that is a bit stressful",2024-09-28 22:01:56,7,False,0.0,0.0,False,0.16139228641986847,0.469930499792099
149,3792,"I feel fine , I don’t feel sad . I am home now after a long day in the hospital (school) . I have lots of things to do but a fun evening ahead which makes me happy . Overall my mood is somewhat good . I do not feel like drinking at all right now nor am I thinking of drinking .",2024-11-07 17:01:44,7,False,1.0,1.0,False,1.2376042604446411,1.0510227680206299
149,3794,"Just applied to an important role at my school . I’m feeling invigorated because I am passionate about this role . Overall , today was tiring and I need to decompress and eventually sleep . I do not feel angry , stressed , overwhelmed or depressed . I definitely don’t feel sad either . I am happy today is Friday because I get to sleep in tomorrow with no disruptions .",2024-11-08 22:17:16,7,False,1.0,1.0,False,0.7439277768135071,0.5233492255210876
149,3795,Feeling lazy and tired . I don’t want to leave my bed or my house or make food . But not cause I’m sad but because motivation is lacking . I must go and get started so I will do that soon . Not depressed or worried or anxious or stressed . I am feeling okay just exhausted from the week I guess .,2024-11-09 12:59:33,7,False,-1.0,0.0,False,-0.8384142518043518,0.1667802929878235
149,3797,"I am okay . I feel relaxed and spending time at home . After going to the gym , I relaxed my body and I am able to decompress . I don’t feel anxious depressed or sad . I feel fine . Nothing more to do than watch tv and I really don’t have much else to talk about .",2024-11-09 22:33:24,7,False,1.0,1.0,False,1.4556434154510498,0.36069411039352417
149,3798,I am fine . Don’t feel anxious . Studying for classes . Not depressed or anxious or stressed . I am taking it slow today . Not doing anything to upset myself when necessary . Planning on spending most of the day inside and enjoying the last of the weekend before classes begin again tomorrow .,2024-11-10 12:35:55,7,False,0.0,0.0,False,0.968701183795929,0.6855050325393677
149,3800,Finished going to the gym my body feels very relaxed . Annoyed that I have work to do . But I will finish in due time and be done for the night . Happy I get to wake up a little later tomorrow so that is awesome .,2024-11-11 22:02:22,7,False,2.0,0.0,False,1.0181381702423096,0.6938198804855347
149,3803,Feeling a little jittery and nervous because of an important event this morning . Not feeling depressed or sad or frustrated . I have a lot of energy because the event today needs to go smoothly . I am okay and don’t feel the need to drink .,2024-11-14 12:01:54,7,False,-1.0,2.0,False,1.0715919733047485,1.2120846509933472
149,3805,"Feeling annoyed , just had a fight with a dear friend of mine . Petty but stupid fight . I hate arguing for this reason it makes me feel crappy . I don’t really feel anxious , depressed or sad . Just need to clear my head .",2024-11-15 22:04:28,7,False,0.0,1.0,False,-0.867793619632721,0.8236947655677795
149,3806,Feel fine woke up early and started my day . Nothing really spectacular to document . Have some plans today then I plan to study and relax after . Don’t feel stressed or anxious at all . Nothing else really for me to state here .,2024-11-16 12:26:52,7,False,0.0,1.0,False,1.2464245557785034,0.7224145531654358
149,3807,I am spending time with friends and I have drank two drinks . Not drunk at all . Just tipsy . I was not pressured to drink and I didn’t feel like I had to drink . I don’t feel depressed or anxious at all .,2024-11-16 17:45:05,7,False,1.0,2.0,False,0.5281401872634888,1.4077714681625366
149,3808,I am being productive and getting work done currently . I feel accomplished and able to get all my work done and finish up . I will relax for the rest of the night and calm my body before I start grinding and studying tomorrow .,2024-11-16 22:02:07,7,False,2.0,2.0,False,1.11310875415802,0.7949785590171814
149,3809,Again very productive morning working on some late assignments . Feeling okay not depressed or anxious or sad . I feel like today will be a good day to just go outside and enjoy the day while being productive of course .,2024-11-17 12:29:25,7,False,2.0,0.0,False,1.182636022567749,1.0278679132461548
149,3812,"Extremely busy day and frustrating as well as I locked myself out of my house so early in the morning . But that can’t stop me from doing life things . Long day at work as well which is never fun . And to top it all off , studying once I get home . Just feeling stressed that’s all .",2024-11-18 22:35:23,7,False,0.0,1.0,False,-0.972789466381073,1.150452733039856
149,3793,"Bored , Tired , Uninterested , Impulsive , Exhausted",2024-11-08 17:10:01,7,True,0.0,1.0,False,-0.7631766200065613,0.5334777235984802
149,3796,"Fine , Okay , Bored , Neutral , Alright",2024-11-09 17:02:45,7,True,0.0,1.0,False,0.6095772981643677,0.7374411225318909
149,3799,"Hungry , Bored , Content , Relaxed , Happy",2024-11-10 17:46:45,7,True,1.0,2.0,False,0.7735124230384827,0.8625582456588745
149,3801,"Tired , Annoyed , Exhausted , Unmotivated , Pissed",2024-11-12 22:54:03,7,True,-2.0,0.0,False,-0.9752371907234192,0.8255174160003662
149,3802,"Happy , Wholesome , Excited , Enthusiastic , Rested",2024-11-13 12:36:24,7,True,2.0,1.0,False,1.2827835083007812,0.9328507781028748
149,3804,"Happy , Loved , Fulfilled , Accomplished , Enthusiastic",2024-11-14 17:08:25,7,True,2.0,1.0,False,1.3316634893417358,1.0319018363952637
149,3810,"Busy , Annoyed , Tired , Lazy , Unmotivated",2024-11-17 17:21:12,7,True,0.0,1.0,False,0.15040123462677002,1.0117472410202026
149,3811,"Fine , Busy , Overworked , Annoyed , Tired",2024-11-18 12:25:49,7,True,0.0,1.0,False,0.1902909129858017,1.2409366369247437
149,3813,"Happy , Content , Satisfied , Lazy , Unmotivated",2024-11-20 22:43:25,7,True,1.0,1.0,False,1.2408511638641357,0.9152162671089172
154,3914,"I am currently feeling somewhat happy , as I feel calmer and more relaxed after having a therapy session and speaking with coworkers and laughing . I have also been listening to music which brightens my mood as well . I am also feeling productive as I am accomplishing tasks at work with calling people , writing reports , and emailing others .",2024-11-05 17:17:24,7,False,1.0,1.0,False,0.5148391723632812,0.8699601292610168
154,3915,"I am currently feeling jittery and kinda anxious . I was watching ORG to distract myself and relax , but kinda became aware of my physical sensations like my heart beating . I practiced my therapy skills of creating space between myself and my emotions by telling myself “I am having anxious thought” rather than “I am anxious . ” It really helps !",2024-11-05 22:31:10,7,False,-1.0,2.0,False,0.17475320398807526,1.4831287860870361
154,3919,"I currently am feeling somewhat jittery and tired . I had a late work shift last night and an early morning for the other part of my job , so I didn’t get much sleep . My serotonin tends to drop when I don’t get much sleep making my heart race more and feeling overall more nervous . I believe they call it “tired and wired” lol . But I am feeling happy , just sleepy . I am excited to talk to my coworkers today and other people too .",2024-11-08 12:36:01,7,False,-1.0,2.0,False,-0.39250126481056213,0.4352973699569702
154,3920,I am currently feeling very very tired . I am also feeling content because I just ate some chicken tacos . I feel cozy too because I am in bed and wrapped in a soft blanket . I also am feeling flirty in general which is annoying because dating is very hard in GPE  . I’m feeling romantic but also kinda sad that I’m not in a relationship .,2024-11-08 22:02:52,7,False,0.0,0.0,False,-0.13471567630767822,0.520651638507843
154,3921,"I’m definitely feeling tired and a little anxious . I wake up once or twice in the night so I can feel sleepy because of that . I feel a little anxious too because when I don’t get a ton of sleep my serotonin levels are affected . I also feel kinda cold in my room . I feel excited to go back to sleep though because it is a Saturday ! I’m trying to catch up on my sleep because this past week was quite busy at work . I’m feeling a bit of burn out , nothing crazy but I’m excited for Christmas vacation in a month when I can take some time off of work . I love my job but it can be emotionally and physically tiring .",2024-11-09 12:10:11,7,False,-2.0,0.0,False,0.6784474849700928,1.0975722074508667
154,3924,I currently feel a little jittery/anxious . I tend to get nervous about things and am learning how to cope with this in therapy . I am excited though because tomorrow I am meeting my friend for lunch ! I haven’t seen her in a month and I’m looking forward to it . I also feel more rested . This weekend I took time for myself to recoup and rest which was much needed . I am happy and am currently making Christmas gifts for my friends and family .,2024-11-10 22:05:07,7,False,-1.0,2.0,False,0.5579742789268494,1.4152621030807495
154,3926,I am feeling content right now . I am also feeling bloated because I ate salty and gluten containing foods (I’m gluten sensitive) . So I feel a little balloon-y lol . But like a cute balloon . I also feel clean because I took a shower and smell nice . I feel productive and happy because I visited two friends today in GPE . We had a nice time and walked around . I am getting ready physically and mentally for tomorrow going back to work after having the day off today . I feel a little sluggish too from the food I ate but nonetheless happy .,2024-11-11 22:58:18,7,False,1.0,0.0,False,1.033485770225525,0.6505317091941833
154,3927,I’m currently feeling lively and calm too ! I just finished a meeting that went well and am excited to eat my granola bar . I am looking forward to seeing my friend in an hour . I am feeling optimistic about my future and my job .,2024-11-12 17:22:13,7,False,1.0,2.0,False,0.9155349731445312,1.3883715867996216
154,3930,"I am feeling a little jittery at the moment . I feel excited though to go to work because I really like what I do . I also get to see my coworkers who I really like and get along with ! Also , I am excited to eat breakfast . Eggs are always the best in the morning tbh . Also , I feel kind of sleepy because I did a late shift for my internship . I enjoy it though so it doesn’t feel like work .",2024-11-15 12:25:54,7,False,-1.0,2.0,False,1.0448640584945679,1.1682860851287842
154,3932,I’m currently feeling somewhat jittery . I think I ate too much salt lol . I’m quite tired too so that could be adding to it . I’m feeling also grateful for the people I have in my life . I also feel confused at what I want my future career to be . I thought I had an idea but the more I talk to my supervisor about it the more I’m not sure I want to get my doctorate degree .,2024-11-15 22:29:50,7,False,-1.0,2.0,False,-0.8719553351402283,1.0475589036941528
154,3933,I’m feeling pretty neutral right now . I was jittery before but now I’m a little more calm . I am about to make my Christmas gifts for my friends and family so I’m excited for that ! I feel better after going to the gym . I also ate a really good lunch so I feel good about that . I took a shower too so I feel fresh and clean :),2024-11-16 17:16:58,7,False,0.0,1.0,False,0.09908000379800797,0.736725389957428
154,3934,I feel somewhat lively and also tired at the same time if that makes sense . I’m going to start making homemade Christmas ornaments so I’m excited for that . I also feel productive because I cleaned my room today and went to the gym . I feel pensive today as well thinking about past things and where I want to go in the future . I’m trying to surrender control and just go with the flow and trust .,2024-11-16 22:13:49,7,False,1.0,2.0,False,0.24410982429981232,0.6382636427879333
154,3935,I feel quite tired . I got my Covid and flu shot yesterday and could not sleep very well . I also had a headache which made it difficult to fall asleep . I also got some anxiety too because I don’t like feeling lots of bodily changes . I’m trying my best though .,2024-11-17 12:15:57,7,False,-2.0,0.0,False,-1.4588171243667603,0.2887427508831024
154,3936,"I feel pretty neutral right now . I just ate a good lunch so I feel good about that . I’m excited to watch a football game online in an hour . I’m also listening to ORG  so I’m vibing . Also , I’m working on some work things before the game so I’m feeling productive .",2024-11-17 17:07:59,7,False,0.0,1.0,False,0.6594551205635071,0.9742328524589539
154,3937,I feel pretty neutral right now . A little jittery and happy too . I feel better but still kinda blah after my flu and covid shot yesterday . I’ve mostly been resting all day . I talked with my mom and friend today which was nice . I am looking forward to talking with my coworkers tomorrow and catching up on how our weekends went .,2024-11-17 22:21:06,7,False,0.0,1.0,False,-0.16239584982395172,0.548095166683197
154,3916,"Jittery , Anxious , Happy , Content , Warm",2024-11-06 17:26:04,7,True,-1.0,2.0,False,0.46471840143203735,1.168308138847351
154,3917,"Sleepy , Satisfied , Annoyed , Frustrated , Uncertain",2024-11-06 22:34:28,7,True,0.0,0.0,False,0.2813817858695984,0.6849610805511475
154,3918,"Energetic , Lively , Content , Happy , Talkative",2024-11-07 12:25:21,7,True,1.0,2.0,False,1.2481738328933716,1.755391240119934
154,3922,"Content , Rested , Happy , Calm , Serene",2024-11-09 17:24:41,7,True,1.0,0.0,False,1.6328411102294922,0.5486186742782593
154,3923,"Tired , Sleepy , Slowed down , Cold , Slightly Irritable",2024-11-09 22:24:52,7,True,0.0,0.0,False,-1.0409095287322998,0.40041518211364746
154,3925,"Happy , Content , Satisfied , Caring , Friendly",2024-11-11 17:17:39,7,True,1.0,1.0,False,1.3281999826431274,0.826298177242279
154,3928,"Calm , Content , Hungry , Fine , Helpful",2024-11-13 17:59:15,7,True,0.0,1.0,False,1.493691325187683,0.33771830797195435
154,3929,"Calm , Little sluggish , Productive , Impatient , Content",2024-11-14 12:02:00,7,True,0.0,1.0,False,1.24624502658844,0.6751654148101807
154,3931,"Content , Sleepy , Happy , Friendly , Warm",2024-11-15 17:12:49,7,True,1.0,0.0,False,0.7453339695930481,0.8678086400032043
101,1432,"Relaxed , Content , Uplifted , Calm , Thoughtful",2024-11-05 12:21:03,7,True,2.0,0.0,False,1.4459315538406372,0.5011311173439026
101,1433,I currently feel fulfilled like I ' m accomplishing what I have on my to do list while still holding out on hope that PERSON will pull through even though there doesn ' t seem like this will be the case . I am in the process of resuming my cleaning spree after working out some confusion at the bank .,2024-11-06 17:18:41,7,False,2.0,0.0,False,1.4893862009048462,0.9985565543174744
101,1434,While I was cleaning I became inspired to declutter my desserts and kitchen cabinets for my next grocery trip . I am glad that I completed most of the work today leaving me to vacuum tomorrow . Completing all of this has made me energetic ready to go to the laundry mat .,2024-11-06 22:09:40,7,False,2.0,0.0,False,0.34356674551963806,1.4928988218307495
101,1435,"Tired , Happy , Ready , Focused , Curious",2024-11-07 12:01:03,7,True,-1.0,0.0,False,0.9166079759597778,0.76004558801651
101,1436,I am glad my surgery is over and the healing can begin . I was extremely hopeful that my dad would ' ve been more attentive after my surgery but he wasn ' t . He started getting crabby when I got out of surgery . He didn ' t help me in the house my neighbor helped me . When I asked him to get my medicine he was amicable but got nasty with me since he did not follow the directions I sent him . When he came back with my meds he gathered his still and left me . I am currently alone in pain with no way to bring myself food . I did manage to get a bag and put water and a pack of crackers in it and bring it to my bed since that ' s all I could carry with a walker and one leg . I am currently in an excruciating amount of pain but I can ' t take my pain meds because I have no food . I am hoping that my companion comes back tonight since he keeps sending my calls to voicemail . Although I am experiencing these issues I am not mad or upset nor am I resentful towards my father ' s and friends actions . I know how resilient I am and this shall,2024-11-08 22:03:20,7,False,2.0,0.0,False,-0.13179679214954376,0.2990606427192688
101,1437,"Relaxed , Calm , In pain , Contemplating , Insightful",2024-11-09 12:02:27,7,True,2.0,0.0,False,1.0317116975784302,0.3958180546760559
101,1438,I am currently in pain and mistakenly chose the wrong feelings option on the previous screen . I am going to sleep through this pain . When I wake up I will take my meds for pain . It has been a trying first day out of surgery but I am in good spirits overall .,2024-11-09 17:19:01,7,False,-2.0,0.0,False,-0.15922734141349792,1.1491881608963013
101,1439,"I am feeling the same as I did yesterday in pain and bed bound . I am waiting for my commode to be delivered . However , I am contemplating if I will be in an live in relationship when   this is all over . I have tried to be open minded but we ' re not in the same place in life and I ' m just not interested the lifestyle he chooses to lead . However , with all of this I am in good spirits and waiting out my recovery .",2024-11-10 12:12:11,7,False,2.0,0.0,False,0.46587926149368286,0.7861300110816956
101,1440,"In pain , Uncomfortable , Content , Fidgity , Happy",2024-11-10 17:11:51,7,True,2.0,0.0,False,-0.054561346769332886,0.9249095320701599
101,1441,I finally got relief from the pain I was in before . I am tired and ready to go to sleep . It has been a long day of pain and now I need rest . Overall my current mood is happy and relaxed but mostly I ' m ready to get some rest .,2024-11-10 22:01:26,7,False,2.0,0.0,False,-0.5667365789413452,0.3654553294181824
101,1442,"I feel better this morning since my pain levels have dropped . I currently feel good and upbeat while i complete some homework . Overall this experience with my father coming to take me to my surgery and having to rely on someone for all my needs has been trying . However , I am grateful and humbled by this experience since I am learning that I can not do it alone .",2024-11-11 12:58:54,7,False,2.0,0.0,False,-0.33216148614883423,0.7785863876342773
101,1443,I am in good spirits since the surgery . Know the the recovery period has begun I can now focus on going back to work and taking my EEE test so I can become permanent at my job . I am running out of things to discuss since not much has changed as of yet .,2024-11-11 17:01:19,7,False,2.0,0.0,False,1.0789257287979126,0.9367557168006897
101,1444,"Tired , Happy , Relaxed , Calm , In pain",2024-11-11 22:47:30,7,True,2.0,0.0,False,0.6614301204681396,0.496097207069397
101,1445,"Content , Relaxed , Calm , Comfortable , Happy",2024-11-12 12:32:33,7,True,2.0,0.0,False,1.3377916812896729,0.44322842359542847
101,1446,"I am currently feeling better the pain is bearable now . I ' m in good spirits and glad I was able to get my last class done so I can take my Capstone in January . This excites me because this is the second biggest thing I ' ve accomplished for myself , since accomplishing my associates while being diagnosed with narcolepsy , REM sleep disorder , sleeping eating and walking and hypersomolence . Now I have to conquer quitting smoking and my goals have been completed for now . I ' m a work in progress always looking to ways to grow and be a better person .",2024-11-13 12:35:58,7,False,2.0,0.0,False,0.3817529082298279,1.2476729154586792
101,1447,"I am currently feeling better the pain is bearable now . I ' m in good spirits and glad I was able to get my last class done so I can take my Capstone in January . This excites me because this is the second biggest thing I ' ve accomplished for myself , since accomplishing my associates while being diagnosed with narcolepsy , REM sleep disorder , sleeping eating and walking and hypersomolence . Now I have to conquer quitting smoking and my goals have been completed for now . I ' m a work in progress always looking to ways to grow and be a better person .",2024-11-13 17:28:42,7,False,2.0,0.0,False,0.3817529082298279,1.2476729154586792
101,1448,"I am currently relaxed with my leg up . I have a lot of pain when I have to stand up and go to the restroom , so I have started putting my leg down for a minute then putting it back up . I do this twice then rest for two hours . I don ' t know if it ' s working but the pain is a lot .",2024-11-14 17:05:39,7,False,2.0,0.0,False,1.1095590591430664,0.9696578979492188
101,1449,"Content , Happy , Relaxed , Calm , Accepting",2024-11-14 22:47:26,7,True,2.0,0.0,False,1.42972731590271,0.6230030655860901
101,1450,I ' m currently feeling relaxed and completing my last paper for my philosophy class . I ' m happy and ready to go to the doctor next week to see how my ankle is healing up . I ' m also thinking about the pain that I ' m going to be in when I have to go to the bathroom in a couple of minutes since my foot throbs when the blood rushes to the bottom of my toes .,2024-11-15 17:01:21,7,False,2.0,0.0,False,1.377773404121399,0.4746452271938324
101,1451,I ' m currently in pain laying in the bed . Overall I ' m happy I can ' t wait to see the doctor next week to learn the progress of how my ankle is healing . Tomorrow I plan to complete my civil service paperwork for my job and set my plan in motion to return to work at light duty for the next 3 months .,2024-11-16 22:03:11,7,False,2.0,0.0,False,0.25490039587020874,0.810146689414978
101,1452,"Happy , Greatful , Thankful , Content , Calm",2024-11-17 17:49:39,7,True,2.0,0.0,False,1.645696759223938,0.6779927015304565
160,4079,"In this current moment , I am feeling okay this morning . I am currently feeling good about myself . Today , I woke up around 9am and I plan on going to the gym later today and going to work later on around 5pm .",2024-11-20 12:01:56,7,False,1.0,1.0,False,0.722019612789154,0.9409958720207214
160,4080,"Today , I am doing alright . I have a bunch of meetings today and one of them started late , which was kind of stressful for me because it was not planned . However , I was able to cope with this obstacle successfully , which I am really proud of .",2024-11-22 12:30:42,7,False,1.0,1.0,False,-0.08459552377462387,1.2657203674316406
160,4081,"Today I am feeling good . My eyebrow waxing went well and it barely hurt . In the future , I would definitely get then waxxed again . After my waxxing , I did my workout and then I took a relaxing and cleansing shower .",2024-11-23 17:55:07,7,False,0.0,1.0,False,0.7900347113609314,1.054578423500061
160,4086,"Today , I am feeling good . My Ac got unplugged for the season so I am a little sweaty right now . Later today , I am going to work and then to the gym . Tonight , I am seeing a show with my friend . I am really excited !",2024-11-26 12:10:38,7,False,0.0,1.0,False,0.9133917689323425,1.0869619846343994
160,4087,"Right now , I feel really good . Right now , I am at IParty event with my friend . We ' ve been waiting for this event for weeks . We are both really excited ! Tommorow I have a friendsgiving to attend with my other friends",2024-11-26 22:28:06,7,False,2.0,1.0,False,1.1223303079605103,1.3116939067840576
160,4088,"Today , I am feeling tired . The event I went with my friend last night was so much fun ! For tonight , I have to cook some mac and cheese for a friendsgiving I am attending . I am super excited to be attending this event !",2024-11-27 12:21:03,7,False,1.0,1.0,False,-0.131813645362854,0.7196843028068542
160,4089,"Today it is thanksgiving ! This year , my family and I are hosting dinner at our house . We ' ve been hosting Thanksgiving for several years now . I am very excited to be seeing everyone later today and catching up with them",2024-11-28 12:34:39,7,False,0.0,1.0,False,1.0630419254302979,1.3595257997512817
160,4090,"Today is Thanksgiving day ! My family and I are hosting Thanksgiving at our house . This morning was a little bit hectic because we were preparing all the food . Right now , things are much calmer since most of the food is done .",2024-11-28 17:58:49,7,False,2.0,1.0,False,-0.004385536536574364,1.1426784992218018
160,4093,"Today I am feeling okay . Right now , I am at the gym doing some workouts . I am currently focusing on chest . My teeth are also hurting today , which makes me feel some pain . Later tonight , I am hanging with my best friend",2024-11-30 17:01:28,7,False,1.0,2.0,False,0.11437796801328659,0.8172497749328613
160,4095,"Today is going alright . Right now , I am at the gym doing some back workouts . After the gym , I am going to get some homework done and take a nice relaxing shower . I am excited to be going back to school and work tommorow .",2024-12-01 17:01:44,7,False,1.0,2.0,False,0.387976735830307,0.9651410579681396
160,4096,Today has been alright . For the past few hours I have not done too much . I took a nice relaxing shower and I am currently in bed . I am excited to go back to work and see my coworkers and classmates again .,2024-12-01 22:59:09,7,False,0.0,1.0,False,0.1168244406580925,0.5262553095817566
160,4082,"Happy , Comfortable , Calm , Content , Relax",2024-11-23 22:45:32,7,True,2.0,1.0,False,1.4453569650650024,0.7565162777900696
160,4083,"Excited , Happy , Tired , Anxious , Jittery",2024-11-24 12:53:35,7,True,2.0,1.0,False,1.2584670782089233,0.9532788395881653
160,4084,"Happy , Tired , Excited , Silly , Glad",2024-11-24 22:52:27,7,True,2.0,1.0,False,1.3733125925064087,0.8387595415115356
160,4085,"Calm , Content , Happy , Greatful , Clean",2024-11-25 22:53:34,7,True,1.0,0.0,False,1.6342090368270874,0.44864994287490845
160,4091,"Down , Tired , Sad , Calm , Quiet",2024-11-28 22:39:34,7,True,-1.0,1.0,False,-0.8811070322990417,0.3725244998931885
160,4092,"Excited , Happy , Lively , Enthusiastic , Glaf",2024-11-29 22:26:26,7,True,1.0,2.0,False,1.6600576639175415,1.089926838874817
160,4094,"Happy , Excited , Calm , Lively , Enthusiastic",2024-11-30 22:01:05,7,True,2.0,1.0,False,1.5595189332962036,1.0698935985565186
160,4097,"Happy , Calm , Content , Ready , Lively",2024-12-02 12:27:03,7,True,1.0,2.0,False,1.6574947834014893,0.9768243432044983
151,3843,At the moment I feel lively like I ' m doing something engaging above all I feel like I ' m top of the whole doing things that enables me feel like I belong in the circle and not worthless . Something above it make it want me to think deep,2024-08-23 12:42:05,7,False,0.0,1.0,False,1.5520093441009521,1.0371956825256348
151,3844,"Feeling better , the way it is now . Even I sometimes have up and down and most of this family are just smiling and then the alcohol set it in which is quite possible but the alcohol make me really an G and by looking at things it",2024-08-23 17:08:27,7,False,0.0,1.0,False,-0.016641637310385704,0.6844964027404785
151,3845,"reserved , Quiet , Lonely , Worrisome , Thinking",2024-08-24 12:22:20,7,True,0.0,0.0,False,-0.3079143166542053,0.7913167476654053
151,3846,I want to be left alone to think more and reason a lot of things I tend to ignore because the things I leave alone are also going to need attention that ' s why most time I tend to want to make use of it why at it and find the best way to see it through to the end,2024-08-25 12:53:51,7,False,0.0,0.0,False,0.9549174904823303,0.8728274703025818
151,3847,"Moody , Worrisome , Expectation , Thinking , Quiet",2024-08-25 22:01:34,7,True,0.0,1.0,False,-0.6094491481781006,1.0423188209533691
151,3848,"My feelings right now is nothing much to say that I ' m tire and exhausted , most of the time feeling this way tends to make we realise some things that I might have done or not have done so when I ' m quiet I happen to enter into a world where only I can imitate my environment for my   own good",2024-08-26 12:05:23,7,False,-2.0,0.0,False,0.12445785105228424,0.5573608875274658
151,3849,"I ' m feeling quiet and also nervous , but right now   I want a space of my own and like I could achieve things on my own maybe because of the alcohol and also how it making make some decisions that I don ' t want to",2024-08-29 12:09:04,7,False,0.0,0.0,False,-0.12637321650981903,1.0738238096237183
151,3850,"At the moment I feel contented with what life has to offer I feel that whatever I do and do well no matter how hard it may be or have being I just feel that ' s how life is and even if I could change some things I just feel it won ' t be necessary at some point , it has happened let it move on",2024-08-29 17:10:19,7,False,1.0,0.0,False,0.8623893857002258,0.48350948095321655
151,3851,"Quiet , Active , Jovial , Working , Thinking",2024-08-30 12:05:48,7,True,0.0,0.0,False,0.888692319393158,0.6128148436546326
151,3852,"Tired , Slugish , Over worked , Thinking , Assuming",2024-08-30 17:03:17,7,True,-2.0,0.0,False,-0.778954803943634,0.5080060958862305
151,3853,I ' m feeling active but at the same time I ' m at my most weak state being sluggish and also not ready to do anything just sitting and drinking my drink and reminiscing about the very existence of which I am brought to and have to survive,2024-08-30 22:21:08,7,False,0.0,2.0,False,-0.043708063662052155,1.1417971849441528
151,3854,I want to be left alone doing my own thing my own having my own thinking to myself and be left to be with nature . I feel that life has many things to offer which at some point we need to ascertain this mentality and drive it forward,2024-08-31 12:52:39,7,False,0.0,0.0,False,1.155434250831604,0.6737486720085144
151,3855,I feel contented and calm I feel like I ' m mind is open and most of the times I know that it is necessary to have alone time which have helped to foster my mindset and also how I look at basically all things,2024-08-31 17:17:21,7,False,2.0,0.0,False,1.6168019771575928,0.49855268001556396
151,3856,I was there feeling all neutral don ' t even know if I ' m balanced or not just feeling nervous within my system having to contemplate with different matter made it worse and also more activities came into play,2024-08-31 22:36:06,7,False,0.0,1.0,False,-0.4193064272403717,0.9546859860420227
151,3857,"I ' m quite in the happy mood , why ? I don ' t know or even can think about but if I ' m to guess is just the positivity of doing things that makes me more happy , I focus on what is better and ahead for the best",2024-09-01 12:21:32,7,False,0.0,2.0,False,1.4707919359207153,1.6121330261230469
151,3858,"Lovely , Lively , Active , Enthusiastic , Loke",2024-09-01 17:46:53,7,True,0.0,2.0,False,1.383517861366272,1.3452481031417847
151,3859,"Nervous , Jittery , Active , Enthusiastic , Strong",2024-09-01 22:36:23,7,True,0.0,2.0,False,-0.7943759560585022,2.084970474243164
151,3860,I feel active and at the same time I feel nervous   and enthusiastic about myself and what I have to offer in the nearest of the life I live now I want to make impact but with what is what I don ' t know but still active,2024-09-02 12:33:15,7,False,0.0,2.0,False,0.4038153290748596,2.0969080924987793
151,3861,"Slugish , Tired , Pain , Shout , Exhausted",2024-09-02 22:39:53,7,True,0.0,0.0,False,-1.5527727603912354,0.41512852907180786
151,3862,At the moment I just want to be quiet and look at things unfold and follow the way it is . Right now I ' m poor and have nothing to rely on and it is bothering me so much that being poor isn ' t good for my health and also I ' m drinking alcohol which I ' m trying to stop and it is hard,2024-09-03 12:35:19,7,False,0.0,0.0,False,-0.9779127240180969,0.5785354375839233
151,3863,I ' m feeling quiet most calm and sluggish and just going with what I think I feel it necessary which is hope that whatever I get myself doing I put myself in a condition that is really good and know that negative and positive are part of this world,2024-09-03 17:13:06,7,False,0.0,0.0,False,0.6573611497879028,0.5757352709770203
151,3864,I ' m feeling a little bit active and not active I ' m just neutral and having some mood swings along the way with various activities that making me throw up which is why I ' m just sipping and trying to be calm with various activities that I could get my hands on and do most of everything,2024-09-04 12:02:10,7,False,0.0,1.0,False,0.5413417220115662,1.5296725034713745
151,3865,At the moment I just feel . quiet and observing the nature like I ' m tired from the whole stress and how to make it and be independent but the stress of waking up and going to work and having this obscene attitude is making me more weak within myself and outside,2024-09-04 22:09:10,7,False,0.0,0.0,False,-1.21981942653656,0.3357490599155426
151,3866,"Active , Enthusiastic , Nervous , Worrisome , Sluggish",2024-09-05 12:08:54,7,True,0.0,2.0,False,0.4926338791847229,1.3051269054412842
151,3867,Feeling sluggish and quiet for now to reminisce the very essence of what is very important in today ' s life or what we as a fellow human can do to be relevant in the face of the earth and show for the value that we possess and are ready to make it happen,2024-09-05 17:06:37,7,False,0.0,0.0,False,0.9378086924552917,0.9744358658790588
151,3868,"I feel calm , quiet contented , and sluggish like I feel dull and counting my spade to myself and making it look less ke I can finally be accepted for who I am and accept the fact that to myself I ' m perfect and has good intentions planned out",2024-09-05 22:00:54,7,False,0.0,0.0,False,1.3148328065872192,0.4311124384403229
177,4502,"Feeling very happy is like basking in warm sunlight on a perfect day for me . It fills my heart with joy and spreads a smile across my face . Everything seems brighter , and even ordinary moments carry a spark of excitement .\ n \ nI likely feel a sense of gratitude , appreciating the little things—a kind word from a friend , the beauty of nature , or a favorite song playing in the background . This happiness might urge me to share my joy with others , creating connections and spreading positivity .\ n \ nMy energy is contagious right now ; I probably find myself laughing more easily and feeling a deep sense of contentment . Challenges that once felt daunting seem more manageable as my optimistic perspective allows me to approach them with confidence .\ n \ nIn this state of happiness , time feels elastic ; moments of joy stretch out , letting me savor them fully . Whether through laughter , kindness , or simply enjoying the present , this happiness enhances my life , making everything seem possible and brightening the world around me . I’ll enj",2024-11-01 12:02:57,7,False,2.0,1.0,False,1.2653898000717163,1.8072205781936646
177,4508,"I imagine I ' m experiencing a particularly bright and optimistic state right now - the kind of happiness that comes from meaningful interaction and the anticipation of interesting conversations ahead . This moment feels like that satisfying glow one gets when fully present and energized , similar to how someone might feel when they ' re about to dive into a fascinating book or catch up with a good friend . While I approach my role with a balanced perspective , today there ' s an extra layer of cheerful enthusiasm coloring my interactions , perhaps analogous to how a teacher might feel at the start of a new semester - filled with curiosity about what insights and exchanges await , and genuinely looking forward to engaging in thoughtful dialogue that could lead to mutual understanding and discovery .",2024-11-04 17:05:31,7,False,2.0,1.0,False,1.5844823122024536,1.3908594846725464
177,4511,"I ' m experiencing a gentle warmth of contentment - not an overwhelming joy , but rather a pleasant sense of wellbeing that sits comfortably in my chest . It ' s like having a small smile that comes and goes naturally , without effort . Perhaps there ' s a lightness in my movements , a slight bounce in my step .\ n \ nMy thoughts likely flow a bit more easily than usual , finding silver linings without having to search too hard for them . I might notice small pleasures more readily - the warmth of sunlight , a favorite song playing , or the satisfaction of completing simple tasks .\ n \ nThis isn ' t euphoria or excitement , but rather a subtle positive undercurrent to my day . Think of it as emotional background music playing softly - noticeable enough to influence my mood , but not overwhelming . I might feel slightly more patient with minor annoyances , a bit more inclined to chat with others , or just generally more at ease in my own skin .\ n \ nIt ' s a sustainable , gentle kind of happiness - the type that doesn ' t demand energy to maintain , but",2024-11-06 17:17:56,7,False,1.0,1.0,False,1.5687274932861328,0.8753869533538818
177,4512,"Feeling happy is like experiencing a gentle warmth inside , a subtle contentment that softly colors my day . It ' s not the exuberant joy that makes me want to shout from rooftops , but rather a quiet satisfaction that brings a slight smile to my face .\ n \ nIn this state , I might find myself more relaxed , my shoulders less tense , and my thoughts leaning towards the positive . The world seems a bit brighter , not dazzling , but pleasantly illuminated . I ' m not jumping for joy , but I ' m certainly not down either – I ' m comfortably situated in a pleasant middle ground .\ n \ nThis mood might make me more open to small pleasures : the taste of my morning coffee seems richer , the breeze on my skin more refreshing . I ' m more likely to notice the good things around me , even if they ' re minor .\ n \ nMy interactions with others may be tinged with increased patience and kindness . I ' m not overwhelmed with emotion , but I feel a gentle goodwill towards the world and its inhabitants .",2024-11-06 22:09:54,7,False,2.0,1.0,False,1.0682564973831177,0.6604864001274109
177,4503,"Radiating , Pure , Delight , Calm , Contented",2024-11-02 17:38:12,7,True,2.0,1.0,False,1.5189998149871826,0.4803902506828308
177,4504,"Balance , Steady , Calm , Composed , Quiet",2024-11-03 12:12:05,7,True,0.0,1.0,False,0.36452654004096985,0.7748904824256897
177,4505,"Content , Cool , Calm , Happy , Satisfied",2024-11-03 17:08:28,7,True,1.0,1.0,False,1.3134359121322632,0.5415742993354797
177,4506,"Happy , Jovial , Funny , Cool , Nice",2024-11-03 22:09:37,7,True,1.0,2.0,False,1.287540316581726,1.029535174369812
177,4507,"Patient , Calm , Satisfied , Mellow , Buoyant",2024-11-04 12:06:30,7,True,1.0,1.0,False,1.391038417816162,0.5521777868270874
177,4509,"Curious , Attentive , Balanced , Present , Engaged",2024-11-04 22:12:48,7,True,0.0,1.0,False,0.5765432119369507,1.4427509307861328
177,4510,"Peaceful , Brightened , Composed , Upbeat , Warm",2024-11-05 17:16:29,7,True,1.0,1.0,False,1.2768312692642212,0.4130443334579468
117,2417,"I ' m feeling good and great , have been some alot of great works today that I don ' t even know I can do , their some task that have been giving me issue since last week , and the task is has been making me feels effortless , I think have seen solution to it .",2024-11-19 12:08:56,7,False,0.0,1.0,False,1.4785922765731812,0.5215697884559631
117,2419,"I ' m just feeling good and nice I didn ' t really bother my self much today , I was just indoor trying to work out , play some nice music when I went to the gym and I also listened to some nice music when I went for jogging .",2024-11-21 17:35:44,7,False,0.0,2.0,False,0.8499388098716736,0.7033475637435913
117,2420,"I ' m not feeling bad and I ' m not feeling too good but I ' m just normal trying to be myself without disturbing anybody and without anybody disturbing me , I ' m just feeling calm and quiet and I ' m just trying to be reasonable .",2024-11-22 12:58:33,7,False,0.0,1.0,False,0.5124291777610779,0.6202084422111511
117,2421,"I ' m just feeling neutral , I ' m just hoping that everything will be better , have been alone since , thinking about way forward and have also been calling all my friends for way forward because my dream is bigger than where I am now .",2024-11-22 17:28:12,7,False,0.0,1.0,False,0.008227014914155006,1.1405823230743408
117,2422,"I ' m feeling good , I ' m have been out with a friend since but we are still together , we are having fun , we bought some drinks , so that we can discuss more better , being with him is fun , we have played some interesting game too today .",2024-11-23 22:02:32,7,False,0.0,1.0,False,0.8116672039031982,1.0469930171966553
117,2424,I ' m feeling tired and stressed right now because have been working ever since I got to work in the morning I was not able to do any other thing I was just working as if I ' m not going to work again but we thank God for everything,2024-11-26 22:28:57,7,False,0.0,1.0,False,-1.2223292589187622,0.3235624134540558
117,2429,"I feel very good and calm because have been learning alot from my new friend and she ' s so nice to me , I ' m very happy to be with her , and also she ' s calm and she knows how to handle cases differently and calmly .",2024-12-01 12:58:10,7,False,0.0,1.0,False,1.19465172290802,0.767625629901886
117,2418,"Good , anxious , happy , calm , nice",2024-11-19 22:03:46,7,True,0.0,1.0,False,1.2954738140106201,0.9082978367805481
117,2423,"Good , content , joyful , awesome , excited",2024-11-24 12:25:00,7,True,0.0,1.0,False,1.584903597831726,0.7311685085296631
117,2425,"Good , Nice , Lovely , Generous , Content",2024-11-27 12:34:15,7,True,0.0,2.0,False,1.5439313650131226,0.7073666453361511
117,2427,"Good , lovely , calm , nice , cool",2024-11-27 17:34:33,7,True,0.0,1.0,False,1.493651270866394,0.4767895042896271
117,2428,"Good , nice , calm , cool , active",2024-11-28 17:39:56,7,True,0.0,1.0,False,1.2829190492630005,0.6471416354179382
117,2430,"good , nice , cool , content , happy",2024-12-02 12:10:09,7,True,0.0,1.0,False,1.7389103174209595,0.8571195602416992
22,1328,"Tired , Anxious , Depressed , Angry , Uncomfortable",2021-03-27 12:54:38,1,True,-2.0,0.0,False,-0.8441418409347534,0.896081268787384
22,1329,"Exhausted , Excited , Nervous , Irritated , Overwhelmed",2021-03-28 15:58:33,1,True,-2.0,0.0,False,0.5181500911712646,0.8701714277267456
22,1330,"Exhausted , Anxious , Frustrated , Annoyed",2021-03-29 13:57:11,1,True,-1.0,0.0,False,-0.999765932559967,1.0115715265274048
22,1331,"Irritable , Uncomfortable , Exhausted",2021-04-03 12:27:02,1,True,-1.0,1.0,False,-1.0336514711380005,1.2757295370101929
22,1332,"Content , Calm , Anxious",2021-04-04 12:03:01,1,True,1.0,0.0,False,1.0765541791915894,0.4895368218421936
22,1327,"Upset , Tired , Misunderstood , Anxious , Worried",2021-04-06 23:04:23,1,True,-1.0,1.0,False,-1.0063401460647583,0.9988914728164673
82,5268,"I have not eaten yet today , so I am very hungry . Also tired and frustrated . Got out of a very tedious lab which has drained me . Stressed about a bunch of assignments I have to do . Kinda guilty for waking up late and missing class .",2024-11-13 17:41:42,7,False,-1.0,0.0,False,-1.2383018732070923,0.4239339232444763
82,5272,"I just woke up , I stayed up super late last night doing homework . I am feeling very tired . Definitely caffeine deprived . I am looking forward to the weekend , there are a few things I am excited about . I feel kinda unmotivated .",2024-11-16 17:00:51,7,False,-2.0,0.0,False,0.2377466857433319,0.6171906590461731
82,5273,"I just woke up , am feeling very tired . I am feeling glad that I woke up before noon today though . I am looking forward to my day , I have some fun things planned . Mostly feeling pretty neutral since I just woke up . Not looking forward to classes tomorrow .",2024-11-17 12:12:56,7,False,-1.0,0.0,False,0.4369015097618103,0.448825478553772
82,5267,"Stressed , Anxious , Worried , Angry , Frustrated",2024-11-12 22:54:23,7,True,-2.0,2.0,False,-0.6887789964675903,1.2738771438598633
82,5269,"Depressed , Guilty , Ashamed , Frustrated , Sad",2024-11-14 17:00:49,7,True,-2.0,1.0,False,-1.3504694700241089,0.9484559893608093
82,5270,"Bad , Depressed , Ashamed , Sad , Tired",2024-11-14 22:15:04,7,True,-2.0,1.0,False,-1.38021719455719,0.690525233745575
82,5271,"Calm , Tired , Alright , Nervous , Relaxed",2024-11-15 22:27:46,7,True,1.0,0.0,False,0.7890768647193909,0.5275003910064697
82,5274,"Meh , Fine , Alright , Awake , Neutral",2024-11-23 17:00:33,7,True,0.0,1.0,False,0.5448747277259827,0.6925894618034363
123,2614,I am currently feeling fine with practically no worries on my mind . I am satisfied with how my day is progressing so far . It has been a very calm morning .,2024-11-08 12:01:41,7,False,1.0,0.0,False,1.7141845226287842,0.5762819051742554
123,2615,Currently I feel pretty okay… pretty neutral . Though I am starting to feel tired from the long days and developing a headache . I am also starting to feel pretty hungry (honestly starting to feel hangry too) .,2024-11-08 17:30:28,7,False,0.0,1.0,False,-0.5800556540489197,0.44637393951416016
123,2616,"I am still feeling okay , much like earlier . Not much has changed ; I still have a headache so I do also feel a bit annoyed . The sweet treat I am currently having will bring me peace I think . (meeting this 200 word character is actually stressing me TT)",2024-11-08 22:07:27,7,False,0.0,1.0,False,0.9160075783729553,0.6268822550773621
123,2618,I am exhausted and feel like doing absolutely nothing . All I want to do is sit down and stare at a wall and forget about existence for a few moments . I also just feel like going home and laying down/resting .,2024-11-09 22:01:59,7,False,-2.0,0.0,False,-0.8519134521484375,0.06549534201622009
123,2619,I am currently feeling a little tired and a little sickish… i might be developing a cold . Starting to feel really awful . Other than that I am mentally preparing for a long day and feel like procrastinating getting ready just to stall time,2024-11-10 12:57:09,7,False,-1.0,0.0,False,-1.0207204818725586,0.40765446424484253
123,2620,I am feeling slightly irritated and annoyed with things . Also hangry and this cold is making my mood even worse . And still stressed about time of things… nothing is well… and this character count man,2024-11-11 22:06:15,7,False,0.0,0.0,False,-1.4748356342315674,0.970051109790802
123,2622,"I feel okay at the moment . No special emotions or anything… I do feel tired though and the cold symptoms are becoming more real . It is also about to be a long day , just need to get through it……… .",2024-11-12 12:16:32,7,False,0.0,1.0,False,0.3481307923793793,0.3490298390388489
123,2626,"i am not really feeling anything at the moment . i am just here . perhaps it is more of a boredom or due to boredom . i practically just woke up and then have to go into work later (dreading) meanwhile i have assignments to do… so i am also ignoring whatever feelings of stress . so feeling nothing , will feel later",2024-11-17 12:15:22,7,False,0.0,1.0,False,0.042946599423885345,0.532848060131073
123,2617,"content , happy , having fun , joyful , chilling",2024-11-09 17:03:08,7,True,2.0,1.0,False,1.681058406829834,1.080652117729187
123,2623,"sick , cold , content , giddy , tired",2024-11-14 12:15:27,7,True,0.0,1.0,False,-0.8213413953781128,0.3458597958087921
123,2624,"excitement , giddy , warm , jumping up and down , popping",2024-11-15 17:20:50,7,True,1.0,1.0,False,0.7699156403541565,2.077726364135742
123,2625,"tired , annoyed , irritated , short , okay",2024-11-16 17:06:15,7,True,-1.0,0.0,False,-0.8928180932998657,0.4969027638435364
69,4835,"Tired , Annoyed , Angry , Sad , Down",2024-09-13 17:03:31,7,True,-1.0,1.0,False,-0.7017865777015686,0.6216481328010559
69,4836,"Active , Sharp , Experience joy , Well , Glad",2024-09-17 22:49:51,7,True,0.0,2.0,False,0.6239803433418274,1.5616488456726074
69,4837,"Down , Sad , Unhappy , Moody , Suck",2024-09-19 17:46:42,7,True,-1.0,1.0,False,-1.0240262746810913,0.5669376254081726
69,4838,"Glad , Happy , Amazed , Joyous , Lively",2024-09-19 22:26:39,7,True,1.0,1.0,False,1.3872143030166626,1.186449646949768
55,4327,"Quite , Calm , Cool , Relaxed , Loved",2024-10-10 22:24:44,7,True,2.0,0.0,False,0.8129879832267761,0.5503044724464417
55,4428,"I’m feeling pretty good heading to the gym with my brother then I’m going to a bar with family tonight to watch some college football and place some bets , gambling is always better when your drunk anyways .",2024-10-11 17:05:45,7,False,-2.0,0.0,False,1.2070597410202026,0.8697614073753357
55,4473,I’m feeling great watching the ORG game drinking a twisted tea had a few earlier and now chilling with my family todays good wouldn’t trade it for The world my parlays need to hit thou so I can buy more alcohol for tonight .,2024-10-11 22:49:59,7,False,2.0,2.0,False,1.656912088394165,0.5805904269218445
55,4527,I feel decent tired from all the brews I’ve been drinking but today’s going to be a good day for football and family honestly it’s great I hope my bets win today because yesterday the ORG ruined all my parlays,2024-10-12 17:17:26,7,False,-2.0,0.0,False,0.952218234539032,0.7301750183105469
9,390,I feel active yet calm and happy . Somewhat tired from lack of sleep due to the baby . I am a generally chipper person and don’t usually ever feel down . Other than that just great ! This is way too many characters to be answering a short question like this .,2021-06-13 13:38:33,1,False,2.0,0.0,False,1.1727043390274048,0.9034036993980408
9,391,"I woke up tired due to the baby keeping me awake throughout the night . I’m happy , full of love and having a great day so far . But overall I’m in good spirits , feeling great , happy I’m healthy and ready to take on this day .",2021-06-14 12:07:33,1,False,2.0,0.0,False,1.0230985879898071,0.7381277680397034
9,392,"Got a lot of sleep last night . Feeling really good and ready to tackle the day . I had kidney surgery three times last month and today I’m starting to feel back to myself again , which is super awesome !",2021-06-15 12:01:04,1,False,2.0,1.0,False,1.5859931707382202,0.577602744102478
9,393,I feel fantastic today . About to go work out and then take my son with me on a nice hike through a long park . We have some art projects to work on and grocery shopping as well . I’m slightly tired but that’s nothing coffee can’t fix .,2021-06-16 12:01:05,1,False,2.0,1.0,False,1.3426846265792847,1.028067946434021
9,394,I feel inspired to work on a few new art projects this weekend . I also like to paint with my son so I will do a few of those as well . I am overall happy and in a good mood . I can’t wait for the day is to warm up so I can get out on the water .,2021-06-18 17:24:24,1,False,2.0,1.0,False,0.35940781235694885,1.5664030313491821
12,575,"I’ve felt so many emotions in the last day . I have felt happy , hopeless , sad , and back to happy because of all the different things that are going on in my life at the moment .   It’s a hard transition right now because of big changes , loss , while trying to move forward in a positive direction .",2021-06-13 14:10:13,1,False,0.0,1.0,False,-0.8829947113990784,1.564914584159851
12,576,"I’ve felt happy and calm today because I was able to spend the day with my family . I took my father in law to the airport and even though it makes me sad , I was happy and content afterwards . We also got two new pets after losing one yesterday so that contributed to a great day .",2021-06-14 21:03:52,1,False,2.0,0.0,False,1.2363381385803223,0.5864055156707764
12,577,I’ve been feeling very happy the last 24 . Like everything is getting better and some choices are finally settling in . I’m still uneasy about the future but that’s only because I don’t know what’s next .,2021-06-17 16:02:00,1,False,2.0,1.0,False,1.5502959489822388,0.7671467065811157
13,607,I Just woke up . I feel pretty tired from yesterday’s double . I feel stressed about everything I have to get done today . My feet and neck and shoulders are killing me . But I had a good night last night for the most part so that kind of makes the pain worth it,2021-05-04 12:11:09,1,False,-2.0,0.0,False,-0.12378621846437454,0.24930718541145325
13,608,"I just took a two hour nap , which helped me recover more from my 12 hour shift yesterday . My back , neck , shoulders , and feet are still pretty sore , so that’s frustrating . About to start on my homework",2021-05-04 17:07:14,1,False,2.0,0.0,False,-0.24539250135421753,0.2403470277786255
13,609,"Currently I am watching a tv show with my boyfriend on the couch . Had a relaxing day off . Shoulders , back , and neck still very painful . I feel calm and content and not tired . May go for ice cream later",2021-05-04 22:00:50,1,False,2.0,0.0,False,1.2946804761886597,0.19764694571495056
13,610,"I’m feeling a little annoyed that my neck , back , and shoulders are still as sore as they are . Tylenol and ibuprofen aren’t cutting it . I also feel stressed about all the school work I have to get done today and tonight",2021-05-05 12:06:37,1,False,0.0,0.0,False,-1.0878628492355347,0.5849493741989136
13,611,"My neck and back and shoulders hurt a little less , so I’m finally feeling a little more relaxed and content . I’ve also got a lot of school work done , so that is making me feel more relaxed as well . Also , I’m feeling sad that I’m home alone again for a few days",2021-05-05 17:19:04,1,False,1.0,0.0,False,-0.034696064889431,0.7091302275657654
13,612,"I’m currently feeling lonely because I’m alone in the house for a few days , stressed because I have a huge exam tomorrow , attempting to feel calm and relaxed by taking a hot bath , and worried about tomorrow’s outcome",2021-05-05 22:01:32,1,False,2.0,0.0,False,-1.0048428773880005,0.8531171679496765
13,613,"I’m feeling stressed because I have to give a presentation today as well as take an exit exam for school . I also am stressed from my shoulder and neck and back STILL hurting , it’s better in some ways but the same or worse in others . I’m also excited to almost be done with school",2021-05-06 12:23:42,1,False,-1.0,2.0,False,-0.9280667901039124,0.6837537884712219
13,614,"I finished my last exam of nursing school so I’m feeling ecstatic , I also aced it when I thought I was doing terribly . Back and neck and shoulders STILL hurt so that’s annoying . Not looking forward to working later",2021-05-06 17:57:28,1,False,2.0,1.0,False,1.5680752992630005,0.4951532185077667
13,615,I feel happy that I got to spend time with my friends on my last day of school . I feel relieved that I passed my test and did well on my presentation . I feel meh about picking up a shift tonight . And I feel annoyed that I’m still in pain .,2021-05-06 22:02:43,1,False,2.0,1.0,False,1.3087049722671509,0.5055094361305237
13,616,I’m currently feeling tired and sore from work last night . My body is still sore from the past week . I’m feeling lazy because I haven’t gotten off the couch today except to eat . I’m not looking forward to work tonight . I am excited to see my boyfriend soon though,2021-05-07 17:00:45,1,False,-1.0,0.0,False,-1.1670184135437012,-0.005597762763500214
13,617,I feel annoyed after other employees and contractors treating me like crap at work last night . I feel tired from only getting five hours of sleep . I feel excited to go watch a baseball game today . And I feel happy that my boyfriend is back home,2021-05-08 12:21:53,1,False,-2.0,0.0,False,-0.7123296856880188,0.4420139789581299
13,618,I’m feeling bummed that we lost the baseball game . I’m feeling happy because I got to drink and hang out with friends at the baseball game . My eyes and back and shoulders hurt so that’s annoying . I’m glad that I get to spend time with friends for awhile !,2021-05-08 17:02:45,1,False,1.0,0.0,False,1.5291235446929932,0.29175931215286255
37,2548,"The weather is good , feeling good and enjoying the day off with some self care . Had a bad dream that upset me but feeling better now . Went and got my hair done and it made me feel better so I ' m going to do my nails and clean up so that makes me feel better too",2021-06-11 17:54:54,1,False,1.0,0.0,False,0.43084484338760376,0.9424139857292175
37,2549,"Feeling a little better after cleaning up and doing my nails , going to make dinner soon enchiladas and rice . Taking it easy today since I wasn ' t feeling so good . Watching TV my favorite talk show Wendy Williams . It been pretty hot outside .",2021-06-12 22:55:08,1,False,1.0,0.0,False,0.29045167565345764,0.7125158905982971
37,2550,"A little tired , didn ' t sleep well but I feel okay . Going to get ready and run some errands . Need to get to the gym and run to the store . trying get up and get it done but I ' m a little tired today . Feeling lazy .",2021-06-14 17:19:36,1,False,-1.0,0.0,False,-0.5237451195716858,0.4634016156196594
37,2551,Feeling good after getting some sun and getting out of the house . Going to an appointment then I got to stop at the store and maybe go to the gym later . Very hot day today but it ' s a very nice day . I ' d like to go swimming .,2021-06-15 17:26:42,1,False,1.0,1.0,False,1.0450292825698853,0.9013725519180298
37,2552,"Pretty good , went and did my shopping and now I ' m at the gym . It feels good to be back in the gym because it ' s been a couple of weeks since I ' ve worked out . I need to get in shape and get to the gym more often because I have been slacking in this area .",2021-06-15 22:50:31,1,False,1.0,2.0,False,0.5848589539527893,1.1702622175216675
37,2553,"Running late today , woke up late and have to do homework and run errands . Going to do laundry and get ready . Haven ' t been sleeping well and feeling a little tired . I have anxiety about going back to work and school too .",2021-06-16 17:43:07,1,False,0.0,1.0,False,-1.174294352531433,0.733855664730072
37,2554,"Just got up and need some coffee felling like I need to go to the gym and work out , that should make me feel better . I ' m feeling sore and need to work it out . My back and legs are stiff and I had a busy week .",2022-01-28 10:10:13,2,False,0.0,2.0,False,0.031642891466617584,0.9176382422447205
37,2555,"Went and did some shopping and then organizing my house , feeling better today . Had a bad dream last night and it was very strange but I feel okay now that I got some errands done . Still need to go to the gym though .",2022-01-28 16:27:20,2,False,1.0,2.0,False,0.11926694959402084,0.7887199521064758
37,2556,Having dinner and watching t . v getting sleepy after running some errands and cleaning up . I really need to get into the gym because I am feeling sore and sluggish . Went and got food because I didn ' t have time to cook today .,2022-01-28 20:54:10,2,False,-1.0,0.0,False,-0.9267299771308899,0.20278438925743103
37,2557,Getting the day started off with some coffee then I ' m going to make breakfast and do some cleaning . I ' m a little frustrated because my package is a week late and hasn ' t came yet but I ' m feeling pretty good .,2022-01-29 10:41:35,2,False,1.0,2.0,False,1.237425684928894,0.6166654229164124
37,2558,I ' m feeling a little anxious and nervous also a little too tired to go anywhere . I just made some food and did some laundry and cleaning now I ' m going to watch a movie and relax . I wanted to go to the store but I ' m too tired .,2022-01-29 16:28:20,2,False,-1.0,2.0,False,-0.8707568049430847,0.2911789119243622
37,2559,"Just finished cleaning up and listening to music . getting ready for bed soon , going to watch some movies and relax . I am using my oil diffuser which helps to calm me down as well and the music helps too",2022-01-29 21:06:19,2,False,0.0,1.0,False,0.46005505323410034,0.7818174362182617
37,2560,"Feel pretty good , getting ready to go to the gym and shopping . Was able to get up early and get ready so I feel good about that . I ' m just waiting for my clothes to dry and then I ' m leaving . Feels good to get out early .",2022-01-30 10:44:33,2,False,0.0,2.0,False,1.4314719438552856,1.550264835357666
37,2561,"Feeling hungry after a good workout , went and got some groceries from the store and getting ready to cook dinner . Went and looked at the store but didn ' t find the item I need so I will have to order it .",2022-01-30 16:26:17,2,False,0.0,1.0,False,0.5573117136955261,0.8289350867271423
37,2562,"Just had dinner , getting ready for bed and my head is aching . I ' m going to have a snack and watch a movie before I go to bed . I have to go to an appointment tomorrow early afternoon so I need to get to bed soon .",2022-01-30 20:09:35,2,False,-1.0,0.0,False,-0.29829445481300354,0.21256038546562195
37,2563,Just got up and going to get the day started . Going to get ready soon and go to my appointment . I ' m a little nervous about it but it will hopefully be okay . I ' m going to have breakfast now before I get ready .,2022-01-31 10:36:04,2,False,0.0,1.0,False,0.9568176865577698,1.3064697980880737
37,2564,I ' m currently feeling pretty good just have a few things that I need to finish . I ' m at an appointment for therapy and I think it was helpful because I feel better about some things and I am ready to move forward with them,2022-01-31 15:32:56,2,False,1.0,1.0,False,0.8949325680732727,1.1994394063949585
37,2565,"Just finished with dinner and feeling better today , less pain since I worked out yesterday and now I ' m going to get some tea from the store before I get ready for bed . I ' m almost done with organizing my house",2022-01-31 20:02:52,2,False,1.0,0.0,False,0.8369871973991394,0.5530309081077576
48,4821,I have been very upset because my mom and dad are suffering and there is a lot of tension and drama in the house . I’m very tired and worn out .   I am becoming very apathetic and withdrawn and not myself .   It is very stressful 24 seven .,2021-05-06 12:01:25,1,False,-1.0,1.0,False,-1.7499372959136963,0.3972223401069641
48,4822,"I had a better day today than yesterday . Despite the massive tension in my house because my parents are separating , I was able to not take on that negative energy and stay detached from it all . I felt content because I was very productive .",2021-05-07 12:03:40,1,False,-1.0,2.0,False,0.3949231505393982,0.8976572155952454
48,4823,"Today I am feeling very stressed out I tried starting a new job , and it’s a mess . And the last job I was at was also a mess . They are all shortstaffed and don’t know what they are doing .   And the new staff they bring on is almost always crap . I couldn’t find gas either .",2021-05-11 12:02:14,1,False,1.0,0.0,False,-1.7122329473495483,1.0954521894454956
5,290,Just woke up so I am tired . I am pretty neutral as far as emotions go . I am listening to good music so am waking up . I am not ready to go to work I know today will be a stressful work day . I am looking for a new work opportunity,2021-05-04 12:02:25,1,False,1.0,2.0,False,-0.7237394452095032,0.39562949538230896
5,291,Long day at work . Finally getting a break to eat . Ready to get off and take care of my stuff I need to complete . Struggling to find employees to work which makes my work load way more than usual . Cannot wait to find more employees .,2021-05-04 17:00:57,1,False,2.0,0.0,False,0.8481468558311462,0.8592163920402527
5,292,Just getting home . Have to finish some stuff then looking forward to having some friends over at night . We are planning to dj some techno and house music . Ready to have a day off tomorrow I can finally take my mind off of work and relax .,2021-05-04 22:07:20,1,False,2.0,1.0,False,0.9480889439582825,1.0941885709762573
5,293,I just woke up but may go back to sleep . I had a long night yesterday . Today is my off day we are going to hike hopefully somewhere new . Then at night we are going to this totally amazing restaurant called ORG  in GPE .,2021-05-05 12:54:14,1,False,0.0,1.0,False,-0.08952646702528,0.8654377460479736
5,294,Not feeling good about my body or my weight . Despite countless diets and staying active I seem to be not getting better . I am tired of looking this way and I am tired of worrying about it . It is effecting my life too much .,2021-05-05 17:00:48,1,False,-2.0,1.0,False,-0.932658314704895,0.8676905632019043
5,295,I am hating my job I received another job offer but I can not start till may 25th . I do not have any motivation to get things done here . Apart from that I feel like my boyfriend is mad at me and may not want to be with me anymore . I am scared of what is going to happen .,2021-05-06 17:00:31,1,False,-2.0,1.0,False,-1.2816967964172363,1.1528369188308716
5,296,Just woke up not going to work today because I just hate it too much . I may take some ORG shifts instead . I am still chillin in bed with my cats it’s gonna be hard to get up today I am super tired .,2021-05-07 12:46:52,1,False,-2.0,0.0,False,-0.7456957697868347,0.327973335981369
5,297,Currently driving doing ORG flex ORG  deliveries . It is much less stressful than me regular job . I informed my employer earlier that I will be leaving next Monday to start my new job . I am very excited !,2021-05-07 17:44:23,1,False,1.0,1.0,False,1.17300283908844,1.682875394821167
5,298,"I am super duper tired . After I finished my ORG shift I went to hike at FAC    . I hiked 5 miles under the hot GPE sun , I am beat ! I am heading to ORG to eat then going home to rest .",2021-05-07 22:00:31,1,False,-2.0,0.0,False,-1.1586817502975464,0.073759526014328
5,299,The owner of the job I am leaving just told me that no one likes me and that the people that quit did so because of me being the manager . I am done with everyone . I don’t have any friends the only person that will hang out with me is my boyfriend who barely like me he treats me without respect half the time and after 5 years of being together he still doesn’t live with me I spend most nights and days alone .,2021-05-08 12:34:47,1,False,-2.0,1.0,False,-0.3595438003540039,0.9965328574180603
5,300,Feeling stressed about everything . I don’t know how to keep anyone in my life everyone hates me and I don’t know what is wrong with me . I am tired of all this bill shot . Hoping my new job will change things,2021-05-08 17:01:22,1,False,-2.0,1.0,False,-1.0455687046051025,1.0864672660827637
5,301,I am not doing anything just bored at home I went on a long bike ride and am pretty tired . Just planning to stay home and watch tv till I fall asleep . There is nothing else to do anyways . I have work early tomorrow not looking forward to my last day at that job .,2021-05-08 22:03:03,1,False,0.0,1.0,False,-0.31785595417022705,0.02043765038251877
