mass_uid_tokens,mass_cls,mass_content,enrichment_uid,enrichment_content,n_uid_tokens,seq_len,group
0.06006506457924843,0.18176761269569397,0.7581673227250576,0.804871865361929,0.8327411577471945,5,67,seen
0.05663473531603813,0.15647926926612854,0.7868859954178333,0.7362515591084957,0.866908300036596,5,65,seen
0.06817321479320526,0.1386638581752777,0.793162927031517,0.7499053627252579,0.8902849180966008,5,55,seen
0.05409454554319382,0.1323632150888443,0.8135422393679619,0.7356858193874359,0.8922721335003453,5,68,seen
0.089495450258255,0.16517101228237152,0.7453335374593735,1.07394540309906,0.8281483749548594,5,60,seen
0.15134432911872864,0.13722528517246246,0.7114303857088089,1.6042498886585235,0.8022512860120611,5,53,seen
0.05227825418114662,0.10873393714427948,0.8389878086745739,0.6064277485013008,0.9357940942908709,5,58,seen
0.21188819408416748,0.16152623295783997,0.6265855729579926,0.7627974987030028,0.9398783594369888,5,18,seen
0.14516612887382507,0.21017023921012878,0.6446636319160461,0.5225980639457702,0.9669954478740692,5,18,seen
0.14239482581615448,0.18283697962760925,0.6747681945562363,0.5126213729381561,1.0121522918343544,5,18,seen
0.09093727171421051,0.1139545664191246,0.7951081618666649,1.1458096235990525,0.8788037578526297,5,63,seen
0.046296197921037674,0.1002817153930664,0.8534220866858959,0.7407391667366028,0.9226184720928604,5,80,seen
0.06994418054819107,0.12707728147506714,0.8029785379767418,0.8952855110168457,0.8860452832846806,5,64,seen
0.06754598021507263,0.15265867114067078,0.7797953486442566,1.0402080953121187,0.845693547121236,5,77,seen
0.0262099988758564,0.11332578957080841,0.8604642115533352,0.44032798111438753,0.9266537662882071,5,84,seen
0.047263890504837036,0.1371188461780548,0.8156172633171082,0.652241688966751,0.8932950979187375,5,69,seen
0.051187172532081604,0.11206978559494019,0.8367430418729782,0.7985198915004731,0.9064716286957264,5,78,seen
0.037825807929039,0.10125382244586945,0.8609203696250916,0.4236490488052368,0.9642308139801025,5,56,seen
0.0852755457162857,0.10635426640510559,0.8083701878786087,1.1426923125982285,0.8878820096371605,5,67,seen
0.08640182763338089,0.13636039197444916,0.77723778039217,1.2441863179206847,0.8478957604278218,5,72,seen
0.0323629304766655,0.13983872532844543,0.8277983441948891,0.589005334675312,0.8862311684909989,5,91,seen
0.08064480125904083,0.13510312139987946,0.7842520773410797,1.1290272176265717,0.8577757095918059,5,70,seen
0.04883210361003876,0.12924855947494507,0.8219193369150162,0.7813136577606201,0.888561445313531,5,80,seen
0.06037939339876175,0.14405472576618195,0.7955658808350563,0.9177667796611786,0.8637572420494897,5,76,seen
0.04606940224766731,0.14343494176864624,0.8104956559836864,0.7647520773112774,0.873651161644753,5,83,seen
0.030504273250699043,0.11130490899085999,0.858190817758441,0.4697658080607653,0.9307139854563374,5,77,seen
0.042179401963949203,0.14762842655181885,0.810192171484232,0.7001780726015567,0.8733240290024838,5,83,seen
0.054370272904634476,0.10294695198535919,0.8426827751100063,0.6959394931793212,0.9298568552938001,5,64,seen
0.06935830414295197,0.17243805527687073,0.7582036405801773,1.123604527115822,0.8188599318265914,5,81,seen
0.06199057400226593,0.16110390424728394,0.7769055217504501,0.8554699212312699,0.8508965238219216,5,69,seen
0.054567351937294006,0.11111421883106232,0.8343184292316437,0.6875486344099045,0.922141421782343,5,63,seen
0.056896377354860306,0.1033095121383667,0.839794110506773,0.8989627622067927,0.9088182839730831,5,79,seen
0.05675977095961571,0.1100962907075882,0.8331439383327961,0.8173407018184662,0.9088842963630503,5,72,seen
0.06682932376861572,0.11188787966966629,0.821282796561718,0.7618542909622192,0.9179043020395672,5,57,seen
0.046658437699079514,0.1379171460866928,0.8154244162142277,0.7372033156454563,0.8824456011085478,5,79,seen
0.03256756067276001,0.07688408344984055,0.8905483558773994,0.4754863858222962,0.9702989549111964,5,73,seen
0.04579992592334747,0.12646052241325378,0.8277395516633987,0.5679190814495086,0.9164259321987629,5,62,seen
0.055428892374038696,0.12476924806833267,0.8198018595576286,0.6540609300136566,0.9126096172433978,5,59,seen
0.037214040756225586,0.12467309087514877,0.8381128683686256,0.5879818439483642,0.9069988575496085,5,79,seen
0.0325385257601738,0.11059829592704773,0.8568631783127785,0.5401395276188851,0.9236317376618262,5,83,seen
0.03966650739312172,0.10389741510152817,0.8564360775053501,0.8488632582128048,0.9073134682482422,5,107,seen
0.01618560403585434,0.12263181805610657,0.8611825779080391,0.3755060136318207,0.9081561730666594,5,116,seen
0.049440495669841766,0.1452464461326599,0.8053130581974983,0.7218312367796899,0.8774306454987668,5,73,seen
0.022276390343904495,0.10473882406949997,0.8729847855865955,0.38760919198393823,0.9376503252596767,5,87,seen
0.03848213329911232,0.09757989645004272,0.863937970250845,0.41560703963041307,0.9719302165322006,5,54,seen
0.04259776696562767,0.12317083775997162,0.8342313952744007,0.5622905239462852,0.9176545348018408,5,66,seen
0.035589803010225296,0.11295276880264282,0.8514574281871319,0.5267290845513344,0.9265860247918788,5,74,seen
0.055930837988853455,0.12756505608558655,0.81650410592556,0.794217899441719,0.891873715703304,5,71,seen
0.05571112781763077,0.13318802416324615,0.8111008480191231,0.8245246917009353,0.8826685699031633,5,74,seen
0.027853745967149734,0.11397673934698105,0.8581695146858692,0.5180796749889851,0.9173536191469637,5,93,seen
0.07631160318851471,0.13840468227863312,0.7852837145328522,1.0988870859146118,0.8566731431267478,5,72,seen
0.052560657262802124,0.10391081869602203,0.8435285240411758,0.8935311734676361,0.9075939815632904,5,85,seen
0.019552718847990036,0.09874173253774643,0.8817055486142635,0.42624927088618275,0.9330670368830556,5,109,seen
0.05311691761016846,0.13918395340442657,0.807699128985405,0.8392472982406616,0.8740853587650272,5,79,seen
0.0373561829328537,0.1417841613292694,0.8208596557378769,0.6201126366853714,0.8848227457953738,5,83,seen
0.028908364474773407,0.09781405329704285,0.8732775822281837,0.4047171026468277,0.955147355562076,5,70,seen
0.036695681512355804,0.08885607123374939,0.8744482472538948,0.6018091768026352,0.9434836351949917,5,82,seen
0.06498868763446808,0.1306687593460083,0.8043425530195236,0.8968438893556595,0.8809466056880497,5,69,seen
0.06466197967529297,0.09410762041807175,0.8412303999066353,0.9182001113891601,0.9188824368210939,5,71,seen
0.05342744663357735,0.1293615847826004,0.8172109685838223,0.8868956141173839,0.8808897453565876,5,83,seen
0.0285995751619339,0.12417354434728622,0.8472268804907799,0.6120309084653854,0.8975571902229054,5,107,seen
0.04266311973333359,0.0999365895986557,0.8574002906680107,0.6484794199466706,0.9308917441538402,5,76,seen
0.051131393760442734,0.1007949486374855,0.8480736576020718,0.7362920701503753,0.9251712628386238,5,72,seen
0.03486694395542145,0.10086820274591446,0.8642648532986641,0.5648444920778275,0.9334060415625572,5,81,seen
0.0458567813038826,0.14050909876823425,0.8136341199278831,0.8345934197306634,0.8710671166286749,5,91,seen
0.058150455355644226,0.11767327040433884,0.8241762742400169,0.7675860106945037,0.9065939016640187,5,66,seen
0.04114040732383728,0.1281111240386963,0.8307484686374664,0.6335622727870942,0.9009525645786608,5,77,seen
0.017673054710030556,0.08738753199577332,0.8949394132941961,0.34992648325860504,0.9526774399583378,5,99,seen
0.0350605770945549,0.09757457673549652,0.8673648461699486,0.49786019474267956,0.9474292935087131,5,71,seen
0.08525773882865906,0.13190867006778717,0.7828335911035538,1.1936083436012268,0.8562242402695119,5,70,seen
0.019335303455591202,0.11704583466053009,0.8636188618838787,0.37510488703846934,0.9205607648652333,5,97,seen
0.13070468604564667,0.10772837698459625,0.7615669369697571,1.5423152953386308,0.8477820619097295,5,59,seen
0.03718385100364685,0.13120098412036896,0.8316151648759842,0.5800680756568909,0.9009164286156495,5,78,seen
0.041506677865982056,0.11039814352989197,0.848095178604126,0.6641068458557129,0.916859652545001,5,80,seen
0.03480704501271248,0.11335168778896332,0.8518412671983242,0.6891794912517071,0.9067987683078934,5,99,seen
0.04715497046709061,0.10999056696891785,0.8428544625639915,0.5752906396985055,0.9348022221164269,5,61,seen
0.027221554890275,0.11957139521837234,0.8532070498913527,0.451877811178565,0.9196907161166529,5,83,seen
0.03535936400294304,0.10918121039867401,0.855459425598383,0.5657498240470886,0.9248210006469004,5,80,seen
0.04154982417821884,0.10759799927473068,0.8508521765470505,0.6066274330019952,0.9270478938497714,5,73,seen
0.02567323110997677,0.0995585173368454,0.8747682515531778,0.5699457306414842,0.924755008784788,5,111,seen
0.059964440762996674,0.10161644220352173,0.8384191170334816,0.7435590654611588,0.9282497367156404,5,62,seen
0.07686518132686615,0.12380832433700562,0.7993264943361282,1.1068586111068726,0.8719925392757762,5,72,seen
0.08768019080162048,0.13217127323150635,0.7801485359668732,1.262594747543335,0.8510711301456798,5,72,seen
0.07106930762529373,0.107649065554142,0.8212816268205643,0.8812594145536423,0.9092760868370533,5,62,seen
0.07434197515249252,0.14403386414051056,0.7816241607069969,1.0705244421958924,0.8526809025894512,5,72,seen
0.044314853847026825,0.10663094371557236,0.8490542024374008,0.6913117200136185,0.9198087193071842,5,78,seen
0.035653095692396164,0.13209928572177887,0.832247618585825,0.5062739588320255,0.9090704756860549,5,71,seen
0.034305572509765625,0.1056903749704361,0.8600040525197983,0.54888916015625,0.9297341108322144,5,80,seen
0.03730327636003494,0.11777845770120621,0.8449182659387589,0.641616353392601,0.9082871358841658,5,86,seen
0.052262745797634125,0.13699758052825928,0.8107396736741066,0.8152988344430924,0.8783013131469488,5,78,seen
0.0524924173951149,0.11289404332637787,0.8346135392785072,0.7243953600525855,0.9141005430193175,5,69,seen
0.0413920134305954,0.1281624287366867,0.8304455578327179,0.9023458927869796,0.8788210272210316,5,109,seen
0.04121033102273941,0.11594066768884659,0.842849001288414,0.6016708329319954,0.9183280163291675,5,73,seen
0.0805429145693779,0.14044125378131866,0.7790158316493034,1.030949306488037,0.8596036763026796,5,64,seen
0.058199137449264526,0.13803839683532715,0.8037624657154083,0.8264277517795562,0.8779559240891384,5,71,seen
0.05111563205718994,0.10935945808887482,0.8395249098539352,0.756511354446411,0.9136006371939883,5,74,seen
0.08193457871675491,0.11080637574195862,0.8072590455412865,1.048762607574463,0.8907686019765919,5,64,seen
0.056752804666757584,0.12013359367847443,0.823113601654768,0.8739931918680669,0.8926724975692555,5,77,seen
0.053449809551239014,0.11383170634508133,0.8327184841036797,1.0155463814735413,0.8888568088747142,5,95,seen
0.08243950456380844,0.133493572473526,0.7840669229626656,1.0387377575039864,0.8666002832745251,5,63,seen
0.050841011106967926,0.10735161602497101,0.8418073728680611,0.7524469643831253,0.9160844940034781,5,74,seen
0.031038915738463402,0.10866439342498779,0.8602966908365488,0.5959471821784973,0.9176498035589854,5,96,seen
0.03936398774385452,0.0810386911034584,0.8795973211526871,0.574714221060276,0.9583672305096441,5,73,seen
0.03210735321044922,0.10523176193237305,0.8626608848571777,0.7256261825561523,0.9110343924192624,5,113,seen
0.06570853292942047,0.11248989403247833,0.8218015730381012,0.9987697005271912,0.8922417078699385,5,76,seen
0.03161780163645744,0.12140461802482605,0.8469775803387165,0.5058848261833191,0.9156514382040178,5,80,seen
0.035109952092170715,0.07401452958583832,0.890875518321991,0.6951770514249802,0.9483513582137323,5,99,seen
0.04809049144387245,0.10490861535072327,0.8470008932054043,0.6732668802142143,0.9264072269434109,5,70,seen
0.07694503664970398,0.13699689507484436,0.7860580682754517,1.0926195204257965,0.858617274577801,5,71,seen
0.02671821415424347,0.13937492668628693,0.8339068591594696,0.4381787121295929,0.899741611198375,5,82,seen
0.03635302186012268,0.09258066117763519,0.8710663169622421,0.5525659322738647,0.9457291441304343,5,76,seen
0.0714021697640419,0.11569690704345703,0.8129009231925011,1.0281912446022032,0.8868010071190922,5,72,seen
0.039085835218429565,0.11050878465175629,0.8504053801298141,0.633190530538559,0.9184378105401992,5,81,seen
0.05629193037748337,0.11641565710306168,0.827292412519455,0.9231876581907272,0.8926049714025698,5,82,seen
0.04716766998171806,0.10170545428991318,0.8511268757283688,0.6226132437586784,0.9362395633012056,5,66,seen
0.18883109092712402,0.1882602870464325,0.6229086220264435,0.6797919273376465,0.9343629330396652,5,18,seen
0.19174225628376007,0.15884830057621002,0.6494094431400299,0.7286205738782883,0.9491368784354283,5,19,seen
0.16235457360744476,0.16556349396705627,0.672081932425499,0.5844764649868012,1.0081228986382484,5,18,seen
0.16989026963710785,0.17483246326446533,0.6552772670984268,0.6455830246210099,0.9577129288361622,5,19,seen
0.16966906189918518,0.15742014348506927,0.6729107946157455,0.6108086228370666,1.0093661919236183,5,18,seen
0.15488380193710327,0.1754799783229828,0.6696362197399139,0.5885584473609925,0.978699090389105,5,19,seen
0.14354491233825684,0.16838133335113525,0.6880737543106079,0.545470666885376,1.0056462563001192,5,19,seen
0.18216165900230408,0.16785533726215363,0.6499830037355423,0.6557819724082946,0.9749745056033134,5,18,seen
0.18438853323459625,0.144836887717247,0.6707745790481567,0.6637987196445465,1.006161868572235,5,18,seen
0.24383185803890228,0.1655827760696411,0.5905853658914566,1.170392918586731,0.7874471545219421,5,24,seen
0.2505423426628113,0.17068859934806824,0.5787690579891205,1.2527117133140564,0.7615382341962111,5,25,seen
0.1987859308719635,0.1260225772857666,0.6751914918422699,0.8746580958366394,0.9283883012831211,5,22,seen
0.1842341423034668,0.13472841680049896,0.6810374408960342,0.7000897407531739,0.9953624136172808,5,19,seen
0.14785712957382202,0.20169931650161743,0.6504435539245605,0.5618570923805237,0.9506482711205115,5,19,seen
0.2104998230934143,0.15851140022277832,0.6309887766838074,0.58939950466156,1.104230359196663,5,14,seen
0.06444986909627914,0.16317036747932434,0.7723797634243965,0.7862884029746057,0.8566393739797852,5,61,seen
0.06611162424087524,0.16398777067661285,0.7699006050825119,0.8594511151313782,0.848195581870564,5,65,seen
0.08997616916894913,0.14673802256584167,0.7632858082652092,1.349642537534237,0.8296584872447925,5,75,seen
0.03779879957437515,0.11198992282152176,0.8502112776041031,0.7710955113172531,0.9033494824543595,5,102,seen
0.06600847840309143,0.1161843091249466,0.817807212471962,0.963723784685135,0.8910436792604959,5,73,seen
0.04952995851635933,0.12228052318096161,0.8281895183026791,0.6736074358224868,0.908336891041648,5,68,seen
0.1705629825592041,0.1356011927127838,0.6938358247280121,0.7504771232604981,0.9540242590010166,5,22,seen
0.14329451322555542,0.14603960514068604,0.7106658816337585,0.5445191502571106,1.0386655193108778,5,19,seen
0.16354110836982727,0.15287448465824127,0.6835844069719315,0.6868726551532746,0.957018169760704,5,21,seen
0.19451969861984253,0.13041964173316956,0.6750606596469879,0.7391748547554017,0.9866271179455977,5,19,seen
0.12059937417507172,0.16330434381961823,0.7160962820053101,1.2542334914207458,0.8095001448755679,5,52,seen
0.02324223332107067,0.10475726425647736,0.872000502422452,0.413711753115058,0.9350366833204606,5,89,seen
0.18193599581718445,0.135285884141922,0.6827781200408936,0.691356784105301,0.9979064831366905,5,19,seen
0.17014053463935852,0.14465317130088806,0.6852062940597534,0.6465340316295625,1.0014553528565626,5,19,seen
0.11044259369373322,0.135515496134758,0.7540419101715088,0.5080359309911728,1.0201743490555708,5,23,seen
0.15756624937057495,0.130719393491745,0.71171435713768,0.6932914972305299,0.9786072410643101,5,22,seen
0.13275828957557678,0.1374710649251938,0.7297706454992294,0.6106881320476533,0.9873367556754281,5,23,seen
0.13655632734298706,0.11140012741088867,0.7520435452461243,0.5462253093719482,1.0743479217801777,5,20,seen
0.14612358808517456,0.13838128745555878,0.7154951244592667,0.6137190699577332,1.0016931742429733,5,21,seen
0.16570469737052917,0.07872297614812851,0.7555723264813423,0.596536910533905,1.1333584897220135,5,18,seen
0.10089367628097534,0.1258973628282547,0.77320896089077,0.36321723461151123,1.159813441336155,5,18,seen
0.07807012647390366,0.13013437390327454,0.7917954996228218,0.28105245530605316,1.1876932494342327,5,18,seen
0.1372646987438202,0.13055017590522766,0.7321851253509521,0.5216058552265167,1.0701167216667762,5,19,seen
0.14786384999752045,0.1436316967010498,0.7085044533014297,0.65060093998909,0.9741936232894659,5,22,seen
0.14248624444007874,0.13245882093906403,0.7250549346208572,0.5984422266483307,1.0150769084692002,5,21,seen
0.1312067210674286,0.11556105315685272,0.7532322257757187,0.5773095726966858,1.0356943104416132,5,22,seen
0.128140389919281,0.11732359230518341,0.7545360177755356,0.5638177156448364,1.0374870244413614,5,22,seen
0.1606222689151764,0.1296299397945404,0.7097477912902832,0.7067379832267762,0.9759032130241394,5,22,seen
0.17107483744621277,0.1448194831609726,0.6841056793928146,0.7527292847633362,0.9406453091651201,5,22,seen
0.17823520302772522,0.14719733595848083,0.674567461013794,0.784234893321991,0.9275302588939667,5,22,seen
0.1764860898256302,0.1467355489730835,0.6767783612012863,0.8118360131978989,0.9156413122135051,5,23,seen
0.13641133904457092,0.13102254271507263,0.7325661182403564,0.5456453561782837,1.0465230260576521,5,20,seen
0.1580064743757248,0.13699659705162048,0.7049969285726547,0.726829782128334,0.9538193739512388,5,23,seen
0.16257193684577942,0.13957123458385468,0.6978568285703659,0.7153165221214295,0.9595531392842531,5,22,seen
0.1149720847606659,0.13472232222557068,0.7503055930137634,0.4598883390426636,1.071865132876805,5,20,seen
0.1739385426044464,0.14476382732391357,0.68129763007164,0.8001172959804536,0.9217556171557483,5,23,seen
0.11164046823978424,0.15361371636390686,0.7347458153963089,0.5135461539030075,0.9940678678891238,5,23,seen
0.13012856245040894,0.13346269726753235,0.7364087402820587,0.5725656747817993,1.0125620178878307,5,22,seen
0.12683042883872986,0.1373801976442337,0.7357893735170364,0.5326878011226654,1.030105122923851,5,21,seen
0.128119096159935,0.1279575377702713,0.7439233660697937,0.51247638463974,1.0627476658139912,5,20,seen
0.14332163333892822,0.13975971937179565,0.7169186472892761,0.6306151866912842,0.9857631400227547,5,22,seen
0.14375686645507812,0.1330023556947708,0.7232407778501511,0.6325302124023438,0.9944560695439577,5,22,seen
0.147538959980011,0.13920219242572784,0.7132588475942612,0.6196636319160462,0.9985623866319656,5,21,seen
0.13346654176712036,0.12091457843780518,0.7456188797950745,0.5872527837753296,1.0252259597182274,5,22,seen
0.1362670361995697,0.12718015909194946,0.7365528047084808,0.5178147375583649,1.076500253035472,5,19,seen
0.155159592628479,0.13006064295768738,0.7147797644138336,0.6516702890396119,1.000691670179367,5,21,seen
0.17478828132152557,0.15325239300727844,0.671959325671196,0.6641954690217973,0.9820943990579017,5,19,seen
0.1039692610502243,0.13593100011348724,0.7600997388362885,0.45746474862098696,1.0451371408998966,5,22,seen
0.18073683977127075,0.12642380595207214,0.6928393542766571,0.7952420949935913,0.9526541121304035,5,22,seen
0.1397550106048584,0.13378091156482697,0.7264640778303146,0.5590200424194336,1.037805825471878,5,20,seen
0.13663743436336517,0.12482458353042603,0.7385379821062088,0.6012047111988068,1.015489725396037,5,22,seen
0.1658046543598175,0.14646100997924805,0.6877343356609344,0.6963795483112336,0.9628280699253082,5,21,seen
0.10660731792449951,0.13311819732189178,0.7602744847536087,0.40510780811309816,1.1111704007937357,5,19,seen
0.11245442181825638,0.13250714540481567,0.755038432776928,0.47230857163667683,1.057053805887699,5,21,seen
0.13760241866111755,0.1297227144241333,0.7326748669147491,0.5504096746444702,1.0466783813067846,5,20,seen
0.14234961569309235,0.13565760850906372,0.7219927757978439,0.5978683859109879,1.0107898861169815,5,21,seen
0.14403805136680603,0.13363432884216309,0.7223276197910309,0.6337674260139465,0.9932004772126675,5,22,seen
0.1520453691482544,0.13035766780376434,0.7175969630479813,0.6385905504226685,1.0046357482671737,5,21,seen
0.18097467720508575,0.14681456983089447,0.6722107529640198,0.7600936442613602,0.9410950541496277,5,21,seen
0.14711549878120422,0.11881747096776962,0.7340670302510262,0.6178850948810578,1.0276938423514366,5,21,seen
0.13552503287792206,0.130044624209404,0.734430342912674,0.596310144662857,1.0098417215049267,5,22,seen
0.19751620292663574,0.1473022997379303,0.655181497335434,0.790064811706543,0.9359735676220485,5,20,seen
0.15290716290473938,0.13949958980083466,0.707593247294426,0.5504657864570618,1.061389870941639,5,18,seen
0.17997658252716064,0.140493705868721,0.6795297116041183,0.7199063301086426,0.9707567308630263,5,20,seen
0.15402010083198547,0.13226541876792908,0.7137144804000854,0.6468844234943391,0.9992002725601196,5,21,seen
0.12216155976057053,0.12369965016841888,0.7541387900710106,0.5619431748986244,1.020305421860779,5,23,seen
0.14437739551067352,0.11999456584453583,0.7356280386447906,0.6063850611448288,1.0298792541027069,5,21,seen
0.12717889249324799,0.12421120703220367,0.7486099004745483,0.5595871269702911,1.029338613152504,5,22,seen
0.12724241614341736,0.12336507439613342,0.7493925094604492,0.534418147802353,1.049149513244629,5,21,seen
0.12393851578235626,0.11836914718151093,0.7576923370361328,0.5205417662858963,1.060769271850586,5,21,seen
0.13715676963329315,0.12410935014486313,0.7387338802218437,0.5486270785331726,1.055334114602634,5,20,seen
0.147538959980011,0.13920219242572784,0.7132588475942612,0.6196636319160462,0.9985623866319656,5,21,seen
0.135004460811615,0.13540229201316833,0.7295932471752167,0.5940196275711059,1.003190714865923,5,22,seen
0.17343769967556,0.146017387509346,0.680544912815094,0.797813418507576,0.9207372349851273,5,23,seen
0.13571599125862122,0.12371353060007095,0.7405704781413078,0.6242935597896576,1.001948293955887,5,23,seen
0.07399788498878479,0.16025349497795105,0.7657486200332642,0.34039027094841007,1.036012838868534,5,23,seen
0.1327294409275055,0.13412266969680786,0.7331478893756866,0.6105554282665253,0.9919059679788702,5,23,seen
0.13496626913547516,0.13143613934516907,0.7335975915193558,0.5398650765419006,1.0479965593133655,5,20,seen
0.1303567886352539,0.13642914593219757,0.7332140654325485,0.49535579681396485,1.0716205571706479,5,19,seen
0.11944815516471863,0.12917481362819672,0.7513770312070847,0.5016822516918182,1.0519278436899184,5,21,seen
0.15309906005859375,0.14814499020576477,0.6987559497356415,0.7042556762695312,0.9453756967011621,5,23,seen
0.13913260400295258,0.12741392850875854,0.7334534674882889,0.6400099784135819,0.9923193971900379,5,23,seen
0.12507736682891846,0.12865689396858215,0.7462657392024994,0.5003094673156738,1.0660939131464278,5,20,seen
0.16501396894454956,0.15032260119915009,0.6846634298563004,0.6270530819892883,1.0006619359438236,5,19,seen
0.13346654176712036,0.12091457843780518,0.7456188797950745,0.5872527837753296,1.0252259597182274,5,22,seen
0.13547681272029877,0.10969474911689758,0.7548284381628036,0.5690026134252548,1.056759813427925,5,21,seen
0.15194711089134216,0.14065802097320557,0.7073948681354523,0.6077884435653687,1.0105640973363605,5,20,seen
0.1722690761089325,0.15503686666488647,0.672694057226181,0.6201686739921569,1.0090410858392715,5,18,seen
0.1371244341135025,0.13343113660812378,0.7294444292783737,0.5210728496313095,1.0661110889453154,5,19,seen
0.131180077791214,0.13788150250911713,0.7309384196996689,0.524720311164856,1.0441977424280984,5,20,seen
0.17211855947971344,0.13288219273090363,0.6949992477893829,0.7228979498147965,0.9729989469051361,5,21,seen
0.1317107379436493,0.13344848155975342,0.7348407804965973,0.5268429517745972,1.0497725435665677,5,20,seen
0.13449892401695251,0.1350393444299698,0.7304617315530777,0.5110959112644196,1.0675979153468058,5,19,seen
0.14890944957733154,0.14452090859413147,0.706569641828537,0.6254196882247925,0.9891974985599518,5,21,seen
0.13736999034881592,0.1351853907108307,0.7274446189403534,0.5220059633255005,1.0631882892205164,5,19,seen
0.1181563138961792,0.10145403444766998,0.7803896516561508,0.44899399280548097,1.1405694908820665,5,19,seen
0.13593631982803345,0.12729303538799286,0.7367706447839737,0.6253070712089539,0.9968073429430233,5,23,seen
0.09099499136209488,0.12398800998926163,0.7850169986486435,0.3821789637207985,1.0990237981081008,5,21,seen
0.1494770050048828,0.15488241612911224,0.6956405788660049,0.6278034210205079,0.9738968104124069,5,21,seen
0.14327207207679749,0.13070541620254517,0.7260225117206573,0.5444338738918305,1.0611098248224993,5,19,seen
0.13824667036533356,0.13575956225395203,0.7259937673807144,0.6082853496074677,0.9982414301484823,5,22,seen
0.132829949259758,0.1300409734249115,0.7371290773153305,0.5578857868909836,1.0319807082414627,5,21,seen
0.12459366023540497,0.1206069141626358,0.7547994256019592,0.5482121050357819,1.037849210202694,5,22,seen
0.1293381154537201,0.1355137974023819,0.735148087143898,0.5432200849056245,1.0292073220014573,5,21,seen
0.11889980733394623,0.1228068470954895,0.7582933455705643,0.5231591522693634,1.0426533501595259,5,22,seen
0.12177801132202148,0.129285991191864,0.7489359974861145,0.5114676475524903,1.0485103964805602,5,21,seen
0.11980070918798447,0.12952741980552673,0.7506718710064888,0.5271231204271317,1.032173822633922,5,22,seen
0.17038854956626892,0.13776423037052155,0.6918472200632095,0.6815541982650757,0.9883531715188708,5,20,seen
0.14193063974380493,0.12736469507217407,0.730704665184021,0.5961086869239808,1.0229865312576294,5,21,seen
0.14160454273223877,0.13210895657539368,0.7262865006923676,0.5664181709289551,1.0375521438462394,5,20,seen
0.1502307802438736,0.13016925752162933,0.7195999622344971,0.6610154330730439,0.9894499480724335,5,22,seen
0.13089123368263245,0.12213484197854996,0.7469739243388176,0.5497431814670563,1.0457634940743445,5,21,seen
0.14368027448654175,0.1275869905948639,0.7287327349185944,0.6034571528434753,1.020225828886032,5,21,seen
0.13352841138839722,0.13480684161186218,0.7316647469997406,0.5608193278312683,1.0243306457996368,5,21,seen
0.13261860609054565,0.12743327021598816,0.7399481236934662,0.5835218667984009,1.017428670078516,5,22,seen
0.1301800012588501,0.13067474961280823,0.7391452491283417,0.5467560052871704,1.0348033487796784,5,21,seen
0.11411315947771072,0.14471006393432617,0.7411767765879631,0.4108073741197586,1.1117651648819447,5,18,seen
0.12712939083576202,0.12693361937999725,0.7459369897842407,0.5339434415102006,1.044311785697937,5,21,seen
0.1061650812625885,0.13521230220794678,0.7586226165294647,0.4671263575553894,1.043106097728014,5,22,seen
0.06746689975261688,0.1248147040605545,0.8077183961868286,0.9310432165861129,0.8846439577284314,5,69,seen
0.17243355512619019,0.18589851260185242,0.6416679322719574,0.7242209315299988,0.8983351051807403,5,21,seen
0.3035443127155304,0.15148165822029114,0.5449740290641785,1.1534683883190155,0.7965005040168762,5,19,seen
0.04665835574269295,0.19126950204372406,0.762072142213583,0.8118553899228573,0.8185219305257003,5,87,seen
0.2020096331834793,0.199179008603096,0.5988113582134247,2.060498258471489,0.6786528726418813,5,51,seen
0.09075117111206055,0.11134957522153854,0.7978992536664009,0.9438121795654296,0.9019730693620185,5,52,seen
0.04143894836306572,0.11828301846981049,0.8402780331671238,0.6381598047912121,0.9112874444206835,5,77,seen
0.08675333857536316,0.17232300341129303,0.7409236580133438,1.0236893951892854,0.8248018079771186,5,59,seen
0.06780493259429932,0.11936596781015396,0.8128290995955467,0.7729762315750123,0.9084560524891404,5,57,seen
0.11353325843811035,0.18917496502399445,0.6972917765378952,1.4532257080078126,0.7694254085935396,5,64,seen
0.07316263020038605,0.18147259950637817,0.7453647702932358,0.834053984284401,0.8330547432689106,5,57,seen
0.0546400249004364,0.08874591439962387,0.8566140606999397,0.6119682788848877,0.9594077479839325,5,56,seen
0.1442016363143921,0.2013220191001892,0.6544763445854187,0.5191258907318115,0.981714516878128,5,18,seen
0.04238899052143097,0.122653067111969,0.8349579423666,0.6612682521343232,0.90453777089715,5,78,seen
0.06683741509914398,0.09790600836277008,0.8352565765380859,0.6282717019319535,0.9574892462753668,5,47,seen
0.18373969197273254,0.21218085289001465,0.6040794551372528,0.6982108294963837,0.8828853575082926,5,19,seen
0.07178835570812225,0.1545652449131012,0.7736463993787766,0.7753142416477203,0.8703521993011236,5,54,seen
0.05095435678958893,0.10246152430772781,0.8465841189026833,0.5095435678958893,0.9620274078439582,5,50,seen
0.04055429995059967,0.12219616025686264,0.8372495397925377,0.6569796591997147,0.9042295029759407,5,81,seen
0.17556551098823547,0.15648303925991058,0.6679514497518539,0.5969227373600006,1.0322886041619561,5,17,seen
0.04482743516564369,0.11138686537742615,0.8437856994569302,0.6096531182527541,0.9254423800495363,5,68,seen
0.0964459627866745,0.12532927095890045,0.778224766254425,0.4629406213760376,1.0376330216725667,5,24,seen
0.03767062723636627,0.12178164720535278,0.840547725558281,0.6027300357818604,0.9087002438467902,5,80,seen
0.06941055506467819,0.12135542929172516,0.8092340156435966,0.7635161057114601,0.9083238951101595,5,55,seen
0.12035796791315079,0.11888667941093445,0.7607553526759148,0.45736027806997304,1.111873207757106,5,19,seen
0.13564762473106384,0.11078161746263504,0.7535707578063011,0.4883314490318298,1.1303561367094517,5,18,seen
0.12831979990005493,0.12168629467487335,0.7499939054250717,0.5132791996002197,1.0714198648929596,5,20,seen
0.04233667999505997,0.1330835074186325,0.8245798125863075,0.7620602399110794,0.8834783706281866,5,90,seen
0.14300358295440674,0.1368754655122757,0.7201209515333176,0.572014331817627,1.028744216476168,5,20,seen
0.03800271078944206,0.149850994348526,0.8121462948620319,0.6916493363678455,0.8694742686169988,5,91,seen
0.14155972003936768,0.16062548756599426,0.6978147923946381,0.5945508241653442,0.9769407093524932,5,21,seen
0.1069263219833374,0.13568265736103058,0.757391020655632,0.4704758167266846,1.041412653401494,5,22,seen
0.05526567995548248,0.12240265309810638,0.8223316669464111,0.8068789273500443,0.8959733087625077,5,73,seen
0.12162506580352783,0.13118276000022888,0.7471921741962433,0.48650026321411133,1.0674173917089191,5,20,seen
0.03654848039150238,0.08734219521284103,0.8761093243956566,0.4312720686197281,0.9752915120630894,5,59,seen
0.051894351840019226,0.12576647102832794,0.8223391771316528,0.7265209257602692,0.8994334749877453,5,70,seen
0.17418941855430603,0.12466447055339813,0.7011461108922958,0.7315955579280854,0.9816045552492142,5,21,seen
0.15000344812870026,0.11161107569932938,0.7383854761719704,0.570013102889061,1.079178772866726,5,19,seen
0.04903126880526543,0.10721258819103241,0.8437561430037022,0.7158565245568753,0.919316394615974,5,73,seen
0.11656127870082855,0.1553196907043457,0.7281190305948257,0.5128696262836456,1.0011636670678854,5,22,seen
0.15997031331062317,0.140757754445076,0.6992719322443008,0.6398812532424927,0.9989599032061441,5,20,seen
0.21050627529621124,0.14931069314479828,0.6401830315589905,0.842025101184845,0.914547187941415,5,20,seen
0.1673031598329544,0.11612067371606827,0.7165761664509773,0.7361339032649994,0.9852922288700938,5,22,seen
0.06346552073955536,0.108517587184906,0.8280168920755386,0.888517290353775,0.9056434757076204,5,70,seen
0.05390286445617676,0.18428120017051697,0.7618159353733063,0.8732264041900635,0.8227612102031707,5,81,seen
0.18934142589569092,0.12470243871212006,0.685956135392189,0.7573657035827637,0.9799373362745558,5,20,seen
0.09202063828706741,0.15984494984149933,0.7481344118714333,0.9938228935003282,0.8416512133553624,5,54,seen
0.20282679796218872,0.1719294637441635,0.6252437382936478,0.7707418322563172,0.9138177713522544,5,19,seen
0.15919749438762665,0.14239689707756042,0.6984056085348129,0.6367899775505066,0.9977222979068757,5,20,seen
0.15395230054855347,0.1560150384902954,0.6900326609611511,0.5542282819747925,1.0350489914417267,5,18,seen
0.1746152937412262,0.14288529753684998,0.6824994087219238,0.6984611749649048,0.9749991553170341,5,20,seen
0.04685504734516144,0.16246114671230316,0.7906838059425354,0.7965358048677444,0.8507357405710824,5,85,seen
0.06296402215957642,0.17053145170211792,0.7665045261383057,0.8563107013702392,0.8406823835065288,5,68,seen
0.1823691427707672,0.18038368225097656,0.6372471749782562,0.7294765710830688,0.9103531071117946,5,20,seen
0.03177886828780174,0.1361539661884308,0.8320671655237675,0.5211734399199486,0.8977566785914333,5,82,seen
0.14409244060516357,0.18237964808940887,0.6735279113054276,0.5763697624206543,0.9621827304363252,5,20,seen
0.1629199981689453,0.18166223168373108,0.6554177701473236,0.5865119934082031,0.9831266552209854,5,18,seen
0.20135138928890228,0.1831861436367035,0.6154624670743942,0.7248650014400482,0.9231937006115913,5,18,seen
0.053815994411706924,0.16346879303455353,0.7827152125537395,0.7534239217638969,0.8560947637306526,5,70,seen
0.02842460572719574,0.1071978211402893,0.864377573132515,0.5002730607986451,0.9276247126300161,5,88,seen
0.09493225812911987,0.18324171006679535,0.7218260318040848,0.4177019357681275,0.9925107937306166,5,22,seen
0.15148505568504333,0.15087449550628662,0.69764044880867,0.6968312561511993,0.9438664895646713,5,23,seen
0.16086384654045105,0.23202168941497803,0.6071144640445709,0.6756281554698944,0.8499602496623992,5,21,seen
0.18232005834579468,0.19881750643253326,0.6188624352216721,0.6198881983757019,0.9564237635244022,5,17,seen
0.12688776850700378,0.17457889020442963,0.6985333412885666,0.5075510740280151,0.9979047732693809,5,20,seen
0.07556045800447464,0.1535349041223526,0.7709046378731728,1.1787431448698045,0.8351466910292704,5,78,seen
0.1637876331806183,0.23020434379577637,0.6060080230236053,0.5896354794502258,0.909012034535408,5,18,seen
0.13497698307037354,0.18521805107593536,0.6798049658536911,0.5399079322814941,0.9711499512195588,5,20,seen
0.04886981099843979,0.15517893433570862,0.7959512546658516,0.7819169759750366,0.8604878428820016,5,80,seen
0.08185446262359619,0.16760548949241638,0.7505400478839874,0.9822535514831543,0.8339333865377638,5,60,seen
0.05526021122932434,0.11360308527946472,0.8311367034912109,0.7957470417022705,0.9066945856267756,5,72,seen
0.17778243124485016,0.18949100375175476,0.6327265650033951,0.6755732387304306,0.9247542103895774,5,19,seen
0.08379624783992767,0.16708052158355713,0.7491232305765152,1.0223142236471177,0.830845764821226,5,61,seen
0.07871142029762268,0.14764271676540375,0.7736458629369736,0.8185987710952758,0.8745561928852745,5,52,seen
0.1567850112915039,0.19407588243484497,0.6491391062736511,0.564426040649414,0.9737086594104767,5,18,seen
0.07467713207006454,0.17123836278915405,0.7540845051407814,0.8662547320127486,0.8410942557339485,5,58,seen
0.17751505970954895,0.19962239265441895,0.6228625476360321,0.674557226896286,0.910337569621893,5,19,seen
0.04798150062561035,0.10993105173110962,0.84208744764328,0.5757780075073242,0.9356527196036445,5,60,seen
0.24117085337638855,0.2311301827430725,0.5276989638805389,1.0611517548561096,0.725586075335741,5,22,seen
0.15470319986343384,0.13335534930229187,0.7119414508342743,0.6497534394264222,0.996718031167984,5,21,seen
0.20082062482833862,0.17136037349700928,0.6278190016746521,0.7631183743476868,0.9175816178321838,5,19,seen
0.04324459657073021,0.1253703534603119,0.8313850499689579,0.7697538189589977,0.8914851740630995,5,89,seen
0.17530296742916107,0.1387496292591095,0.6859474033117294,0.7362724632024765,0.9603263646364212,5,21,seen
0.1434224247932434,0.1559874713420868,0.7005901038646698,0.5163207292556763,1.0508851557970047,5,18,seen
0.030255848541855812,0.11977002024650574,0.8499741312116385,0.7563962135463953,0.8928299697601244,5,125,seen
0.0444679819047451,0.12741698324680328,0.8281150348484516,0.6403389394283294,0.9033982198346745,5,72,seen
0.20337794721126556,0.12977875769138336,0.6668432950973511,0.732160609960556,1.0002649426460266,5,18,seen
0.18322473764419556,0.1401757299900055,0.676599532365799,0.6229641079902649,1.0456538227471437,5,17,seen
0.10608173906803131,0.14056958258152008,0.7533486783504486,0.9971683472394943,0.8635948264017337,5,47,seen
0.05881258845329285,0.10710622370243073,0.8340811878442764,0.846901273727417,0.9099067503755743,5,72,seen
0.06261121481657028,0.11367051303386688,0.8237182721495628,0.7012456059455872,0.9225644648075103,5,56,seen
0.199779212474823,0.15836064517498016,0.6418601423501968,0.7192051649093628,0.9627902135252953,5,18,seen
0.20931747555732727,0.14049138128757477,0.650191143155098,0.6698159217834473,1.0403058290481568,5,16,seen
0.09631949663162231,0.1647956669330597,0.738884836435318,1.1173061609268187,0.8241407791009316,5,58,seen
0.04389144480228424,0.1541077345609665,0.8020008206367493,0.5705887824296951,0.8835602261252322,5,65,seen
0.052966851741075516,0.12431381642818451,0.82271933183074,0.6991624429821968,0.904991265013814,5,66,seen
0.04720544070005417,0.12172283232212067,0.8310717269778252,0.5947885528206825,0.9185529613965436,5,63,seen
0.12100715935230255,0.17864060401916504,0.7003522366285324,1.234273025393486,0.7937325348456701,5,51,seen
0.16375645995140076,0.14473441243171692,0.6915091276168823,0.6222745478153229,1.0106671865169818,5,19,seen
0.15189683437347412,0.13561834394931793,0.712484821677208,0.5468286037445068,1.068727232515812,5,18,seen
0.2082550823688507,0.17562848329544067,0.6161164343357086,0.6664162635803222,0.9857862949371338,5,16,seen
0.16189494729042053,0.21638129651546478,0.6217237561941147,0.7123377680778503,0.8548701647669077,5,22,seen
0.19737602770328522,0.21466484665870667,0.5879591256380081,0.907929727435112,0.7954741111573052,5,23,seen
0.1730761080980301,0.14421646296977997,0.6827074289321899,0.7269196540117264,0.9557904005050659,5,21,seen
0.1714460849761963,0.14093691110610962,0.6876170039176941,0.7543627738952637,0.9454733803868294,5,22,seen
0.14770226180553436,0.2195175141096115,0.6327802240848541,0.6794304043054581,0.856114420820685,5,23,seen
0.17795845866203308,0.17832133173942566,0.6437202095985413,0.7118338346481323,0.9196002994264876,5,20,seen
0.06856584548950195,0.1139439195394516,0.8174902349710464,0.6445189476013183,0.9371229522838824,5,47,seen
0.06362824141979218,0.15471342206001282,0.781658336520195,0.8526184350252152,0.858542763063165,5,67,seen
0.19409789144992828,0.15963539481163025,0.6462667137384415,0.7763915657997131,0.9232381624834879,5,20,seen
0.020724458619952202,0.15815989673137665,0.8211156446486712,0.49738700687885284,0.864332257524917,5,120,seen
0.16980868577957153,0.22315797209739685,0.6070333421230316,0.7471582174301148,0.8346708454191685,5,22,seen
0.026106657460331917,0.18392722308635712,0.789966119453311,0.5900104586035013,0.8342632850301321,5,113,seen
0.11655289679765701,0.21233564615249634,0.6711114570498466,0.48952216655015945,0.9395560398697853,5,21,seen
0.14089375734329224,0.2644946277141571,0.5946116149425507,0.6199325323104858,0.8175909705460072,5,22,seen
0.04692297428846359,0.11143507063388824,0.8416419550776482,0.6850754246115685,0.9170128764278853,5,73,seen
0.16480526328086853,0.13817241787910461,0.6970223188400269,0.6262600004673005,1.0187249275354238,5,19,seen
0.052489861845970154,0.14588582515716553,0.8016243129968643,0.7558540105819702,0.8744992505420338,5,72,seen
0.06711778789758682,0.1216784417629242,0.811203770339489,0.7919898971915246,0.9030381594345255,5,59,seen
0.10383160412311554,0.1928257793188095,0.703342616558075,1.2875118911266328,0.7787007540464401,5,62,seen
0.046029284596443176,0.11362358927726746,0.8403471261262894,0.5707631289958954,0.930384318211249,5,62,seen
0.06692755222320557,0.11995039135217667,0.8131220564246178,0.8432871580123902,0.8987138518377354,5,63,seen
0.19242197275161743,0.1948695182800293,0.6127085089683533,0.9236254692077637,0.8169446786244711,5,24,seen
0.1757020354270935,0.13813376426696777,0.6861642003059387,0.7730889558792114,0.9434757754206657,5,22,seen
0.16990382969379425,0.1332940012216568,0.696802169084549,0.7815576165914536,0.9427323464085074,5,23,seen
0.22549548745155334,0.16444508731365204,0.6100594252347946,0.8568828523159028,0.8916253138046998,5,19,seen
0.16894842684268951,0.15706391632556915,0.6739876568317413,0.7771627634763718,0.9118656533605912,5,23,seen
0.16014167666435242,0.17768321931362152,0.6621751040220261,0.6725950419902802,0.9270451456308365,5,21,seen
0.18965336680412292,0.20898020267486572,0.6013664305210114,0.6448214471340179,0.929384483532472,5,17,seen
0.19454550743103027,0.1369892656803131,0.6684652268886566,0.7392729282379151,0.9769876392988058,5,19,seen
0.08469849824905396,0.1306907683610916,0.7846107333898544,1.2027186751365662,0.8570363395489179,5,71,seen
0.21562132239341736,0.1776372641324997,0.606741413474083,0.7762367606163024,0.9101121202111244,5,18,seen
0.21735870838165283,0.18132226169109344,0.6013190299272537,0.8694348335266113,0.8590271856103625,5,20,seen
0.08473562449216843,0.12179851531982422,0.7934658601880074,1.1693516179919243,0.86903403734877,5,69,seen
0.16118130087852478,0.14475935697555542,0.6940593421459198,0.5802526831626892,1.0410890132188797,5,18,seen
0.06801637262105942,0.1434546262025833,0.7885290011763573,0.9658324912190437,0.8613162935926364,5,71,seen
0.1867487132549286,0.21072514355182648,0.6025261431932449,0.6722953677177429,0.9037892147898674,5,18,seen
0.05277373269200325,0.12697911262512207,0.8202471546828747,0.8021607369184495,0.8905540536556925,5,76,seen
0.14993415772914886,0.15719367563724518,0.692872166633606,0.659710294008255,0.9526992291212082,5,22,seen
0.05013446509838104,0.13618704676628113,0.8136784881353378,0.7620438694953919,0.8834223585469383,5,76,seen
0.2360026240348816,0.13882865011692047,0.6251687258481979,0.8024089217185973,0.9661698490381241,5,17,seen
0.13055162131786346,0.18265298008918762,0.6867953985929489,1.436067834496498,0.7708927943390244,5,55,seen
0.06687270104885101,0.1466137170791626,0.7865135818719864,0.7623487919569016,0.8790445915039847,5,57,seen
0.14841216802597046,0.14296074211597443,0.7086270898580551,0.623331105709076,0.9920779258012772,5,21,seen
0.10862069576978683,0.19505058228969574,0.6963287219405174,1.3468966275453569,0.7709353707198586,5,62,seen
0.09992487728595734,0.1854267120361328,0.7146484106779099,1.0392187237739563,0.8078634207663329,5,52,seen
0.08851493149995804,0.1606162190437317,0.7508688494563103,1.2746150135993957,0.8191296539523385,5,72,seen
0.08215142786502838,0.19538280367851257,0.722465768456459,0.9365262776613236,0.8074617412160424,5,57,seen
0.2601854205131531,0.11932521313428879,0.6204893663525581,1.092778766155243,0.8686851128935814,5,21,seen
0.0996614396572113,0.1347372680902481,0.7656012922525406,1.136140412092209,0.8556720325175453,5,57,seen
0.051423490047454834,0.14295829832553864,0.8056182116270065,0.6273665785789491,0.8935038347135891,5,61,seen
0.05651596933603287,0.09977896511554718,0.84370506554842,0.6442820504307747,0.9429644850247046,5,57,seen
0.05676780268549919,0.20047679543495178,0.742755401879549,0.6698600716888905,0.8268409190734602,5,59,seen
0.17506161332130432,0.13319312036037445,0.6917452663183212,0.770271098613739,0.9511497411876917,5,22,seen
0.09829974174499512,0.1774449646472931,0.7242552936077118,1.1402770042419432,0.8078232121009092,5,58,seen
0.23348256945610046,0.14936712384223938,0.6171503067016602,0.980626791715622,0.8640104293823242,5,21,seen
0.2773714065551758,0.15046602487564087,0.5721625685691833,1.1094856262207031,0.8173750979559763,5,20,seen
0.23154999315738678,0.1735750436782837,0.5948749631643295,0.8335799753665923,0.8923124447464943,5,18,seen
0.08456384390592575,0.11684299260377884,0.7985931634902954,0.9471150517463683,0.8944243431091308,5,56,seen
0.18155916035175323,0.13035424053668976,0.688086599111557,0.7262366414070129,0.9829808558736529,5,20,seen
0.0737142562866211,0.16097797453403473,0.7653077691793442,1.0614852905273438,0.8348812027411028,5,72,seen
0.07416648417711258,0.2000546157360077,0.7257789000868797,1.0828306689858438,0.7907740254677943,5,73,seen
0.05378758907318115,0.1151823028922081,0.8310301080346107,0.7422687292098998,0.9101758326093357,5,69,seen
0.05161230266094208,0.11932148039340973,0.8290662169456482,0.8257968425750732,0.8962878021034034,5,80,seen
0.18507318198680878,0.14547385275363922,0.669452965259552,0.7032780915498734,0.9784312569178067,5,19,seen
0.04195550084114075,0.14100219309329987,0.8170423060655594,0.7384168148040772,0.8768258894362101,5,88,seen
0.043587662279605865,0.13441422581672668,0.8219981119036674,0.653814934194088,0.8934762085909428,5,75,seen
0.28901004791259766,0.18807841837406158,0.5229115337133408,1.2138422012329102,0.7320761471986771,5,21,seen
0.20344248414039612,0.14623621106147766,0.6503213047981262,0.8137699365615845,0.9290304354258947,5,20,seen
0.19075897336006165,0.13361427187919617,0.6756267547607422,0.8011876881122589,0.9458774566650391,5,21,seen
0.21506883203983307,0.17674848437309265,0.6081826835870743,1.0323303937911987,0.8109102447827657,5,24,seen
0.08355418592691422,0.2315184772014618,0.684927336871624,0.9525177195668221,0.7655070235624033,5,57,seen
0.18493708968162537,0.1651575267314911,0.6499053835868835,0.8507106125354768,0.8792837542646073,5,23,seen
0.14314480125904083,0.19784338772296906,0.6590118110179901,0.6012081652879715,0.9226165354251862,5,21,seen
0.12145314365625381,0.17589519917964935,0.7026516571640968,1.6760533824563026,0.7695708626082965,5,69,seen
0.08030156791210175,0.14739349484443665,0.7723049372434616,1.011799755692482,0.853600193795405,5,63,seen
0.060753241181373596,0.10547108203172684,0.8337756767868996,1.0328051000833511,0.89710041173274,5,85,seen
0.0383206382393837,0.11189188063144684,0.8497874811291695,0.559481318295002,0.9258878525735726,5,73,seen
0.06632311642169952,0.1138429120182991,0.8198339715600014,0.7428189039230346,0.9182140481472015,5,56,seen
0.0675848051905632,0.11518090963363647,0.8172342851758003,0.865085506439209,0.9017757629526073,5,64,seen
0.07235180586576462,0.17202073335647583,0.7556274607777596,1.0273956432938576,0.8253776879264758,5,71,seen
0.1769864857196808,0.15573683381080627,0.6672766804695129,0.7433432400226594,0.9341873526573181,5,21,seen
0.04081513732671738,0.12487268447875977,0.8343121781945229,0.7754876092076302,0.8905579430166255,5,95,seen
0.13923412561416626,0.15953116118907928,0.7012347131967545,1.6151158571243285,0.782146410873303,5,58,seen
0.05973202735185623,0.12795567512512207,0.8123122975230217,0.7048379227519036,0.9042721802614769,5,59,seen
0.1544085144996643,0.13453516364097595,0.7110563218593597,0.5867523550987244,1.0392361627175257,5,19,seen
0.21331840753555298,0.18132738769054413,0.6053542047739029,0.7679462671279906,0.9080313071608543,5,18,seen
0.20678840577602386,0.1656726747751236,0.6275389194488525,0.7444382607936859,0.9413083791732788,5,18,seen
0.051879677921533585,0.1389118731021881,0.8092084489762783,0.6329320706427097,0.897485734319145,5,61,seen
0.05507942661643028,0.11707665771245956,0.8278439156711102,0.5948578074574471,0.9313244051299989,5,54,seen
0.15865972638130188,0.17199620604515076,0.6693440675735474,0.6346389055252075,0.9562058108193534,5,20,seen
0.09338393062353134,0.17065320909023285,0.7359628602862358,0.9525160923600197,0.834091241657734,5,51,seen
0.18267640471458435,0.14568592607975006,0.6716376692056656,0.7672408998012543,0.9402927368879318,5,21,seen
0.20035666227340698,0.1997343897819519,0.5999089479446411,0.8014266490936279,0.8570127827780588,5,20,seen
0.1919862926006317,0.17741519212722778,0.6305985152721405,0.7295479118824005,0.9216439838592823,5,19,seen
0.20528139173984528,0.17327913641929626,0.6214394718408585,0.7800692886114121,0.9082576896135623,5,19,seen
0.13748738169670105,0.19716283679008484,0.6653497815132141,0.4674570977687836,1.0282678441567854,5,17,seen
0.19373443722724915,0.1998874843120575,0.6063780784606934,0.7749377489089966,0.8662543978009906,5,20,seen
0.056508541107177734,0.1330585926771164,0.8104328662157059,0.6894042015075684,0.8988437243483284,5,61,seen
0.16793298721313477,0.17415772378444672,0.6579092890024185,0.6381453514099121,0.9615597300804578,5,19,seen
0.07030696421861649,0.13981729745864868,0.7898757383227348,0.7452538207173347,0.8907109389596797,5,53,seen
0.21093647181987762,0.13731911778450012,0.6517444103956223,0.7171840041875839,1.0072413615205071,5,17,seen
0.18651822209358215,0.15213270485401154,0.6613490730524063,0.5968583106994629,1.05815851688385,5,16,seen
0.15623831748962402,0.14100536704063416,0.7027563154697418,0.49996261596679686,1.1244101047515869,5,16,seen
0.1912735402584076,0.12895113229751587,0.6797753274440765,0.6503300368785858,1.0505618696863,5,17,seen
0.07448248565196991,0.17096033692359924,0.7545571774244308,1.0278583019971848,0.8264197657505672,5,69,seen
0.1730499565601349,0.15896286070346832,0.6679871827363968,0.5883698523044586,1.0323438278653405,5,17,seen
0.20739184319972992,0.14110179245471954,0.6515063643455505,0.7051322668790817,1.0068734721703962,5,17,seen
0.1441914439201355,0.17615960538387299,0.6796489506959915,0.5479274868965149,0.9933330817864491,5,19,seen
0.1713659167289734,0.14845798909664154,0.6801760941743851,0.5826441168785095,1.0511812364513222,5,17,seen
0.15642645955085754,0.1917296200990677,0.6518439203500748,0.5005646705627441,1.0429502725601196,5,16,seen
0.07659408450126648,0.14360284805297852,0.779803067445755,0.8578537464141845,0.8733794355392456,5,56,seen
0.17338068783283234,0.1832214593887329,0.6433978527784348,0.6241704761981964,0.9650967791676521,5,18,seen
0.12113571912050247,0.20815110206604004,0.6707131788134575,1.671672923862934,0.7345906244147392,5,69,seen
0.18064460158348083,0.1570814549922943,0.6622739434242249,0.650320565700531,0.9934109151363373,5,18,seen
0.22883252799510956,0.20309409499168396,0.5680733770132065,0.8237971007823943,0.8521100655198097,5,18,seen
0.1364573836326599,0.16460472345352173,0.6989378929138184,0.4639551043510437,1.0801767435940828,5,17,seen
0.06893346458673477,0.19206225872039795,0.7390042766928673,0.8823483467102051,0.8154529949714397,5,64,seen
0.14779627323150635,0.16578635573387146,0.6864173710346222,0.5025073289871216,1.0608268461444161,5,17,seen
0.22281232476234436,0.1968296766281128,0.5803579986095428,0.7129994392395019,0.9285727977752686,5,16,seen
0.1782187819480896,0.18470162153244019,0.6370795965194702,0.6772313714027405,0.9311163333746103,5,19,seen
0.11201032996177673,0.15674659609794617,0.7312430739402771,1.29931982755661,0.8156172747795398,5,58,seen
0.06666136533021927,0.17502865195274353,0.7583099827170372,1.0799141183495522,0.8189747813344002,5,81,seen
0.05403999611735344,0.135661318898201,0.8102986849844456,0.7781759440898894,0.8839622018012134,5,72,seen
0.019985506311058998,0.35983043909072876,0.6201840545982122,0.5116289615631103,0.6506849097423866,5,128,seen
0.01426994614303112,0.22250908613204956,0.7632209677249193,0.3653106212615967,0.8007564251540137,5,128,seen
0.028248094022274017,0.23786422610282898,0.733887679874897,0.7231512069702148,0.7699805165900558,5,128,seen
0.01894431933760643,0.39517754316329956,0.585878137499094,0.4849745750427246,0.614691816392492,5,128,seen
0.22898799180984497,0.190723717212677,0.580288290977478,0.7327615737915039,0.9284612655639648,5,16,seen
0.03389102965593338,0.27506327629089355,0.6910456940531731,0.8676103591918946,0.7250315478590669,5,128,seen
0.02931107021868229,0.40773648023605347,0.5629524495452642,0.7503633975982666,0.590638635588474,5,128,seen
0.16426590085029602,0.15154853463172913,0.6841855645179749,0.5585040628910064,1.0573776906186882,5,17,seen
0.1526871621608734,0.18943849205970764,0.657874345779419,0.5191363513469696,1.0167148980227383,5,17,seen
0.03389102965593338,0.27506327629089355,0.6910456940531731,0.8676103591918946,0.7250315478590669,5,128,seen
0.1847693920135498,0.18001270294189453,0.6352179050445557,0.6282159328460694,0.9817003987052223,5,17,seen
0.24526529014110565,0.19874024391174316,0.5559944659471512,0.8339019864797592,0.8592641746455972,5,17,seen
0.041712686419487,0.12683486938476562,0.8314524441957474,0.5756350725889205,0.9106383912620091,5,69,seen
0.15053458511829376,0.156899094581604,0.6925663203001022,0.6322452574968338,0.9695928484201431,5,21,seen
0.019899722188711166,0.10827340185642242,0.8718268759548664,0.3741147771477699,0.9312696174972437,5,94,seen
0.1624646782875061,0.15629063546657562,0.6812446862459183,0.6173657774925232,0.9956653106671113,5,19,seen
0.015894433483481407,0.24715197086334229,0.7369535956531763,0.40689749717712403,0.7731972151115293,5,128,seen
0.15768882632255554,0.1602710485458374,0.6820401251316071,0.6307553052902222,0.9743430359022959,5,20,seen
0.19016210734844208,0.1615576148033142,0.6482802778482437,0.7986808508634567,0.9075923889875411,5,21,seen
0.13855886459350586,0.1931585967540741,0.66828253865242,0.5542354583740234,0.9546893409320287,5,20,seen
0.16803714632987976,0.15303203463554382,0.6789308190345764,0.672148585319519,0.9699011700493949,5,20,seen
0.053435277193784714,0.12657538056373596,0.8199893422424793,0.7053456589579582,0.9019882764667273,5,66,seen
0.15247640013694763,0.14833422005176544,0.6991893798112869,0.6099056005477905,0.9988419711589814,5,20,seen
0.12725621461868286,0.20555393397808075,0.6671898514032364,0.534476101398468,0.9340657919645309,5,21,seen
0.1641055941581726,0.18848970532417297,0.6474047005176544,0.6564223766326904,0.9248638578823635,5,20,seen
0.1504029631614685,0.15692906081676483,0.6926679760217667,0.6617730379104615,0.9524184670299292,5,22,seen
0.08798602968454361,0.11658363789319992,0.7954303324222565,1.0030407384037971,0.8890103715307572,5,57,seen
0.1880001723766327,0.16653236746788025,0.6454674601554871,0.7896007239818573,0.9036544442176818,5,21,seen
0.1822206676006317,0.19456587731838226,0.623213455080986,0.7288826704025269,0.89030493582998,5,20,seen
0.06645004451274872,0.11101729422807693,0.8225326612591743,0.8106905430555345,0.9122634970329024,5,61,seen
0.0646413266658783,0.10570657253265381,0.8296521008014679,0.9696198999881744,0.901795761740726,5,75,seen
0.2959182560443878,0.21251294016838074,0.49156880378723145,1.242856675386429,0.688196325302124,5,21,seen
0.07344251871109009,0.13494518399238586,0.791612297296524,0.9106872320175171,0.8764279005782946,5,62,seen
0.10841160267591476,0.18384039402008057,0.7077480033040047,1.6261740401387215,0.7692913079391355,5,75,seen
0.07733771950006485,0.09833475947380066,0.8243275210261345,0.9125850901007653,0.9176476177460742,5,59,seen
0.060020655393600464,0.14937743544578552,0.790601909160614,0.780268520116806,0.8710021033125409,5,65,seen
0.07718484103679657,0.11317622661590576,0.8096389323472977,0.8490332514047623,0.9087783934510485,5,55,seen
0.028750864788889885,0.1406395137310028,0.8306096214801073,0.4830145284533501,0.8945026692862694,5,84,seen
0.1442616879940033,0.13513565063476562,0.7206026613712311,0.4904897391796112,1.1136586584828116,5,17,seen
0.05149392783641815,0.1332463175058365,0.8152597546577454,0.6385247051715851,0.902609014085361,5,62,seen
0.14255918562412262,0.13141466677188873,0.7260261476039886,0.5132130682468414,1.089039221405983,5,18,seen
0.0786227136850357,0.17486846446990967,0.7465088218450546,1.0692689061164855,0.8187516110558664,5,68,seen
0.18352772295475006,0.1387115865945816,0.6777606904506683,0.6974053472280503,0.9905733168125153,5,19,seen
0.09510959684848785,0.12714089453220367,0.7777495086193085,0.36141646802425387,1.1367108202897585,5,19,seen
0.04093334078788757,0.11592002213001251,0.8431466370820999,0.5976267755031586,0.9186523060745267,5,73,seen
0.07146351784467697,0.11019927263259888,0.8183372095227242,0.3001467749476433,1.1456720933318139,5,21,seen
0.07829847186803818,0.1185498908162117,0.8031516373157501,0.26621480435132977,1.2412343485788866,5,17,seen
0.09397367388010025,0.1440615952014923,0.7619647309184074,0.357099960744381,1.113640760573057,5,19,seen
0.05236897990107536,0.145906001329422,0.8017250187695026,0.7750609025359153,0.8724654616021058,5,74,seen
0.052601225674152374,0.12569455802440643,0.8217042163014412,0.7048564240336419,0.9025275818392879,5,67,seen
0.12558934092521667,0.14634621143341064,0.7280644476413727,0.5023573637008667,1.040092068059104,5,20,seen
0.0392792783677578,0.12025308609008789,0.8404676355421543,0.6520360209047794,0.9059586201298546,5,83,seen
0.11096115410327911,0.15125076472759247,0.7377880811691284,0.3994601547718048,1.1066821217536926,5,18,seen
0.07503581047058105,0.13431179523468018,0.7906523942947388,0.2551217555999756,1.2219173366373235,5,17,seen
0.04333340749144554,0.20333567261695862,0.7533309198915958,0.7626679718494416,0.8084526945178102,5,88,seen
0.05952630564570427,0.20903655886650085,0.7314371354877949,0.904799845814705,0.7941317471010344,5,76,seen
0.05434223264455795,0.1085909754037857,0.8370667919516563,0.6738436847925187,0.9267525196607624,5,62,seen
0.07889073342084885,0.12763938307762146,0.7934698835015297,1.167582854628563,0.8634819320457823,5,74,seen
0.22762930393218994,0.12061084061861038,0.6517598554491997,0.7739396333694458,1.007265231148763,5,17,seen
0.07983101904392242,0.10571280121803284,0.8144561797380447,0.8621750056743622,0.9162632022053003,5,54,seen
0.054202158004045486,0.1333165019750595,0.812481340020895,0.6504258960485458,0.9027570444676611,5,60,seen
0.14614740014076233,0.1947999745607376,0.6590526252985001,0.4969011604785919,1.0185358754613183,5,17,seen
0.16725505888462067,0.19056794047355652,0.6421770006418228,0.5686672002077102,0.9924553646282716,5,17,seen
0.18919268250465393,0.1387266218662262,0.6720806956291199,0.718932193517685,0.9822717859194828,5,19,seen
0.055881351232528687,0.099739208817482,0.8443794399499893,0.7823389172554016,0.9235400124453008,5,70,seen
0.07248618453741074,0.17369569838047028,0.753818117082119,0.7683535560965538,0.8500502171351554,5,53,seen
0.12032240629196167,0.21412646770477295,0.6655511260032654,0.433160662651062,0.9983266890048981,5,18,seen
0.050485119223594666,0.11448215693235397,0.8350327238440514,0.5856273829936981,0.9313826535183649,5,58,seen
0.1013297438621521,0.1793031096458435,0.7193671464920044,1.1754250288009642,0.8023710480103126,5,58,seen
0.07260766625404358,0.12981340289115906,0.7975789308547974,0.9293781280517578,0.8800870961156385,5,64,seen
0.04583067446947098,0.12184576690196991,0.8323235586285591,0.5774664983153344,0.9199365647999864,5,63,seen
0.2143419086933136,0.18755164742469788,0.5981064438819885,0.8144992530345917,0.8741555718275217,5,19,seen
0.12957531213760376,0.15620119869709015,0.7142234891653061,0.4664711236953735,1.0713352337479591,5,18,seen
0.22789542376995087,0.1439025104045868,0.6282020658254623,0.8204235255718231,0.9423030987381935,5,18,seen
0.11662449687719345,0.18135958909988403,0.7020159140229225,1.5161184594035149,0.7734073629066096,5,65,seen
0.05906981974840164,0.13535863161087036,0.805571548640728,0.6615819811820983,0.9022401344776153,5,56,seen
0.06449171900749207,0.1134602501988411,0.8220480307936668,0.6965105652809144,0.9248040346428752,5,54,seen
0.07368417084217072,0.18890750408172607,0.7374083250761032,0.9726310551166534,0.8111491575837135,5,66,seen
0.2454683780670166,0.2123059183359146,0.5422257035970688,1.0309671878814697,0.7591159850358963,5,21,seen
0.33443692326545715,0.24948738515377045,0.4160756915807724,1.2039729237556458,0.6241135373711586,5,18,seen
0.10023646801710129,0.1703615039587021,0.7294020280241966,1.2028376162052155,0.8104466978046629,5,60,seen
0.27637413144111633,0.26674529910087585,0.4568805694580078,1.050221699476242,0.6677485245924729,5,19,seen
0.11933231353759766,0.22304731607437134,0.657620370388031,1.2410560607910155,0.7433969404386438,5,52,seen
0.26853471994400024,0.21558398008346558,0.5158812999725342,1.020431935787201,0.7539803614983192,5,19,seen
0.14600521326065063,0.2346496731042862,0.6193451136350632,1.7228615164756775,0.6894596548012967,5,59,seen
0.24156181514263153,0.1934281885623932,0.5650099962949753,1.1111843496561051,0.7644252891049667,5,23,seen
0.20333248376846313,0.2369643896818161,0.5597031265497208,1.9113253474235534,0.641610901166753,5,47,seen
0.14079070091247559,0.1367696225643158,0.7224396765232086,1.8584372520446777,0.7946836441755295,5,66,seen
0.09869708865880966,0.205551415681839,0.6957514956593513,1.401498658955097,0.7599747106432915,5,71,seen
0.16578522324562073,0.19560633599758148,0.6386084407567978,1.6578522324562073,0.7256914099509065,5,50,seen
0.12762358784675598,0.21007941663265228,0.6622969955205917,1.5059583365917206,0.7372740138814134,5,59,seen
0.08015887439250946,0.2017281949520111,0.7181129306554794,1.4107961893081666,0.7706577792400268,5,88,seen
0.1466212272644043,0.12317965924739838,0.7301991134881973,1.7594547271728516,0.8113323483202193,5,60,seen
0.09824912250041962,0.20756667852401733,0.694184198975563,1.3361880660057068,0.7613633150054563,5,68,seen
0.2782523036003113,0.20692339539527893,0.5148243010044098,1.1686596751213074,0.7207540214061737,5,21,seen
0.3234380781650543,0.22948886454105377,0.4470730572938919,1.1643770813941956,0.6706095859408379,5,18,seen
0.17752592265605927,0.22576572000980377,0.596708357334137,2.0948058873414994,0.6642602468436619,5,59,seen
0.3125251531600952,0.22617948055267334,0.46129536628723145,1.500120735168457,0.6150604883829752,5,24,seen
0.276141881942749,0.20481237769126892,0.5190457403659821,1.2150242805480957,0.7136878930032253,5,22,seen
0.12977378070354462,0.21522068977355957,0.6550055295228958,1.661104393005371,0.7227647222321609,5,64,seen
0.06222502887248993,0.20413561165332794,0.7336393594741821,0.7467003464698792,0.8151548438602023,5,60,seen
0.09051449596881866,0.14413228631019592,0.7653532177209854,0.9956594556570053,0.859069938258249,5,55,seen
0.1587623655796051,0.1841922402381897,0.6570453941822052,0.6032969892024994,0.9602971145739921,5,19,seen
0.13080951571464539,0.17944033443927765,0.689750149846077,0.5493999660015106,0.9656502097845078,5,21,seen
0.20962856709957123,0.1727275848388672,0.6176438480615616,0.8804399818181992,0.8647013872861862,5,21,seen
0.12685254216194153,0.14167585968971252,0.731471598148346,0.4566691517829895,1.097207397222519,5,18,seen
0.13125240802764893,0.18190014362335205,0.686847448348999,0.5775105953216553,0.9444152414798737,5,22,seen
0.22387909889221191,0.1853920817375183,0.5907288193702698,0.7164131164550781,0.9451661109924316,5,16,seen
0.07367981970310211,0.1629401296377182,0.7633800506591797,0.6925903052091599,0.8750942044141815,5,47,seen
0.16822625696659088,0.15360963344573975,0.6781641095876694,0.8074860334396362,0.9042188127835592,5,24,seen
0.10090180486440659,0.2595329284667969,0.6395652666687965,1.1502805754542351,0.7148082392180667,5,57,seen
0.1850699633359909,0.17648066580295563,0.6384493708610535,0.7402798533439636,0.912070529801505,5,20,seen
0.1469203233718872,0.16707205772399902,0.6860076189041138,0.6464494228363037,0.9432604759931564,5,22,seen
0.07915283739566803,0.19485929608345032,0.7259878665208817,0.8548506438732147,0.8167363498359919,5,54,seen
0.2270764708518982,0.1438562273979187,0.6290673017501831,0.9537211775779725,0.8806942224502563,5,21,seen
0.21841733157634735,0.16336002945899963,0.618222638964653,0.742618927359581,0.9554349874908273,5,17,seen
0.19067655503749847,0.16603821516036987,0.6432852298021317,0.8008415311574937,0.9005993217229843,5,21,seen
0.19743379950523376,0.15980684757232666,0.6427593529224396,0.7107616782188415,0.9641390293836594,5,18,seen
0.24027958512306213,0.18302564322948456,0.5766947716474533,1.009174257516861,0.8073726803064346,5,21,seen
0.1557997167110443,0.15729758143424988,0.6869027018547058,0.5608789801597595,1.0303540527820587,5,18,seen
0.0841355174779892,0.19875916838645935,0.7171053141355515,1.24520565867424,0.7803793124416295,5,74,seen
0.05839940160512924,0.18525323271751404,0.7563473656773567,0.8759910240769386,0.8221167018232138,5,75,seen
0.06046643853187561,0.13974806666374207,0.7997854948043823,0.8707167148590087,0.8724932670593262,5,72,seen
0.06396786123514175,0.12098447978496552,0.8150476589798927,0.9083436295390128,0.8902828275011136,5,71,seen
0.03259887918829918,0.15746404230594635,0.8099370785057545,0.5346216186881065,0.8738794794404192,5,82,seen
0.06265932321548462,0.1352333277463913,0.8021073490381241,0.7017844200134277,0.8983602309226989,5,56,seen
0.02736832946538925,0.15267257392406464,0.8199590966105461,0.5364192575216293,0.8734346898677556,5,98,seen
0.08362111449241638,0.11299154162406921,0.8033873438835144,1.0536260426044464,0.887954432713358,5,63,seen
0.18278218805789948,0.14281947910785675,0.6743983328342438,0.694572314620018,0.985659101834664,5,19,seen
0.04288529232144356,0.1290225386619568,0.8280921690165997,0.5575088001787663,0.9123049319674403,5,65,seen
0.06558744609355927,0.16881635785102844,0.7655961960554123,0.7739318639039994,0.8522674635333835,5,59,seen
0.18539777398109436,0.17646008729934692,0.6381421387195587,0.6303524315357208,0.9862196689302271,5,17,seen
0.20441555976867676,0.1860813945531845,0.6095030456781387,0.7767791271209717,0.8908121436834335,5,19,seen
0.07773096859455109,0.12331490218639374,0.7989541292190552,0.7773096859455109,0.9079024195671082,5,50,seen
0.042611971497535706,0.10476984083652496,0.8526181876659393,0.4857764750719071,0.9529262097442851,5,57,seen
0.041573669761419296,0.09965228289365768,0.858774047344923,0.5155135050415993,0.9507855524175933,5,62,seen
0.050743043422698975,0.10994531959295273,0.8393116369843483,0.6190651297569275,0.9308729064735499,5,61,seen
0.14418897032737732,0.1703074425458908,0.6855035871267319,0.5190802931785583,1.0282553806900978,5,18,seen
0.13578006625175476,0.15511906147003174,0.7091008722782135,0.57027627825737,0.9927412211894989,5,21,seen
0.060428015887737274,0.13861441612243652,0.8009575679898262,0.8339066192507744,0.8772392411317145,5,69,seen
0.17118850350379944,0.20652467012405396,0.6222868263721466,0.6847540140151978,0.8889811805316381,5,20,seen
0.13299891352653503,0.18758569657802582,0.6794153898954391,0.5053958714008332,0.9929917236933341,5,19,seen
0.0753694474697113,0.1286003291606903,0.7960302233695984,0.7838422536849975,0.8998602525047634,5,52,seen
0.18899570405483246,0.17441222071647644,0.6365920752286911,0.6425853937864303,0.9838241162625225,5,17,seen
0.0663258507847786,0.21561682224273682,0.7180573269724846,0.848970890045166,0.792339119417914,5,64,seen
0.24436286091804504,0.13815025985240936,0.6174868792295456,0.9774514436721802,0.8821241131850652,5,20,seen
0.11634773015975952,0.1223868727684021,0.7612653970718384,1.3263641238212587,0.8508260320214664,5,57,seen
0.10942031443119049,0.19750991463661194,0.6930697709321976,1.3568118989467621,0.7673272463892188,5,62,seen
0.10449707508087158,0.14981518685817719,0.7456877380609512,1.2330654859542847,0.8301052178414362,5,59,seen
0.1050892248749733,0.14648395776748657,0.7484268173575401,1.2400528535246849,0.8331543815866955,5,59,seen
0.32608360052108765,0.15405918657779694,0.5198572129011154,1.0434675216674805,0.8317715406417847,5,16,seen
0.24208374321460724,0.15994322299957275,0.59797303378582,0.968334972858429,0.8542471911226001,5,20,seen
0.22457283735275269,0.15082380175590515,0.6246033608913422,0.9881204843521119,0.8588296212255955,5,22,seen
0.08756707608699799,0.1902381032705307,0.7221948206424713,1.085831743478775,0.7995728371398789,5,62,seen
0.10727008432149887,0.12423588335514069,0.7684940323233604,1.0941548600792885,0.8709599032998085,5,51,seen
0.26979535818099976,0.2012273073196411,0.5289773344993591,1.025222361087799,0.7731207196529095,5,19,seen
0.13610902428627014,0.19499969482421875,0.6688912808895111,1.3338684380054473,0.7622249479903731,5,49,seen
0.08156238496303558,0.2122160792350769,0.7062215358018875,0.8971862345933914,0.7926976422266084,5,55,seen
0.2899390459060669,0.22137367725372314,0.48868727684020996,1.0437805652618408,0.7330309152603149,5,18,seen
0.09779234975576401,0.15635928511619568,0.7458483651280403,1.3104174867272378,0.8192104994029296,5,67,seen
0.2207815796136856,0.14725303649902344,0.631965383887291,0.9714389503002167,0.8689524028450251,5,22,seen
0.10330985486507416,0.2262035608291626,0.6704865843057632,1.2810422003269195,0.7423244326242379,5,62,seen
0.22088545560836792,0.14527900516986847,0.6338355392217636,0.9277189135551454,0.887369754910469,5,21,seen
0.25960826873779297,0.23433923721313477,0.5060524940490723,0.8307464599609375,0.8096839904785156,5,16,seen
0.28233641386032104,0.17801837623119354,0.5396452099084854,1.0164110898971557,0.8094678148627281,5,18,seen
0.10337209701538086,0.11773857474327087,0.7788893282413483,1.323162841796875,0.8594640863352808,5,64,seen
0.11386854946613312,0.23235288262367249,0.6537785679101944,1.207006624341011,0.7372396616859639,5,53,seen
0.08298303186893463,0.187968447804451,0.7290485203266144,1.0621828079223632,0.8044673327741951,5,64,seen
0.11858191341161728,0.1403510719537735,0.7410670146346092,1.399266578257084,0.824961393649848,5,59,seen
0.11864465475082397,0.20425426959991455,0.6771010756492615,1.3525490641593934,0.7567600257256452,5,57,seen
0.29931676387786865,0.14734606444835663,0.5533371716737747,1.137403702735901,0.8087235586001322,5,19,seen
0.2554088830947876,0.1627850979566574,0.581806018948555,0.9194719791412354,0.8727090284228325,5,18,seen
0.11643636226654053,0.22229230403900146,0.661271333694458,1.3040872573852538,0.7406238937377929,5,56,seen
0.24400433897972107,0.21980132162570953,0.5361943393945694,0.9272164881229401,0.7836686498843707,5,19,seen
0.11091897636651993,0.13846179842948914,0.7506192252039909,1.4197628974914551,0.8282694898802658,5,64,seen
0.3640335202217102,0.18487311899662018,0.4510933607816696,1.3105206727981566,0.6766400411725044,5,18,seen
0.19537395238876343,0.2183847576379776,0.586241289973259,0.6642714381217957,0.9060092663223093,5,17,seen
0.25871843099594116,0.14570602774620056,0.5955755412578583,1.0348737239837646,0.8508222017969405,5,20,seen
0.11432512104511261,0.12023406475782394,0.7654408141970634,1.486226573586464,0.8432822529289682,5,65,seen
0.10210230946540833,0.12900662422180176,0.7688910663127899,1.2252277135849,0.854323407014211,5,60,seen
0.14306232333183289,0.17110596597194672,0.6858317106962204,1.6022980213165283,0.7681315159797668,5,56,seen
0.2220941185951233,0.14500682055950165,0.6328990608453751,0.9772141218185425,0.8702362086623907,5,22,seen
0.04423833638429642,0.1760837733745575,0.7796778902411461,0.8493760585784912,0.8316564162572225,5,96,seen
0.18548119068145752,0.24788197875022888,0.5666368305683136,0.667732286453247,0.8499552458524704,5,18,seen
0.23000949621200562,0.16983047127723694,0.6001600325107574,0.7820322871208191,0.9275200502438978,5,17,seen
0.17183804512023926,0.15593074262142181,0.6722312122583389,0.5842493534088135,1.0389027825810693,5,17,seen
0.11562785506248474,0.1862931251525879,0.6980790197849274,1.3412831187248229,0.7786265989908805,5,58,seen
0.18744304776191711,0.14899694919586182,0.6635600030422211,0.5998177528381348,1.0616960048675537,5,16,seen
0.16593468189239502,0.15345971286296844,0.6806056052446365,0.564177918434143,1.0518450262871655,5,17,seen
0.07534019649028778,0.15707772970199585,0.7675820738077164,0.8739462792873381,0.8561492361701452,5,58,seen
0.06782351434230804,0.16760143637657166,0.7645750492811203,1.0987409323453903,0.8257410532236099,5,81,seen
0.04915444552898407,0.2074102759361267,0.7434352785348892,0.8061329066753388,0.8021275373665909,5,82,seen
0.09462316334247589,0.16697612404823303,0.7384007126092911,1.1922518581151962,0.8161271034102691,5,63,seen
0.04548973590135574,0.15769872069358826,0.796811543405056,0.6459542497992515,0.8703633781809074,5,71,seen
0.1748346984386444,0.1368086189031601,0.6883566826581955,0.5594710350036621,1.1013706922531128,5,16,seen
0.17208752036094666,0.1761854887008667,0.6517269909381866,0.5850975692272186,1.0072144405408339,5,17,seen
0.22264878451824188,0.22793109714984894,0.5494201183319092,0.712476110458374,0.8790721893310547,5,16,seen
0.06421225517988205,0.12429186701774597,0.811495877802372,0.6934923559427262,0.9129328625276685,5,54,seen
0.26485002040863037,0.2074061930179596,0.52774378657341,0.8475200653076171,0.8443900585174561,5,16,seen
0.20438945293426514,0.21149569749832153,0.5841148495674133,0.7358020305633545,0.87617227435112,5,18,seen
0.058080483227968216,0.13734586536884308,0.8045736514031887,0.6969657987356186,0.8939707237813208,5,60,seen
0.06993557512760162,0.17321161925792694,0.7568528056144714,1.0909949719905854,0.8199238727490107,5,78,seen
0.1893855631351471,0.1507045030593872,0.6599099338054657,0.6439109146595001,1.019860806790265,5,17,seen
0.22366425395011902,0.16205506026744843,0.6142806857824326,0.7604584634304047,0.9493428780273957,5,17,seen
0.07639941573143005,0.17965324223041534,0.7439473420381546,0.8403935730457306,0.8350429349407859,5,55,seen
0.1361410915851593,0.12961368262767792,0.7342452257871628,1.4430955708026885,0.827978658866375,5,53,seen
0.20310500264167786,0.1425594538450241,0.654335543513298,0.7311780095100403,0.981503315269947,5,18,seen
0.08836235105991364,0.11572425812482834,0.795913390815258,1.0073308020830154,0.8895502603229354,5,57,seen
0.08720975369215012,0.16188779473304749,0.7509024515748024,1.0290750935673714,0.8359102762813837,5,59,seen
0.25049254298210144,0.22623313963413239,0.5232743173837662,0.8516746461391449,0.8086966723203659,5,17,seen
0.12267599254846573,0.16306859254837036,0.7142554149031639,1.32490071952343,0.8035373417660594,5,54,seen
0.1840757578611374,0.1577765941619873,0.6581476479768753,0.6626727283000946,0.987221471965313,5,18,seen
0.21363219618797302,0.17272305488586426,0.6136447489261627,0.6836230278015136,0.9818315982818604,5,16,seen
0.20645952224731445,0.21426057815551758,0.579279899597168,0.7019623756408692,0.8952507539228959,5,17,seen
0.2077513486146927,0.20639562606811523,0.5858530253171921,0.7894551247358322,0.8562467293097422,5,19,seen
0.3056834936141968,0.1811710149049759,0.5131454914808273,1.039323878288269,0.7930430322885513,5,17,seen
0.0742371678352356,0.1400730460882187,0.7856897860765457,0.9799306154251098,0.8642587646842003,5,66,seen
0.0760406106710434,0.1449897289276123,0.7789696604013443,1.0189441829919816,0.8555896269981978,5,67,seen
0.2610224485397339,0.18680116534233093,0.5521763861179352,0.939680814743042,0.8282645791769028,5,18,seen
0.17675340175628662,0.17681241035461426,0.6464341878890991,0.6009615659713745,0.9990346540104259,5,17,unseen
0.19871801137924194,0.1541660726070404,0.6471159160137177,0.6756412386894226,1.0000882338393817,5,17,unseen
0.17274421453475952,0.19097620248794556,0.6362795829772949,0.5873303294181823,0.983341173692183,5,17,unseen
0.21117474138736725,0.15522867441177368,0.6335965842008591,0.760229068994522,0.9503948763012886,5,18,unseen
0.19960391521453857,0.1417006552219391,0.6586954295635223,0.558890962600708,1.152717001736164,5,14,unseen
0.2654939591884613,0.17904052138328552,0.5554655194282532,0.6371855020523071,1.1109310388565063,5,12,unseen
0.21925760805606842,0.12738622725009918,0.6533561646938324,0.6139213025569915,1.1433732882142067,5,14,unseen
0.21171614527702332,0.176233172416687,0.6120506823062897,0.508118748664856,1.2241013646125793,5,12,unseen
0.172391876578331,0.18420451879501343,0.6434036046266556,0.44821887910366054,1.1948924085923605,5,13,unseen
0.16474224627017975,0.1961965262889862,0.639061227440834,0.3953813910484314,1.278122454881668,5,12,unseen
0.1343902200460434,0.20347538590431213,0.6621343940496445,0.34941457211971283,1.2296781603779112,5,13,unseen
0.22613540291786194,0.19882020354270935,0.5750443935394287,0.5427249670028687,1.1500887870788574,5,12,unseen
0.21171614527702332,0.176233172416687,0.6120506823062897,0.508118748664856,1.2241013646125793,5,12,unseen
0.21114888787269592,0.1364964246749878,0.6523546874523163,0.7601359963417053,0.9785320311784744,5,18,unseen
0.15473031997680664,0.13011085987091064,0.7151588201522827,0.5879752159118653,1.0452321217610285,5,19,unseen
0.20690126717090607,0.15330035984516144,0.6397983729839325,0.7448445618152618,0.9596975594758987,5,18,unseen
0.19558566808700562,0.168761745095253,0.6356525868177414,0.5476398706436157,1.1123920269310474,5,14,unseen
0.20928537845611572,0.15546096861362457,0.6352536529302597,0.6278561353683472,1.0587560882170997,5,15,unseen
0.17724397778511047,0.12328134477138519,0.6994746774435043,0.6380783200263976,1.0492120161652565,5,18,unseen
0.22840192914009094,0.1321704387664795,0.6394276320934296,0.5938450157642364,1.1875084596020835,5,13,unseen
0.22522932291030884,0.1346479058265686,0.6401227712631226,0.585596239566803,1.188799432345799,5,13,unseen
0.17880363762378693,0.15307262539863586,0.6681237369775772,0.5721716403961181,1.0689979791641235,5,16,unseen
0.22902946174144745,0.1646599918603897,0.6063105463981628,0.5954766005277633,1.1260053004537312,5,13,unseen
0.28001853823661804,0.20925305783748627,0.5107284039258957,0.6720444917678833,1.0214568078517914,5,12,unseen
0.2580319046974182,0.16310924291610718,0.5788588523864746,0.6708829522132873,1.075023583003453,5,13,unseen
0.2516465187072754,0.18325252830982208,0.5651009529829025,0.7046102523803711,0.9889266677200794,5,14,unseen
0.20030441880226135,0.19284318387508392,0.6068523973226547,0.4807306051254272,1.2137047946453094,5,12,unseen
0.15523788332939148,0.155172660946846,0.6895894557237625,0.4036184966564178,1.280666132058416,5,13,unseen
0.21980677545070648,0.14721405506134033,0.6329791694879532,0.5714976161718368,1.1755327433347702,5,13,unseen
0.2004035860300064,0.19028335809707642,0.6093130558729172,0.561130040884018,1.066297847777605,5,14,unseen
0.2486872673034668,0.18352177739143372,0.5677909553050995,0.6465868949890137,1.0544689169951849,5,13,unseen
0.20091648399829865,0.11509297043085098,0.6839905455708504,0.6429327487945556,1.0943848729133605,5,16,unseen
0.18904271721839905,0.12641572952270508,0.6845415532588959,0.5293196082115174,1.1979477182030678,5,14,unseen
0.1819528043270111,0.12906278669834137,0.6889844089746475,0.43668673038482664,1.377968817949295,5,12,unseen
0.18083176016807556,0.22133412957191467,0.5978341102600098,0.47016257643699644,1.1102633476257324,5,13,unseen
0.280301570892334,0.22059457004070282,0.4991038590669632,0.6727237701416016,0.9982077181339264,5,12,unseen
0.14338171482086182,0.16622796654701233,0.6903903186321259,0.43014514446258545,1.150650531053543,5,15,unseen
0.24972829222679138,0.20604191720485687,0.5442297905683517,0.5993479013442993,1.0884595811367035,5,12,unseen
0.26752781867980957,0.15037471055984497,0.5820974707603455,0.7490778923034668,1.0186705738306046,5,14,unseen
0.22092583775520325,0.1332860291004181,0.6457881331443787,0.5744071781635284,1.1993208186967033,5,13,unseen
0.2853017747402191,0.16227152943611145,0.5524266958236694,0.7417846143245697,1.0259352922439575,5,13,unseen
0.20437702536582947,0.12727171182632446,0.6683512628078461,0.5722556710243225,1.1696147099137306,5,14,unseen
0.25297099351882935,0.17833544313907623,0.5686935633420944,0.6577245831489562,1.0561451890638898,5,13,unseen
0.21682867407798767,0.1641591340303421,0.6190121918916702,0.563754552602768,1.149594070655959,5,13,unseen
0.1878337413072586,0.215772807598114,0.5963934510946274,0.4508009791374206,1.1927869021892548,5,12,unseen
0.2241557240486145,0.1715635508298874,0.6042807251214981,0.5828048825263977,1.1222356323684965,5,13,unseen
0.2855511009693146,0.16790953278541565,0.5465393662452698,0.7424328625202179,1.0150016801697868,5,13,unseen
0.18505460023880005,0.13102395832538605,0.6839214414358139,0.5181528806686401,1.1968625225126743,5,14,unseen
0.18393734097480774,0.19777560234069824,0.618287056684494,0.4782370865345001,1.148247390985489,5,13,unseen
0.17379721999168396,0.12558779120445251,0.7006149888038635,0.4518727719783783,1.301142122064318,5,13,unseen
0.19827283918857574,0.14553463459014893,0.6561925262212753,0.5155093818902969,1.2186432629823685,5,13,unseen
0.28948676586151123,0.19505846500396729,0.5154547691345215,0.7526655912399292,0.9572731426783971,5,13,unseen
0.1980610489845276,0.22255085408687592,0.5793880969285965,0.5149587273597717,1.0760064657245365,5,13,unseen
0.157348170876503,0.18041640520095825,0.6622354239225388,0.37763561010360713,1.3244708478450775,5,12,unseen
0.20835041999816895,0.12785905599594116,0.6637905240058899,0.5417110919952393,1.2327538302966528,5,13,unseen
0.20447441935539246,0.13946184515953064,0.6560637354850769,0.5316334903240204,1.2184040801865714,5,13,unseen
0.24669811129570007,0.16669084131717682,0.5866110473871231,0.6414150893688202,1.0894205165760857,5,13,unseen
0.20812121033668518,0.13481011986732483,0.65706866979599,0.5827393889427185,1.1498701721429825,5,14,unseen
0.21861231327056885,0.13514138758182526,0.6462462991476059,0.568392014503479,1.2001716984169823,5,13,unseen
0.26735302805900574,0.14671748876571655,0.5859294831752777,0.6951178729534149,1.088154754468373,5,13,unseen
0.2129085510969162,0.14663925766944885,0.640452191233635,0.5535622328519821,1.1894112122910363,5,13,unseen
0.23431338369846344,0.13295380771160126,0.6327328085899353,0.6092147976160049,1.1750752159527371,5,13,unseen
0.2048354148864746,0.16844263672828674,0.6267219483852386,0.5325720787048339,1.1639121898583005,5,13,unseen
0.20526883006095886,0.2422511875629425,0.5524799823760986,0.49264519214630126,1.1049599647521973,5,12,unseen
0.2533816397190094,0.21620099246501923,0.5304173678159714,0.6081159353256226,1.0608347356319427,5,12,unseen
0.2181723266839981,0.19189541041851044,0.5899322628974915,0.5236135840415954,1.179864525794983,5,12,unseen
0.1922304779291153,0.2612733542919159,0.5464961677789688,0.4613531470298767,1.0929923355579376,5,12,unseen
0.20349478721618652,0.21466781198978424,0.5818374007940292,0.4883874893188476,1.1636748015880585,5,12,unseen
0.1857367902994156,0.13039161264896393,0.6838715970516205,0.5572103708982468,1.1397859950860343,5,15,unseen
0.19901369512081146,0.2246324121952057,0.5763538926839828,0.4776328682899475,1.1527077853679657,5,12,unseen
0.22981154918670654,0.12371955811977386,0.6464688926935196,0.597510027885437,1.200585086430822,5,13,unseen
0.21607187390327454,0.14195528626441956,0.6419728398323059,0.5617868721485137,1.1922352739742825,5,13,unseen
0.2196204960346222,0.15406422317028046,0.6263152807950974,0.5710132896900176,1.163156950048038,5,13,unseen
0.1752590835094452,0.22150948643684387,0.6032314300537109,0.42062180042266845,1.2064628601074219,5,12,unseen
0.161659836769104,0.1958118975162506,0.6425282657146454,0.42031557559967037,1.1932667791843414,5,13,unseen
0.2081204354763031,0.16347075998783112,0.6284088045358658,0.5827372193336486,1.0997154079377651,5,14,unseen
0.27039971947669983,0.17727643251419067,0.5523238480091095,0.6489593267440795,1.104647696018219,5,12,unseen
0.1759968101978302,0.13173675537109375,0.692266434431076,0.49279106855392457,1.211466260254383,5,14,unseen
0.15333664417266846,0.19321192800998688,0.6534514278173447,0.3680079460144043,1.3069028556346893,5,12,unseen
0.19087672233581543,0.20093673467636108,0.6081865429878235,0.45810413360595703,1.216373085975647,5,12,unseen
0.161659836769104,0.1958118975162506,0.6425282657146454,0.42031557559967037,1.1932667791843414,5,13,unseen
0.25459885597229004,0.12718544900417328,0.6182156950235367,0.6619570255279541,1.1481148621865682,5,13,unseen
0.20945078134536743,0.1855493038892746,0.604999914765358,0.5864621877670287,1.0587498508393764,5,14,unseen
0.16648805141448975,0.16187693178653717,0.6716350167989731,0.5660593748092652,1.037981389598413,5,17,unseen
0.2085631787776947,0.13981235027313232,0.651624470949173,0.6256895363330841,1.0860407849152884,5,15,unseen
0.19077813625335693,0.18105053901672363,0.6281713247299194,0.6104900360107421,1.0050741195678712,5,16,unseen
0.24270054697990417,0.16593866050243378,0.591360792517662,0.58248131275177,1.182721585035324,5,12,unseen
0.18691016733646393,0.19695773720741272,0.6161320954561234,0.5607305020093918,1.0268868257602057,5,15,unseen
0.1669149100780487,0.18660925328731537,0.6464758366346359,0.5675106942653656,0.9990990202535281,5,17,unseen
0.1533089280128479,0.16484642028808594,0.6818446516990662,0.4599267840385437,1.136407752831777,5,15,unseen
0.20940646529197693,0.1937546730041504,0.5968388617038727,0.6282193958759308,0.9947314361731212,5,15,unseen
0.22493571043014526,0.17116644978523254,0.6038978397846222,0.6298199892044067,1.0568212196230888,5,14,unseen
0.22774620354175568,0.15555588901042938,0.6166979074478149,0.5465908885002136,1.2333958148956299,5,12,unseen
0.24851834774017334,0.17141395807266235,0.5800676941871643,0.6461477041244507,1.0772685749190194,5,13,unseen
0.15759781002998352,0.15345925092697144,0.688942939043045,0.47279343008995056,1.1482382317384086,5,15,unseen
0.21972081065177917,0.19989407062530518,0.5803851187229156,0.6152182698249816,1.0156739577651024,5,14,unseen
0.18932390213012695,0.20352506637573242,0.6071510314941406,0.5301069259643555,1.062514305114746,5,14,unseen
0.09163859486579895,0.1571228951215744,0.7512385100126266,0.256588065624237,1.3146673925220966,5,14,unseen
0.13065195083618164,0.1707056760787964,0.698642373085022,0.3658254623413086,1.2226241528987885,5,14,unseen
0.13410845398902893,0.19189849495887756,0.6739930510520935,0.375503671169281,1.1794878393411636,5,14,unseen
0.14965179562568665,0.18189579248428345,0.6684524118900299,0.47888574600219724,1.069523859024048,5,16,unseen
0.15865373611450195,0.21640147268772125,0.6249447911977768,0.44423046112060544,1.0936533845961094,5,14,unseen
0.1878494918346405,0.2000933289527893,0.6120571792125702,0.4884086787700653,1.1366776185376304,5,13,unseen
0.17439357936382294,0.15455621480941772,0.6710502058267593,0.45342330634593964,1.2462360965354102,5,13,unseen
0.17439357936382294,0.15455621480941772,0.6710502058267593,0.45342330634593964,1.2462360965354102,5,13,unseen
0.16436363756656647,0.16237138211727142,0.6732649803161621,0.4602181851863861,1.1782137155532837,5,14,unseen
0.17405040562152863,0.1953931301832199,0.6305564641952515,0.48734113574028015,1.10347381234169,5,14,unseen
0.2244047224521637,0.18412332236766815,0.5914719551801682,0.5834522783756256,1.0984479167631696,5,13,unseen
0.18349555134773254,0.1547926664352417,0.6617117822170258,0.5137875437736511,1.157995618879795,5,14,unseen
0.22606071829795837,0.1586059331893921,0.6153333485126495,0.6781821548938751,1.025555580854416,5,15,unseen
0.19482216238975525,0.13243384659290314,0.6727439910173416,0.6234309196472168,1.0763903856277466,5,16,unseen
0.1383301466703415,0.1591692566871643,0.7025005966424942,0.38732441067695617,1.2293760441243649,5,14,unseen
0.21357034146785736,0.19143837690353394,0.5949912816286087,0.5552828878164291,1.1049838087388448,5,13,unseen
0.22493571043014526,0.17116644978523254,0.6038978397846222,0.6298199892044067,1.0568212196230888,5,14,unseen
0.21802812814712524,0.14334362745285034,0.6386282444000244,0.6104787588119507,1.1175994277000427,5,14,unseen
0.16143718361854553,0.14107437431812286,0.6974884420633316,0.4843115508556366,1.1624807367722194,5,15,unseen
0.19057941436767578,0.17079123854637146,0.6386293470859528,0.45739059448242186,1.2772586941719055,5,12,unseen
0.1815890520811081,0.17350037395954132,0.6449105739593506,0.47213153541088104,1.1976910659245084,5,13,unseen
0.21379175782203674,0.17725364863872528,0.608954593539238,0.5558585703372955,1.1309156737157278,5,13,unseen
0.18895359337329865,0.13991205394268036,0.671134352684021,0.5290700614452362,1.1744851171970367,5,14,unseen
0.18577784299850464,0.13357111811637878,0.6806510388851166,0.5944890975952148,1.0890416622161865,5,16,unseen
0.23364858329296112,0.17114663124084473,0.5952047854661942,0.6074863165616988,1.105380315865789,5,13,unseen
0.16509300470352173,0.1697089672088623,0.665198028087616,0.5282976150512695,1.0643168449401856,5,16,unseen
0.1413745880126953,0.14627307653427124,0.7123523354530334,0.48067359924316405,1.1009081547910515,5,17,unseen
0.07439504563808441,0.14475856721401215,0.7808463871479034,0.7885874837636947,0.8805289046561464,5,53,unseen
0.1728448122739792,0.15503156185150146,0.6721236258745193,0.5876723617315293,1.0387365127151662,5,17,unseen
0.0723886638879776,0.13725103437900543,0.790360301733017,0.7817975699901581,0.8891553394496441,5,54,unseen
0.1142348051071167,0.15759800374507904,0.7281671911478043,1.2565828561782837,0.8173305206761069,5,55,unseen
0.2004690170288086,0.15192252397537231,0.6476084589958191,0.7216884613037109,0.9714126884937286,5,18,unseen
0.05238810181617737,0.11371777206659317,0.8338941261172295,0.597224360704422,0.9319993174251388,5,57,unseen
0.19243431091308594,0.16927501559257507,0.638290673494339,0.615789794921875,1.0212650775909424,5,16,unseen
0.11776302754878998,0.175796777009964,0.706440195441246,1.3660511195659637,0.7879525256844667,5,58,unseen
0.16094118356704712,0.15783564746379852,0.6812231689691544,0.5150117874145508,1.089957070350647,5,16,unseen
0.1641852855682373,0.14496010541915894,0.6908546090126038,0.5582299709320068,1.0676843957467512,5,17,unseen
0.15175697207450867,0.17147210240364075,0.6767709255218506,0.5463250994682312,1.0151563882827759,5,18,unseen
0.178164541721344,0.18680283427238464,0.6350326240062714,0.5701265335083008,1.0160521984100341,5,16,unseen
0.13246113061904907,0.193939208984375,0.6735996603965759,0.4768600702285766,1.010399490594864,5,18,unseen
0.09672555327415466,0.1471264511346817,0.7561479955911636,1.160706639289856,0.8401644395457374,5,60,unseen
0.12800517678260803,0.14062055945396423,0.7313742637634277,1.3824559092521669,0.8227960467338562,5,54,unseen
0.06955224275588989,0.18128813803195953,0.7491596192121506,0.9041791558265686,0.8253453431998269,5,65,unseen
0.06618442386388779,0.17327585816383362,0.7605397179722786,0.9133450493216514,0.8329720720648766,5,69,unseen
0.22679033875465393,0.1778634637594223,0.5953461974859238,0.7710871517658233,0.9200804870237003,5,17,unseen
0.16018405556678772,0.216018408536911,0.6237975358963013,0.5125889778137207,0.998076057434082,5,16,unseen
0.1781543791294098,0.15464267134666443,0.6672029495239258,0.5700940132141114,1.0675247192382813,5,16,unseen
0.05510580912232399,0.15467104315757751,0.7902231477200985,0.6282062239944936,0.8831905768636394,5,57,unseen
0.15330249071121216,0.1810501217842102,0.6656473875045776,0.4905679702758789,1.0650358200073242,5,16,unseen
0.19254566729068756,0.14358939230442047,0.663864940404892,0.6546552687883377,1.0259730897166512,5,17,unseen
0.13367418944835663,0.16160891950130463,0.7047168910503387,0.42775740623474123,1.127547025680542,5,16,unseen
0.16815969347953796,0.18271729350090027,0.6491230130195618,0.6390068352222443,0.948718249797821,5,19,unseen
0.19424355030059814,0.16899235546588898,0.6367640942335129,0.621579360961914,1.0188225507736206,5,16,unseen
0.2109939157962799,0.24335938692092896,0.5456466972827911,0.7173793137073516,0.84327216852795,5,17,unseen
0.0784350037574768,0.1716187596321106,0.7499462366104126,0.9412200450897217,0.8332735962337917,5,60,unseen
0.18535664677619934,0.18426541984081268,0.630377933382988,0.6672839283943176,0.945566900074482,5,18,unseen
0.08792692422866821,0.16518700122833252,0.7468860745429993,1.0551230907440186,0.8298734161588881,5,60,unseen
0.2125406563282013,0.2208108901977539,0.5666484534740448,0.8076544940471649,0.8281785089236039,5,19,unseen
0.09158258140087128,0.17932194471359253,0.7290954738855362,1.2272065907716752,0.8008097827923103,5,67,unseen
0.1434725522994995,0.13525976240634918,0.7212676852941513,0.5165011882781982,1.081901527941227,5,18,unseen
0.1374174952507019,0.15975502133369446,0.7028274834156036,0.49470298290252684,1.0542412251234055,5,18,unseen
0.10456985235214233,0.1888035535812378,0.7066265940666199,1.1920963168144227,0.7897591345450458,5,57,unseen
0.08829852938652039,0.15803685784339905,0.7536646127700806,1.0242629408836363,0.8406259142435514,5,58,unseen
0.0949164479970932,0.1802968978881836,0.7247866541147232,1.0630642175674438,0.81176105260849,5,56,unseen
0.08525282889604568,0.18313996493816376,0.7316072061657906,1.108286775648594,0.8060079389962099,5,65,unseen
0.09300506860017776,0.24002718925476074,0.6669677421450615,1.078858795762062,0.7439255585464147,5,58,unseen
0.06590406596660614,0.1058696061372757,0.8282263278961182,0.7776679784059525,0.9219877989786975,5,59,unseen
0.1284041404724121,0.16884855926036835,0.7027473002672195,1.4124455451965332,0.7887979900958587,5,55,unseen
0.06779208779335022,0.14008814096450806,0.7921197712421417,0.7863882184028625,0.8835182063854657,5,58,unseen
0.08189775049686432,0.13257920742034912,0.7855230420827866,0.8844957053661346,0.8837134223431349,5,54,unseen
0.0868644267320633,0.15633289515972137,0.7568026781082153,0.9902544647455216,0.8458382872974172,5,57,unseen
0.06304295361042023,0.1636582463979721,0.7732987999916077,0.7565154433250427,0.859220888879564,5,60,unseen
0.06905749440193176,0.15313085913658142,0.7778116464614868,0.8010669350624084,0.8675591441301199,5,58,unseen
0.06416520476341248,0.11171729117631912,0.8241175040602684,0.7058172523975372,0.9250298514962196,5,55,unseen
0.0765097439289093,0.1443427950143814,0.7791474610567093,0.7957013368606567,0.8807753907597584,5,52,unseen
0.07664439082145691,0.13880036771297455,0.7845552414655685,0.8584171772003174,0.8787018704414368,5,56,unseen
0.240552619099617,0.20888113975524902,0.550566241145134,0.962210476398468,0.7865232016359057,5,20,unseen
0.21192872524261475,0.15989306569099426,0.628178209066391,0.847714900970459,0.8973974415234157,5,20,unseen
0.15896928310394287,0.14157792925834656,0.6994527876377106,0.6676709890365601,0.9792339026927948,5,21,unseen
0.17808550596237183,0.17246593534946442,0.6494485586881638,0.6411078214645386,0.9741728380322456,5,18,unseen
0.1924079805612564,0.18148553371429443,0.6261064857244492,0.808113518357277,0.8765490800142288,5,21,unseen
0.18265530467033386,0.16993394494056702,0.6474107503890991,0.7306212186813354,0.9248725005558559,5,20,unseen
0.23664626479148865,0.14326660335063934,0.620087131857872,0.8992558062076569,0.9062811927153513,5,19,unseen
0.16811373829841614,0.167343407869339,0.6645428538322449,0.605209457874298,0.9968142807483673,5,18,unseen
0.22156579792499542,0.1982858031988144,0.5801483988761902,0.9305763512849808,0.8122077584266663,5,21,unseen
0.17367023229599,0.1434946060180664,0.6828351616859436,0.8336171150207519,0.9104468822479248,5,24,unseen
0.2648208737373352,0.20814822614192963,0.5270309001207352,1.0063193202018739,0.7702759309456898,5,19,unseen
0.22536849975585938,0.1668122559785843,0.6078192442655563,0.9014739990234375,0.8683132060936519,5,20,unseen
0.16253229975700378,0.205211341381073,0.6322563588619232,0.6176227390766145,0.9240669860289646,5,19,unseen
0.2534368336200714,0.1632811278104782,0.5832820385694504,1.0644347012043,0.8165948539972305,5,21,unseen
0.1457577347755432,0.1564713418483734,0.6977709233760834,0.7287886738777161,0.9181196360211623,5,25,unseen
0.16082921624183655,0.18603460490703583,0.6531361788511276,0.6433168649673462,0.9330516840730395,5,20,unseen
0.17353351414203644,0.1374276876449585,0.6890387982130051,0.7635474622249604,0.947428347542882,5,22,unseen
0.16988617181777954,0.12377136945724487,0.7063424587249756,0.74749915599823,0.9712208807468414,5,22,unseen
0.18168260157108307,0.20335453748703003,0.6149628609418869,0.6903938859701158,0.8987918736842962,5,19,unseen
0.2202886939048767,0.1490524709224701,0.6306588351726532,0.7930392980575561,0.9459882527589798,5,18,unseen
0.1728094220161438,0.19558078050613403,0.6316097974777222,0.7603614568710327,0.868463471531868,5,22,unseen
0.15858061611652374,0.17441189289093018,0.6670074909925461,0.6977547109127045,0.9171353001147509,5,22,unseen
0.05816918984055519,0.18013188242912292,0.7616989277303219,0.884171685576439,0.8269874072500638,5,76,unseen
0.019687054678797722,0.26000893115997314,0.7203040141612291,0.5039885997772217,0.7557288017429289,5,128,unseen
0.04392596334218979,0.12574154138565063,0.8303324952721596,0.614963486790657,0.9081761667039245,5,70,unseen
0.0427362397313118,0.09321892261505127,0.8640448376536369,0.521382124722004,0.9583042744885791,5,61,unseen
0.05816918984055519,0.18013188242912292,0.7616989277303219,0.884171685576439,0.8269874072500638,5,76,unseen
0.03820762783288956,0.11926108598709106,0.8425312861800194,0.6495296731591225,0.9065210041177424,5,85,unseen
0.03529220074415207,0.16803450882434845,0.7966732904314995,0.6564349338412285,0.8516162759784995,5,93,unseen
0.03145033121109009,0.10985875874757767,0.8586909100413322,0.4214344382286072,0.9431523110290043,5,67,unseen
0.04208538308739662,0.14157405495643616,0.8163405619561672,0.5555270567536353,0.8979746181517839,5,66,unseen
0.05007077753543854,0.12769165635108948,0.822237566113472,0.580821019411087,0.9171111314342572,5,58,unseen
0.05007077753543854,0.12769165635108948,0.822237566113472,0.580821019411087,0.9171111314342572,5,58,unseen
0.064276784658432,0.1359894573688507,0.7997337579727173,0.6813339173793792,0.901827429203277,5,53,unseen
0.05007077753543854,0.12769165635108948,0.822237566113472,0.580821019411087,0.9171111314342572,5,58,unseen
0.040414437651634216,0.13057512044906616,0.8290104418992996,0.5496363520622253,0.9092372588572963,5,68,unseen
0.020254768431186676,0.1438722014427185,0.8358730301260948,0.46585967391729355,0.8818843895825771,5,115,unseen
0.15077140927314758,0.18901997804641724,0.6602086126804352,0.5729313552379608,0.9649202800714053,5,19,unseen
0.1753828227519989,0.15723825991153717,0.6673789173364639,0.7015312910079956,0.9533984533378057,5,20,unseen
0.20315885543823242,0.12413013726472855,0.672711007297039,0.7720036506652832,0.9831930106649032,5,19,unseen
0.14160120487213135,0.2045799195766449,0.6538188755512238,0.4531238555908203,1.046110200881958,5,16,unseen
0.18394985795021057,0.235317662358284,0.5807324796915054,0.6622194886207581,0.8710987195372581,5,18,unseen
0.17712439596652985,0.2403506636619568,0.5825249403715134,0.6730727046728134,0.8513826051583656,5,19,unseen
0.1577034890651703,0.181304931640625,0.6609915792942047,0.567732560634613,0.9914873689413071,5,18,unseen
0.15893501043319702,0.16617156565189362,0.6748934239149094,0.6039530396461488,0.9863826964910214,5,19,unseen
0.12961703538894653,0.2093254178762436,0.6610575467348099,0.4666213274002075,0.9915863201022148,5,18,unseen
0.15627984702587128,0.20225991308689117,0.6414602398872375,0.5626074492931366,0.9621903598308563,5,18,unseen
0.18352821469306946,0.1987839937210083,0.6176877915859222,0.66070157289505,0.9265316873788834,5,18,unseen
0.18005691468715668,0.16938605904579163,0.6505570262670517,0.648204892873764,0.9758355394005775,5,18,unseen
0.18800702691078186,0.18468619883060455,0.6273067742586136,0.6392238914966583,0.9694741056724028,5,17,unseen
0.2014140784740448,0.17710661888122559,0.6214793026447296,0.6445250511169434,0.9943668842315674,5,16,unseen
0.10701815783977509,0.1896870881319046,0.7032947540283203,0.40666899979114535,1.027892332810622,5,19,unseen
0.19251509010791779,0.1950138360261917,0.6124710738658905,0.6160482883453369,0.9799537181854248,5,16,unseen
0.13916537165641785,0.16039802134037018,0.700436607003212,0.5009953379631042,1.050654910504818,5,18,unseen
0.1658211052417755,0.20542581379413605,0.6287530809640884,0.5306275367736817,1.0060049295425415,5,16,unseen
0.21378761529922485,0.18678656220436096,0.5994258224964142,0.6841203689575195,0.9590813159942627,5,16,unseen
0.16351103782653809,0.21038679778575897,0.6261021643877029,0.5559375286102295,0.9676124358719045,5,17,unseen
0.1934952735900879,0.15286223590373993,0.6536424905061722,0.6191848754882813,1.0458279848098755,5,16,unseen
0.06146252900362015,0.15280422568321228,0.7857332453131676,0.811305382847786,0.8643065698444844,5,66,unseen
0.10047019273042679,0.15638026595115662,0.7431495413184166,1.2056423127651215,0.8257217125760185,5,60,unseen
0.05605389550328255,0.15357330441474915,0.7903728000819683,0.6502251878380775,0.8815696616298877,5,58,unseen
0.15294098854064941,0.18109145760536194,0.6659675538539886,0.519999361038208,1.0292225832288915,5,17,unseen
0.23441430926322937,0.19842234253883362,0.567163348197937,0.9376572370529175,0.8102333545684814,5,20,unseen
0.06955845654010773,0.14804866909980774,0.7823928743600845,0.7094962567090988,0.8867119242747625,5,51,unseen
0.11407352983951569,0.16367802023887634,0.722248449921608,0.41066470742225647,1.083372674882412,5,18,unseen
0.14679956436157227,0.17815914750099182,0.6750412881374359,0.6752779960632325,0.913291154538884,5,23,unseen
0.0909048318862915,0.18304118514060974,0.7260539829730988,1.1272199153900146,0.803845481148788,5,62,unseen
0.13443461060523987,0.17952007055282593,0.6860453188419342,0.4301907539367676,1.0976725101470948,5,16,unseen
0.08654934912919998,0.17964372038841248,0.7338069304823875,0.46736648529767993,0.9434660534773553,5,27,unseen
0.13831835985183716,0.11657823622226715,0.7451034039258957,0.7192554712295531,0.9686344251036644,5,26,unseen
0.1618446707725525,0.15351398289203644,0.6846413463354111,0.517902946472168,1.0954261541366577,5,16,unseen
0.09588491171598434,0.15478669106960297,0.7493283972144127,0.5177785232663155,0.9634222249899591,5,27,unseen
0.057120759040117264,0.11915446817874908,0.8237247727811337,0.6169041976332665,0.9266903693787754,5,54,unseen
0.08159703761339188,0.17106157541275024,0.7473413869738579,0.913886821269989,0.8370223534107207,5,56,unseen
0.1475256085395813,0.17911846935749054,0.6733559221029282,0.47208194732666015,1.077369475364685,5,16,unseen
0.0434221476316452,0.19902338087558746,0.7575544714927673,0.5036969125270843,0.8449646028188559,5,58,unseen
0.1410791575908661,0.17995257675647736,0.6789682656526566,0.5078849673271179,1.0184523984789848,5,18,unseen
0.05928010493516922,0.1527917981147766,0.7879280969500542,0.8062094271183013,0.8641792031065111,5,68,unseen
0.17651048302650452,0.20465369522571564,0.6188358217477798,0.5648335456848145,0.9901373147964477,5,16,unseen
0.19602493941783905,0.19986581802368164,0.6041092425584793,0.627279806137085,0.9665747880935669,5,16,unseen
0.08669522404670715,0.1487143486738205,0.7645904272794724,1.09235982298851,0.8450736301509958,5,63,unseen
0.07258680462837219,0.16822519898414612,0.7591879963874817,0.958145821094513,0.8351067960262298,5,66,unseen
0.18607020378112793,0.21196101605892181,0.6019687801599503,0.632638692855835,0.930315387519923,5,17,unseen
0.09546591341495514,0.153127983212471,0.7514061033725739,1.1646841436624529,0.8333776782859456,5,61,unseen
0.21791592240333557,0.16972993314266205,0.6123541444540024,0.6973309516906738,0.9797666311264038,5,16,unseen
0.08959457278251648,0.15939795970916748,0.751007467508316,1.0572159588336945,0.8360271808111442,5,59,unseen
0.17426025867462158,0.17181396484375,0.6539257764816284,0.6970410346984863,0.9341796806880407,5,20,unseen
0.14058655500411987,0.11808040738105774,0.7413330376148224,0.5342289090156556,1.083486747283202,5,19,unseen
0.05495743453502655,0.1441204696893692,0.8009220957756042,0.7584125965833663,0.8772003906113761,5,69,unseen
0.2399894744157791,0.17255184054374695,0.5874586850404739,1.0559536874294282,0.8077556919306517,5,22,unseen
0.07114685326814651,0.13954466581344604,0.7893084809184074,0.8537622392177582,0.877009423242675,5,60,unseen
0.210627943277359,0.16198870539665222,0.6273833513259888,0.7582605957984924,0.9410750269889832,5,18,unseen
0.1024344190955162,0.13470987975597382,0.76285570114851,1.0653179585933685,0.86235861868962,5,52,unseen
0.15894806385040283,0.2057221382856369,0.6353297978639603,0.6040026426315308,0.9285589353396342,5,19,unseen
0.06323917955160141,0.09479638934135437,0.8419644311070442,0.6703353032469749,0.9494492520994329,5,53,unseen
0.08090247213840485,0.1678144335746765,0.7512830942869186,0.8899271935224533,0.8432769425669495,5,55,unseen
0.16007833182811737,0.15682512521743774,0.6830965429544449,0.7043446600437164,0.9392577465623617,5,22,unseen
0.16620145738124847,0.171940416097641,0.6618581265211105,0.6648058295249939,0.9455116093158723,5,20,unseen
0.1545618772506714,0.15963810682296753,0.6858000159263611,0.6182475090026855,0.9797143084662302,5,20,unseen
0.18161511421203613,0.16227322816848755,0.6561116576194763,0.799106502532959,0.9021535292267799,5,22,unseen
0.13465803861618042,0.20869679749011993,0.6566451638936996,0.646358585357666,0.8755268851915995,5,24,unseen
0.07209888100624084,0.15899932384490967,0.7689017951488495,0.8940261244773865,0.8512841303433691,5,62,unseen
0.18228042125701904,0.17487862706184387,0.6428409516811371,0.8384899377822876,0.8697259934509503,5,23,unseen
0.24949657917022705,0.19342456758022308,0.5570788532495499,1.097784948348999,0.7659834232181311,5,22,unseen
0.06937482953071594,0.11492526531219482,0.8156999051570892,0.8324979543685913,0.9063332279523213,5,60,unseen
0.18688133358955383,0.14760348200798035,0.6655151844024658,0.7849016010761262,0.9317212581634521,5,21,unseen
0.07876035571098328,0.08547969162464142,0.8357599526643753,0.7876035571098328,0.9497272189367901,5,50,unseen
0.1758488118648529,0.1480749547481537,0.6760762333869934,0.7385650098323823,0.9465067267417907,5,21,unseen
0.13317576050758362,0.17513161897659302,0.6916926205158234,0.5327030420303345,0.9881323150226049,5,20,unseen
0.14822176098823547,0.13395342230796814,0.7178248167037964,0.5928870439529419,1.0254640238625663,5,20,unseen
0.12212733924388885,0.1214703917503357,0.7564022690057755,0.5862112283706665,1.0085363586743672,5,24,unseen
0.14794838428497314,0.14408034086227417,0.7079712748527527,0.7101522445678711,0.9439616998036703,5,24,unseen
0.0995737686753273,0.1082160621881485,0.7922101691365242,1.1550557166337967,0.8836190348061231,5,58,unseen
0.1407996416091919,0.16534140706062317,0.6938589513301849,0.591358494758606,0.9714025318622589,5,21,unseen
0.2032875120639801,0.13911446928977966,0.6575980186462402,0.8944650530815125,0.9041972756385803,5,22,unseen
0.06145671010017395,0.10728251188993454,0.8312607780098915,0.7251891791820526,0.9253657717468603,5,59,unseen
0.0850449800491333,0.12633997201919556,0.7886150479316711,0.9865217685699462,0.879609091923787,5,58,unseen
0.07993102073669434,0.14765308797359467,0.772415891289711,1.0071308612823486,0.8537228272149437,5,63,unseen
0.1132311224937439,0.19796548783779144,0.6888033896684647,1.4720045924186707,0.7588511920076305,5,65,unseen
0.14703965187072754,0.14485183358192444,0.708108514547348,0.6469744682312012,0.9736492075026035,5,22,unseen
0.06731030344963074,0.1437922865152359,0.7888974100351334,0.8615718841552734,0.8705074869353195,5,64,unseen
0.07195183634757996,0.11269930750131607,0.815348856151104,0.8202509343624116,0.9112722509924103,5,57,unseen
0.20983663201332092,0.17204520106315613,0.618118166923523,0.9232811808586121,0.849912479519844,5,22,unseen
0.213700070977211,0.18059042096138,0.605709508061409,0.9402803122997284,0.8328505735844374,5,22,unseen
0.08979605883359909,0.1488569974899292,0.7613469436764717,1.0416342824697493,0.8491946679468338,5,58,unseen
0.14915770292282104,0.18299710750579834,0.6678451895713806,0.6264623522758485,0.9349832653999328,5,21,unseen
0.19313204288482666,0.1479145735502243,0.658953383564949,0.7339017629623413,0.9630857144410794,5,19,unseen
0.06083466112613678,0.12651696801185608,0.8126483708620071,0.7056820690631866,0.9064154905768541,5,58,unseen
0.16460759937763214,0.19628432393074036,0.6391080766916275,0.5925873577594757,0.9586621150374413,5,18,unseen
0.15729668736457825,0.13878241181373596,0.7039209008216858,0.5662680745124816,1.0558813512325287,5,18,unseen
0.20024332404136658,0.17898815870285034,0.6207685172557831,0.6808273017406463,0.9593695266680283,5,17,unseen
0.046318940818309784,0.12183080613613129,0.8318502530455589,0.6114100188016891,0.9150352783501149,5,66,unseen
0.17917343974113464,0.155601367354393,0.6652251929044724,0.6450243830680847,0.9978377893567085,5,18,unseen
0.15932637453079224,0.15022984147071838,0.6904437839984894,0.6691707730293275,0.9666212975978851,5,21,unseen
0.06293018162250519,0.12844575941562653,0.8086240589618683,0.8180923610925674,0.8908570141105329,5,65,unseen
0.19187334179878235,0.16155202686786652,0.6465746313333511,0.6907440304756164,0.9698619470000267,5,18,unseen
0.058305442333221436,0.1254797875881195,0.8162147700786591,0.7229874849319459,0.9036663525870868,5,62,unseen
0.08207596838474274,0.12400481104850769,0.7939192205667496,0.8535900712013245,0.8974739015102386,5,52,unseen
0.2133605182170868,0.17176519334316254,0.6148742884397507,0.7680978655815124,0.922311432659626,5,18,unseen
0.06277687102556229,0.13216646015644073,0.805056668817997,0.8286546975374222,0.8855623356997967,5,66,unseen
0.1880437433719635,0.1651938259601593,0.6467624306678772,0.6769574761390685,0.9701436460018158,5,18,unseen
0.2218993753194809,0.16764865815639496,0.6104519665241241,0.754457876086235,0.9434257664463737,5,17,unseen
0.230006605386734,0.17600834369659424,0.5939850509166718,0.7820224583148956,0.91797689687122,5,17,unseen
0.056778643280267715,0.12055058777332306,0.8226707689464092,0.7040551766753197,0.9108140656192388,5,62,unseen
0.06693385541439056,0.12780310213565826,0.8052630424499512,0.8835268914699554,0.8857893466949464,5,66,unseen
0.16034333407878876,0.1469295471906662,0.692727118730545,0.5772360026836395,1.0390906780958176,5,18,unseen
0.20762528479099274,0.1702062338590622,0.6221684813499451,0.7059259682893753,0.9615331075408241,5,17,unseen
0.22680050134658813,0.1723625510931015,0.6008369475603104,0.7711217045783997,0.9285661916841159,5,17,unseen
0.0553952232003212,0.1444203406572342,0.8001844361424446,0.6647426784038544,0.8890938179360496,5,60,unseen
0.060390450060367584,0.10783177614212036,0.831777773797512,0.7005292207002639,0.9277521323126096,5,58,unseen
0.0496823787689209,0.0939229279756546,0.8563946932554245,0.606125020980835,0.949819568883289,5,61,unseen
0.14430105686187744,0.1581113338470459,0.6975876092910767,0.5194838047027588,1.046381413936615,5,18,unseen
0.19243481755256653,0.15717490017414093,0.6503902822732925,0.6542783796787262,1.0051486180587248,5,17,unseen
0.06677483022212982,0.13970698416233063,0.7935181856155396,0.9081376910209655,0.8703102680944628,5,68,unseen
0.230006605386734,0.17600834369659424,0.5939850509166718,0.7820224583148956,0.91797689687122,5,17,unseen
0.060455676168203354,0.11552096903324127,0.8240233547985554,0.7012858435511589,0.9191029726599271,5,58,unseen
0.04296359419822693,0.12151657044887543,0.8355198353528976,0.6358611941337585,0.9092421737663886,5,74,unseen
0.22885431349277496,0.16677609086036682,0.6043695956468582,0.7781046658754348,0.9340257387269626,5,17,unseen
0.07147814333438873,0.12154490500688553,0.8069769516587257,0.8291464626789092,0.9000896768501172,5,58,unseen
0.16963011026382446,0.17302902042865753,0.657340869307518,0.610668396949768,0.986011303961277,5,18,unseen
0.012715047225356102,0.3387426435947418,0.6485423091799021,0.3255052089691162,0.6804378325821924,5,128,unseen
0.06077180057764053,0.1414009928703308,0.7978272065520287,0.8508052080869675,0.8726235071662813,5,70,unseen
0.012715047225356102,0.3387426435947418,0.6485423091799021,0.3255052089691162,0.6804378325821924,5,128,unseen
0.012715047225356102,0.3387426435947418,0.6485423091799021,0.3255052089691162,0.6804378325821924,5,128,unseen
0.012715047225356102,0.3387426435947418,0.6485423091799021,0.3255052089691162,0.6804378325821924,5,128,unseen
0.23110812902450562,0.18385639786720276,0.5850354731082916,0.7857676386833191,0.9041457311673597,5,17,unseen
0.012715047225356102,0.3387426435947418,0.6485423091799021,0.3255052089691162,0.6804378325821924,5,128,unseen
0.2093718945980072,0.17857302725315094,0.6120550781488419,0.7537388205528259,0.9180826172232628,5,18,unseen
0.19189351797103882,0.2067510187625885,0.6013554632663727,0.6908166646957398,0.902033194899559,5,18,unseen
0.2118643820285797,0.21652674674987793,0.5716088712215424,0.7627117753028869,0.8574133068323135,5,18,unseen
0.2078818827867508,0.24457195401191711,0.5475461632013321,0.7483747780323028,0.8213192448019981,5,18,unseen
0.23346564173698425,0.21926836669445038,0.5472659915685654,0.933862566947937,0.7818085593836649,5,20,unseen
0.25378474593162537,0.1785740852355957,0.5676411688327789,0.9136250853538512,0.8514617532491684,5,18,unseen
0.19768734276294708,0.2089877873659134,0.5933248698711395,0.67213696539402,0.9169566170735792,5,17,unseen
0.20390444993972778,0.17292681336402893,0.6231687366962433,0.7748369097709656,0.9107850767098941,5,19,unseen
0.012715047225356102,0.3387426435947418,0.6485423091799021,0.3255052089691162,0.6804378325821924,5,128,unseen
0.19082970917224884,0.19120386242866516,0.617966428399086,0.6869869530200958,0.926949642598629,5,18,unseen
0.012715047225356102,0.3387426435947418,0.6485423091799021,0.3255052089691162,0.6804378325821924,5,128,unseen
0.17528268694877625,0.19184419512748718,0.6328731179237366,0.6310176730155944,0.9493096768856049,5,18,unseen
0.17237964272499084,0.16920021176338196,0.6584201455116272,0.6550426423549652,0.9623063665169935,5,19,unseen
0.13166023790836334,0.17795807123184204,0.6903816908597946,0.5003089040517807,1.009019394333546,5,19,unseen
0.1534298062324524,0.21892213821411133,0.6276480555534363,0.5523473024368286,0.9414720833301544,5,18,unseen
0.015592506155371666,0.32391321659088135,0.660494277253747,0.39916815757751467,0.692977602364587,5,128,unseen
0.015592506155371666,0.32391321659088135,0.660494277253747,0.39916815757751467,0.692977602364587,5,128,unseen
0.015592506155371666,0.32391321659088135,0.660494277253747,0.39916815757751467,0.692977602364587,5,128,unseen
0.015592506155371666,0.32391321659088135,0.660494277253747,0.39916815757751467,0.692977602364587,5,128,unseen
0.15340302884578705,0.16747848689556122,0.6791184842586517,0.5829315096139908,0.9925577846857218,5,19,unseen
0.18952779471874237,0.18838408589363098,0.6220881193876266,0.6823000609874725,0.93313217908144,5,18,unseen
0.22374065220355988,0.22273331880569458,0.5535260289907455,0.9397107392549515,0.7749364405870437,5,21,unseen
0.017057280987501144,0.12576019763946533,0.8571825213730335,0.4196091122925282,0.9011405993921635,5,123,unseen
0.04086151719093323,0.11564052104949951,0.8434979617595673,0.645611971616745,0.912826561356244,5,79,unseen
0.2983633875846863,0.18174761533737183,0.5198889970779419,1.3127989053726197,0.7148473709821701,5,22,unseen
0.01859535090625286,0.10008013248443604,0.8813245166093111,0.3495925970375538,0.941414824559946,5,94,unseen
0.19418464601039886,0.1730756312608719,0.6327397227287292,0.7767385840415955,0.9039138896124704,5,20,unseen
0.18290488421916962,0.14534024894237518,0.6717548668384552,0.7316195368766785,0.9596498097692218,5,20,unseen
0.11073555052280426,0.2095489203929901,0.6797155290842056,0.4207950919866562,0.9934303886615313,5,19,unseen
0.2122022807598114,0.14165225625038147,0.6461454629898071,0.891249579191208,0.9046036481857299,5,21,unseen
0.218806654214859,0.23262129724025726,0.5485720485448837,0.8314652860164643,0.8017591478732916,5,19,unseen
0.18463551998138428,0.1478239893913269,0.6675404906272888,0.7016149759292603,0.9756361016860374,5,19,unseen
0.19242596626281738,0.14488719403743744,0.6626868396997452,0.7697038650512695,0.9466954852853503,5,20,unseen
0.0837327241897583,0.17579331994056702,0.7404739558696747,1.2894839525222779,0.8030492197459852,5,77,unseen
0.19177845120429993,0.1899043470621109,0.6183172017335892,0.6904024243354797,0.9274758026003838,5,18,unseen
0.17453838884830475,0.16477826237678528,0.66068334877491,0.698153555393219,0.9438333553927286,5,20,unseen
0.03475848585367203,0.12003403902053833,0.8452074751257896,0.8203002661466599,0.8904864470075283,5,118,unseen
0.02604244090616703,0.33107686042785645,0.6428806986659765,0.6666864871978759,0.6744977822069262,5,128,unseen
0.1984795331954956,0.15052726864814758,0.6509931981563568,0.7939181327819824,0.9299902830805098,5,20,unseen
0.050652503967285156,0.18957331776618958,0.7597741782665253,0.9117450714111328,0.8140437624284199,5,90,unseen
0.05092165991663933,0.1976146548986435,0.7514636851847172,0.9267742104828358,0.8045081806095208,5,91,unseen
0.02574259787797928,0.3369101285934448,0.6373472735285759,0.6590105056762695,0.6686922214070304,5,128,unseen
0.19717150926589966,0.1639057695865631,0.6389227211475372,0.7886860370635986,0.9127467444964819,5,20,unseen
0.18323297798633575,0.17064689099788666,0.6461201310157776,0.6962853163480759,0.9443294222538288,5,19,unseen
0.17429926991462708,0.19694745540618896,0.628753274679184,0.662337225675583,0.9189470937618842,5,19,unseen
0.03363805264234543,0.13266699016094208,0.8336949571967125,0.625667779147625,0.8911911611413134,5,93,unseen
0.20037762820720673,0.13323870301246643,0.6663836687803268,0.8415860384702682,0.9329371362924576,5,21,unseen
0.0399102084338665,0.1720397025346756,0.7880500890314579,0.8620605021715164,0.8344059766215437,5,108,unseen
0.030964065343141556,0.16257989406585693,0.8064560405910015,0.6874022506177425,0.8525392429104873,5,111,unseen
0.01198679767549038,0.13435521721839905,0.8536579851061106,0.3044646609574556,0.8959881331279012,5,127,unseen
0.17249181866645813,0.17306587100028992,0.654442310333252,0.6899672746658325,0.93491758619036,5,20,unseen
0.23544321954250336,0.1755410134792328,0.5890157669782639,0.9888615220785142,0.8246220737695694,5,21,unseen
0.15184825658798218,0.2022220492362976,0.6459296941757202,0.5770233750343323,0.944051091487591,5,19,unseen
0.05498466640710831,0.16899242997169495,0.7760229036211967,0.8357669293880463,0.8425391525030136,5,76,unseen
0.04924917221069336,0.11842948198318481,0.8323213458061218,0.5614405632019043,0.9302415041362538,5,57,unseen
0.04813120886683464,0.1099417582154274,0.841927032917738,0.5101908139884471,0.9494070796731938,5,53,unseen
0.074766606092453,0.15026676654815674,0.7749666273593903,0.9570125579833985,0.8551355888103617,5,64,unseen
0.0586240291595459,0.15273725986480713,0.788638710975647,0.71521315574646,0.874672024900263,5,61,unseen
0.08588363975286484,0.1558525413274765,0.7582638189196587,0.9103665813803672,0.8550634553774874,5,53,unseen
0.06540073454380035,0.12565292418003082,0.8089463412761688,0.8240492552518845,0.8940985877262918,5,63,unseen
0.06341080367565155,0.11470488458871841,0.82188431173563,0.7355653226375579,0.916717116935895,5,58,unseen
0.08255859464406967,0.14970777928829193,0.7677336260676384,1.00721485465765,0.8514863852750171,5,61,unseen
0.05475984513759613,0.16836898028850555,0.7768711745738983,0.8323496460914612,0.8434601323945182,5,76,unseen
0.05659693107008934,0.12220783531665802,0.8211952336132526,0.7470794901251793,0.903314756974578,5,66,unseen
0.1909841150045395,0.16060812771320343,0.6484077572822571,0.6493459910154342,1.0020847157998518,5,17,unseen
0.13987433910369873,0.18916583061218262,0.6709598302841187,0.5594973564147949,0.9585140432630267,5,20,unseen
0.14852723479270935,0.16025006771087646,0.6912226974964142,0.6238143861293793,0.9677117764949799,5,21,unseen
0.231382817029953,0.18355366587638855,0.5850635170936584,0.9718078315258026,0.8190889239311218,5,21,unseen
0.15186108648777008,0.18881097435951233,0.6593279391527176,0.5466999113559723,0.9889919087290764,5,18,unseen
0.19469213485717773,0.16622522473335266,0.6390826404094696,0.7398301124572755,0.934043859059994,5,19,unseen
0.1469426453113556,0.19131460785865784,0.6617427468299866,0.5877705812454224,0.9453467811856952,5,20,unseen
0.14448603987693787,0.17534007132053375,0.6801738888025284,0.6068413674831391,0.9522434443235397,5,21,unseen
0.21399608254432678,0.16976667940616608,0.6162372380495071,0.8559843301773071,0.880338911499296,5,20,unseen
0.1709538698196411,0.15538674592971802,0.6736593842506409,0.6838154792785645,0.962370548929487,5,20,unseen
0.16614849865436554,0.1940598487854004,0.6397916525602341,0.6645939946174622,0.9139880750860487,5,20,unseen
0.1425173133611679,0.18431207537651062,0.6731706112623215,0.541565790772438,0.9838647395372391,5,19,unseen
0.17823943495750427,0.1606930047273636,0.6610675603151321,0.6773098528385163,0.9661756650759623,5,19,unseen
0.16179180145263672,0.16957399249076843,0.6686342060565948,0.6471672058105469,0.9551917229379927,5,20,unseen
0.14483609795570374,0.1782422661781311,0.6769216358661652,0.6083116114139557,0.9476902902126312,5,21,unseen
0.17438334226608276,0.16115497052669525,0.664461687207222,0.7324100375175476,0.9302463620901108,5,21,unseen
0.13350160419940948,0.20092475414276123,0.6655736416578293,0.5340064167976379,0.9508194880826133,5,20,unseen
0.18076518177986145,0.14800874888896942,0.6712260693311691,0.7592137634754181,0.9397164970636368,5,21,unseen
0.062274329364299774,0.16232815384864807,0.7753975167870522,0.7099273547530175,0.8666207540561172,5,57,unseen
0.04174191132187843,0.13467994332313538,0.8235781453549862,0.8431866087019443,0.8755936071668801,5,101,unseen
0.1956242024898529,0.19503355026245117,0.6093422472476959,0.8216216504573822,0.8530791461467743,5,21,unseen
0.1669815629720688,0.19447988271713257,0.6385385543107986,0.6011336266994476,0.957807831466198,5,18,unseen
0.19843825697898865,0.23144999146461487,0.5701117515563965,0.7143777251243592,0.8551676273345947,5,18,unseen
0.04562109708786011,0.16702568531036377,0.7873532176017761,1.0036641359329224,0.8327774416941863,5,110,unseen
0.20081838965415955,0.1597658395767212,0.6394157707691193,0.6827825248241425,0.988188009370457,5,17,unseen
0.18345630168914795,0.1516263782978058,0.6649173200130463,0.7705164670944215,0.9308842480182647,5,21,unseen
0.06043741852045059,0.17499253153800964,0.7645700499415398,0.809861408174038,0.8397736614111995,5,67,unseen
0.21617946028709412,0.1805383861064911,0.6032821536064148,0.8214819490909577,0.8817200706555293,5,19,unseen
0.17359620332717896,0.17193347215652466,0.6544703245162964,0.7291040539741517,0.9162584543228149,5,21,unseen
0.1816885769367218,0.1581762135028839,0.6601352095603943,0.7630920231342316,0.924189293384552,5,21,unseen
0.0740053802728653,0.11352290213108063,0.8124717175960541,1.006473171710968,0.8910980128472852,5,68,unseen
0.1789727360010147,0.16152667999267578,0.6595005840063095,0.7158909440040588,0.942143691437585,5,20,unseen
0.05445002391934395,0.12087841331958771,0.8246715627610683,0.7405203253030777,0.9044784881895589,5,68,unseen
0.08023130893707275,0.16411513090133667,0.7556535601615906,1.251608419418335,0.8186246901750565,5,78,unseen
0.15285752713680267,0.20441359281539917,0.6427288800477982,0.5197155922651291,0.9933082691647789,5,17,unseen
0.13342538475990295,0.16930711269378662,0.6972675025463104,0.4803313851356506,1.0459012538194656,5,18,unseen
0.07762714475393295,0.17598147690296173,0.7463913783431053,1.1488817423582076,0.8122494411380852,5,74,unseen
0.05760840326547623,0.15289585292339325,0.7894957438111305,0.7834742844104766,0.8658985577283367,5,68,unseen
0.1649598926305771,0.18231859803199768,0.6527215093374252,0.6928315490484238,0.9138101130723953,5,21,unseen
0.053717516362667084,0.20452293753623962,0.7417595461010933,0.7520452290773392,0.8112995035480708,5,70,unseen
0.15540681779384613,0.15034297108650208,0.6942502111196518,0.6527086347341537,0.9719502955675124,5,21,unseen
0.06740477681159973,0.16361185908317566,0.7689833641052246,1.1998050272464753,0.8245725229562048,5,89,unseen
0.08121524751186371,0.20511870086193085,0.7136660516262054,1.266957861185074,0.7731382225950558,5,78,unseen
0.22772055864334106,0.2036590576171875,0.5686203837394714,1.0019704580307007,0.7818530276417732,5,22,unseen
0.07383888214826584,0.16934531927108765,0.7568157985806465,1.1223510086536408,0.8216857241732733,5,76,unseen
0.17363721132278442,0.1461775153875351,0.6801852732896805,0.7292762875556946,0.9522593826055527,5,21,unseen
0.19011439383029938,0.1526990532875061,0.6571865528821945,0.7984804540872574,0.9200611740350723,5,21,unseen
0.22570884227752686,0.2225130796432495,0.5517780780792236,0.7222682952880859,0.8828449249267578,5,16,unseen
0.17062821984291077,0.20261023938655853,0.6267615407705307,0.6142615914344788,0.940142311155796,5,18,unseen
0.17942053079605103,0.15821942687034607,0.6623600423336029,0.7176821231842041,0.946228631905147,5,20,unseen
0.1607380360364914,0.17993436753749847,0.6593275964260101,0.45006650090217587,1.1538232937455177,5,14,unseen
0.1988004446029663,0.14155709743499756,0.6596424579620361,0.755441689491272,0.9640928231752836,5,19,unseen
0.19899572432041168,0.15649673342704773,0.6445075422525406,0.6367863178253174,1.031212067604065,5,16,unseen
0.15477541089057922,0.1656050682067871,0.6796195209026337,0.5881465613842011,0.9932900690115415,5,19,unseen
0.06532882899045944,0.11229521036148071,0.8223759606480598,0.7447486504912377,0.9191260736654786,5,57,unseen
0.19467265903949738,0.1788831204175949,0.6264442205429077,0.6229525089263916,1.0023107528686523,5,16,unseen
0.1921151876449585,0.1471119374036789,0.6607728749513626,0.6147686004638672,1.0572365999221802,5,16,unseen
0.15398633480072021,0.1325932890176773,0.7134203761816025,0.6467426061630249,0.9987885266542434,5,21,unseen
0.17015057802200317,0.22079510986804962,0.6090543121099472,0.6465721964836121,0.8901563023145382,5,19,unseen
0.17028078436851501,0.14579501748085022,0.6839241981506348,0.6811231374740601,0.9770345687866212,5,20,unseen
0.17894969880580902,0.1466386914253235,0.6744116097688675,0.7873786747455597,0.9273159634321928,5,22,unseen
0.17251281440258026,0.13950115442276,0.6879860311746597,0.6210461318492889,1.0319790467619896,5,18,unseen
0.14088372886180878,0.2232196033000946,0.6358966678380966,0.45082793235778806,1.0174346685409545,5,16,unseen
0.06979908049106598,0.14076592028141022,0.7894349992275238,1.00510675907135,0.8612018173391169,5,72,unseen
0.08663021773099899,0.18068596720695496,0.732683815062046,1.126192830502987,0.8071940335429321,5,65,unseen
0.15433675050735474,0.13425017893314362,0.7114130705595016,0.6790817022323609,0.9781929720193148,5,22,unseen
0.1803056299686432,0.1579962521791458,0.661698117852211,0.6491002678871155,0.9925471767783165,5,18,unseen
0.06735682487487793,0.11720588803291321,0.8154372870922089,0.6600968837738037,0.9292192341283311,5,49,unseen
0.17108947038650513,0.15859906375408173,0.6703114658594131,0.6501399874687195,0.9796859885637577,5,19,unseen
0.18278422951698303,0.18674737215042114,0.6304683983325958,0.7311369180679321,0.9006691404751369,5,20,unseen
0.1622711420059204,0.1771339625120163,0.6605948954820633,0.6166303396224976,0.9654848472430155,5,19,unseen
0.1865074187517166,0.1832125037908554,0.630280077457428,0.7460296750068665,0.9004001106534686,5,20,unseen
0.1700502634048462,0.16506201028823853,0.6648877263069153,0.6461910009384155,0.9717589846024146,5,19,unseen
0.0892670750617981,0.12444431334733963,0.7862886115908623,0.9105241656303406,0.8911270931363106,5,51,unseen
0.05591995269060135,0.11994339525699615,0.8241366520524025,0.7157753944396973,0.9093921677819614,5,64,unseen
0.22443954646587372,0.19816026091575623,0.5774001926183701,0.8977581858634949,0.824857418026243,5,20,unseen
0.06595009565353394,0.15317319333553314,0.7808767110109329,0.8969213008880615,0.8564454249797329,5,68,unseen
0.19114527106285095,0.17245185375213623,0.6364028751850128,0.7263520300388336,0.9301272791165571,5,19,unseen
0.19939738512039185,0.15433265268802643,0.6462699621915817,0.7178305864334106,0.9694049432873726,5,18,unseen
0.053739242255687714,0.11038489639759064,0.8358758613467216,0.634123058617115,0.9305033173482372,5,59,unseen
0.06010272726416588,0.12383231520652771,0.8160649575293064,0.7092121817171574,0.9084496697024353,5,59,unseen
0.06334712356328964,0.13146263360977173,0.8051902428269386,0.8615208804607392,0.8831118792295456,5,68,unseen
0.06357811391353607,0.12020105123519897,0.816220834851265,0.7502217441797256,0.9086231935136723,5,59,unseen
0.22300110757350922,0.18922799825668335,0.5877708941698074,0.8028039872646331,0.8816563412547112,5,18,unseen
0.18036553263664246,0.17453046143054962,0.6451040059328079,0.6132428109645843,0.996978918259794,5,17,unseen
0.07124904543161392,0.14553892612457275,0.7832120284438133,0.86923835426569,0.8686533406376838,5,61,unseen
0.08276653289794922,0.14274641871452332,0.7744870483875275,0.9600917816162109,0.8638509385860883,5,58,unseen
0.1887165606021881,0.17531299591064453,0.6359704434871674,0.6793796181678772,0.953955665230751,5,18,unseen
0.20416328310966492,0.16907688975334167,0.6267598271369934,0.7349878191947937,0.9401397407054901,5,18,unseen
0.059065788984298706,0.1108522117137909,0.8300819993019104,0.732415783405304,0.9190193563699722,5,62,unseen
0.06585312634706497,0.15732118487358093,0.7768256887793541,0.9087731435894966,0.8508090877107212,5,69,unseen
0.15970486402511597,0.18133363127708435,0.6589615046977997,0.5749375104904174,0.9884422570466995,5,18,unseen
0.2041437029838562,0.16878177225589752,0.6270745247602463,0.7349173307418823,0.9406117871403694,5,18,unseen
0.05837520584464073,0.17065373063087463,0.7709710635244846,0.8406029641628265,0.8410593420267105,5,72,unseen
0.08767886459827423,0.1450098305940628,0.767311304807663,1.0872179210186006,0.8495232303227698,5,62,unseen
0.07928138971328735,0.12801745533943176,0.7927011549472809,0.9830892324447632,0.8776334215487753,5,62,unseen
0.04538632556796074,0.10201287269592285,0.8526008017361164,0.5083268463611602,0.9549128979444503,5,56,unseen
0.06828942894935608,0.13251881301403046,0.7991917580366135,0.7921573758125304,0.8914061916562227,5,58,unseen
0.09896840155124664,0.15648679435253143,0.7445448040962219,1.1480334579944609,0.8304538199534783,5,58,unseen
0.05374264344573021,0.11812202632427216,0.8281353302299976,0.5804205492138863,0.9316522465087473,5,54,unseen
0.06296498328447342,0.11709656566381454,0.819938451051712,0.755579799413681,0.9110427233907912,5,60,unseen
0.05426174774765968,0.11837302148342133,0.827365230768919,0.7596644684672356,0.9049307211535051,5,70,unseen
0.055449794977903366,0.13340187072753906,0.8111483342945576,0.6210377037525177,0.9084861344099044,5,56,unseen
0.05975966900587082,0.11920677125453949,0.8210335597395897,0.7410198956727981,0.90900144114026,5,62,unseen
0.0650995746254921,0.11837495118379593,0.816525474190712,0.7811948955059052,0.9072505268785689,5,60,unseen
0.036933526396751404,0.16013997793197632,0.8029264956712723,0.45058902204036716,0.8905184770172293,5,61,unseen
0.06978970021009445,0.19454790651798248,0.7356623932719231,1.0328875631093979,0.8005737809135632,5,74,unseen
0.09227894246578217,0.15394532680511475,0.7537757307291031,1.1811704635620117,0.8317525304597,5,64,unseen
0.05128231644630432,0.1874120682477951,0.7613056153059006,0.6769265770912171,0.8374361768364906,5,66,unseen
0.04003918915987015,0.14459232985973358,0.8153684809803963,0.6406270265579224,0.8814794388977256,5,80,unseen
0.08053766191005707,0.18394091725349426,0.7355214208364487,1.095312201976776,0.8067009131754599,5,68,unseen
0.20642432570457458,0.1721792221069336,0.6213964521884918,0.8256973028182983,0.8877092174121313,5,20,unseen
0.134979248046875,0.17070810496807098,0.694312646985054,0.512921142578125,1.0147646379012327,5,19,unseen
0.1943379044532776,0.14680016040802002,0.6588619351387024,0.7384840369224549,0.9629520590488727,5,19,unseen
0.2120763212442398,0.18810340762138367,0.5998202711343765,0.8907205492258072,0.8397483795881271,5,21,unseen
0.2288241982460022,0.14735889434814453,0.6238169074058533,0.9610616326332093,0.8733436703681946,5,21,unseen
0.21880942583084106,0.18471716344356537,0.5964734107255936,0.8752377033233643,0.8521048724651337,5,20,unseen
0.1629851758480072,0.13769273459911346,0.6993220895528793,0.6519407033920288,0.9990315565041133,5,20,unseen
0.16444359719753265,0.13893041014671326,0.6966259926557541,0.6248856693506242,1.0181456815737944,5,19,unseen
0.1762368083000183,0.13756483793258667,0.686198353767395,0.7754419565200806,0.9435227364301682,5,22,unseen
0.1895129680633545,0.1739375740289688,0.6365494579076767,0.758051872253418,0.9093563684395382,5,20,unseen
0.14979469776153564,0.19241273403167725,0.6577925682067871,0.5392609119415283,0.9866888523101807,5,18,unseen
0.2184765636920929,0.1548600196838379,0.6266634166240692,0.7428203165531159,0.9684798256917433,5,17,unseen
0.19501686096191406,0.17075388133525848,0.6342292577028275,0.7020606994628906,0.9513438865542412,5,18,unseen
0.1983414590358734,0.15770535171031952,0.6439531892538071,0.7140292525291443,0.9659297838807106,5,18,unseen
0.13256777822971344,0.17496135830879211,0.6924708634614944,0.5567846685647965,0.9694592088460922,5,21,unseen
0.061522480100393295,0.15430974960327148,0.7841677702963352,0.6890517771244049,0.8782679027318954,5,56,unseen
0.05039700120687485,0.1974550187587738,0.7521479800343513,0.645081615447998,0.8299563917620428,5,64,unseen
0.14589163661003113,0.19117337465286255,0.6629349887371063,0.525209891796112,0.9944024831056595,5,18,unseen
0.18382695317268372,0.22687868773937225,0.589294359087944,0.8456039845943452,0.7972806034719243,5,23,unseen
0.09919247031211853,0.1759529560804367,0.7248545736074448,1.0911171734333038,0.8136122764981523,5,55,unseen
0.0596008226275444,0.16491341590881348,0.7754857614636421,0.6794493779540063,0.8667193804593647,5,57,unseen
0.23424695432186127,0.15861019492149353,0.6071428507566452,0.8432890355587005,0.9107142761349678,5,18,unseen
0.24412311613559723,0.20068402588367462,0.5551928579807281,1.0741417109966278,0.7633901797235012,5,22,unseen
0.06918551027774811,0.15286220610141754,0.7779522836208344,0.8855745315551757,0.858430106064369,5,64,unseen
0.08735942840576172,0.12408433854579926,0.788556233048439,0.8735942840576172,0.8960866284641352,5,50,unseen
0.2173915058374405,0.20055875182151794,0.5820497423410416,0.9565226256847382,0.8003183957189322,5,22,unseen
0.2123657464981079,0.21454134583473206,0.57309290766716,0.7645166873931885,0.85963936150074,5,18,unseen
0.07778437435626984,0.1302768588066101,0.7919387668371201,0.8711849927902221,0.8869714188575745,5,56,unseen
0.06804507970809937,0.1549944430589676,0.776960477232933,1.0206761956214905,0.8445222578618837,5,75,unseen
0.06223637983202934,0.14194384217262268,0.795819777995348,0.8090729378163815,0.8767506028762309,5,65,unseen
0.05771710351109505,0.1276734471321106,0.8146094493567944,0.6233447179198266,0.9164356305263937,5,54,unseen
0.08296328783035278,0.16977883875370026,0.747257873415947,0.9789667963981629,0.8318531043686956,5,59,unseen
0.08176092058420181,0.12111839652061462,0.7971206828951836,0.9974832311272622,0.8840793028473855,5,61,unseen
0.17462986707687378,0.1641140580177307,0.6612560749053955,0.5588155746459961,1.058009719848633,5,16,unseen
0.19573846459388733,0.22353895008563995,0.5807225853204727,0.7438061654567719,0.8487483939299216,5,19,unseen
0.09431686252355576,0.17614541947841644,0.7295377179980278,0.9431686252355576,0.8290201340886679,5,50,unseen
0.0727560967206955,0.17315302789211273,0.7540908753871918,0.7130097478628158,0.8593128579993581,5,49,unseen
0.1541840136051178,0.1590350866317749,0.6867808997631073,0.6475728571414948,0.9614932596683502,5,21,unseen
0.07404150813817978,0.16096419095993042,0.7649943009018898,0.7848399862647056,0.8626531478255353,5,53,unseen
0.20230671763420105,0.17829599976539612,0.6193972826004028,0.8092268705368042,0.8848532608577184,5,20,unseen
0.18724781274795532,0.1542435884475708,0.6585085988044739,0.7489912509918213,0.940726569720677,5,20,unseen
0.16619732975959778,0.1856546849012375,0.6481479853391647,0.6647893190383911,0.925925693341664,5,20,unseen
0.20639441907405853,0.18953675031661987,0.6040688306093216,0.7430199086666107,0.9061032459139824,5,18,unseen
0.10031542181968689,0.1751648485660553,0.7245197296142578,1.1034696400165558,0.8132364311996771,5,55,unseen
0.2347118854522705,0.13093030452728271,0.6343578100204468,0.8449627876281738,0.9515367150306702,5,18,unseen
0.04737959802150726,0.13245287537574768,0.8201675266027451,0.5401274174451828,0.9166578238501268,5,57,unseen
0.15673679113388062,0.1776285320520401,0.6656346768140793,1.4419784784317018,0.7654798783361912,5,46,unseen
0.0957764983177185,0.12061981856822968,0.7836036831140518,0.9960755825042724,0.8858128591724065,5,52,unseen
0.11247776448726654,0.20655035972595215,0.6809718757867813,1.5072020441293719,0.7479527160281041,5,67,unseen
0.09242583811283112,0.1708623468875885,0.7367118149995804,1.1460803925991059,0.8156452237495354,5,62,unseen
0.08242853730916977,0.13625088334083557,0.7813205793499947,0.9067139104008675,0.8769924870255043,5,55,unseen
0.053785018622875214,0.14828409254550934,0.7979308888316154,0.8605602979660034,0.8626279879260708,5,80,unseen
0.05698149651288986,0.13960647583007812,0.803412027657032,0.78634465187788,0.8799274588624637,5,69,unseen
0.052135810256004333,0.13208699226379395,0.8157771974802017,0.6881926953792572,0.8973549172282219,5,66,unseen
0.09488897025585175,0.14713898301124573,0.7579720467329025,1.08173426091671,0.8471452287014792,5,57,unseen
0.04808359593153,0.12319338321685791,0.8287230208516121,0.615470027923584,0.9144529885259168,5,64,unseen
0.030559834092855453,0.12781086564064026,0.8416293002665043,0.48895734548568726,0.9098695138016262,5,80,unseen
0.04786746948957443,0.11985691636800766,0.8322756141424179,0.5744096338748932,0.9247506823804643,5,60,unseen
0.13491469621658325,0.14975573122501373,0.715329572558403,1.5380275368690492,0.7994859928593916,5,57,unseen
0.0611562505364418,0.13286146521568298,0.8059822842478752,0.6237937554717063,0.9134465888142586,5,51,unseen
0.2512160539627075,0.22823429107666016,0.5205496549606323,0.7536481618881226,0.8675827582677206,5,15,unseen
0.181908518075943,0.16139450669288635,0.6566969752311707,0.545725554227829,1.094494958718618,5,15,unseen
0.19054396450519562,0.1606205552816391,0.6488354802131653,0.6097406864166259,1.0381367683410645,5,16,unseen
0.21615228056907654,0.16640612483024597,0.6174415946006775,0.6052263855934142,1.0805227905511856,5,14,unseen
0.19704993069171906,0.16312377154827118,0.6398262977600098,0.630559778213501,1.0237220764160155,5,16,unseen
0.1717761904001236,0.19156098365783691,0.6366628259420395,0.5496838092803955,1.0186605215072633,5,16,unseen
0.22623902559280396,0.16851969063282013,0.6052412837743759,0.7239648818969726,0.9683860540390015,5,16,unseen
0.19704993069171906,0.16312377154827118,0.6398262977600098,0.630559778213501,1.0237220764160155,5,16,unseen
0.19606009125709534,0.14429724216461182,0.6596426665782928,0.588180273771286,1.099404444297155,5,15,unseen
0.14389796555042267,0.1735702008008957,0.6825318336486816,0.40291430354118346,1.1944307088851929,5,14,unseen
0.16096889972686768,0.14690008759498596,0.6921310126781464,0.5472942590713501,1.069657019593499,5,17,unseen
0.21396739780902863,0.18692219257354736,0.599110409617424,0.5563152343034744,1.1126336178609304,5,13,unseen
0.17754745483398438,0.16088642179965973,0.6615661233663559,0.6746803283691407,0.9669043341508278,5,19,unseen
0.20641252398490906,0.1551799178123474,0.6384075582027435,0.660520076751709,1.0214520931243896,5,16,unseen
0.013563072308897972,0.30107182264328003,0.685365105047822,0.3472146511077881,0.7190715856239444,5,128,unseen
0.058030903339385986,0.20739281177520752,0.7345762848854065,1.0329500794410706,0.7876781849976046,5,89,unseen
0.039899781346321106,0.19959169626235962,0.7605085223913193,0.8139555394649506,0.8080403050407767,5,102,unseen
0.06537297368049622,0.17467688024044037,0.7599501460790634,0.7975502789020539,0.8428537983785976,5,61,unseen
0.06511032581329346,0.16252338886260986,0.7723662853240967,0.8334121704101562,0.8522662458748653,5,64,unseen
0.0568733848631382,0.23245787620544434,0.7106687389314175,1.0805943123996258,0.7585789909942097,5,95,unseen
0.06379780918359756,0.1782851219177246,0.7579170688986778,1.020764946937561,0.8193698042147868,5,80,unseen
0.0579611137509346,0.13150721788406372,0.8105316683650017,0.9505622655153275,0.8745210106043438,5,82,unseen
0.0594567209482193,0.16861090064048767,0.771932378411293,0.6896979629993438,0.8610014989972115,5,58,unseen
0.09211698174476624,0.21319235861301422,0.6946906596422195,1.0132867991924286,0.7797548220473893,5,55,unseen
0.06274619698524475,0.1469256579875946,0.7903281450271606,0.727855885028839,0.8815198540687561,5,58,unseen
0.04532672092318535,0.1330842822790146,0.8215889967978001,0.5620513394474983,0.9096163893118501,5,62,unseen
0.05238230898976326,0.11895844340324402,0.8286592476069927,0.6600170932710171,0.9158865368287814,5,63,unseen
0.12819747626781464,0.17290359735488892,0.6988989263772964,1.3332537531852722,0.7900596559047699,5,52,unseen
0.09670405089855194,0.1910857856273651,0.712210163474083,1.4118791431188584,0.7759901781135531,5,73,unseen
0.05277158319950104,0.11183052510023117,0.8353978917002678,0.6438133150339127,0.9265322071584788,5,61,unseen
0.20844519138336182,0.17621809244155884,0.6153367161750793,0.917158842086792,0.8460879847407341,5,22,unseen
0.11645236611366272,0.1632106900215149,0.7203369438648224,0.44251899123191835,1.0528001487255096,5,19,unseen
0.17499792575836182,0.17363160848617554,0.6513704657554626,0.6999917030334473,0.9305292367935182,5,20,unseen
0.15746933221817017,0.20380288362503052,0.6387277841567993,0.6613711953163147,0.894218897819519,5,21,unseen
0.2548316419124603,0.13301651179790497,0.6121518462896347,1.1212592244148254,0.8417087886482477,5,22,unseen
0.14955037832260132,0.1581997126340866,0.6922499090433121,0.6281115889549256,0.9691498726606369,5,21,unseen
0.16580268740653992,0.18446198105812073,0.6497353315353394,0.6300502121448517,0.9496131768593421,5,19,unseen
0.14485135674476624,0.1923655867576599,0.6627830564975739,0.5794054269790649,0.946832937853677,5,20,unseen
0.15600556135177612,0.18607914447784424,0.6579152941703796,0.6240222454071045,0.939878991671971,5,20,unseen
0.15900354087352753,0.1724240779876709,0.6685723811388016,0.572412747144699,1.0028585717082024,5,18,unseen
0.15978968143463135,0.186547189950943,0.6536631286144257,0.6391587257385254,0.9338044694491796,5,20,unseen
0.1743643879890442,0.14096805453300476,0.684667557477951,0.7672033071517944,0.9414178915321827,5,22,unseen
0.13683734834194183,0.17929807305335999,0.6838645786046982,0.519981923699379,0.9994943841145588,5,19,unseen
0.02474040910601616,0.13427388668060303,0.8409857042133808,0.6135621458292008,0.8837476891733832,5,124,unseen
0.19483725726604462,0.16786833107471466,0.6372944116592407,0.8183164805173875,0.892212176322937,5,21,unseen
0.030198808759450912,0.103128582239151,0.8666726090013981,0.6402147457003593,0.9186729655414819,5,106,unseen
0.16694408655166626,0.14446665346622467,0.6885892599821091,0.7011651635169983,0.9640249639749526,5,21,unseen
0.052452802658081055,0.11011004447937012,0.8374371528625488,0.7028675556182862,0.9198080203572258,5,67,unseen
0.16654616594314575,0.18019884824752808,0.6532549858093262,0.6994938969612122,0.9145569801330566,5,21,unseen
0.1609007865190506,0.20234347879886627,0.6367557346820831,0.5792428314685821,0.9551336020231247,5,18,unseen
0.037376198917627335,0.15398669242858887,0.8086371086537838,0.6578211009502412,0.8678056775796704,5,88,unseen
0.17415055632591248,0.1925307810306549,0.6333186626434326,0.6966022253036499,0.9047409466334753,5,20,unseen
0.03394882380962372,0.16317901015281677,0.8028721660375595,0.7265048295259476,0.8505675422378106,5,107,unseen
0.22221392393112183,0.18496550619602203,0.5928205698728561,0.7555273413658142,0.9161772443489594,5,17,unseen
0.19295921921730042,0.1814754158258438,0.6255653649568558,0.6560613453388214,0.9667828367515043,5,17,unseen
0.21346914768218994,0.18200251460075378,0.6045283377170563,0.7684889316558837,0.9067925065755844,5,18,unseen
0.039392177015542984,0.10552997887134552,0.8550778441131115,0.7484513632953167,0.9127235414690515,5,95,unseen
0.02431352809071541,0.13602466881275177,0.8396618030965328,0.5883873797953129,0.8834702449972215,5,121,unseen
0.127419114112854,0.2015555202960968,0.6710253655910492,0.4587088108062744,1.0065380483865738,5,18,unseen
0.18625660240650177,0.15802964568138123,0.655713751912117,0.633272448182106,1.0133757984096352,5,17,unseen
0.15613749623298645,0.14948368072509766,0.6943788230419159,0.6557774841785431,0.9721303522586823,5,21,unseen
0.16662687063217163,0.14505481719970703,0.6883183121681213,0.6331821084022522,1.0060036870149465,5,19,unseen
0.03950812667608261,0.13308168947696686,0.8274101838469505,0.6874414041638375,0.8886998270948728,5,87,unseen
0.03670249134302139,0.138492152094841,0.8248053565621376,0.6386233493685722,0.8859020496408145,5,87,unseen
0.14622054994106293,0.1602037250995636,0.6935757249593735,0.6141263097524643,0.9710060149431229,5,21,unseen
0.04853062704205513,0.12404084950685501,0.8274285234510899,0.6406042769551277,0.9101713757961989,5,66,unseen
0.1176401823759079,0.18956612050533295,0.6927936971187592,1.3175700426101684,0.7759289407730102,5,56,unseen
0.07005120813846588,0.17064879834651947,0.7592999935150146,0.868634980916977,0.8406535642487662,5,62,unseen
0.05900043994188309,0.1672585904598236,0.7737409695982933,0.8142060711979866,0.8474305857505118,5,69,unseen
0.10082229971885681,0.16616301238536835,0.7330146878957748,1.169538676738739,0.8175933057299027,5,58,unseen
0.06537701189517975,0.1873231828212738,0.7472998052835464,0.810674947500229,0.8273676415639264,5,62,unseen
0.05362123250961304,0.1601354479789734,0.7862433195114136,0.600557804107666,0.8805925178527831,5,56,unseen
0.08612747490406036,0.16059522330760956,0.7532773017883301,0.9990787088871002,0.8401939135331373,5,58,unseen
0.05629769712686539,0.17380887269973755,0.7698934301733971,0.596755589544773,0.8681776978551073,5,53,unseen
0.057094987481832504,0.12469075620174408,0.8182142563164234,0.5823688723146916,0.9273094904919466,5,51,unseen
0.08454997092485428,0.1858832836151123,0.7295667454600334,0.8793196976184845,0.8247276253026465,5,52,unseen
0.06234913319349289,0.170540452003479,0.7671104148030281,0.7731292515993119,0.8493008163890668,5,62,unseen
0.08068886399269104,0.1638738363981247,0.7554372996091843,1.000541913509369,0.8363770102815968,5,62,unseen
0.11470076441764832,0.14507350325584412,0.7402257323265076,1.2617084085941315,0.8308656179175086,5,55,unseen
0.06422799080610275,0.14494016766548157,0.7908318415284157,0.7065078988671303,0.8876683935523033,5,55,unseen
0.03880809247493744,0.18131615221500397,0.7798757553100586,0.4889819651842118,0.8619679400795385,5,63,unseen
0.06894467771053314,0.16609784960746765,0.7649574726819992,0.7308135837316513,0.862611618130765,5,53,unseen
0.06530559062957764,0.13438354432582855,0.8003108650445938,0.7053003787994385,0.900349723175168,5,54,unseen
0.07830867171287537,0.18459348380565643,0.7370978444814682,0.877057123184204,0.8255495858192443,5,56,unseen
0.16060996055603027,0.1490437090396881,0.6903463304042816,0.5460738658905029,1.0668988742611625,5,17,unseen
0.19460657238960266,0.15544304251670837,0.649950385093689,0.8173476040363312,0.9099305391311645,5,21,unseen
0.24774762988090515,0.2139834761619568,0.5382688939571381,0.8423419415950775,0.8318701088428497,5,17,unseen
0.18287456035614014,0.2490106225013733,0.5681148171424866,0.7314982414245605,0.8115925959178381,5,20,unseen
0.14607417583465576,0.22574572265148163,0.6281801015138626,0.5258670330047607,0.9422701522707939,5,18,unseen
0.19089943170547485,0.21117526292800903,0.5979253053665161,0.7254178404808045,0.8738908309202927,5,19,unseen
0.23215505480766296,0.17155198752880096,0.5962929576635361,1.021482241153717,0.8199028167873621,5,22,unseen
0.16955608129501343,0.17442254722118378,0.6560213714838028,0.6443131089210511,0.9588004660147886,5,19,unseen
0.18993383646011353,0.17776310443878174,0.6323030591011047,0.8357088804244995,0.869416706264019,5,22,unseen
0.24633684754371643,0.21443012356758118,0.5392330288887024,1.1331494987010957,0.7295505684964797,5,23,unseen
0.17985159158706665,0.20317450165748596,0.6169739067554474,0.75537668466568,0.8637634694576263,5,21,unseen
0.12096720188856125,0.17981667816638947,0.6992161199450493,0.4596753671765328,1.0219312522273798,5,19,unseen
0.07294324785470963,0.18259532749652863,0.7444614246487617,1.1379146665334703,0.8064998767028252,5,78,unseen
0.05679187923669815,0.1557770073413849,0.787431113421917,0.7723695576190949,0.8636341243982315,5,68,unseen
0.09167487919330597,0.15576136112213135,0.7525637596845627,1.1000985503196716,0.8361819552050697,5,60,unseen
0.05918746441602707,0.1211933046579361,0.8196192309260368,0.828624501824379,0.8964585338253528,5,70,unseen
0.07414070516824722,0.12587061524391174,0.799988679587841,0.7858914747834205,0.9021148940033101,5,53,unseen
0.07555599510669708,0.11491905897855759,0.8095249459147453,0.7857823491096496,0.9151151562514512,5,52,unseen
0.07643954455852509,0.12751486897468567,0.7960455864667892,0.8714108079671861,0.8896980084040585,5,57,unseen
0.08026014268398285,0.1261475384235382,0.7935923188924789,0.9470696836709976,0.8834329587670992,5,59,unseen
0.06823086738586426,0.10754385590553284,0.8242252767086029,0.8870012760162354,0.9080447963738846,5,65,unseen
0.1488875150680542,0.25063344836235046,0.6004790365695953,0.4764400482177734,0.9607664585113526,5,16,unseen
0.13677354156970978,0.23728510737419128,0.6259413510560989,0.46503004133701326,0.9673639061776074,5,17,unseen
0.21473948657512665,0.1740778386592865,0.6111826747655869,0.6871663570404053,0.977892279624939,5,16,unseen
0.2036123275756836,0.19462372362613678,0.6017639487981796,0.6922819137573242,0.9299988299608231,5,17,unseen
0.1684240698814392,0.2109348177909851,0.6206411123275757,0.5726418375968932,0.959172628142617,5,17,unseen
0.15082278847694397,0.24266302585601807,0.606514185667038,0.5127974808216095,0.9373401051217859,5,17,unseen
0.19655072689056396,0.21518003940582275,0.5882692337036133,0.6289623260498047,0.9412307739257812,5,16,unseen
0.17866182327270508,0.19657564163208008,0.6247625350952148,0.5717178344726562,0.9996200561523437,5,16,unseen
0.1343996822834015,0.2070608139038086,0.6585395038127899,0.5644786655902863,0.9219553053379058,5,21,unseen
0.16639050841331482,0.20876444876194,0.6248450428247452,0.6322839319705964,0.9132350625900122,5,19,unseen
0.18518388271331787,0.22585426270961761,0.5889618545770645,0.5925884246826172,0.9423389673233032,5,16,unseen
0.2188509702682495,0.14599114656448364,0.6351578831672668,0.7878634929656982,0.9527368247509003,5,18,unseen
0.20962196588516235,0.14566172659397125,0.6447163075208664,0.712714684009552,0.9963797479867935,5,17,unseen
0.07802832126617432,0.17494012415409088,0.7470315545797348,0.9363398551940918,0.8300350606441498,5,60,unseen
0.047127433121204376,0.14119988679885864,0.811672680079937,0.838868309557438,0.8703478135796915,5,89,unseen
0.05149286240339279,0.1550101339817047,0.7934970036149025,0.8547815158963203,0.8553279389615183,5,83,unseen
0.18318325281143188,0.13832981884479523,0.6784869283437729,0.6228230595588684,1.0485707074403763,5,17,unseen
0.1675000786781311,0.18555623292922974,0.6469436883926392,0.603000283241272,0.9704155325889587,5,18,unseen
0.20210662484169006,0.1470562368631363,0.6508371382951736,0.7275838494300843,0.9762557074427605,5,18,unseen
0.18351316452026367,0.14333027601242065,0.6731565594673157,0.7707552909851074,0.9424191832542419,5,21,unseen
0.04995835945010185,0.14875230193138123,0.8012893386185169,0.7493753917515278,0.8709666724114314,5,75,unseen
0.20201221108436584,0.1443699151277542,0.6536178737878799,0.727243959903717,0.9804268106818199,5,18,unseen
0.1872270703315735,0.13966302573680878,0.6731099039316177,0.6365720391273498,1.040260760621591,5,17,unseen
0.20390038192272186,0.14247190952301025,0.6536277085542679,0.7340413749217987,0.9804415628314018,5,18,unseen
0.0533917099237442,0.16991138458251953,0.7766969054937363,1.131904250383377,0.8232987198233604,5,106,unseen
0.11050958931446075,0.14688679575920105,0.7426036149263382,1.304013153910637,0.826671948691584,5,59,unseen
0.18379932641983032,0.13926582038402557,0.6769348531961441,0.7351973056793213,0.9670497902802059,5,20,unseen
0.19356957077980042,0.13581161201000214,0.6706188172101974,0.6581365406513214,1.0364108993248506,5,17,unseen
0.027271755039691925,0.16952857375144958,0.8031996712088585,0.6981569290161133,0.8427012943830646,5,128,unseen
0.197946235537529,0.2112644612789154,0.5907893031835556,0.7126064479351043,0.8861839547753334,5,18,unseen
0.13681253790855408,0.1872502565383911,0.6759372055530548,0.6293376743793487,0.9145032781011918,5,23,unseen
0.05280998721718788,0.12688210606575012,0.820307906717062,0.7499018184840679,0.8960286365678677,5,71,unseen
0.029655583202838898,0.20533014833927155,0.7650142684578896,0.7591829299926758,0.8026379210049989,5,128,unseen
0.06583955883979797,0.13762298226356506,0.796537458896637,0.842746353149414,0.8789378856790477,5,64,unseen
0.051045022904872894,0.14376917481422424,0.8051858022809029,0.7452573344111443,0.8772919935299389,5,73,unseen
0.091285839676857,0.14945530891418457,0.7592588514089584,1.095430076122284,0.8436209460099537,5,60,unseen
0.0897257849574089,0.14799273014068604,0.7622814849019051,1.0946545764803888,0.8454394650730219,5,61,unseen
0.06508124619722366,0.13355104625225067,0.8013677075505257,0.9632024437189102,0.8720766229226308,5,74,unseen
0.07143764197826385,0.1800033003091812,0.7485590577125549,0.9858394593000411,0.8198503965423222,5,69,unseen
0.18005423247814178,0.15864455699920654,0.6613012105226517,0.7562277764081955,0.9258216947317123,5,21,unseen
0.1734032928943634,0.1560848206281662,0.6705118864774704,0.6936131715774536,0.9578741235392435,5,20,unseen
0.20706436038017273,0.12830200791358948,0.6646336317062378,0.8696703135967255,0.9304870843887328,5,21,unseen
0.18764230608940125,0.12250387668609619,0.6898538172245026,0.7130407631397248,1.0082478867127345,5,19,unseen
0.2047538161277771,0.11389727890491486,0.681348904967308,0.778064501285553,0.9958176303368348,5,19,unseen
0.14438128471374512,0.1558535397052765,0.6997651755809784,0.5486488819122315,1.0227337181568146,5,19,unseen
0.15613356232643127,0.15502992272377014,0.6888365149497986,0.6557609617710114,0.964371120929718,5,21,unseen
0.18372081220149994,0.12412002682685852,0.6921591609716415,0.6981390863656998,1.0116172352662454,5,19,unseen
0.15921515226364136,0.13781367242336273,0.7029711753129959,0.6368606090545654,1.0042445361614227,5,20,unseen
0.1778183877468109,0.13166263699531555,0.6905189752578735,0.6757098734378815,1.0092200407615075,5,19,unseen
0.19228820502758026,0.18244218826293945,0.6252696067094803,0.7306951791048051,0.9138555790369327,5,19,unseen
0.052048876881599426,0.1283741295337677,0.8195769935846329,0.7390940517187118,0.8952302545309067,5,71,unseen
0.06598316878080368,0.1398821324110031,0.7941346988081932,0.7786013916134835,0.8840367401827056,5,59,unseen
0.04671777784824371,0.11572582274675369,0.8375563994050026,0.6447053343057633,0.9173236755388124,5,69,unseen
0.0776468962430954,0.11997968703508377,0.8023734167218208,0.8851746171712875,0.8967702892773292,5,57,unseen
0.06830921769142151,0.1352158933877945,0.796474888920784,0.8880198299884796,0.8774723352517112,5,65,unseen
0.06682838499546051,0.1525084376335144,0.7806631773710251,0.8019406199455261,0.86740353041225,5,60,unseen
0.08067547529935837,0.14323334395885468,0.776091180741787,1.2262672245502473,0.8426132819482258,5,76,unseen
0.03716424107551575,0.1447245329618454,0.8181112259626389,0.7432848215103149,0.8703310914496158,5,100,unseen
0.0898972824215889,0.1628401130437851,0.747262604534626,1.1866441279649733,0.8219888649880887,5,66,unseen
0.17974182963371277,0.20736977458000183,0.6128883957862854,0.647070586681366,0.9193325936794281,5,18,unseen
0.2008058726787567,0.2141469419002533,0.58504718542099,0.8835458397865296,0.8044398799538612,5,22,unseen
0.19484436511993408,0.14505180716514587,0.66010382771492,0.7404085874557496,0.9647671328141139,5,19,unseen
0.12951034307479858,0.15792341530323029,0.7125662416219711,0.4662372350692749,1.0688493624329567,5,18,unseen
0.17849871516227722,0.1846839040517807,0.6368173807859421,0.6782951176166535,0.9307330949948384,5,19,unseen
0.15430428087711334,0.1254059076309204,0.7202898114919662,0.5246345549821854,1.1131751632148568,5,17,unseen
0.2175775170326233,0.13201814889907837,0.6504043340682983,0.6527325510978699,1.084007223447164,5,15,unseen
0.2954021692276001,0.1793317347764969,0.525266095995903,1.0634478092193602,0.7878991439938545,5,18,unseen
0.23157723248004913,0.20189021527767181,0.566532552242279,0.6947316974401474,0.9442209204037985,5,15,unseen
0.15428295731544495,0.17603421211242676,0.6696828305721283,0.49370546340942384,1.0714925289154054,5,16,unseen
0.2461380809545517,0.14749747514724731,0.606364443898201,0.9353247076272965,0.8862249564666014,5,19,unseen
0.1856764853000641,0.2134304940700531,0.6008930206298828,0.6684353470802307,0.9013395309448242,5,18,unseen
0.08789847791194916,0.2055615335702896,0.7065399885177612,1.4063756465911865,0.7638270146137959,5,80,unseen
0.18766149878501892,0.21317732334136963,0.5991611778736115,0.6005167961120605,0.9586578845977783,5,16,unseen
0.19137847423553467,0.1312679648399353,0.67735356092453,0.6506868124008178,1.0468191396106372,5,17,unseen
0.13593196868896484,0.19316145777702332,0.6709065735340118,1.767115592956543,0.7391343606730639,5,65,unseen
0.10617086291313171,0.21356149017810822,0.6802676469087601,1.3802212178707123,0.7494474076113459,5,65,unseen
0.10409403592348099,0.15909384191036224,0.7368121221661568,1.1866720095276833,0.8234959012445281,5,57,unseen
0.22579295933246613,0.14621742069721222,0.6279896199703217,0.8580132454633713,0.917830983033547,5,19,unseen
0.05357738956809044,0.11206337809562683,0.8343592323362827,0.7179370202124119,0.9164273535496876,5,67,unseen
0.11794620752334595,0.18140560388565063,0.7006481885910034,1.3445867657661439,0.7830773872487685,5,57,unseen
0.05499932914972305,0.11383867263793945,0.8311619982123375,0.6709918156266212,0.921834216199138,5,61,unseen
0.18143412470817566,0.21250003576278687,0.6060658395290375,0.5805891990661621,0.96970534324646,5,16,unseen
0.10201754420995712,0.18269754946231842,0.7152849063277245,1.3262280747294426,0.7880257442593575,5,65,unseen
0.15109071135520935,0.1265365183353424,0.7223727703094482,0.6043628454208374,1.031961100442069,5,20,unseen
0.13829049468040466,0.13092920184135437,0.730780303478241,0.5808200776576996,1.0230924248695372,5,21,unseen
0.15092670917510986,0.2017311453819275,0.6473421454429626,0.48296546936035156,1.0357474327087401,5,16,unseen
0.10327619314193726,0.15219944715499878,0.744524359703064,1.1566933631896972,0.8338672828674316,5,56,unseen
0.07599237561225891,0.18202897906303406,0.741978645324707,1.0182978332042696,0.8149601514222192,5,67,unseen
0.05129463970661163,0.1107327789068222,0.8379725813865662,0.6770892441272736,0.9217698395252228,5,66,unseen
0.06886927783489227,0.15664257109165192,0.7744881510734558,0.7437882006168366,0.8712991699576378,5,54,unseen
0.06062695011496544,0.16179145872592926,0.7775815911591053,0.6790218412876129,0.8708913820981979,5,56,unseen
0.1628621220588684,0.15249760448932648,0.6846402734518051,0.5211587905883789,1.095424437522888,5,16,unseen
0.18483521044254303,0.13872262835502625,0.6764421612024307,0.6284397155046463,1.0454106127673928,5,17,unseen
0.10350088775157928,0.21266920864582062,0.6838299036026001,1.5525133162736893,0.743293373481087,5,75,unseen
0.10998697578907013,0.20476317405700684,0.685249850153923,1.4958228707313537,0.7515643517817221,5,68,unseen
0.15459351241588593,0.12754642963409424,0.7178600579500198,0.6492927521467209,1.0050040811300278,5,21,unseen
0.05758964642882347,0.10975299775600433,0.8326573558151722,0.8753626257181168,0.9040279863136156,5,76,unseen
0.17653578519821167,0.16154393553733826,0.6619202792644501,0.7061431407928467,0.9456003989492144,5,20,unseen
0.18795087933540344,0.18997232615947723,0.6220767945051193,0.6390329897403717,0.9613914096897298,5,17,unseen
0.17887310683727264,0.14455153048038483,0.6765753626823425,0.7512670487165451,0.9472055077552796,5,21,unseen
0.172715961933136,0.15022455155849457,0.6770594865083694,0.6563206553459168,0.989548480281463,5,19,unseen
0.15315864980220795,0.13779217004776,0.709049180150032,0.673898059129715,0.9749426227062941,5,22,unseen
0.1725633144378662,0.1887529343366623,0.6386837512254715,0.6212279319763183,0.9580256268382072,5,18,unseen
0.012736551463603973,0.26609933376312256,0.7211641147732735,0.32605571746826173,0.7566312023850738,5,128,unseen
0.18815062940120697,0.20238088071346283,0.6094684898853302,0.7149723917245865,0.8907616390631748,5,19,unseen
0.15307468175888062,0.23822520673274994,0.6087001115083694,0.6429136633872986,0.8521801561117172,5,21,unseen
0.014209184795618057,0.238273024559021,0.747517790645361,0.3637551307678223,0.7842809606771,5,128,unseen
0.01352866180241108,0.23643429577350616,0.7500370424240828,0.34633374214172363,0.7869241100842835,5,128,unseen
0.013026496395468712,0.21791455149650574,0.7690589521080256,0.333478307723999,0.8068815235231743,5,128,unseen
0.18545585870742798,0.17049986124038696,0.6440442800521851,0.6676410913467407,0.9660664200782776,5,18,unseen
0.15516889095306396,0.14826656877994537,0.6965645402669907,0.6206755638122559,0.9950922003814153,5,20,unseen
0.05040568858385086,0.12569382786750793,0.8239004835486412,0.6855173647403717,0.9036327884081872,5,68,unseen
0.04166470095515251,0.10077205300331116,0.8575632460415363,0.6916340358555317,0.924386356122695,5,83,unseen
0.08449776470661163,0.1559145152568817,0.7595877200365067,1.1153704941272735,0.8355464920401573,5,66,unseen
0.07827077805995941,0.14635944366455078,0.7753697782754898,0.8922868698835373,0.8665897521902534,5,57,unseen
0.16402289271354675,0.13593333959579468,0.7000437676906586,0.7545053064823151,0.9471180386403029,5,23,unseen
0.04669807851314545,0.13545964658260345,0.8178422749042511,0.6444334834814072,0.8957320153713226,5,69,unseen
0.17801883816719055,0.19147749245166779,0.6305036693811417,0.7476791203022004,0.8827051371335983,5,21,unseen
0.050228655338287354,0.1138826310634613,0.8358887135982513,0.683109712600708,0.9167811697529209,5,68,unseen
0.22338850796222687,0.1545255184173584,0.6220859736204147,1.0275871366262437,0.8416457290158553,5,23,unseen
0.07234521210193634,0.12735231220722198,0.8003024756908417,0.8826115876436235,0.8876082003116608,5,61,unseen
0.10619791597127914,0.18398000299930573,0.7098220810294151,1.4655312404036522,0.7774241839845976,5,69,unseen
0.20453178882598877,0.17976197600364685,0.6157062351703644,0.8590335130691529,0.8619887292385101,5,21,unseen
0.04913295432925224,0.12379711866378784,0.8270699270069599,0.9826590865850449,0.8798616244754893,5,100,unseen
0.07038435339927673,0.1297789216041565,0.7998367249965668,1.0839190423488618,0.8674285609117697,5,77,unseen
0.17247556149959564,0.15535756945610046,0.6721668690443039,0.7933875828981399,0.9094022345893524,5,23,unseen
0.08214319497346878,0.17384517192840576,0.7440116330981255,1.1171474516391753,0.816012758881815,5,68,unseen
0.09135369956493378,0.19111621379852295,0.7175300866365433,1.260681053996086,0.7858662853638332,5,69,unseen
0.0738183930516243,0.17771752178668976,0.7484640851616859,0.9153480738401413,0.8286566657147237,5,62,unseen
0.1461128145456314,0.2015538215637207,0.6523333638906479,0.6136738210916519,0.913266709446907,5,21,unseen
0.02979886531829834,0.13164633512496948,0.8385547995567322,0.41122434139251707,0.9184171614192782,5,69,unseen
0.17181259393692017,0.19134831428527832,0.6368390917778015,0.6872503757476807,0.9097701311111451,5,20,unseen
0.09056125581264496,0.1763942539691925,0.7330444902181625,1.0505105674266815,0.8176265467817967,5,58,unseen
0.06911889463663101,0.1339639276266098,0.7969171777367592,0.815602956712246,0.8871342167258263,5,59,unseen
0.13136065006256104,0.135230153799057,0.733409196138382,0.6042589902877807,0.992259500657811,5,23,unseen
0.046353913843631744,0.12101517617702484,0.8326309099793434,0.5655177488923073,0.9234633728861809,5,61,unseen
0.11685476452112198,0.1212812215089798,0.7618640139698982,0.49079001098871233,1.0666096195578574,5,21,unseen
0.2438896745443344,0.22705882787704468,0.5290514975786209,1.0243366330862045,0.7406720966100693,5,21,unseen
0.0571250319480896,0.14297890663146973,0.7998960614204407,0.8340254664421082,0.8715285445327189,5,73,unseen
0.0481259785592556,0.11134461313486099,0.8405294083058834,0.6063873298466206,0.9290061881275553,5,63,unseen
0.06936745345592499,0.11715953052043915,0.8134730160236359,0.8601564228534698,0.9006308391690254,5,62,unseen
0.07848109304904938,0.13477610051631927,0.7867428064346313,0.9574693351984025,0.8725692944093184,5,61,unseen
0.07424274832010269,0.17747952044010162,0.7482777312397957,1.1136412248015404,0.8133453600432562,5,75,unseen
0.04470738396048546,0.14226308465003967,0.8130295313894749,0.7868499577045441,0.8725194971008999,5,88,unseen
0.042824599891901016,0.10904523730278015,0.8481301628053188,0.6680637583136559,0.9188076763724287,5,78,unseen
0.07277332246303558,0.15957215428352356,0.7676545232534409,1.0770451724529266,0.8353887458934502,5,74,unseen
0.09185811877250671,0.19560733437538147,0.7125345468521118,1.23089879155159,0.782619912116254,5,67,unseen
0.08236606419086456,0.13222113251686096,0.7854128032922745,0.9554463446140289,0.8760373575183061,5,58,unseen
0.0670311450958252,0.1748979389667511,0.7580709159374237,0.8177799701690674,0.8407695613124154,5,61,unseen
0.05867837369441986,0.10098069161176682,0.8403409346938133,0.6924048095941544,0.9354738706968865,5,59,unseen
0.08109322190284729,0.15464654564857483,0.7642602324485779,0.9082440853118896,0.8559714603424072,5,56,unseen
0.05253022536635399,0.14464543759822845,0.8028243370354176,0.6303627043962479,0.8920270411504639,5,60,unseen
0.08526751399040222,0.14768937230110168,0.7670431137084961,0.9038356482982635,0.8649635112031977,5,53,unseen
0.09227902442216873,0.1630236804485321,0.7446972951292992,0.9043344393372535,0.8486085456124572,5,49,unseen
0.05669332295656204,0.12882840633392334,0.8144782707095146,0.8503998443484306,0.8853024681625159,5,75,unseen
0.22039197385311127,0.13503165543079376,0.644576370716095,0.9697246849536896,0.8862925097346306,5,22,unseen
0.3001411259174347,0.15725207328796387,0.5426068007946014,1.020479828119278,0.8385741466825658,5,17,unseen
0.14830490946769714,0.19460931420326233,0.6570857763290405,0.5635586559772492,0.9603561346347516,5,19,unseen
0.18195979297161102,0.11953353881835938,0.6985066682100296,0.9097989648580551,0.9190877213289863,5,25,unseen
0.14546547830104828,0.15414972603321075,0.700384795665741,0.6691412001848221,0.9475794294301202,5,23,unseen
0.12401177734136581,0.15610387921333313,0.7198843434453011,0.5952565312385559,0.9598457912604014,5,24,unseen
0.2840524911880493,0.17124707996845245,0.5447004288434982,1.3066414594650269,0.7369476390235564,5,23,unseen
0.31006407737731934,0.15186075866222382,0.5380751639604568,1.3022691249847413,0.7533052295446395,5,21,unseen
0.22402337193489075,0.16111141443252563,0.6148652136325836,0.896093487739563,0.8783788766179766,5,20,unseen
0.053027570247650146,0.15233129262924194,0.7946411371231079,0.7848080396652222,0.8647565315751468,5,74,unseen
0.03942982107400894,0.18128831684589386,0.7792818620800972,0.6387631013989449,0.841624411046505,5,81,unseen
0.04204481467604637,0.13975119590759277,0.8182039894163609,0.9333948858082295,0.8649585030972957,5,111,unseen
0.047173649072647095,0.1970444768667221,0.7557818740606308,0.8019520342350006,0.8131830290525774,5,85,unseen
0.026452215388417244,0.25453174114227295,0.7190160434693098,0.6771767139434814,0.7543774882300955,5,128,unseen
0.05043499544262886,0.2109745889902115,0.7385904155671597,1.0994829006493092,0.7816150999691301,5,109,unseen
0.030941464006900787,0.19207163155078888,0.7769869044423103,0.7673483073711396,0.8164947131427668,5,124,unseen
0.053172335028648376,0.13674196600914001,0.8100856989622116,0.6274335533380508,0.9017935139390657,5,59,unseen
0.054705750197172165,0.21704667806625366,0.7282475717365742,1.1159973040223121,0.7737630449701101,5,102,unseen
0.051344990730285645,0.20446506142616272,0.7441899478435516,1.0782448053359985,0.789292368924979,5,105,unseen
0.054186273366212845,0.20237646996974945,0.7434372566640377,0.9861901752650738,0.7959151806638521,5,91,unseen
0.05152891203761101,0.20623630285263062,0.7422347851097584,1.020272458344698,0.7901209002781299,5,99,unseen
0.04979616403579712,0.12058351188898087,0.829620324075222,0.6871870636940002,0.9086317835109575,5,69,unseen
0.053336672484874725,0.20861488580703735,0.7380484417080879,0.8747214287519455,0.7963154239482001,5,82,unseen
0.07980354130268097,0.22414685785770416,0.6960496008396149,1.2768566608428955,0.7524860549617458,5,80,unseen
0.22588448226451874,0.17318089306354523,0.600934624671936,0.8583610326051713,0.8782890668282142,5,19,unseen
0.17949360609054565,0.23404079675674438,0.58646559715271,0.82567058801651,0.7934534549713135,5,23,unseen
0.1296658217906952,0.20012545585632324,0.6702087223529816,0.5186632871627808,0.9574410319328309,5,20,unseen
0.17645052075386047,0.16296640038490295,0.6605830788612366,0.6352218747138977,0.9908746182918549,5,18,unseen
0.12490346282720566,0.1446824073791504,0.730414129793644,0.5745559290051461,0.9882073520737537,5,23,unseen
0.17079243063926697,0.1678047776222229,0.6614027917385101,0.6148527503013611,0.9921041876077652,5,18,unseen
0.16445392370224,0.19253188371658325,0.6430141925811768,0.559143340587616,0.993749206716364,5,17,unseen
0.19491860270500183,0.1520829200744629,0.6529984772205353,0.7796744108200073,0.9328549674579076,5,20,unseen
0.19637520611286163,0.17736990749835968,0.6262548863887787,0.6676757007837295,0.967848460782658,5,17,unseen
0.16399022936820984,0.1914481818675995,0.6445615887641907,0.6887589633464813,0.9023862242698669,5,21,unseen
0.059651557356119156,0.14110207557678223,0.7992463670670986,0.8351218029856682,0.8741757139796391,5,70,unseen
0.10100769251585007,0.2038547843694687,0.6951375231146812,1.252495387196541,0.7696165434483971,5,62,unseen
0.16782790422439575,0.1882198005914688,0.6439522951841354,0.6041804552078247,0.9659284427762032,5,18,unseen
0.03575754910707474,0.3147473931312561,0.6494950577616692,0.9153932571411133,0.6814374376515873,5,128,unseen
0.1689932644367218,0.20437514781951904,0.6266315877437592,0.7435703635215759,0.8616184331476688,5,22,unseen
0.07429618388414383,0.15082602202892303,0.7748777940869331,0.950991153717041,0.8550375658890297,5,64,unseen
0.04016156494617462,0.18283186852931976,0.7770065665245056,0.835360550880432,0.8245783971280468,5,104,unseen
0.15390172600746155,0.1614672988653183,0.6846309751272202,0.6771675944328308,0.9413675907999277,5,22,unseen
0.07483665645122528,0.1548123061656952,0.7703510373830795,0.9279745399951935,0.8528886485312667,5,62,unseen
0.052342094480991364,0.16688472032546997,0.7807731851935387,0.8479419305920601,0.8432350400090217,5,81,unseen
0.06857633590698242,0.15642385184764862,0.774999812245369,0.877777099609375,0.8551722066155796,5,64,unseen
0.16544130444526672,0.17716750502586365,0.6573911905288696,0.6286769568920136,0.9608025092345017,5,19,unseen
0.17749172449111938,0.15166985988616943,0.6708384156227112,0.6389702081680297,1.0062576234340668,5,18,unseen
0.0167788565158844,0.15936917066574097,0.8238519728183746,0.42618295550346375,0.8647041367597816,5,127,unseen
0.0167788565158844,0.15936917066574097,0.8238519728183746,0.42618295550346375,0.8647041367597816,5,127,unseen
0.044249072670936584,0.16407960653305054,0.7916713207960129,0.6902855336666108,0.8576439308623472,5,78,unseen
0.19816386699676514,0.15501447021961212,0.6468216627836227,0.7133899211883544,0.9702324941754341,5,18,unseen
0.04443659260869026,0.1417693942785263,0.8137940131127834,0.7998586669564247,0.8719221569065536,5,90,unseen
0.08474427461624146,0.15847896039485931,0.7567767649888992,1.2881129741668702,0.8216433448450906,5,76,unseen
0.18993057310581207,0.17667318880558014,0.6333962380886078,0.6837500631809235,0.9500943571329117,5,18,unseen
0.11137798428535461,0.12942756712436676,0.7591944485902786,1.2251578271389008,0.8521570341319454,5,55,unseen
0.10633109509944916,0.1579582393169403,0.7357106655836105,1.27597314119339,0.8174562950929005,5,60,unseen
0.10223158448934555,0.15317925810813904,0.7445891574025154,1.1858863800764083,0.8305032909489595,5,58,unseen
0.07805317640304565,0.1699206680059433,0.752026155591011,0.9678593873977661,0.8326003865471908,5,62,unseen
0.05916315317153931,0.1442188322544098,0.7966180145740509,0.7099578380584717,0.8851311273045009,5,60,unseen
0.08356532454490662,0.1454511135816574,0.770983561873436,0.9526446998119354,0.8616875103291343,5,57,unseen
0.12075570225715637,0.17124754190444946,0.7079967558383942,1.2800104439258575,0.7983793204135083,5,53,unseen
0.1433536559343338,0.18390750885009766,0.6727388352155685,1.5768902152776718,0.7551150191195157,5,55,unseen
0.1435585469007492,0.19502964615821838,0.6614118069410324,1.6078557252883912,0.7407812237739563,5,56,unseen
0.14523890614509583,0.18666943907737732,0.6680916547775269,1.74286687374115,0.7423240608639187,5,60,unseen
0.14516136050224304,0.2302103042602539,0.624628335237503,1.5387104213237761,0.7043681227146311,5,53,unseen
0.20182403922080994,0.161976620554924,0.636199340224266,0.6862017333507537,0.9832171621647747,5,17,unseen
0.17653408646583557,0.1580122411251068,0.6654536724090576,0.7414431631565095,0.9316351413726807,5,21,unseen
0.1948746144771576,0.15888361632823944,0.646241769194603,0.7405235350131989,0.9445072011305735,5,19,unseen
0.17767035961151123,0.18313094973564148,0.6391986906528473,0.6396132946014405,0.9587980359792709,5,18,unseen
0.20462140440940857,0.15573866665363312,0.6396399289369583,0.6957127749919891,0.9885344356298447,5,17,unseen
0.14847710728645325,0.16018307209014893,0.6913398206233978,0.6532992720603943,0.950592253357172,5,22,unseen
0.1803804636001587,0.15497148036956787,0.6646480560302734,0.7575979471206665,0.9305072784423828,5,21,unseen
0.20507225394248962,0.17321975529193878,0.6217079907655716,0.6972456634044647,0.9608214402740651,5,17,unseen
0.07546508312225342,0.12103193998336792,0.8035029768943787,0.8753949642181396,0.89621485884373,5,58,unseen
0.06341323256492615,0.143427312374115,0.7931594550609589,0.7229108512401581,0.886472332126954,5,57,unseen
0.16533389687538147,0.151338130235672,0.6833279728889465,0.5952020287513733,1.0249919593334198,5,18,unseen
0.10250328481197357,0.1593993455171585,0.7380973696708679,1.3940446734428404,0.809526147380952,5,68,unseen
0.2253037691116333,0.1795569360256195,0.5951392948627472,0.9012150764465332,0.8501989926610675,5,20,unseen
0.048518821597099304,0.10652762651443481,0.8449535518884659,0.7083747953176499,0.9206210341471345,5,73,unseen
0.08057425916194916,0.203264981508255,0.7161607593297958,0.9185465544462205,0.8004149663097718,5,57,unseen
0.05217035859823227,0.14893312752246857,0.7988965138792992,0.7929894506931305,0.8673733579260963,5,76,unseen
0.22008077800273895,0.21233664453029633,0.5675825774669647,0.8363069564104081,0.8295437670671023,5,19,unseen
0.1635729968547821,0.15975463390350342,0.6766723692417145,0.6215773880481721,0.9889826935071211,5,19,unseen
0.09246127307415009,0.1376267969608307,0.7699119299650192,1.054058513045311,0.8604898040785509,5,57,unseen
0.09538093209266663,0.17143124341964722,0.7331878244876862,1.0682664394378663,0.8211703634262084,5,56,unseen
0.07051200419664383,0.11475535482168198,0.8147326409816742,0.7474272444844245,0.9187410632346539,5,53,unseen
0.11360770463943481,0.14166131615638733,0.7447309792041779,1.0679124236106872,0.8537160005511307,5,47,unseen
0.05652648210525513,0.1383223831653595,0.8051511347293854,0.6783177852630615,0.8946123719215393,5,60,unseen
0.15932708978652954,0.24063123762607574,0.6000416725873947,0.70103919506073,0.8250572998076677,5,22,unseen
0.18477094173431396,0.21757687628269196,0.5976521819829941,0.8499463319778443,0.8085882462122862,5,23,unseen
0.10920530557632446,0.19834579527378082,0.6924488991498947,1.244940483570099,0.7739134755204705,5,57,unseen
0.1365196704864502,0.11149490624666214,0.7519854232668877,0.6006865501403809,1.0339799569919705,5,22,unseen
0.06419850885868073,0.12079131603240967,0.8150101751089096,0.9629776328802109,0.88588062511838,5,75,unseen
0.10182210803031921,0.15095874667167664,0.7472191452980042,1.1607720315456391,0.8351272800389458,5,57,unseen
0.08888484537601471,0.19349166750907898,0.7176234871149063,1.2088338971138,0.7870709213518328,5,68,unseen
0.08567965030670166,0.1363690197467804,0.7779513299465179,1.02815580368042,0.8643903666072421,5,60,unseen
0.1651466190814972,0.1868802011013031,0.6479731798171997,0.7596744477748871,0.8766695962232702,5,23,unseen
0.07311239838600159,0.144314706325531,0.7825728952884674,0.92121621966362,0.8649489895293587,5,63,unseen
0.09071999788284302,0.1546977311372757,0.7545822709798813,1.0886399745941162,0.8384247455332015,5,60,unseen
0.010886700823903084,0.23298469185829163,0.7561286073178053,0.27869954109191897,0.7933152601367137,5,128,unseen
0.010290874168276787,0.12858396768569946,0.8611251581460238,0.26344637870788573,0.9034755757597627,5,128,unseen
0.01584305614233017,0.23592662811279297,0.7482303157448769,0.40558223724365233,0.7850285279946249,5,128,unseen
0.011679533869028091,0.20073002576828003,0.7875904403626919,0.2989960670471191,0.826324396446103,5,128,unseen
0.14812041819095612,0.20697760581970215,0.6449019759893417,0.5924816727638245,0.9212885371276311,5,20,unseen
0.2553943395614624,0.20789170265197754,0.5367139577865601,0.9194196224212646,0.8050709366798401,5,18,unseen
0.17516496777534485,0.15822669863700867,0.6666083335876465,0.5955608904361724,1.0302128791809082,5,17,unseen
0.13369016349315643,0.13961075246334076,0.7266990840435028,0.48128458857536316,1.0900486260652542,5,18,unseen
0.16887131333351135,0.17123164236545563,0.659897044301033,0.7092595160007478,0.9238558620214462,5,21,unseen
0.22810310125350952,0.18307974934577942,0.5888171494007111,0.9124124050140381,0.8411673562867301,5,20,unseen
0.17531229555606842,0.16112267971038818,0.6635650247335434,0.7012491822242737,0.9479500353336335,5,20,unseen
0.050351209938526154,0.11673872172832489,0.832910068333149,0.6747062131762506,0.9148356488249342,5,67,unseen
0.0661773830652237,0.13736845552921295,0.7964541614055634,0.7941285967826843,0.8849490682284037,5,60,unseen
0.11298996210098267,0.15721026062965393,0.7297997772693634,1.3106835603713989,0.8140074438773669,5,58,unseen
0.11163242161273956,0.17140480875968933,0.7169627696275711,1.250283122062683,0.8029983019828796,5,56,unseen
0.08991099894046783,0.14811299741268158,0.7619760036468506,1.1148963868618011,0.8436162897518703,5,62,unseen
0.06281160563230515,0.11867545545101166,0.8185129389166832,0.7286146253347396,0.9129567395609158,5,58,unseen
0.043475233018398285,0.10990060865879059,0.8466241583228111,0.50431270301342,0.9443115612062124,5,58,unseen
0.17329668998718262,0.16343437135219574,0.6632689386606216,0.5545494079589843,1.0612303018569946,5,16,unseen
0.15461760759353638,0.14861023426055908,0.6967721581459045,0.4947763442993164,1.1148354530334472,5,16,unseen
0.13595342636108398,0.20341640710830688,0.6606301665306091,0.46224164962768555,1.020973893729123,5,17,unseen
0.16705456376075745,0.1557450294494629,0.6772004067897797,0.5345746040344238,1.0835206508636475,5,16,unseen
0.17516213655471802,0.1597980558872223,0.6650398075580597,0.5605188369750976,1.0640636920928954,5,16,unseen
0.12974372506141663,0.14704693853855133,0.723209336400032,0.4151799201965332,1.1571349382400513,5,16,unseen
0.17412275075912476,0.13190136849880219,0.6939758807420731,0.731315553188324,0.9715662330389022,5,21,unseen
0.18000423908233643,0.19385142624378204,0.6261443346738815,0.9000211954116821,0.8238741245708967,5,25,unseen
0.19246265292167664,0.15087054669857025,0.6566668003797531,0.8083431422710419,0.9193335205316543,5,21,unseen
0.169435515999794,0.15062624216079712,0.6799382418394089,0.6099678575992584,1.0199073627591133,5,18,unseen
0.2332255244255066,0.18123827874660492,0.5855361968278885,0.6063863635063171,1.0874243655375073,5,13,unseen
0.19113177061080933,0.16918635368347168,0.639681875705719,0.8792061448097229,0.8654519494842081,5,23,unseen
0.08226718008518219,0.1057438850402832,0.8119889348745346,0.9872061610221863,0.9022099276383717,5,60,unseen
0.09023258090019226,0.1583274006843567,0.751440018415451,1.0286514222621919,0.8398447264643276,5,57,unseen
0.10398152470588684,0.1927066296339035,0.7033118456602097,1.2893709063529968,0.7786666862666607,5,62,unseen
0.18420961499214172,0.15034233033657074,0.6654480546712875,0.7736803829669953,0.9316272765398025,5,21,unseen
0.17118337750434875,0.16166247427463531,0.6671541482210159,0.684733510017395,0.9530773546014514,5,20,unseen
0.18871572613716125,0.1413010060787201,0.6699832677841187,0.7171197593212129,0.9792063144537119,5,19,unseen
0.183353990316391,0.15355215966701508,0.6630938500165939,0.7700867593288422,0.9283313900232315,5,21,unseen
0.252162903547287,0.176862433552742,0.570974662899971,0.9077864527702331,0.8564619943499565,5,18,unseen
0.08725807070732117,0.1587933599948883,0.7539485692977905,0.6980645656585693,0.8869983168209301,5,40,unseen
0.14571699500083923,0.17223165929317474,0.682051345705986,1.515456748008728,0.7710145647111146,5,52,unseen
0.1237872764468193,0.17282989621162415,0.7033828273415565,1.5597196832299234,0.7774231249564573,5,63,unseen
0.06181207299232483,0.11570315062999725,0.8224847763776779,0.6552079737186431,0.9274828329365304,5,53,unseen
0.07409611344337463,0.1146148145198822,0.8112890720367432,0.8298764705657958,0.9086437606811523,5,56,unseen
0.08495032042264938,0.09935325384140015,0.8156964257359505,0.7985330119729042,0.9350666343802359,5,47,unseen
0.1630363017320633,0.19267722964286804,0.6442864686250687,1.7281847983598708,0.7265358050452901,5,53,unseen
0.04450250416994095,0.13644513487815857,0.8190523609519005,0.6675375625491142,0.8902743053825005,5,75,unseen
0.17498958110809326,0.12431620061397552,0.7006942182779312,0.594964575767517,1.082891064611348,5,17,unseen
0.20771247148513794,0.16074678301811218,0.6315407454967499,0.7477648973464965,0.9473111182451248,5,18,unseen
0.1707276552915573,0.1800737977027893,0.6491985470056534,0.7170561522245408,0.9088779658079147,5,21,unseen
0.2026451826095581,0.1201418936252594,0.6772129237651825,0.6889936208724975,1.0466017912734638,5,17,unseen
0.20240634679794312,0.11267227679491043,0.6849213764071465,0.7691441178321838,1.0010389347489064,5,19,unseen
0.18971765041351318,0.1827612966299057,0.6275210529565811,0.6450400114059448,0.9698052636601707,5,17,unseen
0.15270140767097473,0.1656752973794937,0.6816232949495316,0.549725067615509,1.0224349424242973,5,18,unseen
0.11008236557245255,0.1740812212228775,0.71583641320467,0.4403294622898102,1.022623447435243,5,20,unseen
0.18465019762516022,0.1618364155292511,0.6535133868455887,0.6647407114505768,0.980270080268383,5,18,unseen
0.05653318390250206,0.11193722486495972,0.8315295912325382,0.5879451125860214,0.9399899726976519,5,52,unseen
0.04486680403351784,0.09998507797718048,0.8551481179893017,0.5473750092089177,0.9484370035881345,5,61,unseen
0.06672736257314682,0.10129387676715851,0.8319787606596947,0.8007283508777618,0.9244208451774385,5,60,unseen
0.04489331692457199,0.12411320954561234,0.8309934735298157,0.5836131200194359,0.9155012843972545,5,65,unseen
0.08164823055267334,0.13492488861083984,0.7834268808364868,1.077756643295288,0.8617695689201356,5,66,unseen
0.07795195281505585,0.14346379041671753,0.7785842567682266,0.8107003092765808,0.8801387250423431,5,52,unseen
0.046599481254816055,0.17306464910507202,0.7803358696401119,0.6151131525635719,0.8583694566041231,5,66,unseen
0.048714421689510345,0.13857051730155945,0.8127150610089302,0.7014876723289489,0.8865982483733784,5,72,unseen
0.055471353232860565,0.19154387712478638,0.7529847696423531,0.8653531104326249,0.8157335004458824,5,78,unseen
0.04816971719264984,0.13885900378227234,0.8129712790250778,0.6743760406970978,0.8891873364336789,5,70,unseen
0.04246978461742401,0.10805650055408478,0.8494737148284912,0.5096374154090881,0.943859683142768,5,60,unseen
0.08897265046834946,0.12085796892642975,0.7901693806052208,1.1744389861822129,0.8691863186657429,5,66,unseen
0.1019115224480629,0.09937591105699539,0.7987125664949417,1.1006444424390793,0.8985516373068094,5,54,unseen
0.08322656154632568,0.173051118850708,0.7437223196029663,0.8822015523910521,0.8386655944458982,5,53,unseen
0.06515495479106903,0.0874953418970108,0.8473497033119202,0.8339834213256836,0.9350065691717739,5,64,unseen
0.07648168504238129,0.15352977812290192,0.7699885368347168,1.1625216126441955,0.8359875542776926,5,76,unseen
0.08036301285028458,0.1331464797258377,0.7864905074238777,0.9161383464932442,0.8790188024149221,5,57,unseen
0.06867949664592743,0.1647384762763977,0.7665820270776749,1.0164565503597258,0.8342216177021755,5,74,unseen
0.09599296748638153,0.15634587407112122,0.7476611584424973,1.0943198293447496,0.8356212947298499,5,57,unseen
0.11122255772352219,0.14809006452560425,0.7406873777508736,1.4458932504057884,0.8160115178611319,5,65,unseen
0.060192059725522995,0.10252155363559723,0.8372863866388798,0.8667656600475311,0.913403330878778,5,72,unseen
0.06915197521448135,0.08801877498626709,0.8428292497992516,0.7745021224021912,0.9439687597751617,5,56,unseen
0.08595538884401321,0.1367732137441635,0.7772713974118233,1.2377575993537901,0.8479324335401709,5,72,unseen
0.05268409475684166,0.14258287847042084,0.8047330267727375,0.7059668697416783,0.883887094979892,5,67,unseen
0.06734787672758102,0.15106543898582458,0.7815866842865944,0.8081745207309723,0.8684296492073271,5,60,unseen
0.07222509384155273,0.12915080785751343,0.7986240983009338,0.8955911636352539,0.884190965976034,5,62,unseen
0.03904511779546738,0.12303832918405533,0.8379165530204773,0.4841594606637955,0.9276933265583857,5,62,unseen
0.04601067304611206,0.1684708595275879,0.7855184674263,0.6625536918640137,0.8569292371923274,5,72,unseen
0.07956238090991974,0.10532784461975098,0.8151097744703293,0.891098666191101,0.9129229474067687,5,56,unseen
0.08359456062316895,0.11104965955018997,0.8053557798266411,1.0031347274780273,0.8948397553629345,5,60,unseen
0.10783565789461136,0.1609615981578827,0.731202743947506,1.2077593684196473,0.8189470732212066,5,56,unseen
0.09299696981906891,0.11453230679035187,0.7924707233905792,1.0415660619735718,0.8875672101974487,5,56,unseen
0.05701137334108353,0.1403212994337082,0.8026673272252083,0.6271251067519188,0.900953122395642,5,55,unseen
0.07624077796936035,0.17184314131736755,0.7519160807132721,0.9453856468200684,0.8324785179325512,5,62,unseen
0.10851036012172699,0.14328564703464508,0.7482039928436279,1.08510360121727,0.8502318100495772,5,50,unseen
0.05712905526161194,0.15228348970413208,0.790587455034256,0.708400285243988,0.8752932537879263,5,62,unseen
0.07819943875074387,0.14179247617721558,0.7800080850720406,0.8289140507578849,0.8795835852940032,5,53,unseen
0.09343807399272919,0.12394943833351135,0.7826124876737595,1.1025692731142045,0.87121012778777,5,59,unseen
0.07099840044975281,0.19017893075942993,0.7388226687908173,0.8093817651271821,0.8257429827662075,5,57,unseen
0.07775998115539551,0.14319990575313568,0.7790401130914688,0.8553597927093506,0.8744327800006283,5,55,unseen
0.05218379944562912,0.11161249876022339,0.8362037017941475,0.5427115142345428,0.9452737498542537,5,52,unseen
0.0593995675444603,0.11883348226547241,0.8217669501900673,0.7721943780779839,0.9053364705483792,5,65,unseen
0.09816259145736694,0.135926753282547,0.7659106552600861,1.0797885060310364,0.8596956334551987,5,55,unseen
0.05141996592283249,0.1368553340435028,0.8117247000336647,0.8330034479498863,0.8766626760363578,5,81,unseen
0.0868096798658371,0.16187557578086853,0.7513147443532944,1.0764400303363801,0.8318127526768616,5,62,unseen
0.10653074085712433,0.11653946340084076,0.7769297957420349,1.2570627421140672,0.8648841122411332,5,59,unseen
0.08239752054214478,0.18284787237644196,0.7347546070814133,0.9393317341804505,0.8211963255615795,5,57,unseen
0.1194753348827362,0.1521049588918686,0.7284197062253952,1.3859138846397399,0.812468133866787,5,58,unseen
0.08461912721395493,0.11937116086483002,0.7960097119212151,0.9477342247962951,0.8915308773517608,5,56,unseen
0.04548107832670212,0.10649774968624115,0.8480211719870567,0.64583131223917,0.9263000494012466,5,71,unseen
0.10006245970726013,0.12243287265300751,0.7775046676397324,1.1607245326042175,0.867216744675086,5,58,unseen
0.10441088676452637,0.1498226523399353,0.7457664608955383,1.064991044998169,0.8452019890149435,5,51,unseen
0.04710116609930992,0.11691446602344513,0.835984367877245,0.5746342264115811,0.9271826625547626,5,61,unseen
0.04195040836930275,0.10852135717868805,0.8495282344520092,0.839008167386055,0.9037534409063929,5,100,unseen
0.06014202535152435,0.16195589303970337,0.7779020816087723,0.7096758991479873,0.8659664682059918,5,59,unseen
0.05815144255757332,0.1258365511894226,0.8160120062530041,0.7559687532484531,0.8989962780753434,5,65,unseen
0.09093727171421051,0.1139545664191246,0.7951081618666649,1.1458096235990525,0.8788037578526297,5,63,seen_own_id
0.046296197921037674,0.1002817153930664,0.8534220866858959,0.7407391667366028,0.9226184720928604,5,80,seen_own_id
0.06994418054819107,0.12707728147506714,0.8029785379767418,0.8952855110168457,0.8860452832846806,5,64,seen_own_id
0.06754598021507263,0.15265867114067078,0.7797953486442566,1.0402080953121187,0.845693547121236,5,77,seen_own_id
0.0262099988758564,0.11332578957080841,0.8604642115533352,0.44032798111438753,0.9266537662882071,5,84,seen_own_id
0.047263890504837036,0.1371188461780548,0.8156172633171082,0.652241688966751,0.8932950979187375,5,69,seen_own_id
0.051187172532081604,0.11206978559494019,0.8367430418729782,0.7985198915004731,0.9064716286957264,5,78,seen_own_id
0.037825807929039,0.10125382244586945,0.8609203696250916,0.4236490488052368,0.9642308139801025,5,56,seen_own_id
0.0852755457162857,0.10635426640510559,0.8083701878786087,1.1426923125982285,0.8878820096371605,5,67,seen_own_id
0.08640182763338089,0.13636039197444916,0.77723778039217,1.2441863179206847,0.8478957604278218,5,72,seen_own_id
0.0323629304766655,0.13983872532844543,0.8277983441948891,0.589005334675312,0.8862311684909989,5,91,seen_own_id
0.08064480125904083,0.13510312139987946,0.7842520773410797,1.1290272176265717,0.8577757095918059,5,70,seen_own_id
0.04883210361003876,0.12924855947494507,0.8219193369150162,0.7813136577606201,0.888561445313531,5,80,seen_own_id
0.06037939339876175,0.14405472576618195,0.7955658808350563,0.9177667796611786,0.8637572420494897,5,76,seen_own_id
0.04606940224766731,0.14343494176864624,0.8104956559836864,0.7647520773112774,0.873651161644753,5,83,seen_own_id
0.030504273250699043,0.11130490899085999,0.858190817758441,0.4697658080607653,0.9307139854563374,5,77,seen_own_id
0.042179401963949203,0.14762842655181885,0.810192171484232,0.7001780726015567,0.8733240290024838,5,83,seen_own_id
0.054370272904634476,0.10294695198535919,0.8426827751100063,0.6959394931793212,0.9298568552938001,5,64,seen_own_id
0.06935830414295197,0.17243805527687073,0.7582036405801773,1.123604527115822,0.8188599318265914,5,81,seen_own_id
0.06199057400226593,0.16110390424728394,0.7769055217504501,0.8554699212312699,0.8508965238219216,5,69,seen_own_id
0.054567351937294006,0.11111421883106232,0.8343184292316437,0.6875486344099045,0.922141421782343,5,63,seen_own_id
0.056896377354860306,0.1033095121383667,0.839794110506773,0.8989627622067927,0.9088182839730831,5,79,seen_own_id
0.05675977095961571,0.1100962907075882,0.8331439383327961,0.8173407018184662,0.9088842963630503,5,72,seen_own_id
0.06682932376861572,0.11188787966966629,0.821282796561718,0.7618542909622192,0.9179043020395672,5,57,seen_own_id
0.046658437699079514,0.1379171460866928,0.8154244162142277,0.7372033156454563,0.8824456011085478,5,79,seen_own_id
0.03256756067276001,0.07688408344984055,0.8905483558773994,0.4754863858222962,0.9702989549111964,5,73,seen_own_id
0.04579992592334747,0.12646052241325378,0.8277395516633987,0.5679190814495086,0.9164259321987629,5,62,seen_own_id
0.055428892374038696,0.12476924806833267,0.8198018595576286,0.6540609300136566,0.9126096172433978,5,59,seen_own_id
0.037214040756225586,0.12467309087514877,0.8381128683686256,0.5879818439483642,0.9069988575496085,5,79,seen_own_id
0.0325385257601738,0.11059829592704773,0.8568631783127785,0.5401395276188851,0.9236317376618262,5,83,seen_own_id
0.03966650739312172,0.10389741510152817,0.8564360775053501,0.8488632582128048,0.9073134682482422,5,107,seen_own_id
0.01618560403585434,0.12263181805610657,0.8611825779080391,0.3755060136318207,0.9081561730666594,5,116,seen_own_id
0.049440495669841766,0.1452464461326599,0.8053130581974983,0.7218312367796899,0.8774306454987668,5,73,seen_own_id
0.022276390343904495,0.10473882406949997,0.8729847855865955,0.38760919198393823,0.9376503252596767,5,87,seen_own_id
0.03848213329911232,0.09757989645004272,0.863937970250845,0.41560703963041307,0.9719302165322006,5,54,seen_own_id
0.04259776696562767,0.12317083775997162,0.8342313952744007,0.5622905239462852,0.9176545348018408,5,66,seen_own_id
0.035589803010225296,0.11295276880264282,0.8514574281871319,0.5267290845513344,0.9265860247918788,5,74,seen_own_id
0.055930837988853455,0.12756505608558655,0.81650410592556,0.794217899441719,0.891873715703304,5,71,seen_own_id
0.05571112781763077,0.13318802416324615,0.8111008480191231,0.8245246917009353,0.8826685699031633,5,74,seen_own_id
0.027853745967149734,0.11397673934698105,0.8581695146858692,0.5180796749889851,0.9173536191469637,5,93,seen_own_id
0.07631160318851471,0.13840468227863312,0.7852837145328522,1.0988870859146118,0.8566731431267478,5,72,seen_own_id
0.052560657262802124,0.10391081869602203,0.8435285240411758,0.8935311734676361,0.9075939815632904,5,85,seen_own_id
0.019552718847990036,0.09874173253774643,0.8817055486142635,0.42624927088618275,0.9330670368830556,5,109,seen_own_id
0.05311691761016846,0.13918395340442657,0.807699128985405,0.8392472982406616,0.8740853587650272,5,79,seen_own_id
0.0373561829328537,0.1417841613292694,0.8208596557378769,0.6201126366853714,0.8848227457953738,5,83,seen_own_id
0.028908364474773407,0.09781405329704285,0.8732775822281837,0.4047171026468277,0.955147355562076,5,70,seen_own_id
0.036695681512355804,0.08885607123374939,0.8744482472538948,0.6018091768026352,0.9434836351949917,5,82,seen_own_id
0.06498868763446808,0.1306687593460083,0.8043425530195236,0.8968438893556595,0.8809466056880497,5,69,seen_own_id
0.06466197967529297,0.09410762041807175,0.8412303999066353,0.9182001113891601,0.9188824368210939,5,71,seen_own_id
0.05342744663357735,0.1293615847826004,0.8172109685838223,0.8868956141173839,0.8808897453565876,5,83,seen_own_id
0.0285995751619339,0.12417354434728622,0.8472268804907799,0.6120309084653854,0.8975571902229054,5,107,seen_own_id
0.04266311973333359,0.0999365895986557,0.8574002906680107,0.6484794199466706,0.9308917441538402,5,76,seen_own_id
0.051131393760442734,0.1007949486374855,0.8480736576020718,0.7362920701503753,0.9251712628386238,5,72,seen_own_id
0.03486694395542145,0.10086820274591446,0.8642648532986641,0.5648444920778275,0.9334060415625572,5,81,seen_own_id
0.0458567813038826,0.14050909876823425,0.8136341199278831,0.8345934197306634,0.8710671166286749,5,91,seen_own_id
0.058150455355644226,0.11767327040433884,0.8241762742400169,0.7675860106945037,0.9065939016640187,5,66,seen_own_id
0.04114040732383728,0.1281111240386963,0.8307484686374664,0.6335622727870942,0.9009525645786608,5,77,seen_own_id
0.017673054710030556,0.08738753199577332,0.8949394132941961,0.34992648325860504,0.9526774399583378,5,99,seen_own_id
0.0350605770945549,0.09757457673549652,0.8673648461699486,0.49786019474267956,0.9474292935087131,5,71,seen_own_id
0.08525773882865906,0.13190867006778717,0.7828335911035538,1.1936083436012268,0.8562242402695119,5,70,seen_own_id
0.019335303455591202,0.11704583466053009,0.8636188618838787,0.37510488703846934,0.9205607648652333,5,97,seen_own_id
0.13070468604564667,0.10772837698459625,0.7615669369697571,1.5423152953386308,0.8477820619097295,5,59,seen_own_id
0.03718385100364685,0.13120098412036896,0.8316151648759842,0.5800680756568909,0.9009164286156495,5,78,seen_own_id
0.041506677865982056,0.11039814352989197,0.848095178604126,0.6641068458557129,0.916859652545001,5,80,seen_own_id
0.03480704501271248,0.11335168778896332,0.8518412671983242,0.6891794912517071,0.9067987683078934,5,99,seen_own_id
0.04715497046709061,0.10999056696891785,0.8428544625639915,0.5752906396985055,0.9348022221164269,5,61,seen_own_id
0.027221554890275,0.11957139521837234,0.8532070498913527,0.451877811178565,0.9196907161166529,5,83,seen_own_id
0.03535936400294304,0.10918121039867401,0.855459425598383,0.5657498240470886,0.9248210006469004,5,80,seen_own_id
0.04154982417821884,0.10759799927473068,0.8508521765470505,0.6066274330019952,0.9270478938497714,5,73,seen_own_id
0.02567323110997677,0.0995585173368454,0.8747682515531778,0.5699457306414842,0.924755008784788,5,111,seen_own_id
0.059964440762996674,0.10161644220352173,0.8384191170334816,0.7435590654611588,0.9282497367156404,5,62,seen_own_id
0.07686518132686615,0.12380832433700562,0.7993264943361282,1.1068586111068726,0.8719925392757762,5,72,seen_own_id
0.08768019080162048,0.13217127323150635,0.7801485359668732,1.262594747543335,0.8510711301456798,5,72,seen_own_id
0.07106930762529373,0.107649065554142,0.8212816268205643,0.8812594145536423,0.9092760868370533,5,62,seen_own_id
0.07434197515249252,0.14403386414051056,0.7816241607069969,1.0705244421958924,0.8526809025894512,5,72,seen_own_id
0.044314853847026825,0.10663094371557236,0.8490542024374008,0.6913117200136185,0.9198087193071842,5,78,seen_own_id
0.035653095692396164,0.13209928572177887,0.832247618585825,0.5062739588320255,0.9090704756860549,5,71,seen_own_id
0.034305572509765625,0.1056903749704361,0.8600040525197983,0.54888916015625,0.9297341108322144,5,80,seen_own_id
0.03730327636003494,0.11777845770120621,0.8449182659387589,0.641616353392601,0.9082871358841658,5,86,seen_own_id
0.052262745797634125,0.13699758052825928,0.8107396736741066,0.8152988344430924,0.8783013131469488,5,78,seen_own_id
0.0524924173951149,0.11289404332637787,0.8346135392785072,0.7243953600525855,0.9141005430193175,5,69,seen_own_id
0.0413920134305954,0.1281624287366867,0.8304455578327179,0.9023458927869796,0.8788210272210316,5,109,seen_own_id
0.04121033102273941,0.11594066768884659,0.842849001288414,0.6016708329319954,0.9183280163291675,5,73,seen_own_id
0.0805429145693779,0.14044125378131866,0.7790158316493034,1.030949306488037,0.8596036763026796,5,64,seen_own_id
0.058199137449264526,0.13803839683532715,0.8037624657154083,0.8264277517795562,0.8779559240891384,5,71,seen_own_id
0.05111563205718994,0.10935945808887482,0.8395249098539352,0.756511354446411,0.9136006371939883,5,74,seen_own_id
0.08193457871675491,0.11080637574195862,0.8072590455412865,1.048762607574463,0.8907686019765919,5,64,seen_own_id
0.056752804666757584,0.12013359367847443,0.823113601654768,0.8739931918680669,0.8926724975692555,5,77,seen_own_id
0.053449809551239014,0.11383170634508133,0.8327184841036797,1.0155463814735413,0.8888568088747142,5,95,seen_own_id
0.08243950456380844,0.133493572473526,0.7840669229626656,1.0387377575039864,0.8666002832745251,5,63,seen_own_id
0.050841011106967926,0.10735161602497101,0.8418073728680611,0.7524469643831253,0.9160844940034781,5,74,seen_own_id
0.031038915738463402,0.10866439342498779,0.8602966908365488,0.5959471821784973,0.9176498035589854,5,96,seen_own_id
0.03936398774385452,0.0810386911034584,0.8795973211526871,0.574714221060276,0.9583672305096441,5,73,seen_own_id
0.03210735321044922,0.10523176193237305,0.8626608848571777,0.7256261825561523,0.9110343924192624,5,113,seen_own_id
0.06570853292942047,0.11248989403247833,0.8218015730381012,0.9987697005271912,0.8922417078699385,5,76,seen_own_id
0.03161780163645744,0.12140461802482605,0.8469775803387165,0.5058848261833191,0.9156514382040178,5,80,seen_own_id
0.035109952092170715,0.07401452958583832,0.890875518321991,0.6951770514249802,0.9483513582137323,5,99,seen_own_id
0.04809049144387245,0.10490861535072327,0.8470008932054043,0.6732668802142143,0.9264072269434109,5,70,seen_own_id
0.07694503664970398,0.13699689507484436,0.7860580682754517,1.0926195204257965,0.858617274577801,5,71,seen_own_id
0.02671821415424347,0.13937492668628693,0.8339068591594696,0.4381787121295929,0.899741611198375,5,82,seen_own_id
0.03635302186012268,0.09258066117763519,0.8710663169622421,0.5525659322738647,0.9457291441304343,5,76,seen_own_id
0.0714021697640419,0.11569690704345703,0.8129009231925011,1.0281912446022032,0.8868010071190922,5,72,seen_own_id
0.039085835218429565,0.11050878465175629,0.8504053801298141,0.633190530538559,0.9184378105401992,5,81,seen_own_id
0.05629193037748337,0.11641565710306168,0.827292412519455,0.9231876581907272,0.8926049714025698,5,82,seen_own_id
0.04716766998171806,0.10170545428991318,0.8511268757283688,0.6226132437586784,0.9362395633012056,5,66,seen_own_id
0.18193599581718445,0.135285884141922,0.6827781200408936,0.691356784105301,0.9979064831366905,5,19,seen_own_id
0.17014053463935852,0.14465317130088806,0.6852062940597534,0.6465340316295625,1.0014553528565626,5,19,seen_own_id
0.11044259369373322,0.135515496134758,0.7540419101715088,0.5080359309911728,1.0201743490555708,5,23,seen_own_id
0.15756624937057495,0.130719393491745,0.71171435713768,0.6932914972305299,0.9786072410643101,5,22,seen_own_id
0.13275828957557678,0.1374710649251938,0.7297706454992294,0.6106881320476533,0.9873367556754281,5,23,seen_own_id
0.13655632734298706,0.11140012741088867,0.7520435452461243,0.5462253093719482,1.0743479217801777,5,20,seen_own_id
0.14612358808517456,0.13838128745555878,0.7154951244592667,0.6137190699577332,1.0016931742429733,5,21,seen_own_id
0.16570469737052917,0.07872297614812851,0.7555723264813423,0.596536910533905,1.1333584897220135,5,18,seen_own_id
0.10089367628097534,0.1258973628282547,0.77320896089077,0.36321723461151123,1.159813441336155,5,18,seen_own_id
0.07807012647390366,0.13013437390327454,0.7917954996228218,0.28105245530605316,1.1876932494342327,5,18,seen_own_id
0.1372646987438202,0.13055017590522766,0.7321851253509521,0.5216058552265167,1.0701167216667762,5,19,seen_own_id
0.14786384999752045,0.1436316967010498,0.7085044533014297,0.65060093998909,0.9741936232894659,5,22,seen_own_id
0.14248624444007874,0.13245882093906403,0.7250549346208572,0.5984422266483307,1.0150769084692002,5,21,seen_own_id
0.1312067210674286,0.11556105315685272,0.7532322257757187,0.5773095726966858,1.0356943104416132,5,22,seen_own_id
0.128140389919281,0.11732359230518341,0.7545360177755356,0.5638177156448364,1.0374870244413614,5,22,seen_own_id
0.1606222689151764,0.1296299397945404,0.7097477912902832,0.7067379832267762,0.9759032130241394,5,22,seen_own_id
0.17107483744621277,0.1448194831609726,0.6841056793928146,0.7527292847633362,0.9406453091651201,5,22,seen_own_id
0.17823520302772522,0.14719733595848083,0.674567461013794,0.784234893321991,0.9275302588939667,5,22,seen_own_id
0.1764860898256302,0.1467355489730835,0.6767783612012863,0.8118360131978989,0.9156413122135051,5,23,seen_own_id
0.13641133904457092,0.13102254271507263,0.7325661182403564,0.5456453561782837,1.0465230260576521,5,20,seen_own_id
0.1580064743757248,0.13699659705162048,0.7049969285726547,0.726829782128334,0.9538193739512388,5,23,seen_own_id
0.16257193684577942,0.13957123458385468,0.6978568285703659,0.7153165221214295,0.9595531392842531,5,22,seen_own_id
0.1149720847606659,0.13472232222557068,0.7503055930137634,0.4598883390426636,1.071865132876805,5,20,seen_own_id
0.1739385426044464,0.14476382732391357,0.68129763007164,0.8001172959804536,0.9217556171557483,5,23,seen_own_id
0.11164046823978424,0.15361371636390686,0.7347458153963089,0.5135461539030075,0.9940678678891238,5,23,seen_own_id
0.13012856245040894,0.13346269726753235,0.7364087402820587,0.5725656747817993,1.0125620178878307,5,22,seen_own_id
0.12683042883872986,0.1373801976442337,0.7357893735170364,0.5326878011226654,1.030105122923851,5,21,seen_own_id
0.128119096159935,0.1279575377702713,0.7439233660697937,0.51247638463974,1.0627476658139912,5,20,seen_own_id
0.14332163333892822,0.13975971937179565,0.7169186472892761,0.6306151866912842,0.9857631400227547,5,22,seen_own_id
0.14375686645507812,0.1330023556947708,0.7232407778501511,0.6325302124023438,0.9944560695439577,5,22,seen_own_id
0.147538959980011,0.13920219242572784,0.7132588475942612,0.6196636319160462,0.9985623866319656,5,21,seen_own_id
0.13346654176712036,0.12091457843780518,0.7456188797950745,0.5872527837753296,1.0252259597182274,5,22,seen_own_id
0.1362670361995697,0.12718015909194946,0.7365528047084808,0.5178147375583649,1.076500253035472,5,19,seen_own_id
0.155159592628479,0.13006064295768738,0.7147797644138336,0.6516702890396119,1.000691670179367,5,21,seen_own_id
0.17478828132152557,0.15325239300727844,0.671959325671196,0.6641954690217973,0.9820943990579017,5,19,seen_own_id
0.1039692610502243,0.13593100011348724,0.7600997388362885,0.45746474862098696,1.0451371408998966,5,22,seen_own_id
0.18073683977127075,0.12642380595207214,0.6928393542766571,0.7952420949935913,0.9526541121304035,5,22,seen_own_id
0.1397550106048584,0.13378091156482697,0.7264640778303146,0.5590200424194336,1.037805825471878,5,20,seen_own_id
0.13663743436336517,0.12482458353042603,0.7385379821062088,0.6012047111988068,1.015489725396037,5,22,seen_own_id
0.1658046543598175,0.14646100997924805,0.6877343356609344,0.6963795483112336,0.9628280699253082,5,21,seen_own_id
0.10660731792449951,0.13311819732189178,0.7602744847536087,0.40510780811309816,1.1111704007937357,5,19,seen_own_id
0.11245442181825638,0.13250714540481567,0.755038432776928,0.47230857163667683,1.057053805887699,5,21,seen_own_id
0.13760241866111755,0.1297227144241333,0.7326748669147491,0.5504096746444702,1.0466783813067846,5,20,seen_own_id
0.14234961569309235,0.13565760850906372,0.7219927757978439,0.5978683859109879,1.0107898861169815,5,21,seen_own_id
0.14403805136680603,0.13363432884216309,0.7223276197910309,0.6337674260139465,0.9932004772126675,5,22,seen_own_id
0.1520453691482544,0.13035766780376434,0.7175969630479813,0.6385905504226685,1.0046357482671737,5,21,seen_own_id
0.18097467720508575,0.14681456983089447,0.6722107529640198,0.7600936442613602,0.9410950541496277,5,21,seen_own_id
0.14711549878120422,0.11881747096776962,0.7340670302510262,0.6178850948810578,1.0276938423514366,5,21,seen_own_id
0.13552503287792206,0.130044624209404,0.734430342912674,0.596310144662857,1.0098417215049267,5,22,seen_own_id
0.19751620292663574,0.1473022997379303,0.655181497335434,0.790064811706543,0.9359735676220485,5,20,seen_own_id
0.15290716290473938,0.13949958980083466,0.707593247294426,0.5504657864570618,1.061389870941639,5,18,seen_own_id
0.17997658252716064,0.140493705868721,0.6795297116041183,0.7199063301086426,0.9707567308630263,5,20,seen_own_id
0.15402010083198547,0.13226541876792908,0.7137144804000854,0.6468844234943391,0.9992002725601196,5,21,seen_own_id
0.12216155976057053,0.12369965016841888,0.7541387900710106,0.5619431748986244,1.020305421860779,5,23,seen_own_id
0.14437739551067352,0.11999456584453583,0.7356280386447906,0.6063850611448288,1.0298792541027069,5,21,seen_own_id
0.12717889249324799,0.12421120703220367,0.7486099004745483,0.5595871269702911,1.029338613152504,5,22,seen_own_id
0.12724241614341736,0.12336507439613342,0.7493925094604492,0.534418147802353,1.049149513244629,5,21,seen_own_id
0.12393851578235626,0.11836914718151093,0.7576923370361328,0.5205417662858963,1.060769271850586,5,21,seen_own_id
0.13715676963329315,0.12410935014486313,0.7387338802218437,0.5486270785331726,1.055334114602634,5,20,seen_own_id
0.147538959980011,0.13920219242572784,0.7132588475942612,0.6196636319160462,0.9985623866319656,5,21,seen_own_id
0.135004460811615,0.13540229201316833,0.7295932471752167,0.5940196275711059,1.003190714865923,5,22,seen_own_id
0.17343769967556,0.146017387509346,0.680544912815094,0.797813418507576,0.9207372349851273,5,23,seen_own_id
0.13571599125862122,0.12371353060007095,0.7405704781413078,0.6242935597896576,1.001948293955887,5,23,seen_own_id
0.07399788498878479,0.16025349497795105,0.7657486200332642,0.34039027094841007,1.036012838868534,5,23,seen_own_id
0.1327294409275055,0.13412266969680786,0.7331478893756866,0.6105554282665253,0.9919059679788702,5,23,seen_own_id
0.13496626913547516,0.13143613934516907,0.7335975915193558,0.5398650765419006,1.0479965593133655,5,20,seen_own_id
0.1303567886352539,0.13642914593219757,0.7332140654325485,0.49535579681396485,1.0716205571706479,5,19,seen_own_id
0.11944815516471863,0.12917481362819672,0.7513770312070847,0.5016822516918182,1.0519278436899184,5,21,seen_own_id
0.15309906005859375,0.14814499020576477,0.6987559497356415,0.7042556762695312,0.9453756967011621,5,23,seen_own_id
0.13913260400295258,0.12741392850875854,0.7334534674882889,0.6400099784135819,0.9923193971900379,5,23,seen_own_id
0.12507736682891846,0.12865689396858215,0.7462657392024994,0.5003094673156738,1.0660939131464278,5,20,seen_own_id
0.16501396894454956,0.15032260119915009,0.6846634298563004,0.6270530819892883,1.0006619359438236,5,19,seen_own_id
0.13346654176712036,0.12091457843780518,0.7456188797950745,0.5872527837753296,1.0252259597182274,5,22,seen_own_id
0.13547681272029877,0.10969474911689758,0.7548284381628036,0.5690026134252548,1.056759813427925,5,21,seen_own_id
0.15194711089134216,0.14065802097320557,0.7073948681354523,0.6077884435653687,1.0105640973363605,5,20,seen_own_id
0.1722690761089325,0.15503686666488647,0.672694057226181,0.6201686739921569,1.0090410858392715,5,18,seen_own_id
0.1371244341135025,0.13343113660812378,0.7294444292783737,0.5210728496313095,1.0661110889453154,5,19,seen_own_id
0.131180077791214,0.13788150250911713,0.7309384196996689,0.524720311164856,1.0441977424280984,5,20,seen_own_id
0.17211855947971344,0.13288219273090363,0.6949992477893829,0.7228979498147965,0.9729989469051361,5,21,seen_own_id
0.1317107379436493,0.13344848155975342,0.7348407804965973,0.5268429517745972,1.0497725435665677,5,20,seen_own_id
0.13449892401695251,0.1350393444299698,0.7304617315530777,0.5110959112644196,1.0675979153468058,5,19,seen_own_id
0.14890944957733154,0.14452090859413147,0.706569641828537,0.6254196882247925,0.9891974985599518,5,21,seen_own_id
0.13736999034881592,0.1351853907108307,0.7274446189403534,0.5220059633255005,1.0631882892205164,5,19,seen_own_id
0.1181563138961792,0.10145403444766998,0.7803896516561508,0.44899399280548097,1.1405694908820665,5,19,seen_own_id
0.13593631982803345,0.12729303538799286,0.7367706447839737,0.6253070712089539,0.9968073429430233,5,23,seen_own_id
0.09099499136209488,0.12398800998926163,0.7850169986486435,0.3821789637207985,1.0990237981081008,5,21,seen_own_id
0.1494770050048828,0.15488241612911224,0.6956405788660049,0.6278034210205079,0.9738968104124069,5,21,seen_own_id
0.14327207207679749,0.13070541620254517,0.7260225117206573,0.5444338738918305,1.0611098248224993,5,19,seen_own_id
0.13824667036533356,0.13575956225395203,0.7259937673807144,0.6082853496074677,0.9982414301484823,5,22,seen_own_id
0.132829949259758,0.1300409734249115,0.7371290773153305,0.5578857868909836,1.0319807082414627,5,21,seen_own_id
0.12459366023540497,0.1206069141626358,0.7547994256019592,0.5482121050357819,1.037849210202694,5,22,seen_own_id
0.1293381154537201,0.1355137974023819,0.735148087143898,0.5432200849056245,1.0292073220014573,5,21,seen_own_id
0.11889980733394623,0.1228068470954895,0.7582933455705643,0.5231591522693634,1.0426533501595259,5,22,seen_own_id
0.12177801132202148,0.129285991191864,0.7489359974861145,0.5114676475524903,1.0485103964805602,5,21,seen_own_id
0.11980070918798447,0.12952741980552673,0.7506718710064888,0.5271231204271317,1.032173822633922,5,22,seen_own_id
0.17038854956626892,0.13776423037052155,0.6918472200632095,0.6815541982650757,0.9883531715188708,5,20,seen_own_id
0.14193063974380493,0.12736469507217407,0.730704665184021,0.5961086869239808,1.0229865312576294,5,21,seen_own_id
0.14160454273223877,0.13210895657539368,0.7262865006923676,0.5664181709289551,1.0375521438462394,5,20,seen_own_id
0.1502307802438736,0.13016925752162933,0.7195999622344971,0.6610154330730439,0.9894499480724335,5,22,seen_own_id
0.13089123368263245,0.12213484197854996,0.7469739243388176,0.5497431814670563,1.0457634940743445,5,21,seen_own_id
0.14368027448654175,0.1275869905948639,0.7287327349185944,0.6034571528434753,1.020225828886032,5,21,seen_own_id
0.13352841138839722,0.13480684161186218,0.7316647469997406,0.5608193278312683,1.0243306457996368,5,21,seen_own_id
0.13261860609054565,0.12743327021598816,0.7399481236934662,0.5835218667984009,1.017428670078516,5,22,seen_own_id
0.1301800012588501,0.13067474961280823,0.7391452491283417,0.5467560052871704,1.0348033487796784,5,21,seen_own_id
0.11411315947771072,0.14471006393432617,0.7411767765879631,0.4108073741197586,1.1117651648819447,5,18,seen_own_id
0.12712939083576202,0.12693361937999725,0.7459369897842407,0.5339434415102006,1.044311785697937,5,21,seen_own_id
0.1061650812625885,0.13521230220794678,0.7586226165294647,0.4671263575553894,1.043106097728014,5,22,seen_own_id
0.04482743516564369,0.11138686537742615,0.8437856994569302,0.6096531182527541,0.9254423800495363,5,68,seen_own_id
0.0964459627866745,0.12532927095890045,0.778224766254425,0.4629406213760376,1.0376330216725667,5,24,seen_own_id
0.03767062723636627,0.12178164720535278,0.840547725558281,0.6027300357818604,0.9087002438467902,5,80,seen_own_id
0.06941055506467819,0.12135542929172516,0.8092340156435966,0.7635161057114601,0.9083238951101595,5,55,seen_own_id
0.12035796791315079,0.11888667941093445,0.7607553526759148,0.45736027806997304,1.111873207757106,5,19,seen_own_id
0.13564762473106384,0.11078161746263504,0.7535707578063011,0.4883314490318298,1.1303561367094517,5,18,seen_own_id
0.12831979990005493,0.12168629467487335,0.7499939054250717,0.5132791996002197,1.0714198648929596,5,20,seen_own_id
0.04233667999505997,0.1330835074186325,0.8245798125863075,0.7620602399110794,0.8834783706281866,5,90,seen_own_id
0.14300358295440674,0.1368754655122757,0.7201209515333176,0.572014331817627,1.028744216476168,5,20,seen_own_id
0.03800271078944206,0.149850994348526,0.8121462948620319,0.6916493363678455,0.8694742686169988,5,91,seen_own_id
0.14155972003936768,0.16062548756599426,0.6978147923946381,0.5945508241653442,0.9769407093524932,5,21,seen_own_id
0.1069263219833374,0.13568265736103058,0.757391020655632,0.4704758167266846,1.041412653401494,5,22,seen_own_id
0.05526567995548248,0.12240265309810638,0.8223316669464111,0.8068789273500443,0.8959733087625077,5,73,seen_own_id
0.12162506580352783,0.13118276000022888,0.7471921741962433,0.48650026321411133,1.0674173917089191,5,20,seen_own_id
0.03654848039150238,0.08734219521284103,0.8761093243956566,0.4312720686197281,0.9752915120630894,5,59,seen_own_id
0.051894351840019226,0.12576647102832794,0.8223391771316528,0.7265209257602692,0.8994334749877453,5,70,seen_own_id
0.17418941855430603,0.12466447055339813,0.7011461108922958,0.7315955579280854,0.9816045552492142,5,21,seen_own_id
0.15000344812870026,0.11161107569932938,0.7383854761719704,0.570013102889061,1.079178772866726,5,19,seen_own_id
0.04903126880526543,0.10721258819103241,0.8437561430037022,0.7158565245568753,0.919316394615974,5,73,seen_own_id
0.11656127870082855,0.1553196907043457,0.7281190305948257,0.5128696262836456,1.0011636670678854,5,22,seen_own_id
0.028750864788889885,0.1406395137310028,0.8306096214801073,0.4830145284533501,0.8945026692862694,5,84,seen_own_id
0.1442616879940033,0.13513565063476562,0.7206026613712311,0.4904897391796112,1.1136586584828116,5,17,seen_own_id
0.05149392783641815,0.1332463175058365,0.8152597546577454,0.6385247051715851,0.902609014085361,5,62,seen_own_id
0.14255918562412262,0.13141466677188873,0.7260261476039886,0.5132130682468414,1.089039221405983,5,18,seen_own_id
0.0786227136850357,0.17486846446990967,0.7465088218450546,1.0692689061164855,0.8187516110558664,5,68,seen_own_id
0.18352772295475006,0.1387115865945816,0.6777606904506683,0.6974053472280503,0.9905733168125153,5,19,seen_own_id
0.09510959684848785,0.12714089453220367,0.7777495086193085,0.36141646802425387,1.1367108202897585,5,19,seen_own_id
0.04093334078788757,0.11592002213001251,0.8431466370820999,0.5976267755031586,0.9186523060745267,5,73,seen_own_id
0.07146351784467697,0.11019927263259888,0.8183372095227242,0.3001467749476433,1.1456720933318139,5,21,seen_own_id
0.07829847186803818,0.1185498908162117,0.8031516373157501,0.26621480435132977,1.2412343485788866,5,17,seen_own_id
0.09397367388010025,0.1440615952014923,0.7619647309184074,0.357099960744381,1.113640760573057,5,19,seen_own_id
0.05236897990107536,0.145906001329422,0.8017250187695026,0.7750609025359153,0.8724654616021058,5,74,seen_own_id
0.052601225674152374,0.12569455802440643,0.8217042163014412,0.7048564240336419,0.9025275818392879,5,67,seen_own_id
0.12558934092521667,0.14634621143341064,0.7280644476413727,0.5023573637008667,1.040092068059104,5,20,seen_own_id
0.0392792783677578,0.12025308609008789,0.8404676355421543,0.6520360209047794,0.9059586201298546,5,83,seen_own_id
0.11096115410327911,0.15125076472759247,0.7377880811691284,0.3994601547718048,1.1066821217536926,5,18,seen_own_id
0.07503581047058105,0.13431179523468018,0.7906523942947388,0.2551217555999756,1.2219173366373235,5,17,seen_own_id
0.04333340749144554,0.20333567261695862,0.7533309198915958,0.7626679718494416,0.8084526945178102,5,88,seen_own_id
0.05952630564570427,0.20903655886650085,0.7314371354877949,0.904799845814705,0.7941317471010344,5,76,seen_own_id
0.33443692326545715,0.24948738515377045,0.4160756915807724,1.2039729237556458,0.6241135373711586,5,18,seen_own_id
0.10023646801710129,0.1703615039587021,0.7294020280241966,1.2028376162052155,0.8104466978046629,5,60,seen_own_id
0.27637413144111633,0.26674529910087585,0.4568805694580078,1.050221699476242,0.6677485245924729,5,19,seen_own_id
0.11933231353759766,0.22304731607437134,0.657620370388031,1.2410560607910155,0.7433969404386438,5,52,seen_own_id
0.26853471994400024,0.21558398008346558,0.5158812999725342,1.020431935787201,0.7539803614983192,5,19,seen_own_id
0.14600521326065063,0.2346496731042862,0.6193451136350632,1.7228615164756775,0.6894596548012967,5,59,seen_own_id
0.24156181514263153,0.1934281885623932,0.5650099962949753,1.1111843496561051,0.7644252891049667,5,23,seen_own_id
0.20333248376846313,0.2369643896818161,0.5597031265497208,1.9113253474235534,0.641610901166753,5,47,seen_own_id
0.14079070091247559,0.1367696225643158,0.7224396765232086,1.8584372520446777,0.7946836441755295,5,66,seen_own_id
0.09869708865880966,0.205551415681839,0.6957514956593513,1.401498658955097,0.7599747106432915,5,71,seen_own_id
0.16578522324562073,0.19560633599758148,0.6386084407567978,1.6578522324562073,0.7256914099509065,5,50,seen_own_id
0.12762358784675598,0.21007941663265228,0.6622969955205917,1.5059583365917206,0.7372740138814134,5,59,seen_own_id
0.08015887439250946,0.2017281949520111,0.7181129306554794,1.4107961893081666,0.7706577792400268,5,88,seen_own_id
0.1466212272644043,0.12317965924739838,0.7301991134881973,1.7594547271728516,0.8113323483202193,5,60,seen_own_id
0.09824912250041962,0.20756667852401733,0.694184198975563,1.3361880660057068,0.7613633150054563,5,68,seen_own_id
0.2782523036003113,0.20692339539527893,0.5148243010044098,1.1686596751213074,0.7207540214061737,5,21,seen_own_id
0.3234380781650543,0.22948886454105377,0.4470730572938919,1.1643770813941956,0.6706095859408379,5,18,seen_own_id
0.17752592265605927,0.22576572000980377,0.596708357334137,2.0948058873414994,0.6642602468436619,5,59,seen_own_id
0.3125251531600952,0.22617948055267334,0.46129536628723145,1.500120735168457,0.6150604883829752,5,24,seen_own_id
0.276141881942749,0.20481237769126892,0.5190457403659821,1.2150242805480957,0.7136878930032253,5,22,seen_own_id
0.12977378070354462,0.21522068977355957,0.6550055295228958,1.661104393005371,0.7227647222321609,5,64,seen_own_id
0.0663258507847786,0.21561682224273682,0.7180573269724846,0.848970890045166,0.792339119417914,5,64,seen_own_id
0.24436286091804504,0.13815025985240936,0.6174868792295456,0.9774514436721802,0.8821241131850652,5,20,seen_own_id
0.11634773015975952,0.1223868727684021,0.7612653970718384,1.3263641238212587,0.8508260320214664,5,57,seen_own_id
0.10942031443119049,0.19750991463661194,0.6930697709321976,1.3568118989467621,0.7673272463892188,5,62,seen_own_id
0.10449707508087158,0.14981518685817719,0.7456877380609512,1.2330654859542847,0.8301052178414362,5,59,seen_own_id
0.1050892248749733,0.14648395776748657,0.7484268173575401,1.2400528535246849,0.8331543815866955,5,59,seen_own_id
0.32608360052108765,0.15405918657779694,0.5198572129011154,1.0434675216674805,0.8317715406417847,5,16,seen_own_id
0.24208374321460724,0.15994322299957275,0.59797303378582,0.968334972858429,0.8542471911226001,5,20,seen_own_id
0.22457283735275269,0.15082380175590515,0.6246033608913422,0.9881204843521119,0.8588296212255955,5,22,seen_own_id
0.08756707608699799,0.1902381032705307,0.7221948206424713,1.085831743478775,0.7995728371398789,5,62,seen_own_id
0.10727008432149887,0.12423588335514069,0.7684940323233604,1.0941548600792885,0.8709599032998085,5,51,seen_own_id
0.26979535818099976,0.2012273073196411,0.5289773344993591,1.025222361087799,0.7731207196529095,5,19,seen_own_id
0.13610902428627014,0.19499969482421875,0.6688912808895111,1.3338684380054473,0.7622249479903731,5,49,seen_own_id
0.08156238496303558,0.2122160792350769,0.7062215358018875,0.8971862345933914,0.7926976422266084,5,55,seen_own_id
0.2899390459060669,0.22137367725372314,0.48868727684020996,1.0437805652618408,0.7330309152603149,5,18,seen_own_id
0.09779234975576401,0.15635928511619568,0.7458483651280403,1.3104174867272378,0.8192104994029296,5,67,seen_own_id
0.2207815796136856,0.14725303649902344,0.631965383887291,0.9714389503002167,0.8689524028450251,5,22,seen_own_id
0.10330985486507416,0.2262035608291626,0.6704865843057632,1.2810422003269195,0.7423244326242379,5,62,seen_own_id
0.22088545560836792,0.14527900516986847,0.6338355392217636,0.9277189135551454,0.887369754910469,5,21,seen_own_id
0.25960826873779297,0.23433923721313477,0.5060524940490723,0.8307464599609375,0.8096839904785156,5,16,seen_own_id
0.28233641386032104,0.17801837623119354,0.5396452099084854,1.0164110898971557,0.8094678148627281,5,18,seen_own_id
0.10337209701538086,0.11773857474327087,0.7788893282413483,1.323162841796875,0.8594640863352808,5,64,seen_own_id
0.11386854946613312,0.23235288262367249,0.6537785679101944,1.207006624341011,0.7372396616859639,5,53,seen_own_id
0.08298303186893463,0.187968447804451,0.7290485203266144,1.0621828079223632,0.8044673327741951,5,64,seen_own_id
0.11858191341161728,0.1403510719537735,0.7410670146346092,1.399266578257084,0.824961393649848,5,59,seen_own_id
0.11864465475082397,0.20425426959991455,0.6771010756492615,1.3525490641593934,0.7567600257256452,5,57,seen_own_id
0.29931676387786865,0.14734606444835663,0.5533371716737747,1.137403702735901,0.8087235586001322,5,19,seen_own_id
0.2554088830947876,0.1627850979566574,0.581806018948555,0.9194719791412354,0.8727090284228325,5,18,seen_own_id
0.11643636226654053,0.22229230403900146,0.661271333694458,1.3040872573852538,0.7406238937377929,5,56,seen_own_id
0.24400433897972107,0.21980132162570953,0.5361943393945694,0.9272164881229401,0.7836686498843707,5,19,seen_own_id
0.11091897636651993,0.13846179842948914,0.7506192252039909,1.4197628974914551,0.8282694898802658,5,64,seen_own_id
0.3640335202217102,0.18487311899662018,0.4510933607816696,1.3105206727981566,0.6766400411725044,5,18,seen_own_id
0.19537395238876343,0.2183847576379776,0.586241289973259,0.6642714381217957,0.9060092663223093,5,17,seen_own_id
0.25871843099594116,0.14570602774620056,0.5955755412578583,1.0348737239837646,0.8508222017969405,5,20,seen_own_id
0.11432512104511261,0.12023406475782394,0.7654408141970634,1.486226573586464,0.8432822529289682,5,65,seen_own_id
0.10210230946540833,0.12900662422180176,0.7688910663127899,1.2252277135849,0.854323407014211,5,60,seen_own_id
0.14306232333183289,0.17110596597194672,0.6858317106962204,1.6022980213165283,0.7681315159797668,5,56,seen_own_id
0.2220941185951233,0.14500682055950165,0.6328990608453751,0.9772141218185425,0.8702362086623907,5,22,seen_own_id
0.26485002040863037,0.2074061930179596,0.52774378657341,0.8475200653076171,0.8443900585174561,5,16,seen_own_id
0.20438945293426514,0.21149569749832153,0.5841148495674133,0.7358020305633545,0.87617227435112,5,18,seen_own_id
0.058080483227968216,0.13734586536884308,0.8045736514031887,0.6969657987356186,0.8939707237813208,5,60,seen_own_id
0.06993557512760162,0.17321161925792694,0.7568528056144714,1.0909949719905854,0.8199238727490107,5,78,seen_own_id
0.1893855631351471,0.1507045030593872,0.6599099338054657,0.6439109146595001,1.019860806790265,5,17,seen_own_id
0.22366425395011902,0.16205506026744843,0.6142806857824326,0.7604584634304047,0.9493428780273957,5,17,seen_own_id
0.07639941573143005,0.17965324223041534,0.7439473420381546,0.8403935730457306,0.8350429349407859,5,55,seen_own_id
0.1361410915851593,0.12961368262767792,0.7342452257871628,1.4430955708026885,0.827978658866375,5,53,seen_own_id
0.20310500264167786,0.1425594538450241,0.654335543513298,0.7311780095100403,0.981503315269947,5,18,seen_own_id
0.08836235105991364,0.11572425812482834,0.795913390815258,1.0073308020830154,0.8895502603229354,5,57,seen_own_id
0.08720975369215012,0.16188779473304749,0.7509024515748024,1.0290750935673714,0.8359102762813837,5,59,seen_own_id
0.25049254298210144,0.22623313963413239,0.5232743173837662,0.8516746461391449,0.8086966723203659,5,17,seen_own_id
0.12267599254846573,0.16306859254837036,0.7142554149031639,1.32490071952343,0.8035373417660594,5,54,seen_own_id
0.1840757578611374,0.1577765941619873,0.6581476479768753,0.6626727283000946,0.987221471965313,5,18,seen_own_id
0.21363219618797302,0.17272305488586426,0.6136447489261627,0.6836230278015136,0.9818315982818604,5,16,seen_own_id
0.20645952224731445,0.21426057815551758,0.579279899597168,0.7019623756408692,0.8952507539228959,5,17,seen_own_id
0.2077513486146927,0.20639562606811523,0.5858530253171921,0.7894551247358322,0.8562467293097422,5,19,seen_own_id
0.3056834936141968,0.1811710149049759,0.5131454914808273,1.039323878288269,0.7930430322885513,5,17,seen_own_id
0.0742371678352356,0.1400730460882187,0.7856897860765457,0.9799306154251098,0.8642587646842003,5,66,seen_own_id
0.0760406106710434,0.1449897289276123,0.7789696604013443,1.0189441829919816,0.8555896269981978,5,67,seen_own_id
0.2610224485397339,0.18680116534233093,0.5521763861179352,0.939680814743042,0.8282645791769028,5,18,seen_own_id
0.06006506457924843,0.18176761269569397,0.7581673227250576,0.804871865361929,0.8327411577471945,5,67,seen_unknown
0.05663473531603813,0.15647926926612854,0.7868859954178333,0.7362515591084957,0.866908300036596,5,65,seen_unknown
0.06817321479320526,0.1386638581752777,0.793162927031517,0.7499053627252579,0.8902849180966008,5,55,seen_unknown
0.05409454554319382,0.1323632150888443,0.8135422393679619,0.7356858193874359,0.8922721335003453,5,68,seen_unknown
0.089495450258255,0.16517101228237152,0.7453335374593735,1.07394540309906,0.8281483749548594,5,60,seen_unknown
0.15134432911872864,0.13722528517246246,0.7114303857088089,1.6042498886585235,0.8022512860120611,5,53,seen_unknown
0.05227825418114662,0.10873393714427948,0.8389878086745739,0.6064277485013008,0.9357940942908709,5,58,seen_unknown
0.21188819408416748,0.16152623295783997,0.6265855729579926,0.7627974987030028,0.9398783594369888,5,18,seen_unknown
0.14516612887382507,0.21017023921012878,0.6446636319160461,0.5225980639457702,0.9669954478740692,5,18,seen_unknown
0.14239482581615448,0.18283697962760925,0.6747681945562363,0.5126213729381561,1.0121522918343544,5,18,seen_unknown
0.18883109092712402,0.1882602870464325,0.6229086220264435,0.6797919273376465,0.9343629330396652,5,18,seen_unknown
0.19174225628376007,0.15884830057621002,0.6494094431400299,0.7286205738782883,0.9491368784354283,5,19,seen_unknown
0.16235457360744476,0.16556349396705627,0.672081932425499,0.5844764649868012,1.0081228986382484,5,18,seen_unknown
0.16989026963710785,0.17483246326446533,0.6552772670984268,0.6455830246210099,0.9577129288361622,5,19,seen_unknown
0.16966906189918518,0.15742014348506927,0.6729107946157455,0.6108086228370666,1.0093661919236183,5,18,seen_unknown
0.15488380193710327,0.1754799783229828,0.6696362197399139,0.5885584473609925,0.978699090389105,5,19,seen_unknown
0.14354491233825684,0.16838133335113525,0.6880737543106079,0.545470666885376,1.0056462563001192,5,19,seen_unknown
0.18216165900230408,0.16785533726215363,0.6499830037355423,0.6557819724082946,0.9749745056033134,5,18,seen_unknown
0.18438853323459625,0.144836887717247,0.6707745790481567,0.6637987196445465,1.006161868572235,5,18,seen_unknown
0.24383185803890228,0.1655827760696411,0.5905853658914566,1.170392918586731,0.7874471545219421,5,24,seen_unknown
0.2505423426628113,0.17068859934806824,0.5787690579891205,1.2527117133140564,0.7615382341962111,5,25,seen_unknown
0.1987859308719635,0.1260225772857666,0.6751914918422699,0.8746580958366394,0.9283883012831211,5,22,seen_unknown
0.1842341423034668,0.13472841680049896,0.6810374408960342,0.7000897407531739,0.9953624136172808,5,19,seen_unknown
0.14785712957382202,0.20169931650161743,0.6504435539245605,0.5618570923805237,0.9506482711205115,5,19,seen_unknown
0.2104998230934143,0.15851140022277832,0.6309887766838074,0.58939950466156,1.104230359196663,5,14,seen_unknown
0.06444986909627914,0.16317036747932434,0.7723797634243965,0.7862884029746057,0.8566393739797852,5,61,seen_unknown
0.06611162424087524,0.16398777067661285,0.7699006050825119,0.8594511151313782,0.848195581870564,5,65,seen_unknown
0.08997616916894913,0.14673802256584167,0.7632858082652092,1.349642537534237,0.8296584872447925,5,75,seen_unknown
0.03779879957437515,0.11198992282152176,0.8502112776041031,0.7710955113172531,0.9033494824543595,5,102,seen_unknown
0.06600847840309143,0.1161843091249466,0.817807212471962,0.963723784685135,0.8910436792604959,5,73,seen_unknown
0.04952995851635933,0.12228052318096161,0.8281895183026791,0.6736074358224868,0.908336891041648,5,68,seen_unknown
0.1705629825592041,0.1356011927127838,0.6938358247280121,0.7504771232604981,0.9540242590010166,5,22,seen_unknown
0.14329451322555542,0.14603960514068604,0.7106658816337585,0.5445191502571106,1.0386655193108778,5,19,seen_unknown
0.16354110836982727,0.15287448465824127,0.6835844069719315,0.6868726551532746,0.957018169760704,5,21,seen_unknown
0.19451969861984253,0.13041964173316956,0.6750606596469879,0.7391748547554017,0.9866271179455977,5,19,seen_unknown
0.12059937417507172,0.16330434381961823,0.7160962820053101,1.2542334914207458,0.8095001448755679,5,52,seen_unknown
0.02324223332107067,0.10475726425647736,0.872000502422452,0.413711753115058,0.9350366833204606,5,89,seen_unknown
0.06746689975261688,0.1248147040605545,0.8077183961868286,0.9310432165861129,0.8846439577284314,5,69,seen_unknown
0.17243355512619019,0.18589851260185242,0.6416679322719574,0.7242209315299988,0.8983351051807403,5,21,seen_unknown
0.3035443127155304,0.15148165822029114,0.5449740290641785,1.1534683883190155,0.7965005040168762,5,19,seen_unknown
0.04665835574269295,0.19126950204372406,0.762072142213583,0.8118553899228573,0.8185219305257003,5,87,seen_unknown
0.2020096331834793,0.199179008603096,0.5988113582134247,2.060498258471489,0.6786528726418813,5,51,seen_unknown
0.09075117111206055,0.11134957522153854,0.7978992536664009,0.9438121795654296,0.9019730693620185,5,52,seen_unknown
0.04143894836306572,0.11828301846981049,0.8402780331671238,0.6381598047912121,0.9112874444206835,5,77,seen_unknown
0.08675333857536316,0.17232300341129303,0.7409236580133438,1.0236893951892854,0.8248018079771186,5,59,seen_unknown
0.06780493259429932,0.11936596781015396,0.8128290995955467,0.7729762315750123,0.9084560524891404,5,57,seen_unknown
0.11353325843811035,0.18917496502399445,0.6972917765378952,1.4532257080078126,0.7694254085935396,5,64,seen_unknown
0.07316263020038605,0.18147259950637817,0.7453647702932358,0.834053984284401,0.8330547432689106,5,57,seen_unknown
0.0546400249004364,0.08874591439962387,0.8566140606999397,0.6119682788848877,0.9594077479839325,5,56,seen_unknown
0.1442016363143921,0.2013220191001892,0.6544763445854187,0.5191258907318115,0.981714516878128,5,18,seen_unknown
0.04238899052143097,0.122653067111969,0.8349579423666,0.6612682521343232,0.90453777089715,5,78,seen_unknown
0.06683741509914398,0.09790600836277008,0.8352565765380859,0.6282717019319535,0.9574892462753668,5,47,seen_unknown
0.18373969197273254,0.21218085289001465,0.6040794551372528,0.6982108294963837,0.8828853575082926,5,19,seen_unknown
0.07178835570812225,0.1545652449131012,0.7736463993787766,0.7753142416477203,0.8703521993011236,5,54,seen_unknown
0.05095435678958893,0.10246152430772781,0.8465841189026833,0.5095435678958893,0.9620274078439582,5,50,seen_unknown
0.04055429995059967,0.12219616025686264,0.8372495397925377,0.6569796591997147,0.9042295029759407,5,81,seen_unknown
0.17556551098823547,0.15648303925991058,0.6679514497518539,0.5969227373600006,1.0322886041619561,5,17,seen_unknown
0.15997031331062317,0.140757754445076,0.6992719322443008,0.6398812532424927,0.9989599032061441,5,20,seen_unknown
0.21050627529621124,0.14931069314479828,0.6401830315589905,0.842025101184845,0.914547187941415,5,20,seen_unknown
0.1673031598329544,0.11612067371606827,0.7165761664509773,0.7361339032649994,0.9852922288700938,5,22,seen_unknown
0.06346552073955536,0.108517587184906,0.8280168920755386,0.888517290353775,0.9056434757076204,5,70,seen_unknown
0.05390286445617676,0.18428120017051697,0.7618159353733063,0.8732264041900635,0.8227612102031707,5,81,seen_unknown
0.18934142589569092,0.12470243871212006,0.685956135392189,0.7573657035827637,0.9799373362745558,5,20,seen_unknown
0.09202063828706741,0.15984494984149933,0.7481344118714333,0.9938228935003282,0.8416512133553624,5,54,seen_unknown
0.20282679796218872,0.1719294637441635,0.6252437382936478,0.7707418322563172,0.9138177713522544,5,19,seen_unknown
0.15919749438762665,0.14239689707756042,0.6984056085348129,0.6367899775505066,0.9977222979068757,5,20,seen_unknown
0.15395230054855347,0.1560150384902954,0.6900326609611511,0.5542282819747925,1.0350489914417267,5,18,seen_unknown
0.1746152937412262,0.14288529753684998,0.6824994087219238,0.6984611749649048,0.9749991553170341,5,20,seen_unknown
0.04685504734516144,0.16246114671230316,0.7906838059425354,0.7965358048677444,0.8507357405710824,5,85,seen_unknown
0.06296402215957642,0.17053145170211792,0.7665045261383057,0.8563107013702392,0.8406823835065288,5,68,seen_unknown
0.1823691427707672,0.18038368225097656,0.6372471749782562,0.7294765710830688,0.9103531071117946,5,20,seen_unknown
0.03177886828780174,0.1361539661884308,0.8320671655237675,0.5211734399199486,0.8977566785914333,5,82,seen_unknown
0.14409244060516357,0.18237964808940887,0.6735279113054276,0.5763697624206543,0.9621827304363252,5,20,seen_unknown
0.1629199981689453,0.18166223168373108,0.6554177701473236,0.5865119934082031,0.9831266552209854,5,18,seen_unknown
0.20135138928890228,0.1831861436367035,0.6154624670743942,0.7248650014400482,0.9231937006115913,5,18,seen_unknown
0.053815994411706924,0.16346879303455353,0.7827152125537395,0.7534239217638969,0.8560947637306526,5,70,seen_unknown
0.02842460572719574,0.1071978211402893,0.864377573132515,0.5002730607986451,0.9276247126300161,5,88,seen_unknown
0.09493225812911987,0.18324171006679535,0.7218260318040848,0.4177019357681275,0.9925107937306166,5,22,seen_unknown
0.15148505568504333,0.15087449550628662,0.69764044880867,0.6968312561511993,0.9438664895646713,5,23,seen_unknown
0.16086384654045105,0.23202168941497803,0.6071144640445709,0.6756281554698944,0.8499602496623992,5,21,seen_unknown
0.18232005834579468,0.19881750643253326,0.6188624352216721,0.6198881983757019,0.9564237635244022,5,17,seen_unknown
0.12688776850700378,0.17457889020442963,0.6985333412885666,0.5075510740280151,0.9979047732693809,5,20,seen_unknown
0.07556045800447464,0.1535349041223526,0.7709046378731728,1.1787431448698045,0.8351466910292704,5,78,seen_unknown
0.1637876331806183,0.23020434379577637,0.6060080230236053,0.5896354794502258,0.909012034535408,5,18,seen_unknown
0.13497698307037354,0.18521805107593536,0.6798049658536911,0.5399079322814941,0.9711499512195588,5,20,seen_unknown
0.04886981099843979,0.15517893433570862,0.7959512546658516,0.7819169759750366,0.8604878428820016,5,80,seen_unknown
0.08185446262359619,0.16760548949241638,0.7505400478839874,0.9822535514831543,0.8339333865377638,5,60,seen_unknown
0.05526021122932434,0.11360308527946472,0.8311367034912109,0.7957470417022705,0.9066945856267756,5,72,seen_unknown
0.17778243124485016,0.18949100375175476,0.6327265650033951,0.6755732387304306,0.9247542103895774,5,19,seen_unknown
0.08379624783992767,0.16708052158355713,0.7491232305765152,1.0223142236471177,0.830845764821226,5,61,seen_unknown
0.07871142029762268,0.14764271676540375,0.7736458629369736,0.8185987710952758,0.8745561928852745,5,52,seen_unknown
0.1567850112915039,0.19407588243484497,0.6491391062736511,0.564426040649414,0.9737086594104767,5,18,seen_unknown
0.07467713207006454,0.17123836278915405,0.7540845051407814,0.8662547320127486,0.8410942557339485,5,58,seen_unknown
0.17751505970954895,0.19962239265441895,0.6228625476360321,0.674557226896286,0.910337569621893,5,19,seen_unknown
0.04798150062561035,0.10993105173110962,0.84208744764328,0.5757780075073242,0.9356527196036445,5,60,seen_unknown
0.24117085337638855,0.2311301827430725,0.5276989638805389,1.0611517548561096,0.725586075335741,5,22,seen_unknown
0.15470319986343384,0.13335534930229187,0.7119414508342743,0.6497534394264222,0.996718031167984,5,21,seen_unknown
0.20082062482833862,0.17136037349700928,0.6278190016746521,0.7631183743476868,0.9175816178321838,5,19,seen_unknown
0.04324459657073021,0.1253703534603119,0.8313850499689579,0.7697538189589977,0.8914851740630995,5,89,seen_unknown
0.17530296742916107,0.1387496292591095,0.6859474033117294,0.7362724632024765,0.9603263646364212,5,21,seen_unknown
0.1434224247932434,0.1559874713420868,0.7005901038646698,0.5163207292556763,1.0508851557970047,5,18,seen_unknown
0.030255848541855812,0.11977002024650574,0.8499741312116385,0.7563962135463953,0.8928299697601244,5,125,seen_unknown
0.0444679819047451,0.12741698324680328,0.8281150348484516,0.6403389394283294,0.9033982198346745,5,72,seen_unknown
0.20337794721126556,0.12977875769138336,0.6668432950973511,0.732160609960556,1.0002649426460266,5,18,seen_unknown
0.18322473764419556,0.1401757299900055,0.676599532365799,0.6229641079902649,1.0456538227471437,5,17,seen_unknown
0.10608173906803131,0.14056958258152008,0.7533486783504486,0.9971683472394943,0.8635948264017337,5,47,seen_unknown
0.05881258845329285,0.10710622370243073,0.8340811878442764,0.846901273727417,0.9099067503755743,5,72,seen_unknown
0.06261121481657028,0.11367051303386688,0.8237182721495628,0.7012456059455872,0.9225644648075103,5,56,seen_unknown
0.199779212474823,0.15836064517498016,0.6418601423501968,0.7192051649093628,0.9627902135252953,5,18,seen_unknown
0.20931747555732727,0.14049138128757477,0.650191143155098,0.6698159217834473,1.0403058290481568,5,16,seen_unknown
0.09631949663162231,0.1647956669330597,0.738884836435318,1.1173061609268187,0.8241407791009316,5,58,seen_unknown
0.04389144480228424,0.1541077345609665,0.8020008206367493,0.5705887824296951,0.8835602261252322,5,65,seen_unknown
0.052966851741075516,0.12431381642818451,0.82271933183074,0.6991624429821968,0.904991265013814,5,66,seen_unknown
0.04720544070005417,0.12172283232212067,0.8310717269778252,0.5947885528206825,0.9185529613965436,5,63,seen_unknown
0.12100715935230255,0.17864060401916504,0.7003522366285324,1.234273025393486,0.7937325348456701,5,51,seen_unknown
0.16375645995140076,0.14473441243171692,0.6915091276168823,0.6222745478153229,1.0106671865169818,5,19,seen_unknown
0.15189683437347412,0.13561834394931793,0.712484821677208,0.5468286037445068,1.068727232515812,5,18,seen_unknown
0.2082550823688507,0.17562848329544067,0.6161164343357086,0.6664162635803222,0.9857862949371338,5,16,seen_unknown
0.16189494729042053,0.21638129651546478,0.6217237561941147,0.7123377680778503,0.8548701647669077,5,22,seen_unknown
0.19737602770328522,0.21466484665870667,0.5879591256380081,0.907929727435112,0.7954741111573052,5,23,seen_unknown
0.1730761080980301,0.14421646296977997,0.6827074289321899,0.7269196540117264,0.9557904005050659,5,21,seen_unknown
0.1714460849761963,0.14093691110610962,0.6876170039176941,0.7543627738952637,0.9454733803868294,5,22,seen_unknown
0.14770226180553436,0.2195175141096115,0.6327802240848541,0.6794304043054581,0.856114420820685,5,23,seen_unknown
0.17795845866203308,0.17832133173942566,0.6437202095985413,0.7118338346481323,0.9196002994264876,5,20,seen_unknown
0.06856584548950195,0.1139439195394516,0.8174902349710464,0.6445189476013183,0.9371229522838824,5,47,seen_unknown
0.06362824141979218,0.15471342206001282,0.781658336520195,0.8526184350252152,0.858542763063165,5,67,seen_unknown
0.19409789144992828,0.15963539481163025,0.6462667137384415,0.7763915657997131,0.9232381624834879,5,20,seen_unknown
0.020724458619952202,0.15815989673137665,0.8211156446486712,0.49738700687885284,0.864332257524917,5,120,seen_unknown
0.16980868577957153,0.22315797209739685,0.6070333421230316,0.7471582174301148,0.8346708454191685,5,22,seen_unknown
0.026106657460331917,0.18392722308635712,0.789966119453311,0.5900104586035013,0.8342632850301321,5,113,seen_unknown
0.11655289679765701,0.21233564615249634,0.6711114570498466,0.48952216655015945,0.9395560398697853,5,21,seen_unknown
0.14089375734329224,0.2644946277141571,0.5946116149425507,0.6199325323104858,0.8175909705460072,5,22,seen_unknown
0.04692297428846359,0.11143507063388824,0.8416419550776482,0.6850754246115685,0.9170128764278853,5,73,seen_unknown
0.16480526328086853,0.13817241787910461,0.6970223188400269,0.6262600004673005,1.0187249275354238,5,19,seen_unknown
0.052489861845970154,0.14588582515716553,0.8016243129968643,0.7558540105819702,0.8744992505420338,5,72,seen_unknown
0.06711778789758682,0.1216784417629242,0.811203770339489,0.7919898971915246,0.9030381594345255,5,59,seen_unknown
0.10383160412311554,0.1928257793188095,0.703342616558075,1.2875118911266328,0.7787007540464401,5,62,seen_unknown
0.046029284596443176,0.11362358927726746,0.8403471261262894,0.5707631289958954,0.930384318211249,5,62,seen_unknown
0.06692755222320557,0.11995039135217667,0.8131220564246178,0.8432871580123902,0.8987138518377354,5,63,seen_unknown
0.19242197275161743,0.1948695182800293,0.6127085089683533,0.9236254692077637,0.8169446786244711,5,24,seen_unknown
0.1757020354270935,0.13813376426696777,0.6861642003059387,0.7730889558792114,0.9434757754206657,5,22,seen_unknown
0.16990382969379425,0.1332940012216568,0.696802169084549,0.7815576165914536,0.9427323464085074,5,23,seen_unknown
0.22549548745155334,0.16444508731365204,0.6100594252347946,0.8568828523159028,0.8916253138046998,5,19,seen_unknown
0.16894842684268951,0.15706391632556915,0.6739876568317413,0.7771627634763718,0.9118656533605912,5,23,seen_unknown
0.16014167666435242,0.17768321931362152,0.6621751040220261,0.6725950419902802,0.9270451456308365,5,21,seen_unknown
0.18965336680412292,0.20898020267486572,0.6013664305210114,0.6448214471340179,0.929384483532472,5,17,seen_unknown
0.19454550743103027,0.1369892656803131,0.6684652268886566,0.7392729282379151,0.9769876392988058,5,19,seen_unknown
0.08469849824905396,0.1306907683610916,0.7846107333898544,1.2027186751365662,0.8570363395489179,5,71,seen_unknown
0.21562132239341736,0.1776372641324997,0.606741413474083,0.7762367606163024,0.9101121202111244,5,18,seen_unknown
0.21735870838165283,0.18132226169109344,0.6013190299272537,0.8694348335266113,0.8590271856103625,5,20,seen_unknown
0.08473562449216843,0.12179851531982422,0.7934658601880074,1.1693516179919243,0.86903403734877,5,69,seen_unknown
0.16118130087852478,0.14475935697555542,0.6940593421459198,0.5802526831626892,1.0410890132188797,5,18,seen_unknown
0.06801637262105942,0.1434546262025833,0.7885290011763573,0.9658324912190437,0.8613162935926364,5,71,seen_unknown
0.1867487132549286,0.21072514355182648,0.6025261431932449,0.6722953677177429,0.9037892147898674,5,18,seen_unknown
0.05277373269200325,0.12697911262512207,0.8202471546828747,0.8021607369184495,0.8905540536556925,5,76,seen_unknown
0.14993415772914886,0.15719367563724518,0.692872166633606,0.659710294008255,0.9526992291212082,5,22,seen_unknown
0.05013446509838104,0.13618704676628113,0.8136784881353378,0.7620438694953919,0.8834223585469383,5,76,seen_unknown
0.2360026240348816,0.13882865011692047,0.6251687258481979,0.8024089217185973,0.9661698490381241,5,17,seen_unknown
0.13055162131786346,0.18265298008918762,0.6867953985929489,1.436067834496498,0.7708927943390244,5,55,seen_unknown
0.06687270104885101,0.1466137170791626,0.7865135818719864,0.7623487919569016,0.8790445915039847,5,57,seen_unknown
0.14841216802597046,0.14296074211597443,0.7086270898580551,0.623331105709076,0.9920779258012772,5,21,seen_unknown
0.10862069576978683,0.19505058228969574,0.6963287219405174,1.3468966275453569,0.7709353707198586,5,62,seen_unknown
0.09992487728595734,0.1854267120361328,0.7146484106779099,1.0392187237739563,0.8078634207663329,5,52,seen_unknown
0.08851493149995804,0.1606162190437317,0.7508688494563103,1.2746150135993957,0.8191296539523385,5,72,seen_unknown
0.08215142786502838,0.19538280367851257,0.722465768456459,0.9365262776613236,0.8074617412160424,5,57,seen_unknown
0.2601854205131531,0.11932521313428879,0.6204893663525581,1.092778766155243,0.8686851128935814,5,21,seen_unknown
0.0996614396572113,0.1347372680902481,0.7656012922525406,1.136140412092209,0.8556720325175453,5,57,seen_unknown
0.051423490047454834,0.14295829832553864,0.8056182116270065,0.6273665785789491,0.8935038347135891,5,61,seen_unknown
0.05651596933603287,0.09977896511554718,0.84370506554842,0.6442820504307747,0.9429644850247046,5,57,seen_unknown
0.05676780268549919,0.20047679543495178,0.742755401879549,0.6698600716888905,0.8268409190734602,5,59,seen_unknown
0.17506161332130432,0.13319312036037445,0.6917452663183212,0.770271098613739,0.9511497411876917,5,22,seen_unknown
0.09829974174499512,0.1774449646472931,0.7242552936077118,1.1402770042419432,0.8078232121009092,5,58,seen_unknown
0.23348256945610046,0.14936712384223938,0.6171503067016602,0.980626791715622,0.8640104293823242,5,21,seen_unknown
0.2773714065551758,0.15046602487564087,0.5721625685691833,1.1094856262207031,0.8173750979559763,5,20,seen_unknown
0.23154999315738678,0.1735750436782837,0.5948749631643295,0.8335799753665923,0.8923124447464943,5,18,seen_unknown
0.08456384390592575,0.11684299260377884,0.7985931634902954,0.9471150517463683,0.8944243431091308,5,56,seen_unknown
0.18155916035175323,0.13035424053668976,0.688086599111557,0.7262366414070129,0.9829808558736529,5,20,seen_unknown
0.0737142562866211,0.16097797453403473,0.7653077691793442,1.0614852905273438,0.8348812027411028,5,72,seen_unknown
0.07416648417711258,0.2000546157360077,0.7257789000868797,1.0828306689858438,0.7907740254677943,5,73,seen_unknown
0.05378758907318115,0.1151823028922081,0.8310301080346107,0.7422687292098998,0.9101758326093357,5,69,seen_unknown
0.05161230266094208,0.11932148039340973,0.8290662169456482,0.8257968425750732,0.8962878021034034,5,80,seen_unknown
0.18507318198680878,0.14547385275363922,0.669452965259552,0.7032780915498734,0.9784312569178067,5,19,seen_unknown
0.04195550084114075,0.14100219309329987,0.8170423060655594,0.7384168148040772,0.8768258894362101,5,88,seen_unknown
0.043587662279605865,0.13441422581672668,0.8219981119036674,0.653814934194088,0.8934762085909428,5,75,seen_unknown
0.28901004791259766,0.18807841837406158,0.5229115337133408,1.2138422012329102,0.7320761471986771,5,21,seen_unknown
0.20344248414039612,0.14623621106147766,0.6503213047981262,0.8137699365615845,0.9290304354258947,5,20,seen_unknown
0.19075897336006165,0.13361427187919617,0.6756267547607422,0.8011876881122589,0.9458774566650391,5,21,seen_unknown
0.21506883203983307,0.17674848437309265,0.6081826835870743,1.0323303937911987,0.8109102447827657,5,24,seen_unknown
0.08355418592691422,0.2315184772014618,0.684927336871624,0.9525177195668221,0.7655070235624033,5,57,seen_unknown
0.18493708968162537,0.1651575267314911,0.6499053835868835,0.8507106125354768,0.8792837542646073,5,23,seen_unknown
0.14314480125904083,0.19784338772296906,0.6590118110179901,0.6012081652879715,0.9226165354251862,5,21,seen_unknown
0.12145314365625381,0.17589519917964935,0.7026516571640968,1.6760533824563026,0.7695708626082965,5,69,seen_unknown
0.08030156791210175,0.14739349484443665,0.7723049372434616,1.011799755692482,0.853600193795405,5,63,seen_unknown
0.060753241181373596,0.10547108203172684,0.8337756767868996,1.0328051000833511,0.89710041173274,5,85,seen_unknown
0.0383206382393837,0.11189188063144684,0.8497874811291695,0.559481318295002,0.9258878525735726,5,73,seen_unknown
0.06632311642169952,0.1138429120182991,0.8198339715600014,0.7428189039230346,0.9182140481472015,5,56,seen_unknown
0.0675848051905632,0.11518090963363647,0.8172342851758003,0.865085506439209,0.9017757629526073,5,64,seen_unknown
0.07235180586576462,0.17202073335647583,0.7556274607777596,1.0273956432938576,0.8253776879264758,5,71,seen_unknown
0.1769864857196808,0.15573683381080627,0.6672766804695129,0.7433432400226594,0.9341873526573181,5,21,seen_unknown
0.04081513732671738,0.12487268447875977,0.8343121781945229,0.7754876092076302,0.8905579430166255,5,95,seen_unknown
0.13923412561416626,0.15953116118907928,0.7012347131967545,1.6151158571243285,0.782146410873303,5,58,seen_unknown
0.05973202735185623,0.12795567512512207,0.8123122975230217,0.7048379227519036,0.9042721802614769,5,59,seen_unknown
0.1544085144996643,0.13453516364097595,0.7110563218593597,0.5867523550987244,1.0392361627175257,5,19,seen_unknown
0.21331840753555298,0.18132738769054413,0.6053542047739029,0.7679462671279906,0.9080313071608543,5,18,seen_unknown
0.20678840577602386,0.1656726747751236,0.6275389194488525,0.7444382607936859,0.9413083791732788,5,18,seen_unknown
0.051879677921533585,0.1389118731021881,0.8092084489762783,0.6329320706427097,0.897485734319145,5,61,seen_unknown
0.05507942661643028,0.11707665771245956,0.8278439156711102,0.5948578074574471,0.9313244051299989,5,54,seen_unknown
0.15865972638130188,0.17199620604515076,0.6693440675735474,0.6346389055252075,0.9562058108193534,5,20,seen_unknown
0.09338393062353134,0.17065320909023285,0.7359628602862358,0.9525160923600197,0.834091241657734,5,51,seen_unknown
0.18267640471458435,0.14568592607975006,0.6716376692056656,0.7672408998012543,0.9402927368879318,5,21,seen_unknown
0.20035666227340698,0.1997343897819519,0.5999089479446411,0.8014266490936279,0.8570127827780588,5,20,seen_unknown
0.1919862926006317,0.17741519212722778,0.6305985152721405,0.7295479118824005,0.9216439838592823,5,19,seen_unknown
0.20528139173984528,0.17327913641929626,0.6214394718408585,0.7800692886114121,0.9082576896135623,5,19,seen_unknown
0.13748738169670105,0.19716283679008484,0.6653497815132141,0.4674570977687836,1.0282678441567854,5,17,seen_unknown
0.19373443722724915,0.1998874843120575,0.6063780784606934,0.7749377489089966,0.8662543978009906,5,20,seen_unknown
0.056508541107177734,0.1330585926771164,0.8104328662157059,0.6894042015075684,0.8988437243483284,5,61,seen_unknown
0.16793298721313477,0.17415772378444672,0.6579092890024185,0.6381453514099121,0.9615597300804578,5,19,seen_unknown
0.07030696421861649,0.13981729745864868,0.7898757383227348,0.7452538207173347,0.8907109389596797,5,53,seen_unknown
0.21093647181987762,0.13731911778450012,0.6517444103956223,0.7171840041875839,1.0072413615205071,5,17,seen_unknown
0.18651822209358215,0.15213270485401154,0.6613490730524063,0.5968583106994629,1.05815851688385,5,16,seen_unknown
0.15623831748962402,0.14100536704063416,0.7027563154697418,0.49996261596679686,1.1244101047515869,5,16,seen_unknown
0.1912735402584076,0.12895113229751587,0.6797753274440765,0.6503300368785858,1.0505618696863,5,17,seen_unknown
0.07448248565196991,0.17096033692359924,0.7545571774244308,1.0278583019971848,0.8264197657505672,5,69,seen_unknown
0.1730499565601349,0.15896286070346832,0.6679871827363968,0.5883698523044586,1.0323438278653405,5,17,seen_unknown
0.20739184319972992,0.14110179245471954,0.6515063643455505,0.7051322668790817,1.0068734721703962,5,17,seen_unknown
0.1441914439201355,0.17615960538387299,0.6796489506959915,0.5479274868965149,0.9933330817864491,5,19,seen_unknown
0.1713659167289734,0.14845798909664154,0.6801760941743851,0.5826441168785095,1.0511812364513222,5,17,seen_unknown
0.15642645955085754,0.1917296200990677,0.6518439203500748,0.5005646705627441,1.0429502725601196,5,16,seen_unknown
0.07659408450126648,0.14360284805297852,0.779803067445755,0.8578537464141845,0.8733794355392456,5,56,seen_unknown
0.17338068783283234,0.1832214593887329,0.6433978527784348,0.6241704761981964,0.9650967791676521,5,18,seen_unknown
0.12113571912050247,0.20815110206604004,0.6707131788134575,1.671672923862934,0.7345906244147392,5,69,seen_unknown
0.18064460158348083,0.1570814549922943,0.6622739434242249,0.650320565700531,0.9934109151363373,5,18,seen_unknown
0.22883252799510956,0.20309409499168396,0.5680733770132065,0.8237971007823943,0.8521100655198097,5,18,seen_unknown
0.1364573836326599,0.16460472345352173,0.6989378929138184,0.4639551043510437,1.0801767435940828,5,17,seen_unknown
0.06893346458673477,0.19206225872039795,0.7390042766928673,0.8823483467102051,0.8154529949714397,5,64,seen_unknown
0.14779627323150635,0.16578635573387146,0.6864173710346222,0.5025073289871216,1.0608268461444161,5,17,seen_unknown
0.22281232476234436,0.1968296766281128,0.5803579986095428,0.7129994392395019,0.9285727977752686,5,16,seen_unknown
0.1782187819480896,0.18470162153244019,0.6370795965194702,0.6772313714027405,0.9311163333746103,5,19,seen_unknown
0.11201032996177673,0.15674659609794617,0.7312430739402771,1.29931982755661,0.8156172747795398,5,58,seen_unknown
0.06666136533021927,0.17502865195274353,0.7583099827170372,1.0799141183495522,0.8189747813344002,5,81,seen_unknown
0.05403999611735344,0.135661318898201,0.8102986849844456,0.7781759440898894,0.8839622018012134,5,72,seen_unknown
0.019985506311058998,0.35983043909072876,0.6201840545982122,0.5116289615631103,0.6506849097423866,5,128,seen_unknown
0.01426994614303112,0.22250908613204956,0.7632209677249193,0.3653106212615967,0.8007564251540137,5,128,seen_unknown
0.028248094022274017,0.23786422610282898,0.733887679874897,0.7231512069702148,0.7699805165900558,5,128,seen_unknown
0.01894431933760643,0.39517754316329956,0.585878137499094,0.4849745750427246,0.614691816392492,5,128,seen_unknown
0.22898799180984497,0.190723717212677,0.580288290977478,0.7327615737915039,0.9284612655639648,5,16,seen_unknown
0.03389102965593338,0.27506327629089355,0.6910456940531731,0.8676103591918946,0.7250315478590669,5,128,seen_unknown
0.02931107021868229,0.40773648023605347,0.5629524495452642,0.7503633975982666,0.590638635588474,5,128,seen_unknown
0.16426590085029602,0.15154853463172913,0.6841855645179749,0.5585040628910064,1.0573776906186882,5,17,seen_unknown
0.1526871621608734,0.18943849205970764,0.657874345779419,0.5191363513469696,1.0167148980227383,5,17,seen_unknown
0.03389102965593338,0.27506327629089355,0.6910456940531731,0.8676103591918946,0.7250315478590669,5,128,seen_unknown
0.1847693920135498,0.18001270294189453,0.6352179050445557,0.6282159328460694,0.9817003987052223,5,17,seen_unknown
0.24526529014110565,0.19874024391174316,0.5559944659471512,0.8339019864797592,0.8592641746455972,5,17,seen_unknown
0.041712686419487,0.12683486938476562,0.8314524441957474,0.5756350725889205,0.9106383912620091,5,69,seen_unknown
0.15053458511829376,0.156899094581604,0.6925663203001022,0.6322452574968338,0.9695928484201431,5,21,seen_unknown
0.019899722188711166,0.10827340185642242,0.8718268759548664,0.3741147771477699,0.9312696174972437,5,94,seen_unknown
0.1624646782875061,0.15629063546657562,0.6812446862459183,0.6173657774925232,0.9956653106671113,5,19,seen_unknown
0.015894433483481407,0.24715197086334229,0.7369535956531763,0.40689749717712403,0.7731972151115293,5,128,seen_unknown
0.15768882632255554,0.1602710485458374,0.6820401251316071,0.6307553052902222,0.9743430359022959,5,20,seen_unknown
0.19016210734844208,0.1615576148033142,0.6482802778482437,0.7986808508634567,0.9075923889875411,5,21,seen_unknown
0.13855886459350586,0.1931585967540741,0.66828253865242,0.5542354583740234,0.9546893409320287,5,20,seen_unknown
0.16803714632987976,0.15303203463554382,0.6789308190345764,0.672148585319519,0.9699011700493949,5,20,seen_unknown
0.053435277193784714,0.12657538056373596,0.8199893422424793,0.7053456589579582,0.9019882764667273,5,66,seen_unknown
0.15247640013694763,0.14833422005176544,0.6991893798112869,0.6099056005477905,0.9988419711589814,5,20,seen_unknown
0.12725621461868286,0.20555393397808075,0.6671898514032364,0.534476101398468,0.9340657919645309,5,21,seen_unknown
0.1641055941581726,0.18848970532417297,0.6474047005176544,0.6564223766326904,0.9248638578823635,5,20,seen_unknown
0.1504029631614685,0.15692906081676483,0.6926679760217667,0.6617730379104615,0.9524184670299292,5,22,seen_unknown
0.08798602968454361,0.11658363789319992,0.7954303324222565,1.0030407384037971,0.8890103715307572,5,57,seen_unknown
0.1880001723766327,0.16653236746788025,0.6454674601554871,0.7896007239818573,0.9036544442176818,5,21,seen_unknown
0.1822206676006317,0.19456587731838226,0.623213455080986,0.7288826704025269,0.89030493582998,5,20,seen_unknown
0.06645004451274872,0.11101729422807693,0.8225326612591743,0.8106905430555345,0.9122634970329024,5,61,seen_unknown
0.0646413266658783,0.10570657253265381,0.8296521008014679,0.9696198999881744,0.901795761740726,5,75,seen_unknown
0.2959182560443878,0.21251294016838074,0.49156880378723145,1.242856675386429,0.688196325302124,5,21,seen_unknown
0.07344251871109009,0.13494518399238586,0.791612297296524,0.9106872320175171,0.8764279005782946,5,62,seen_unknown
0.10841160267591476,0.18384039402008057,0.7077480033040047,1.6261740401387215,0.7692913079391355,5,75,seen_unknown
0.07733771950006485,0.09833475947380066,0.8243275210261345,0.9125850901007653,0.9176476177460742,5,59,seen_unknown
0.060020655393600464,0.14937743544578552,0.790601909160614,0.780268520116806,0.8710021033125409,5,65,seen_unknown
0.07718484103679657,0.11317622661590576,0.8096389323472977,0.8490332514047623,0.9087783934510485,5,55,seen_unknown
0.05434223264455795,0.1085909754037857,0.8370667919516563,0.6738436847925187,0.9267525196607624,5,62,seen_unknown
0.07889073342084885,0.12763938307762146,0.7934698835015297,1.167582854628563,0.8634819320457823,5,74,seen_unknown
0.22762930393218994,0.12061084061861038,0.6517598554491997,0.7739396333694458,1.007265231148763,5,17,seen_unknown
0.07983101904392242,0.10571280121803284,0.8144561797380447,0.8621750056743622,0.9162632022053003,5,54,seen_unknown
0.054202158004045486,0.1333165019750595,0.812481340020895,0.6504258960485458,0.9027570444676611,5,60,seen_unknown
0.14614740014076233,0.1947999745607376,0.6590526252985001,0.4969011604785919,1.0185358754613183,5,17,seen_unknown
0.16725505888462067,0.19056794047355652,0.6421770006418228,0.5686672002077102,0.9924553646282716,5,17,seen_unknown
0.18919268250465393,0.1387266218662262,0.6720806956291199,0.718932193517685,0.9822717859194828,5,19,seen_unknown
0.055881351232528687,0.099739208817482,0.8443794399499893,0.7823389172554016,0.9235400124453008,5,70,seen_unknown
0.07248618453741074,0.17369569838047028,0.753818117082119,0.7683535560965538,0.8500502171351554,5,53,seen_unknown
0.12032240629196167,0.21412646770477295,0.6655511260032654,0.433160662651062,0.9983266890048981,5,18,seen_unknown
0.050485119223594666,0.11448215693235397,0.8350327238440514,0.5856273829936981,0.9313826535183649,5,58,seen_unknown
0.1013297438621521,0.1793031096458435,0.7193671464920044,1.1754250288009642,0.8023710480103126,5,58,seen_unknown
0.07260766625404358,0.12981340289115906,0.7975789308547974,0.9293781280517578,0.8800870961156385,5,64,seen_unknown
0.04583067446947098,0.12184576690196991,0.8323235586285591,0.5774664983153344,0.9199365647999864,5,63,seen_unknown
0.2143419086933136,0.18755164742469788,0.5981064438819885,0.8144992530345917,0.8741555718275217,5,19,seen_unknown
0.12957531213760376,0.15620119869709015,0.7142234891653061,0.4664711236953735,1.0713352337479591,5,18,seen_unknown
0.22789542376995087,0.1439025104045868,0.6282020658254623,0.8204235255718231,0.9423030987381935,5,18,seen_unknown
0.11662449687719345,0.18135958909988403,0.7020159140229225,1.5161184594035149,0.7734073629066096,5,65,seen_unknown
0.05906981974840164,0.13535863161087036,0.805571548640728,0.6615819811820983,0.9022401344776153,5,56,seen_unknown
0.06449171900749207,0.1134602501988411,0.8220480307936668,0.6965105652809144,0.9248040346428752,5,54,seen_unknown
0.07368417084217072,0.18890750408172607,0.7374083250761032,0.9726310551166534,0.8111491575837135,5,66,seen_unknown
0.2454683780670166,0.2123059183359146,0.5422257035970688,1.0309671878814697,0.7591159850358963,5,21,seen_unknown
0.06222502887248993,0.20413561165332794,0.7336393594741821,0.7467003464698792,0.8151548438602023,5,60,seen_unknown
0.09051449596881866,0.14413228631019592,0.7653532177209854,0.9956594556570053,0.859069938258249,5,55,seen_unknown
0.1587623655796051,0.1841922402381897,0.6570453941822052,0.6032969892024994,0.9602971145739921,5,19,seen_unknown
0.13080951571464539,0.17944033443927765,0.689750149846077,0.5493999660015106,0.9656502097845078,5,21,seen_unknown
0.20962856709957123,0.1727275848388672,0.6176438480615616,0.8804399818181992,0.8647013872861862,5,21,seen_unknown
0.12685254216194153,0.14167585968971252,0.731471598148346,0.4566691517829895,1.097207397222519,5,18,seen_unknown
0.13125240802764893,0.18190014362335205,0.686847448348999,0.5775105953216553,0.9444152414798737,5,22,seen_unknown
0.22387909889221191,0.1853920817375183,0.5907288193702698,0.7164131164550781,0.9451661109924316,5,16,seen_unknown
0.07367981970310211,0.1629401296377182,0.7633800506591797,0.6925903052091599,0.8750942044141815,5,47,seen_unknown
0.16822625696659088,0.15360963344573975,0.6781641095876694,0.8074860334396362,0.9042188127835592,5,24,seen_unknown
0.10090180486440659,0.2595329284667969,0.6395652666687965,1.1502805754542351,0.7148082392180667,5,57,seen_unknown
0.1850699633359909,0.17648066580295563,0.6384493708610535,0.7402798533439636,0.912070529801505,5,20,seen_unknown
0.1469203233718872,0.16707205772399902,0.6860076189041138,0.6464494228363037,0.9432604759931564,5,22,seen_unknown
0.07915283739566803,0.19485929608345032,0.7259878665208817,0.8548506438732147,0.8167363498359919,5,54,seen_unknown
0.2270764708518982,0.1438562273979187,0.6290673017501831,0.9537211775779725,0.8806942224502563,5,21,seen_unknown
0.21841733157634735,0.16336002945899963,0.618222638964653,0.742618927359581,0.9554349874908273,5,17,seen_unknown
0.19067655503749847,0.16603821516036987,0.6432852298021317,0.8008415311574937,0.9005993217229843,5,21,seen_unknown
0.19743379950523376,0.15980684757232666,0.6427593529224396,0.7107616782188415,0.9641390293836594,5,18,seen_unknown
0.24027958512306213,0.18302564322948456,0.5766947716474533,1.009174257516861,0.8073726803064346,5,21,seen_unknown
0.1557997167110443,0.15729758143424988,0.6869027018547058,0.5608789801597595,1.0303540527820587,5,18,seen_unknown
0.0841355174779892,0.19875916838645935,0.7171053141355515,1.24520565867424,0.7803793124416295,5,74,seen_unknown
0.05839940160512924,0.18525323271751404,0.7563473656773567,0.8759910240769386,0.8221167018232138,5,75,seen_unknown
0.06046643853187561,0.13974806666374207,0.7997854948043823,0.8707167148590087,0.8724932670593262,5,72,seen_unknown
0.06396786123514175,0.12098447978496552,0.8150476589798927,0.9083436295390128,0.8902828275011136,5,71,seen_unknown
0.03259887918829918,0.15746404230594635,0.8099370785057545,0.5346216186881065,0.8738794794404192,5,82,seen_unknown
0.06265932321548462,0.1352333277463913,0.8021073490381241,0.7017844200134277,0.8983602309226989,5,56,seen_unknown
0.02736832946538925,0.15267257392406464,0.8199590966105461,0.5364192575216293,0.8734346898677556,5,98,seen_unknown
0.08362111449241638,0.11299154162406921,0.8033873438835144,1.0536260426044464,0.887954432713358,5,63,seen_unknown
0.18278218805789948,0.14281947910785675,0.6743983328342438,0.694572314620018,0.985659101834664,5,19,seen_unknown
0.04288529232144356,0.1290225386619568,0.8280921690165997,0.5575088001787663,0.9123049319674403,5,65,seen_unknown
0.06558744609355927,0.16881635785102844,0.7655961960554123,0.7739318639039994,0.8522674635333835,5,59,seen_unknown
0.18539777398109436,0.17646008729934692,0.6381421387195587,0.6303524315357208,0.9862196689302271,5,17,seen_unknown
0.20441555976867676,0.1860813945531845,0.6095030456781387,0.7767791271209717,0.8908121436834335,5,19,seen_unknown
0.07773096859455109,0.12331490218639374,0.7989541292190552,0.7773096859455109,0.9079024195671082,5,50,seen_unknown
0.042611971497535706,0.10476984083652496,0.8526181876659393,0.4857764750719071,0.9529262097442851,5,57,seen_unknown
0.041573669761419296,0.09965228289365768,0.858774047344923,0.5155135050415993,0.9507855524175933,5,62,seen_unknown
0.050743043422698975,0.10994531959295273,0.8393116369843483,0.6190651297569275,0.9308729064735499,5,61,seen_unknown
0.14418897032737732,0.1703074425458908,0.6855035871267319,0.5190802931785583,1.0282553806900978,5,18,seen_unknown
0.13578006625175476,0.15511906147003174,0.7091008722782135,0.57027627825737,0.9927412211894989,5,21,seen_unknown
0.060428015887737274,0.13861441612243652,0.8009575679898262,0.8339066192507744,0.8772392411317145,5,69,seen_unknown
0.17118850350379944,0.20652467012405396,0.6222868263721466,0.6847540140151978,0.8889811805316381,5,20,seen_unknown
0.13299891352653503,0.18758569657802582,0.6794153898954391,0.5053958714008332,0.9929917236933341,5,19,seen_unknown
0.0753694474697113,0.1286003291606903,0.7960302233695984,0.7838422536849975,0.8998602525047634,5,52,seen_unknown
0.18899570405483246,0.17441222071647644,0.6365920752286911,0.6425853937864303,0.9838241162625225,5,17,seen_unknown
0.04423833638429642,0.1760837733745575,0.7796778902411461,0.8493760585784912,0.8316564162572225,5,96,seen_unknown
0.18548119068145752,0.24788197875022888,0.5666368305683136,0.667732286453247,0.8499552458524704,5,18,seen_unknown
0.23000949621200562,0.16983047127723694,0.6001600325107574,0.7820322871208191,0.9275200502438978,5,17,seen_unknown
0.17183804512023926,0.15593074262142181,0.6722312122583389,0.5842493534088135,1.0389027825810693,5,17,seen_unknown
0.11562785506248474,0.1862931251525879,0.6980790197849274,1.3412831187248229,0.7786265989908805,5,58,seen_unknown
0.18744304776191711,0.14899694919586182,0.6635600030422211,0.5998177528381348,1.0616960048675537,5,16,seen_unknown
0.16593468189239502,0.15345971286296844,0.6806056052446365,0.564177918434143,1.0518450262871655,5,17,seen_unknown
0.07534019649028778,0.15707772970199585,0.7675820738077164,0.8739462792873381,0.8561492361701452,5,58,seen_unknown
0.06782351434230804,0.16760143637657166,0.7645750492811203,1.0987409323453903,0.8257410532236099,5,81,seen_unknown
0.04915444552898407,0.2074102759361267,0.7434352785348892,0.8061329066753388,0.8021275373665909,5,82,seen_unknown
0.09462316334247589,0.16697612404823303,0.7384007126092911,1.1922518581151962,0.8161271034102691,5,63,seen_unknown
0.04548973590135574,0.15769872069358826,0.796811543405056,0.6459542497992515,0.8703633781809074,5,71,seen_unknown
0.1748346984386444,0.1368086189031601,0.6883566826581955,0.5594710350036621,1.1013706922531128,5,16,seen_unknown
0.17208752036094666,0.1761854887008667,0.6517269909381866,0.5850975692272186,1.0072144405408339,5,17,seen_unknown
0.22264878451824188,0.22793109714984894,0.5494201183319092,0.712476110458374,0.8790721893310547,5,16,seen_unknown
0.06421225517988205,0.12429186701774597,0.811495877802372,0.6934923559427262,0.9129328625276685,5,54,seen_unknown
0.21188819408416748,0.16152623295783997,0.6265855729579926,0.7627974987030028,0.9398783594369888,5,18,is_words
0.14516612887382507,0.21017023921012878,0.6446636319160461,0.5225980639457702,0.9669954478740692,5,18,is_words
0.14239482581615448,0.18283697962760925,0.6747681945562363,0.5126213729381561,1.0121522918343544,5,18,is_words
0.18883109092712402,0.1882602870464325,0.6229086220264435,0.6797919273376465,0.9343629330396652,5,18,is_words
0.19174225628376007,0.15884830057621002,0.6494094431400299,0.7286205738782883,0.9491368784354283,5,19,is_words
0.16235457360744476,0.16556349396705627,0.672081932425499,0.5844764649868012,1.0081228986382484,5,18,is_words
0.16989026963710785,0.17483246326446533,0.6552772670984268,0.6455830246210099,0.9577129288361622,5,19,is_words
0.16966906189918518,0.15742014348506927,0.6729107946157455,0.6108086228370666,1.0093661919236183,5,18,is_words
0.15488380193710327,0.1754799783229828,0.6696362197399139,0.5885584473609925,0.978699090389105,5,19,is_words
0.14354491233825684,0.16838133335113525,0.6880737543106079,0.545470666885376,1.0056462563001192,5,19,is_words
0.18216165900230408,0.16785533726215363,0.6499830037355423,0.6557819724082946,0.9749745056033134,5,18,is_words
0.18438853323459625,0.144836887717247,0.6707745790481567,0.6637987196445465,1.006161868572235,5,18,is_words
0.24383185803890228,0.1655827760696411,0.5905853658914566,1.170392918586731,0.7874471545219421,5,24,is_words
0.2505423426628113,0.17068859934806824,0.5787690579891205,1.2527117133140564,0.7615382341962111,5,25,is_words
0.1987859308719635,0.1260225772857666,0.6751914918422699,0.8746580958366394,0.9283883012831211,5,22,is_words
0.1842341423034668,0.13472841680049896,0.6810374408960342,0.7000897407531739,0.9953624136172808,5,19,is_words
0.14785712957382202,0.20169931650161743,0.6504435539245605,0.5618570923805237,0.9506482711205115,5,19,is_words
0.2104998230934143,0.15851140022277832,0.6309887766838074,0.58939950466156,1.104230359196663,5,14,is_words
0.1705629825592041,0.1356011927127838,0.6938358247280121,0.7504771232604981,0.9540242590010166,5,22,is_words
0.14329451322555542,0.14603960514068604,0.7106658816337585,0.5445191502571106,1.0386655193108778,5,19,is_words
0.16354110836982727,0.15287448465824127,0.6835844069719315,0.6868726551532746,0.957018169760704,5,21,is_words
0.19451969861984253,0.13041964173316956,0.6750606596469879,0.7391748547554017,0.9866271179455977,5,19,is_words
0.18193599581718445,0.135285884141922,0.6827781200408936,0.691356784105301,0.9979064831366905,5,19,is_words
0.17014053463935852,0.14465317130088806,0.6852062940597534,0.6465340316295625,1.0014553528565626,5,19,is_words
0.11044259369373322,0.135515496134758,0.7540419101715088,0.5080359309911728,1.0201743490555708,5,23,is_words
0.15756624937057495,0.130719393491745,0.71171435713768,0.6932914972305299,0.9786072410643101,5,22,is_words
0.13275828957557678,0.1374710649251938,0.7297706454992294,0.6106881320476533,0.9873367556754281,5,23,is_words
0.13655632734298706,0.11140012741088867,0.7520435452461243,0.5462253093719482,1.0743479217801777,5,20,is_words
0.14612358808517456,0.13838128745555878,0.7154951244592667,0.6137190699577332,1.0016931742429733,5,21,is_words
0.16570469737052917,0.07872297614812851,0.7555723264813423,0.596536910533905,1.1333584897220135,5,18,is_words
0.10089367628097534,0.1258973628282547,0.77320896089077,0.36321723461151123,1.159813441336155,5,18,is_words
0.07807012647390366,0.13013437390327454,0.7917954996228218,0.28105245530605316,1.1876932494342327,5,18,is_words
0.1372646987438202,0.13055017590522766,0.7321851253509521,0.5216058552265167,1.0701167216667762,5,19,is_words
0.14786384999752045,0.1436316967010498,0.7085044533014297,0.65060093998909,0.9741936232894659,5,22,is_words
0.14248624444007874,0.13245882093906403,0.7250549346208572,0.5984422266483307,1.0150769084692002,5,21,is_words
0.1312067210674286,0.11556105315685272,0.7532322257757187,0.5773095726966858,1.0356943104416132,5,22,is_words
0.128140389919281,0.11732359230518341,0.7545360177755356,0.5638177156448364,1.0374870244413614,5,22,is_words
0.1606222689151764,0.1296299397945404,0.7097477912902832,0.7067379832267762,0.9759032130241394,5,22,is_words
0.17107483744621277,0.1448194831609726,0.6841056793928146,0.7527292847633362,0.9406453091651201,5,22,is_words
0.17823520302772522,0.14719733595848083,0.674567461013794,0.784234893321991,0.9275302588939667,5,22,is_words
0.1764860898256302,0.1467355489730835,0.6767783612012863,0.8118360131978989,0.9156413122135051,5,23,is_words
0.13641133904457092,0.13102254271507263,0.7325661182403564,0.5456453561782837,1.0465230260576521,5,20,is_words
0.1580064743757248,0.13699659705162048,0.7049969285726547,0.726829782128334,0.9538193739512388,5,23,is_words
0.16257193684577942,0.13957123458385468,0.6978568285703659,0.7153165221214295,0.9595531392842531,5,22,is_words
0.1149720847606659,0.13472232222557068,0.7503055930137634,0.4598883390426636,1.071865132876805,5,20,is_words
0.1739385426044464,0.14476382732391357,0.68129763007164,0.8001172959804536,0.9217556171557483,5,23,is_words
0.11164046823978424,0.15361371636390686,0.7347458153963089,0.5135461539030075,0.9940678678891238,5,23,is_words
0.13012856245040894,0.13346269726753235,0.7364087402820587,0.5725656747817993,1.0125620178878307,5,22,is_words
0.12683042883872986,0.1373801976442337,0.7357893735170364,0.5326878011226654,1.030105122923851,5,21,is_words
0.128119096159935,0.1279575377702713,0.7439233660697937,0.51247638463974,1.0627476658139912,5,20,is_words
0.14332163333892822,0.13975971937179565,0.7169186472892761,0.6306151866912842,0.9857631400227547,5,22,is_words
0.14375686645507812,0.1330023556947708,0.7232407778501511,0.6325302124023438,0.9944560695439577,5,22,is_words
0.147538959980011,0.13920219242572784,0.7132588475942612,0.6196636319160462,0.9985623866319656,5,21,is_words
0.13346654176712036,0.12091457843780518,0.7456188797950745,0.5872527837753296,1.0252259597182274,5,22,is_words
0.1362670361995697,0.12718015909194946,0.7365528047084808,0.5178147375583649,1.076500253035472,5,19,is_words
0.155159592628479,0.13006064295768738,0.7147797644138336,0.6516702890396119,1.000691670179367,5,21,is_words
0.17478828132152557,0.15325239300727844,0.671959325671196,0.6641954690217973,0.9820943990579017,5,19,is_words
0.1039692610502243,0.13593100011348724,0.7600997388362885,0.45746474862098696,1.0451371408998966,5,22,is_words
0.18073683977127075,0.12642380595207214,0.6928393542766571,0.7952420949935913,0.9526541121304035,5,22,is_words
0.1397550106048584,0.13378091156482697,0.7264640778303146,0.5590200424194336,1.037805825471878,5,20,is_words
0.13663743436336517,0.12482458353042603,0.7385379821062088,0.6012047111988068,1.015489725396037,5,22,is_words
0.1658046543598175,0.14646100997924805,0.6877343356609344,0.6963795483112336,0.9628280699253082,5,21,is_words
0.10660731792449951,0.13311819732189178,0.7602744847536087,0.40510780811309816,1.1111704007937357,5,19,is_words
0.11245442181825638,0.13250714540481567,0.755038432776928,0.47230857163667683,1.057053805887699,5,21,is_words
0.13760241866111755,0.1297227144241333,0.7326748669147491,0.5504096746444702,1.0466783813067846,5,20,is_words
0.14234961569309235,0.13565760850906372,0.7219927757978439,0.5978683859109879,1.0107898861169815,5,21,is_words
0.14403805136680603,0.13363432884216309,0.7223276197910309,0.6337674260139465,0.9932004772126675,5,22,is_words
0.1520453691482544,0.13035766780376434,0.7175969630479813,0.6385905504226685,1.0046357482671737,5,21,is_words
0.18097467720508575,0.14681456983089447,0.6722107529640198,0.7600936442613602,0.9410950541496277,5,21,is_words
0.14711549878120422,0.11881747096776962,0.7340670302510262,0.6178850948810578,1.0276938423514366,5,21,is_words
0.13552503287792206,0.130044624209404,0.734430342912674,0.596310144662857,1.0098417215049267,5,22,is_words
0.19751620292663574,0.1473022997379303,0.655181497335434,0.790064811706543,0.9359735676220485,5,20,is_words
0.15290716290473938,0.13949958980083466,0.707593247294426,0.5504657864570618,1.061389870941639,5,18,is_words
0.17997658252716064,0.140493705868721,0.6795297116041183,0.7199063301086426,0.9707567308630263,5,20,is_words
0.15402010083198547,0.13226541876792908,0.7137144804000854,0.6468844234943391,0.9992002725601196,5,21,is_words
0.12216155976057053,0.12369965016841888,0.7541387900710106,0.5619431748986244,1.020305421860779,5,23,is_words
0.14437739551067352,0.11999456584453583,0.7356280386447906,0.6063850611448288,1.0298792541027069,5,21,is_words
0.12717889249324799,0.12421120703220367,0.7486099004745483,0.5595871269702911,1.029338613152504,5,22,is_words
0.12724241614341736,0.12336507439613342,0.7493925094604492,0.534418147802353,1.049149513244629,5,21,is_words
0.12393851578235626,0.11836914718151093,0.7576923370361328,0.5205417662858963,1.060769271850586,5,21,is_words
0.13715676963329315,0.12410935014486313,0.7387338802218437,0.5486270785331726,1.055334114602634,5,20,is_words
0.147538959980011,0.13920219242572784,0.7132588475942612,0.6196636319160462,0.9985623866319656,5,21,is_words
0.135004460811615,0.13540229201316833,0.7295932471752167,0.5940196275711059,1.003190714865923,5,22,is_words
0.17343769967556,0.146017387509346,0.680544912815094,0.797813418507576,0.9207372349851273,5,23,is_words
0.13571599125862122,0.12371353060007095,0.7405704781413078,0.6242935597896576,1.001948293955887,5,23,is_words
0.07399788498878479,0.16025349497795105,0.7657486200332642,0.34039027094841007,1.036012838868534,5,23,is_words
0.1327294409275055,0.13412266969680786,0.7331478893756866,0.6105554282665253,0.9919059679788702,5,23,is_words
0.13496626913547516,0.13143613934516907,0.7335975915193558,0.5398650765419006,1.0479965593133655,5,20,is_words
0.1303567886352539,0.13642914593219757,0.7332140654325485,0.49535579681396485,1.0716205571706479,5,19,is_words
0.11944815516471863,0.12917481362819672,0.7513770312070847,0.5016822516918182,1.0519278436899184,5,21,is_words
0.15309906005859375,0.14814499020576477,0.6987559497356415,0.7042556762695312,0.9453756967011621,5,23,is_words
0.13913260400295258,0.12741392850875854,0.7334534674882889,0.6400099784135819,0.9923193971900379,5,23,is_words
0.12507736682891846,0.12865689396858215,0.7462657392024994,0.5003094673156738,1.0660939131464278,5,20,is_words
0.16501396894454956,0.15032260119915009,0.6846634298563004,0.6270530819892883,1.0006619359438236,5,19,is_words
0.13346654176712036,0.12091457843780518,0.7456188797950745,0.5872527837753296,1.0252259597182274,5,22,is_words
0.13547681272029877,0.10969474911689758,0.7548284381628036,0.5690026134252548,1.056759813427925,5,21,is_words
0.15194711089134216,0.14065802097320557,0.7073948681354523,0.6077884435653687,1.0105640973363605,5,20,is_words
0.1722690761089325,0.15503686666488647,0.672694057226181,0.6201686739921569,1.0090410858392715,5,18,is_words
0.1371244341135025,0.13343113660812378,0.7294444292783737,0.5210728496313095,1.0661110889453154,5,19,is_words
0.131180077791214,0.13788150250911713,0.7309384196996689,0.524720311164856,1.0441977424280984,5,20,is_words
0.17211855947971344,0.13288219273090363,0.6949992477893829,0.7228979498147965,0.9729989469051361,5,21,is_words
0.1317107379436493,0.13344848155975342,0.7348407804965973,0.5268429517745972,1.0497725435665677,5,20,is_words
0.13449892401695251,0.1350393444299698,0.7304617315530777,0.5110959112644196,1.0675979153468058,5,19,is_words
0.14890944957733154,0.14452090859413147,0.706569641828537,0.6254196882247925,0.9891974985599518,5,21,is_words
0.13736999034881592,0.1351853907108307,0.7274446189403534,0.5220059633255005,1.0631882892205164,5,19,is_words
0.1181563138961792,0.10145403444766998,0.7803896516561508,0.44899399280548097,1.1405694908820665,5,19,is_words
0.13593631982803345,0.12729303538799286,0.7367706447839737,0.6253070712089539,0.9968073429430233,5,23,is_words
0.09099499136209488,0.12398800998926163,0.7850169986486435,0.3821789637207985,1.0990237981081008,5,21,is_words
0.1494770050048828,0.15488241612911224,0.6956405788660049,0.6278034210205079,0.9738968104124069,5,21,is_words
0.14327207207679749,0.13070541620254517,0.7260225117206573,0.5444338738918305,1.0611098248224993,5,19,is_words
0.13824667036533356,0.13575956225395203,0.7259937673807144,0.6082853496074677,0.9982414301484823,5,22,is_words
0.132829949259758,0.1300409734249115,0.7371290773153305,0.5578857868909836,1.0319807082414627,5,21,is_words
0.12459366023540497,0.1206069141626358,0.7547994256019592,0.5482121050357819,1.037849210202694,5,22,is_words
0.1293381154537201,0.1355137974023819,0.735148087143898,0.5432200849056245,1.0292073220014573,5,21,is_words
0.11889980733394623,0.1228068470954895,0.7582933455705643,0.5231591522693634,1.0426533501595259,5,22,is_words
0.12177801132202148,0.129285991191864,0.7489359974861145,0.5114676475524903,1.0485103964805602,5,21,is_words
0.11980070918798447,0.12952741980552673,0.7506718710064888,0.5271231204271317,1.032173822633922,5,22,is_words
0.17038854956626892,0.13776423037052155,0.6918472200632095,0.6815541982650757,0.9883531715188708,5,20,is_words
0.14193063974380493,0.12736469507217407,0.730704665184021,0.5961086869239808,1.0229865312576294,5,21,is_words
0.14160454273223877,0.13210895657539368,0.7262865006923676,0.5664181709289551,1.0375521438462394,5,20,is_words
0.1502307802438736,0.13016925752162933,0.7195999622344971,0.6610154330730439,0.9894499480724335,5,22,is_words
0.13089123368263245,0.12213484197854996,0.7469739243388176,0.5497431814670563,1.0457634940743445,5,21,is_words
0.14368027448654175,0.1275869905948639,0.7287327349185944,0.6034571528434753,1.020225828886032,5,21,is_words
0.13352841138839722,0.13480684161186218,0.7316647469997406,0.5608193278312683,1.0243306457996368,5,21,is_words
0.13261860609054565,0.12743327021598816,0.7399481236934662,0.5835218667984009,1.017428670078516,5,22,is_words
0.1301800012588501,0.13067474961280823,0.7391452491283417,0.5467560052871704,1.0348033487796784,5,21,is_words
0.11411315947771072,0.14471006393432617,0.7411767765879631,0.4108073741197586,1.1117651648819447,5,18,is_words
0.12712939083576202,0.12693361937999725,0.7459369897842407,0.5339434415102006,1.044311785697937,5,21,is_words
0.1061650812625885,0.13521230220794678,0.7586226165294647,0.4671263575553894,1.043106097728014,5,22,is_words
0.17243355512619019,0.18589851260185242,0.6416679322719574,0.7242209315299988,0.8983351051807403,5,21,is_words
0.3035443127155304,0.15148165822029114,0.5449740290641785,1.1534683883190155,0.7965005040168762,5,19,is_words
0.1442016363143921,0.2013220191001892,0.6544763445854187,0.5191258907318115,0.981714516878128,5,18,is_words
0.18373969197273254,0.21218085289001465,0.6040794551372528,0.6982108294963837,0.8828853575082926,5,19,is_words
0.17556551098823547,0.15648303925991058,0.6679514497518539,0.5969227373600006,1.0322886041619561,5,17,is_words
0.0964459627866745,0.12532927095890045,0.778224766254425,0.4629406213760376,1.0376330216725667,5,24,is_words
0.12035796791315079,0.11888667941093445,0.7607553526759148,0.45736027806997304,1.111873207757106,5,19,is_words
0.13564762473106384,0.11078161746263504,0.7535707578063011,0.4883314490318298,1.1303561367094517,5,18,is_words
0.12831979990005493,0.12168629467487335,0.7499939054250717,0.5132791996002197,1.0714198648929596,5,20,is_words
0.14300358295440674,0.1368754655122757,0.7201209515333176,0.572014331817627,1.028744216476168,5,20,is_words
0.14155972003936768,0.16062548756599426,0.6978147923946381,0.5945508241653442,0.9769407093524932,5,21,is_words
0.1069263219833374,0.13568265736103058,0.757391020655632,0.4704758167266846,1.041412653401494,5,22,is_words
0.12162506580352783,0.13118276000022888,0.7471921741962433,0.48650026321411133,1.0674173917089191,5,20,is_words
0.17418941855430603,0.12466447055339813,0.7011461108922958,0.7315955579280854,0.9816045552492142,5,21,is_words
0.15000344812870026,0.11161107569932938,0.7383854761719704,0.570013102889061,1.079178772866726,5,19,is_words
0.11656127870082855,0.1553196907043457,0.7281190305948257,0.5128696262836456,1.0011636670678854,5,22,is_words
0.15997031331062317,0.140757754445076,0.6992719322443008,0.6398812532424927,0.9989599032061441,5,20,is_words
0.21050627529621124,0.14931069314479828,0.6401830315589905,0.842025101184845,0.914547187941415,5,20,is_words
0.1673031598329544,0.11612067371606827,0.7165761664509773,0.7361339032649994,0.9852922288700938,5,22,is_words
0.18934142589569092,0.12470243871212006,0.685956135392189,0.7573657035827637,0.9799373362745558,5,20,is_words
0.20282679796218872,0.1719294637441635,0.6252437382936478,0.7707418322563172,0.9138177713522544,5,19,is_words
0.15919749438762665,0.14239689707756042,0.6984056085348129,0.6367899775505066,0.9977222979068757,5,20,is_words
0.15395230054855347,0.1560150384902954,0.6900326609611511,0.5542282819747925,1.0350489914417267,5,18,is_words
0.1746152937412262,0.14288529753684998,0.6824994087219238,0.6984611749649048,0.9749991553170341,5,20,is_words
0.1823691427707672,0.18038368225097656,0.6372471749782562,0.7294765710830688,0.9103531071117946,5,20,is_words
0.14409244060516357,0.18237964808940887,0.6735279113054276,0.5763697624206543,0.9621827304363252,5,20,is_words
0.1629199981689453,0.18166223168373108,0.6554177701473236,0.5865119934082031,0.9831266552209854,5,18,is_words
0.20135138928890228,0.1831861436367035,0.6154624670743942,0.7248650014400482,0.9231937006115913,5,18,is_words
0.09493225812911987,0.18324171006679535,0.7218260318040848,0.4177019357681275,0.9925107937306166,5,22,is_words
0.15148505568504333,0.15087449550628662,0.69764044880867,0.6968312561511993,0.9438664895646713,5,23,is_words
0.16086384654045105,0.23202168941497803,0.6071144640445709,0.6756281554698944,0.8499602496623992,5,21,is_words
0.18232005834579468,0.19881750643253326,0.6188624352216721,0.6198881983757019,0.9564237635244022,5,17,is_words
0.12688776850700378,0.17457889020442963,0.6985333412885666,0.5075510740280151,0.9979047732693809,5,20,is_words
0.1637876331806183,0.23020434379577637,0.6060080230236053,0.5896354794502258,0.909012034535408,5,18,is_words
0.13497698307037354,0.18521805107593536,0.6798049658536911,0.5399079322814941,0.9711499512195588,5,20,is_words
0.17778243124485016,0.18949100375175476,0.6327265650033951,0.6755732387304306,0.9247542103895774,5,19,is_words
0.1567850112915039,0.19407588243484497,0.6491391062736511,0.564426040649414,0.9737086594104767,5,18,is_words
0.17751505970954895,0.19962239265441895,0.6228625476360321,0.674557226896286,0.910337569621893,5,19,is_words
0.24117085337638855,0.2311301827430725,0.5276989638805389,1.0611517548561096,0.725586075335741,5,22,is_words
0.15470319986343384,0.13335534930229187,0.7119414508342743,0.6497534394264222,0.996718031167984,5,21,is_words
0.20082062482833862,0.17136037349700928,0.6278190016746521,0.7631183743476868,0.9175816178321838,5,19,is_words
0.17530296742916107,0.1387496292591095,0.6859474033117294,0.7362724632024765,0.9603263646364212,5,21,is_words
0.1434224247932434,0.1559874713420868,0.7005901038646698,0.5163207292556763,1.0508851557970047,5,18,is_words
0.20337794721126556,0.12977875769138336,0.6668432950973511,0.732160609960556,1.0002649426460266,5,18,is_words
0.18322473764419556,0.1401757299900055,0.676599532365799,0.6229641079902649,1.0456538227471437,5,17,is_words
0.199779212474823,0.15836064517498016,0.6418601423501968,0.7192051649093628,0.9627902135252953,5,18,is_words
0.20931747555732727,0.14049138128757477,0.650191143155098,0.6698159217834473,1.0403058290481568,5,16,is_words
0.16375645995140076,0.14473441243171692,0.6915091276168823,0.6222745478153229,1.0106671865169818,5,19,is_words
0.15189683437347412,0.13561834394931793,0.712484821677208,0.5468286037445068,1.068727232515812,5,18,is_words
0.2082550823688507,0.17562848329544067,0.6161164343357086,0.6664162635803222,0.9857862949371338,5,16,is_words
0.16189494729042053,0.21638129651546478,0.6217237561941147,0.7123377680778503,0.8548701647669077,5,22,is_words
0.19737602770328522,0.21466484665870667,0.5879591256380081,0.907929727435112,0.7954741111573052,5,23,is_words
0.1730761080980301,0.14421646296977997,0.6827074289321899,0.7269196540117264,0.9557904005050659,5,21,is_words
0.1714460849761963,0.14093691110610962,0.6876170039176941,0.7543627738952637,0.9454733803868294,5,22,is_words
0.14770226180553436,0.2195175141096115,0.6327802240848541,0.6794304043054581,0.856114420820685,5,23,is_words
0.17795845866203308,0.17832133173942566,0.6437202095985413,0.7118338346481323,0.9196002994264876,5,20,is_words
0.19409789144992828,0.15963539481163025,0.6462667137384415,0.7763915657997131,0.9232381624834879,5,20,is_words
0.16980868577957153,0.22315797209739685,0.6070333421230316,0.7471582174301148,0.8346708454191685,5,22,is_words
0.11655289679765701,0.21233564615249634,0.6711114570498466,0.48952216655015945,0.9395560398697853,5,21,is_words
0.14089375734329224,0.2644946277141571,0.5946116149425507,0.6199325323104858,0.8175909705460072,5,22,is_words
0.16480526328086853,0.13817241787910461,0.6970223188400269,0.6262600004673005,1.0187249275354238,5,19,is_words
0.19242197275161743,0.1948695182800293,0.6127085089683533,0.9236254692077637,0.8169446786244711,5,24,is_words
0.1757020354270935,0.13813376426696777,0.6861642003059387,0.7730889558792114,0.9434757754206657,5,22,is_words
0.16990382969379425,0.1332940012216568,0.696802169084549,0.7815576165914536,0.9427323464085074,5,23,is_words
0.22549548745155334,0.16444508731365204,0.6100594252347946,0.8568828523159028,0.8916253138046998,5,19,is_words
0.16894842684268951,0.15706391632556915,0.6739876568317413,0.7771627634763718,0.9118656533605912,5,23,is_words
0.16014167666435242,0.17768321931362152,0.6621751040220261,0.6725950419902802,0.9270451456308365,5,21,is_words
0.18965336680412292,0.20898020267486572,0.6013664305210114,0.6448214471340179,0.929384483532472,5,17,is_words
0.19454550743103027,0.1369892656803131,0.6684652268886566,0.7392729282379151,0.9769876392988058,5,19,is_words
0.21562132239341736,0.1776372641324997,0.606741413474083,0.7762367606163024,0.9101121202111244,5,18,is_words
0.21735870838165283,0.18132226169109344,0.6013190299272537,0.8694348335266113,0.8590271856103625,5,20,is_words
0.16118130087852478,0.14475935697555542,0.6940593421459198,0.5802526831626892,1.0410890132188797,5,18,is_words
0.1867487132549286,0.21072514355182648,0.6025261431932449,0.6722953677177429,0.9037892147898674,5,18,is_words
0.14993415772914886,0.15719367563724518,0.692872166633606,0.659710294008255,0.9526992291212082,5,22,is_words
0.2360026240348816,0.13882865011692047,0.6251687258481979,0.8024089217185973,0.9661698490381241,5,17,is_words
0.14841216802597046,0.14296074211597443,0.7086270898580551,0.623331105709076,0.9920779258012772,5,21,is_words
0.2601854205131531,0.11932521313428879,0.6204893663525581,1.092778766155243,0.8686851128935814,5,21,is_words
0.17506161332130432,0.13319312036037445,0.6917452663183212,0.770271098613739,0.9511497411876917,5,22,is_words
0.23348256945610046,0.14936712384223938,0.6171503067016602,0.980626791715622,0.8640104293823242,5,21,is_words
0.2773714065551758,0.15046602487564087,0.5721625685691833,1.1094856262207031,0.8173750979559763,5,20,is_words
0.23154999315738678,0.1735750436782837,0.5948749631643295,0.8335799753665923,0.8923124447464943,5,18,is_words
0.18155916035175323,0.13035424053668976,0.688086599111557,0.7262366414070129,0.9829808558736529,5,20,is_words
0.18507318198680878,0.14547385275363922,0.669452965259552,0.7032780915498734,0.9784312569178067,5,19,is_words
0.28901004791259766,0.18807841837406158,0.5229115337133408,1.2138422012329102,0.7320761471986771,5,21,is_words
0.20344248414039612,0.14623621106147766,0.6503213047981262,0.8137699365615845,0.9290304354258947,5,20,is_words
0.19075897336006165,0.13361427187919617,0.6756267547607422,0.8011876881122589,0.9458774566650391,5,21,is_words
0.21506883203983307,0.17674848437309265,0.6081826835870743,1.0323303937911987,0.8109102447827657,5,24,is_words
0.18493708968162537,0.1651575267314911,0.6499053835868835,0.8507106125354768,0.8792837542646073,5,23,is_words
0.14314480125904083,0.19784338772296906,0.6590118110179901,0.6012081652879715,0.9226165354251862,5,21,is_words
0.1769864857196808,0.15573683381080627,0.6672766804695129,0.7433432400226594,0.9341873526573181,5,21,is_words
0.1544085144996643,0.13453516364097595,0.7110563218593597,0.5867523550987244,1.0392361627175257,5,19,is_words
0.21331840753555298,0.18132738769054413,0.6053542047739029,0.7679462671279906,0.9080313071608543,5,18,is_words
0.20678840577602386,0.1656726747751236,0.6275389194488525,0.7444382607936859,0.9413083791732788,5,18,is_words
0.15865972638130188,0.17199620604515076,0.6693440675735474,0.6346389055252075,0.9562058108193534,5,20,is_words
0.18267640471458435,0.14568592607975006,0.6716376692056656,0.7672408998012543,0.9402927368879318,5,21,is_words
0.20035666227340698,0.1997343897819519,0.5999089479446411,0.8014266490936279,0.8570127827780588,5,20,is_words
0.1919862926006317,0.17741519212722778,0.6305985152721405,0.7295479118824005,0.9216439838592823,5,19,is_words
0.20528139173984528,0.17327913641929626,0.6214394718408585,0.7800692886114121,0.9082576896135623,5,19,is_words
0.13748738169670105,0.19716283679008484,0.6653497815132141,0.4674570977687836,1.0282678441567854,5,17,is_words
0.19373443722724915,0.1998874843120575,0.6063780784606934,0.7749377489089966,0.8662543978009906,5,20,is_words
0.16793298721313477,0.17415772378444672,0.6579092890024185,0.6381453514099121,0.9615597300804578,5,19,is_words
0.21093647181987762,0.13731911778450012,0.6517444103956223,0.7171840041875839,1.0072413615205071,5,17,is_words
0.18651822209358215,0.15213270485401154,0.6613490730524063,0.5968583106994629,1.05815851688385,5,16,is_words
0.15623831748962402,0.14100536704063416,0.7027563154697418,0.49996261596679686,1.1244101047515869,5,16,is_words
0.1912735402584076,0.12895113229751587,0.6797753274440765,0.6503300368785858,1.0505618696863,5,17,is_words
0.1730499565601349,0.15896286070346832,0.6679871827363968,0.5883698523044586,1.0323438278653405,5,17,is_words
0.20739184319972992,0.14110179245471954,0.6515063643455505,0.7051322668790817,1.0068734721703962,5,17,is_words
0.1441914439201355,0.17615960538387299,0.6796489506959915,0.5479274868965149,0.9933330817864491,5,19,is_words
0.1713659167289734,0.14845798909664154,0.6801760941743851,0.5826441168785095,1.0511812364513222,5,17,is_words
0.15642645955085754,0.1917296200990677,0.6518439203500748,0.5005646705627441,1.0429502725601196,5,16,is_words
0.17338068783283234,0.1832214593887329,0.6433978527784348,0.6241704761981964,0.9650967791676521,5,18,is_words
0.18064460158348083,0.1570814549922943,0.6622739434242249,0.650320565700531,0.9934109151363373,5,18,is_words
0.22883252799510956,0.20309409499168396,0.5680733770132065,0.8237971007823943,0.8521100655198097,5,18,is_words
0.1364573836326599,0.16460472345352173,0.6989378929138184,0.4639551043510437,1.0801767435940828,5,17,is_words
0.14779627323150635,0.16578635573387146,0.6864173710346222,0.5025073289871216,1.0608268461444161,5,17,is_words
0.22281232476234436,0.1968296766281128,0.5803579986095428,0.7129994392395019,0.9285727977752686,5,16,is_words
0.1782187819480896,0.18470162153244019,0.6370795965194702,0.6772313714027405,0.9311163333746103,5,19,is_words
0.22898799180984497,0.190723717212677,0.580288290977478,0.7327615737915039,0.9284612655639648,5,16,is_words
0.16426590085029602,0.15154853463172913,0.6841855645179749,0.5585040628910064,1.0573776906186882,5,17,is_words
0.1526871621608734,0.18943849205970764,0.657874345779419,0.5191363513469696,1.0167148980227383,5,17,is_words
0.1847693920135498,0.18001270294189453,0.6352179050445557,0.6282159328460694,0.9817003987052223,5,17,is_words
0.24526529014110565,0.19874024391174316,0.5559944659471512,0.8339019864797592,0.8592641746455972,5,17,is_words
0.15053458511829376,0.156899094581604,0.6925663203001022,0.6322452574968338,0.9695928484201431,5,21,is_words
0.1624646782875061,0.15629063546657562,0.6812446862459183,0.6173657774925232,0.9956653106671113,5,19,is_words
0.15768882632255554,0.1602710485458374,0.6820401251316071,0.6307553052902222,0.9743430359022959,5,20,is_words
0.19016210734844208,0.1615576148033142,0.6482802778482437,0.7986808508634567,0.9075923889875411,5,21,is_words
0.13855886459350586,0.1931585967540741,0.66828253865242,0.5542354583740234,0.9546893409320287,5,20,is_words
0.16803714632987976,0.15303203463554382,0.6789308190345764,0.672148585319519,0.9699011700493949,5,20,is_words
0.15247640013694763,0.14833422005176544,0.6991893798112869,0.6099056005477905,0.9988419711589814,5,20,is_words
0.12725621461868286,0.20555393397808075,0.6671898514032364,0.534476101398468,0.9340657919645309,5,21,is_words
0.1641055941581726,0.18848970532417297,0.6474047005176544,0.6564223766326904,0.9248638578823635,5,20,is_words
0.1504029631614685,0.15692906081676483,0.6926679760217667,0.6617730379104615,0.9524184670299292,5,22,is_words
0.1880001723766327,0.16653236746788025,0.6454674601554871,0.7896007239818573,0.9036544442176818,5,21,is_words
0.1822206676006317,0.19456587731838226,0.623213455080986,0.7288826704025269,0.89030493582998,5,20,is_words
0.2959182560443878,0.21251294016838074,0.49156880378723145,1.242856675386429,0.688196325302124,5,21,is_words
0.1442616879940033,0.13513565063476562,0.7206026613712311,0.4904897391796112,1.1136586584828116,5,17,is_words
0.14255918562412262,0.13141466677188873,0.7260261476039886,0.5132130682468414,1.089039221405983,5,18,is_words
0.18352772295475006,0.1387115865945816,0.6777606904506683,0.6974053472280503,0.9905733168125153,5,19,is_words
0.09510959684848785,0.12714089453220367,0.7777495086193085,0.36141646802425387,1.1367108202897585,5,19,is_words
0.07146351784467697,0.11019927263259888,0.8183372095227242,0.3001467749476433,1.1456720933318139,5,21,is_words
0.07829847186803818,0.1185498908162117,0.8031516373157501,0.26621480435132977,1.2412343485788866,5,17,is_words
0.09397367388010025,0.1440615952014923,0.7619647309184074,0.357099960744381,1.113640760573057,5,19,is_words
0.12558934092521667,0.14634621143341064,0.7280644476413727,0.5023573637008667,1.040092068059104,5,20,is_words
0.11096115410327911,0.15125076472759247,0.7377880811691284,0.3994601547718048,1.1066821217536926,5,18,is_words
0.07503581047058105,0.13431179523468018,0.7906523942947388,0.2551217555999756,1.2219173366373235,5,17,is_words
0.22762930393218994,0.12061084061861038,0.6517598554491997,0.7739396333694458,1.007265231148763,5,17,is_words
0.14614740014076233,0.1947999745607376,0.6590526252985001,0.4969011604785919,1.0185358754613183,5,17,is_words
0.16725505888462067,0.19056794047355652,0.6421770006418228,0.5686672002077102,0.9924553646282716,5,17,is_words
0.18919268250465393,0.1387266218662262,0.6720806956291199,0.718932193517685,0.9822717859194828,5,19,is_words
0.12032240629196167,0.21412646770477295,0.6655511260032654,0.433160662651062,0.9983266890048981,5,18,is_words
0.2143419086933136,0.18755164742469788,0.5981064438819885,0.8144992530345917,0.8741555718275217,5,19,is_words
0.12957531213760376,0.15620119869709015,0.7142234891653061,0.4664711236953735,1.0713352337479591,5,18,is_words
0.22789542376995087,0.1439025104045868,0.6282020658254623,0.8204235255718231,0.9423030987381935,5,18,is_words
0.2454683780670166,0.2123059183359146,0.5422257035970688,1.0309671878814697,0.7591159850358963,5,21,is_words
0.33443692326545715,0.24948738515377045,0.4160756915807724,1.2039729237556458,0.6241135373711586,5,18,is_words
0.27637413144111633,0.26674529910087585,0.4568805694580078,1.050221699476242,0.6677485245924729,5,19,is_words
0.26853471994400024,0.21558398008346558,0.5158812999725342,1.020431935787201,0.7539803614983192,5,19,is_words
0.24156181514263153,0.1934281885623932,0.5650099962949753,1.1111843496561051,0.7644252891049667,5,23,is_words
0.2782523036003113,0.20692339539527893,0.5148243010044098,1.1686596751213074,0.7207540214061737,5,21,is_words
0.3234380781650543,0.22948886454105377,0.4470730572938919,1.1643770813941956,0.6706095859408379,5,18,is_words
0.3125251531600952,0.22617948055267334,0.46129536628723145,1.500120735168457,0.6150604883829752,5,24,is_words
0.276141881942749,0.20481237769126892,0.5190457403659821,1.2150242805480957,0.7136878930032253,5,22,is_words
0.1587623655796051,0.1841922402381897,0.6570453941822052,0.6032969892024994,0.9602971145739921,5,19,is_words
0.13080951571464539,0.17944033443927765,0.689750149846077,0.5493999660015106,0.9656502097845078,5,21,is_words
0.20962856709957123,0.1727275848388672,0.6176438480615616,0.8804399818181992,0.8647013872861862,5,21,is_words
0.12685254216194153,0.14167585968971252,0.731471598148346,0.4566691517829895,1.097207397222519,5,18,is_words
0.13125240802764893,0.18190014362335205,0.686847448348999,0.5775105953216553,0.9444152414798737,5,22,is_words
0.22387909889221191,0.1853920817375183,0.5907288193702698,0.7164131164550781,0.9451661109924316,5,16,is_words
0.16822625696659088,0.15360963344573975,0.6781641095876694,0.8074860334396362,0.9042188127835592,5,24,is_words
0.1850699633359909,0.17648066580295563,0.6384493708610535,0.7402798533439636,0.912070529801505,5,20,is_words
0.1469203233718872,0.16707205772399902,0.6860076189041138,0.6464494228363037,0.9432604759931564,5,22,is_words
0.2270764708518982,0.1438562273979187,0.6290673017501831,0.9537211775779725,0.8806942224502563,5,21,is_words
0.21841733157634735,0.16336002945899963,0.618222638964653,0.742618927359581,0.9554349874908273,5,17,is_words
0.19067655503749847,0.16603821516036987,0.6432852298021317,0.8008415311574937,0.9005993217229843,5,21,is_words
0.19743379950523376,0.15980684757232666,0.6427593529224396,0.7107616782188415,0.9641390293836594,5,18,is_words
0.24027958512306213,0.18302564322948456,0.5766947716474533,1.009174257516861,0.8073726803064346,5,21,is_words
0.1557997167110443,0.15729758143424988,0.6869027018547058,0.5608789801597595,1.0303540527820587,5,18,is_words
0.18278218805789948,0.14281947910785675,0.6743983328342438,0.694572314620018,0.985659101834664,5,19,is_words
0.18539777398109436,0.17646008729934692,0.6381421387195587,0.6303524315357208,0.9862196689302271,5,17,is_words
0.20441555976867676,0.1860813945531845,0.6095030456781387,0.7767791271209717,0.8908121436834335,5,19,is_words
0.14418897032737732,0.1703074425458908,0.6855035871267319,0.5190802931785583,1.0282553806900978,5,18,is_words
0.13578006625175476,0.15511906147003174,0.7091008722782135,0.57027627825737,0.9927412211894989,5,21,is_words
0.17118850350379944,0.20652467012405396,0.6222868263721466,0.6847540140151978,0.8889811805316381,5,20,is_words
0.13299891352653503,0.18758569657802582,0.6794153898954391,0.5053958714008332,0.9929917236933341,5,19,is_words
0.18899570405483246,0.17441222071647644,0.6365920752286911,0.6425853937864303,0.9838241162625225,5,17,is_words
0.24436286091804504,0.13815025985240936,0.6174868792295456,0.9774514436721802,0.8821241131850652,5,20,is_words
0.32608360052108765,0.15405918657779694,0.5198572129011154,1.0434675216674805,0.8317715406417847,5,16,is_words
0.24208374321460724,0.15994322299957275,0.59797303378582,0.968334972858429,0.8542471911226001,5,20,is_words
0.22457283735275269,0.15082380175590515,0.6246033608913422,0.9881204843521119,0.8588296212255955,5,22,is_words
0.26979535818099976,0.2012273073196411,0.5289773344993591,1.025222361087799,0.7731207196529095,5,19,is_words
0.2899390459060669,0.22137367725372314,0.48868727684020996,1.0437805652618408,0.7330309152603149,5,18,is_words
0.2207815796136856,0.14725303649902344,0.631965383887291,0.9714389503002167,0.8689524028450251,5,22,is_words
0.22088545560836792,0.14527900516986847,0.6338355392217636,0.9277189135551454,0.887369754910469,5,21,is_words
0.25960826873779297,0.23433923721313477,0.5060524940490723,0.8307464599609375,0.8096839904785156,5,16,is_words
0.28233641386032104,0.17801837623119354,0.5396452099084854,1.0164110898971557,0.8094678148627281,5,18,is_words
0.29931676387786865,0.14734606444835663,0.5533371716737747,1.137403702735901,0.8087235586001322,5,19,is_words
0.2554088830947876,0.1627850979566574,0.581806018948555,0.9194719791412354,0.8727090284228325,5,18,is_words
0.24400433897972107,0.21980132162570953,0.5361943393945694,0.9272164881229401,0.7836686498843707,5,19,is_words
0.3640335202217102,0.18487311899662018,0.4510933607816696,1.3105206727981566,0.6766400411725044,5,18,is_words
0.19537395238876343,0.2183847576379776,0.586241289973259,0.6642714381217957,0.9060092663223093,5,17,is_words
0.25871843099594116,0.14570602774620056,0.5955755412578583,1.0348737239837646,0.8508222017969405,5,20,is_words
0.2220941185951233,0.14500682055950165,0.6328990608453751,0.9772141218185425,0.8702362086623907,5,22,is_words
0.18548119068145752,0.24788197875022888,0.5666368305683136,0.667732286453247,0.8499552458524704,5,18,is_words
0.23000949621200562,0.16983047127723694,0.6001600325107574,0.7820322871208191,0.9275200502438978,5,17,is_words
0.17183804512023926,0.15593074262142181,0.6722312122583389,0.5842493534088135,1.0389027825810693,5,17,is_words
0.18744304776191711,0.14899694919586182,0.6635600030422211,0.5998177528381348,1.0616960048675537,5,16,is_words
0.16593468189239502,0.15345971286296844,0.6806056052446365,0.564177918434143,1.0518450262871655,5,17,is_words
0.1748346984386444,0.1368086189031601,0.6883566826581955,0.5594710350036621,1.1013706922531128,5,16,is_words
0.17208752036094666,0.1761854887008667,0.6517269909381866,0.5850975692272186,1.0072144405408339,5,17,is_words
0.22264878451824188,0.22793109714984894,0.5494201183319092,0.712476110458374,0.8790721893310547,5,16,is_words
0.26485002040863037,0.2074061930179596,0.52774378657341,0.8475200653076171,0.8443900585174561,5,16,is_words
0.20438945293426514,0.21149569749832153,0.5841148495674133,0.7358020305633545,0.87617227435112,5,18,is_words
0.1893855631351471,0.1507045030593872,0.6599099338054657,0.6439109146595001,1.019860806790265,5,17,is_words
0.22366425395011902,0.16205506026744843,0.6142806857824326,0.7604584634304047,0.9493428780273957,5,17,is_words
0.20310500264167786,0.1425594538450241,0.654335543513298,0.7311780095100403,0.981503315269947,5,18,is_words
0.25049254298210144,0.22623313963413239,0.5232743173837662,0.8516746461391449,0.8086966723203659,5,17,is_words
0.1840757578611374,0.1577765941619873,0.6581476479768753,0.6626727283000946,0.987221471965313,5,18,is_words
0.21363219618797302,0.17272305488586426,0.6136447489261627,0.6836230278015136,0.9818315982818604,5,16,is_words
0.20645952224731445,0.21426057815551758,0.579279899597168,0.7019623756408692,0.8952507539228959,5,17,is_words
0.2077513486146927,0.20639562606811523,0.5858530253171921,0.7894551247358322,0.8562467293097422,5,19,is_words
0.3056834936141968,0.1811710149049759,0.5131454914808273,1.039323878288269,0.7930430322885513,5,17,is_words
0.2610224485397339,0.18680116534233093,0.5521763861179352,0.939680814743042,0.8282645791769028,5,18,is_words
0.17675340175628662,0.17681241035461426,0.6464341878890991,0.6009615659713745,0.9990346540104259,5,17,is_words
0.19871801137924194,0.1541660726070404,0.6471159160137177,0.6756412386894226,1.0000882338393817,5,17,is_words
0.17274421453475952,0.19097620248794556,0.6362795829772949,0.5873303294181823,0.983341173692183,5,17,is_words
0.21117474138736725,0.15522867441177368,0.6335965842008591,0.760229068994522,0.9503948763012886,5,18,is_words
0.19960391521453857,0.1417006552219391,0.6586954295635223,0.558890962600708,1.152717001736164,5,14,is_words
0.2654939591884613,0.17904052138328552,0.5554655194282532,0.6371855020523071,1.1109310388565063,5,12,is_words
0.21925760805606842,0.12738622725009918,0.6533561646938324,0.6139213025569915,1.1433732882142067,5,14,is_words
0.21171614527702332,0.176233172416687,0.6120506823062897,0.508118748664856,1.2241013646125793,5,12,is_words
0.172391876578331,0.18420451879501343,0.6434036046266556,0.44821887910366054,1.1948924085923605,5,13,is_words
0.16474224627017975,0.1961965262889862,0.639061227440834,0.3953813910484314,1.278122454881668,5,12,is_words
0.1343902200460434,0.20347538590431213,0.6621343940496445,0.34941457211971283,1.2296781603779112,5,13,is_words
0.22613540291786194,0.19882020354270935,0.5750443935394287,0.5427249670028687,1.1500887870788574,5,12,is_words
0.21171614527702332,0.176233172416687,0.6120506823062897,0.508118748664856,1.2241013646125793,5,12,is_words
0.21114888787269592,0.1364964246749878,0.6523546874523163,0.7601359963417053,0.9785320311784744,5,18,is_words
0.15473031997680664,0.13011085987091064,0.7151588201522827,0.5879752159118653,1.0452321217610285,5,19,is_words
0.20690126717090607,0.15330035984516144,0.6397983729839325,0.7448445618152618,0.9596975594758987,5,18,is_words
0.19558566808700562,0.168761745095253,0.6356525868177414,0.5476398706436157,1.1123920269310474,5,14,is_words
0.20928537845611572,0.15546096861362457,0.6352536529302597,0.6278561353683472,1.0587560882170997,5,15,is_words
0.17724397778511047,0.12328134477138519,0.6994746774435043,0.6380783200263976,1.0492120161652565,5,18,is_words
0.22840192914009094,0.1321704387664795,0.6394276320934296,0.5938450157642364,1.1875084596020835,5,13,is_words
0.22522932291030884,0.1346479058265686,0.6401227712631226,0.585596239566803,1.188799432345799,5,13,is_words
0.17880363762378693,0.15307262539863586,0.6681237369775772,0.5721716403961181,1.0689979791641235,5,16,is_words
0.22902946174144745,0.1646599918603897,0.6063105463981628,0.5954766005277633,1.1260053004537312,5,13,is_words
0.28001853823661804,0.20925305783748627,0.5107284039258957,0.6720444917678833,1.0214568078517914,5,12,is_words
0.2580319046974182,0.16310924291610718,0.5788588523864746,0.6708829522132873,1.075023583003453,5,13,is_words
0.2516465187072754,0.18325252830982208,0.5651009529829025,0.7046102523803711,0.9889266677200794,5,14,is_words
0.20030441880226135,0.19284318387508392,0.6068523973226547,0.4807306051254272,1.2137047946453094,5,12,is_words
0.15523788332939148,0.155172660946846,0.6895894557237625,0.4036184966564178,1.280666132058416,5,13,is_words
0.21980677545070648,0.14721405506134033,0.6329791694879532,0.5714976161718368,1.1755327433347702,5,13,is_words
0.2004035860300064,0.19028335809707642,0.6093130558729172,0.561130040884018,1.066297847777605,5,14,is_words
0.2486872673034668,0.18352177739143372,0.5677909553050995,0.6465868949890137,1.0544689169951849,5,13,is_words
0.20091648399829865,0.11509297043085098,0.6839905455708504,0.6429327487945556,1.0943848729133605,5,16,is_words
0.18904271721839905,0.12641572952270508,0.6845415532588959,0.5293196082115174,1.1979477182030678,5,14,is_words
0.1819528043270111,0.12906278669834137,0.6889844089746475,0.43668673038482664,1.377968817949295,5,12,is_words
0.18083176016807556,0.22133412957191467,0.5978341102600098,0.47016257643699644,1.1102633476257324,5,13,is_words
0.280301570892334,0.22059457004070282,0.4991038590669632,0.6727237701416016,0.9982077181339264,5,12,is_words
0.14338171482086182,0.16622796654701233,0.6903903186321259,0.43014514446258545,1.150650531053543,5,15,is_words
0.24972829222679138,0.20604191720485687,0.5442297905683517,0.5993479013442993,1.0884595811367035,5,12,is_words
0.26752781867980957,0.15037471055984497,0.5820974707603455,0.7490778923034668,1.0186705738306046,5,14,is_words
0.22092583775520325,0.1332860291004181,0.6457881331443787,0.5744071781635284,1.1993208186967033,5,13,is_words
0.2853017747402191,0.16227152943611145,0.5524266958236694,0.7417846143245697,1.0259352922439575,5,13,is_words
0.20437702536582947,0.12727171182632446,0.6683512628078461,0.5722556710243225,1.1696147099137306,5,14,is_words
0.25297099351882935,0.17833544313907623,0.5686935633420944,0.6577245831489562,1.0561451890638898,5,13,is_words
0.21682867407798767,0.1641591340303421,0.6190121918916702,0.563754552602768,1.149594070655959,5,13,is_words
0.1878337413072586,0.215772807598114,0.5963934510946274,0.4508009791374206,1.1927869021892548,5,12,is_words
0.2241557240486145,0.1715635508298874,0.6042807251214981,0.5828048825263977,1.1222356323684965,5,13,is_words
0.2855511009693146,0.16790953278541565,0.5465393662452698,0.7424328625202179,1.0150016801697868,5,13,is_words
0.18505460023880005,0.13102395832538605,0.6839214414358139,0.5181528806686401,1.1968625225126743,5,14,is_words
0.18393734097480774,0.19777560234069824,0.618287056684494,0.4782370865345001,1.148247390985489,5,13,is_words
0.17379721999168396,0.12558779120445251,0.7006149888038635,0.4518727719783783,1.301142122064318,5,13,is_words
0.19827283918857574,0.14553463459014893,0.6561925262212753,0.5155093818902969,1.2186432629823685,5,13,is_words
0.28948676586151123,0.19505846500396729,0.5154547691345215,0.7526655912399292,0.9572731426783971,5,13,is_words
0.1980610489845276,0.22255085408687592,0.5793880969285965,0.5149587273597717,1.0760064657245365,5,13,is_words
0.157348170876503,0.18041640520095825,0.6622354239225388,0.37763561010360713,1.3244708478450775,5,12,is_words
0.20835041999816895,0.12785905599594116,0.6637905240058899,0.5417110919952393,1.2327538302966528,5,13,is_words
0.20447441935539246,0.13946184515953064,0.6560637354850769,0.5316334903240204,1.2184040801865714,5,13,is_words
0.24669811129570007,0.16669084131717682,0.5866110473871231,0.6414150893688202,1.0894205165760857,5,13,is_words
0.20812121033668518,0.13481011986732483,0.65706866979599,0.5827393889427185,1.1498701721429825,5,14,is_words
0.21861231327056885,0.13514138758182526,0.6462462991476059,0.568392014503479,1.2001716984169823,5,13,is_words
0.26735302805900574,0.14671748876571655,0.5859294831752777,0.6951178729534149,1.088154754468373,5,13,is_words
0.2129085510969162,0.14663925766944885,0.640452191233635,0.5535622328519821,1.1894112122910363,5,13,is_words
0.23431338369846344,0.13295380771160126,0.6327328085899353,0.6092147976160049,1.1750752159527371,5,13,is_words
0.2048354148864746,0.16844263672828674,0.6267219483852386,0.5325720787048339,1.1639121898583005,5,13,is_words
0.20526883006095886,0.2422511875629425,0.5524799823760986,0.49264519214630126,1.1049599647521973,5,12,is_words
0.2533816397190094,0.21620099246501923,0.5304173678159714,0.6081159353256226,1.0608347356319427,5,12,is_words
0.2181723266839981,0.19189541041851044,0.5899322628974915,0.5236135840415954,1.179864525794983,5,12,is_words
0.1922304779291153,0.2612733542919159,0.5464961677789688,0.4613531470298767,1.0929923355579376,5,12,is_words
0.20349478721618652,0.21466781198978424,0.5818374007940292,0.4883874893188476,1.1636748015880585,5,12,is_words
0.1857367902994156,0.13039161264896393,0.6838715970516205,0.5572103708982468,1.1397859950860343,5,15,is_words
0.19901369512081146,0.2246324121952057,0.5763538926839828,0.4776328682899475,1.1527077853679657,5,12,is_words
0.22981154918670654,0.12371955811977386,0.6464688926935196,0.597510027885437,1.200585086430822,5,13,is_words
0.21607187390327454,0.14195528626441956,0.6419728398323059,0.5617868721485137,1.1922352739742825,5,13,is_words
0.2196204960346222,0.15406422317028046,0.6263152807950974,0.5710132896900176,1.163156950048038,5,13,is_words
0.1752590835094452,0.22150948643684387,0.6032314300537109,0.42062180042266845,1.2064628601074219,5,12,is_words
0.161659836769104,0.1958118975162506,0.6425282657146454,0.42031557559967037,1.1932667791843414,5,13,is_words
0.2081204354763031,0.16347075998783112,0.6284088045358658,0.5827372193336486,1.0997154079377651,5,14,is_words
0.27039971947669983,0.17727643251419067,0.5523238480091095,0.6489593267440795,1.104647696018219,5,12,is_words
0.1759968101978302,0.13173675537109375,0.692266434431076,0.49279106855392457,1.211466260254383,5,14,is_words
0.15333664417266846,0.19321192800998688,0.6534514278173447,0.3680079460144043,1.3069028556346893,5,12,is_words
0.19087672233581543,0.20093673467636108,0.6081865429878235,0.45810413360595703,1.216373085975647,5,12,is_words
0.161659836769104,0.1958118975162506,0.6425282657146454,0.42031557559967037,1.1932667791843414,5,13,is_words
0.25459885597229004,0.12718544900417328,0.6182156950235367,0.6619570255279541,1.1481148621865682,5,13,is_words
0.20945078134536743,0.1855493038892746,0.604999914765358,0.5864621877670287,1.0587498508393764,5,14,is_words
0.16648805141448975,0.16187693178653717,0.6716350167989731,0.5660593748092652,1.037981389598413,5,17,is_words
0.2085631787776947,0.13981235027313232,0.651624470949173,0.6256895363330841,1.0860407849152884,5,15,is_words
0.19077813625335693,0.18105053901672363,0.6281713247299194,0.6104900360107421,1.0050741195678712,5,16,is_words
0.24270054697990417,0.16593866050243378,0.591360792517662,0.58248131275177,1.182721585035324,5,12,is_words
0.18691016733646393,0.19695773720741272,0.6161320954561234,0.5607305020093918,1.0268868257602057,5,15,is_words
0.1669149100780487,0.18660925328731537,0.6464758366346359,0.5675106942653656,0.9990990202535281,5,17,is_words
0.1533089280128479,0.16484642028808594,0.6818446516990662,0.4599267840385437,1.136407752831777,5,15,is_words
0.20940646529197693,0.1937546730041504,0.5968388617038727,0.6282193958759308,0.9947314361731212,5,15,is_words
0.22493571043014526,0.17116644978523254,0.6038978397846222,0.6298199892044067,1.0568212196230888,5,14,is_words
0.22774620354175568,0.15555588901042938,0.6166979074478149,0.5465908885002136,1.2333958148956299,5,12,is_words
0.24851834774017334,0.17141395807266235,0.5800676941871643,0.6461477041244507,1.0772685749190194,5,13,is_words
0.15759781002998352,0.15345925092697144,0.688942939043045,0.47279343008995056,1.1482382317384086,5,15,is_words
0.21972081065177917,0.19989407062530518,0.5803851187229156,0.6152182698249816,1.0156739577651024,5,14,is_words
0.18932390213012695,0.20352506637573242,0.6071510314941406,0.5301069259643555,1.062514305114746,5,14,is_words
0.09163859486579895,0.1571228951215744,0.7512385100126266,0.256588065624237,1.3146673925220966,5,14,is_words
0.13065195083618164,0.1707056760787964,0.698642373085022,0.3658254623413086,1.2226241528987885,5,14,is_words
0.13410845398902893,0.19189849495887756,0.6739930510520935,0.375503671169281,1.1794878393411636,5,14,is_words
0.14965179562568665,0.18189579248428345,0.6684524118900299,0.47888574600219724,1.069523859024048,5,16,is_words
0.15865373611450195,0.21640147268772125,0.6249447911977768,0.44423046112060544,1.0936533845961094,5,14,is_words
0.1878494918346405,0.2000933289527893,0.6120571792125702,0.4884086787700653,1.1366776185376304,5,13,is_words
0.17439357936382294,0.15455621480941772,0.6710502058267593,0.45342330634593964,1.2462360965354102,5,13,is_words
0.17439357936382294,0.15455621480941772,0.6710502058267593,0.45342330634593964,1.2462360965354102,5,13,is_words
0.16436363756656647,0.16237138211727142,0.6732649803161621,0.4602181851863861,1.1782137155532837,5,14,is_words
0.17405040562152863,0.1953931301832199,0.6305564641952515,0.48734113574028015,1.10347381234169,5,14,is_words
0.2244047224521637,0.18412332236766815,0.5914719551801682,0.5834522783756256,1.0984479167631696,5,13,is_words
0.18349555134773254,0.1547926664352417,0.6617117822170258,0.5137875437736511,1.157995618879795,5,14,is_words
0.22606071829795837,0.1586059331893921,0.6153333485126495,0.6781821548938751,1.025555580854416,5,15,is_words
0.19482216238975525,0.13243384659290314,0.6727439910173416,0.6234309196472168,1.0763903856277466,5,16,is_words
0.1383301466703415,0.1591692566871643,0.7025005966424942,0.38732441067695617,1.2293760441243649,5,14,is_words
0.21357034146785736,0.19143837690353394,0.5949912816286087,0.5552828878164291,1.1049838087388448,5,13,is_words
0.22493571043014526,0.17116644978523254,0.6038978397846222,0.6298199892044067,1.0568212196230888,5,14,is_words
0.21802812814712524,0.14334362745285034,0.6386282444000244,0.6104787588119507,1.1175994277000427,5,14,is_words
0.16143718361854553,0.14107437431812286,0.6974884420633316,0.4843115508556366,1.1624807367722194,5,15,is_words
0.19057941436767578,0.17079123854637146,0.6386293470859528,0.45739059448242186,1.2772586941719055,5,12,is_words
0.1815890520811081,0.17350037395954132,0.6449105739593506,0.47213153541088104,1.1976910659245084,5,13,is_words
0.21379175782203674,0.17725364863872528,0.608954593539238,0.5558585703372955,1.1309156737157278,5,13,is_words
0.18895359337329865,0.13991205394268036,0.671134352684021,0.5290700614452362,1.1744851171970367,5,14,is_words
0.18577784299850464,0.13357111811637878,0.6806510388851166,0.5944890975952148,1.0890416622161865,5,16,is_words
0.23364858329296112,0.17114663124084473,0.5952047854661942,0.6074863165616988,1.105380315865789,5,13,is_words
0.16509300470352173,0.1697089672088623,0.665198028087616,0.5282976150512695,1.0643168449401856,5,16,is_words
0.1413745880126953,0.14627307653427124,0.7123523354530334,0.48067359924316405,1.1009081547910515,5,17,is_words
0.1728448122739792,0.15503156185150146,0.6721236258745193,0.5876723617315293,1.0387365127151662,5,17,is_words
0.2004690170288086,0.15192252397537231,0.6476084589958191,0.7216884613037109,0.9714126884937286,5,18,is_words
0.19243431091308594,0.16927501559257507,0.638290673494339,0.615789794921875,1.0212650775909424,5,16,is_words
0.16094118356704712,0.15783564746379852,0.6812231689691544,0.5150117874145508,1.089957070350647,5,16,is_words
0.1641852855682373,0.14496010541915894,0.6908546090126038,0.5582299709320068,1.0676843957467512,5,17,is_words
0.15175697207450867,0.17147210240364075,0.6767709255218506,0.5463250994682312,1.0151563882827759,5,18,is_words
0.178164541721344,0.18680283427238464,0.6350326240062714,0.5701265335083008,1.0160521984100341,5,16,is_words
0.13246113061904907,0.193939208984375,0.6735996603965759,0.4768600702285766,1.010399490594864,5,18,is_words
0.22679033875465393,0.1778634637594223,0.5953461974859238,0.7710871517658233,0.9200804870237003,5,17,is_words
0.16018405556678772,0.216018408536911,0.6237975358963013,0.5125889778137207,0.998076057434082,5,16,is_words
0.1781543791294098,0.15464267134666443,0.6672029495239258,0.5700940132141114,1.0675247192382813,5,16,is_words
0.15330249071121216,0.1810501217842102,0.6656473875045776,0.4905679702758789,1.0650358200073242,5,16,is_words
0.19254566729068756,0.14358939230442047,0.663864940404892,0.6546552687883377,1.0259730897166512,5,17,is_words
0.13367418944835663,0.16160891950130463,0.7047168910503387,0.42775740623474123,1.127547025680542,5,16,is_words
0.16815969347953796,0.18271729350090027,0.6491230130195618,0.6390068352222443,0.948718249797821,5,19,is_words
0.19424355030059814,0.16899235546588898,0.6367640942335129,0.621579360961914,1.0188225507736206,5,16,is_words
0.2109939157962799,0.24335938692092896,0.5456466972827911,0.7173793137073516,0.84327216852795,5,17,is_words
0.18535664677619934,0.18426541984081268,0.630377933382988,0.6672839283943176,0.945566900074482,5,18,is_words
0.2125406563282013,0.2208108901977539,0.5666484534740448,0.8076544940471649,0.8281785089236039,5,19,is_words
0.1434725522994995,0.13525976240634918,0.7212676852941513,0.5165011882781982,1.081901527941227,5,18,is_words
0.1374174952507019,0.15975502133369446,0.7028274834156036,0.49470298290252684,1.0542412251234055,5,18,is_words
0.240552619099617,0.20888113975524902,0.550566241145134,0.962210476398468,0.7865232016359057,5,20,is_words
0.21192872524261475,0.15989306569099426,0.628178209066391,0.847714900970459,0.8973974415234157,5,20,is_words
0.15896928310394287,0.14157792925834656,0.6994527876377106,0.6676709890365601,0.9792339026927948,5,21,is_words
0.17808550596237183,0.17246593534946442,0.6494485586881638,0.6411078214645386,0.9741728380322456,5,18,is_words
0.1924079805612564,0.18148553371429443,0.6261064857244492,0.808113518357277,0.8765490800142288,5,21,is_words
0.18265530467033386,0.16993394494056702,0.6474107503890991,0.7306212186813354,0.9248725005558559,5,20,is_words
0.23664626479148865,0.14326660335063934,0.620087131857872,0.8992558062076569,0.9062811927153513,5,19,is_words
0.16811373829841614,0.167343407869339,0.6645428538322449,0.605209457874298,0.9968142807483673,5,18,is_words
0.22156579792499542,0.1982858031988144,0.5801483988761902,0.9305763512849808,0.8122077584266663,5,21,is_words
0.17367023229599,0.1434946060180664,0.6828351616859436,0.8336171150207519,0.9104468822479248,5,24,is_words
0.2648208737373352,0.20814822614192963,0.5270309001207352,1.0063193202018739,0.7702759309456898,5,19,is_words
0.22536849975585938,0.1668122559785843,0.6078192442655563,0.9014739990234375,0.8683132060936519,5,20,is_words
0.16253229975700378,0.205211341381073,0.6322563588619232,0.6176227390766145,0.9240669860289646,5,19,is_words
0.2534368336200714,0.1632811278104782,0.5832820385694504,1.0644347012043,0.8165948539972305,5,21,is_words
0.1457577347755432,0.1564713418483734,0.6977709233760834,0.7287886738777161,0.9181196360211623,5,25,is_words
0.16082921624183655,0.18603460490703583,0.6531361788511276,0.6433168649673462,0.9330516840730395,5,20,is_words
0.17353351414203644,0.1374276876449585,0.6890387982130051,0.7635474622249604,0.947428347542882,5,22,is_words
0.16988617181777954,0.12377136945724487,0.7063424587249756,0.74749915599823,0.9712208807468414,5,22,is_words
0.18168260157108307,0.20335453748703003,0.6149628609418869,0.6903938859701158,0.8987918736842962,5,19,is_words
0.2202886939048767,0.1490524709224701,0.6306588351726532,0.7930392980575561,0.9459882527589798,5,18,is_words
0.1728094220161438,0.19558078050613403,0.6316097974777222,0.7603614568710327,0.868463471531868,5,22,is_words
0.15858061611652374,0.17441189289093018,0.6670074909925461,0.6977547109127045,0.9171353001147509,5,22,is_words
0.15077140927314758,0.18901997804641724,0.6602086126804352,0.5729313552379608,0.9649202800714053,5,19,is_words
0.1753828227519989,0.15723825991153717,0.6673789173364639,0.7015312910079956,0.9533984533378057,5,20,is_words
0.20315885543823242,0.12413013726472855,0.672711007297039,0.7720036506652832,0.9831930106649032,5,19,is_words
0.14160120487213135,0.2045799195766449,0.6538188755512238,0.4531238555908203,1.046110200881958,5,16,is_words
0.18394985795021057,0.235317662358284,0.5807324796915054,0.6622194886207581,0.8710987195372581,5,18,is_words
0.17712439596652985,0.2403506636619568,0.5825249403715134,0.6730727046728134,0.8513826051583656,5,19,is_words
0.1577034890651703,0.181304931640625,0.6609915792942047,0.567732560634613,0.9914873689413071,5,18,is_words
0.15893501043319702,0.16617156565189362,0.6748934239149094,0.6039530396461488,0.9863826964910214,5,19,is_words
0.12961703538894653,0.2093254178762436,0.6610575467348099,0.4666213274002075,0.9915863201022148,5,18,is_words
0.15627984702587128,0.20225991308689117,0.6414602398872375,0.5626074492931366,0.9621903598308563,5,18,is_words
0.18352821469306946,0.1987839937210083,0.6176877915859222,0.66070157289505,0.9265316873788834,5,18,is_words
0.18005691468715668,0.16938605904579163,0.6505570262670517,0.648204892873764,0.9758355394005775,5,18,is_words
0.18800702691078186,0.18468619883060455,0.6273067742586136,0.6392238914966583,0.9694741056724028,5,17,is_words
0.2014140784740448,0.17710661888122559,0.6214793026447296,0.6445250511169434,0.9943668842315674,5,16,is_words
0.10701815783977509,0.1896870881319046,0.7032947540283203,0.40666899979114535,1.027892332810622,5,19,is_words
0.19251509010791779,0.1950138360261917,0.6124710738658905,0.6160482883453369,0.9799537181854248,5,16,is_words
0.13916537165641785,0.16039802134037018,0.700436607003212,0.5009953379631042,1.050654910504818,5,18,is_words
0.1658211052417755,0.20542581379413605,0.6287530809640884,0.5306275367736817,1.0060049295425415,5,16,is_words
0.21378761529922485,0.18678656220436096,0.5994258224964142,0.6841203689575195,0.9590813159942627,5,16,is_words
0.16351103782653809,0.21038679778575897,0.6261021643877029,0.5559375286102295,0.9676124358719045,5,17,is_words
0.1934952735900879,0.15286223590373993,0.6536424905061722,0.6191848754882813,1.0458279848098755,5,16,is_words
0.15294098854064941,0.18109145760536194,0.6659675538539886,0.519999361038208,1.0292225832288915,5,17,is_words
0.23441430926322937,0.19842234253883362,0.567163348197937,0.9376572370529175,0.8102333545684814,5,20,is_words
0.11407352983951569,0.16367802023887634,0.722248449921608,0.41066470742225647,1.083372674882412,5,18,is_words
0.14679956436157227,0.17815914750099182,0.6750412881374359,0.6752779960632325,0.913291154538884,5,23,is_words
0.13443461060523987,0.17952007055282593,0.6860453188419342,0.4301907539367676,1.0976725101470948,5,16,is_words
0.08654934912919998,0.17964372038841248,0.7338069304823875,0.46736648529767993,0.9434660534773553,5,27,is_words
0.13831835985183716,0.11657823622226715,0.7451034039258957,0.7192554712295531,0.9686344251036644,5,26,is_words
0.1618446707725525,0.15351398289203644,0.6846413463354111,0.517902946472168,1.0954261541366577,5,16,is_words
0.09588491171598434,0.15478669106960297,0.7493283972144127,0.5177785232663155,0.9634222249899591,5,27,is_words
0.1475256085395813,0.17911846935749054,0.6733559221029282,0.47208194732666015,1.077369475364685,5,16,is_words
0.1410791575908661,0.17995257675647736,0.6789682656526566,0.5078849673271179,1.0184523984789848,5,18,is_words
0.17651048302650452,0.20465369522571564,0.6188358217477798,0.5648335456848145,0.9901373147964477,5,16,is_words
0.19602493941783905,0.19986581802368164,0.6041092425584793,0.627279806137085,0.9665747880935669,5,16,is_words
0.18607020378112793,0.21196101605892181,0.6019687801599503,0.632638692855835,0.930315387519923,5,17,is_words
0.21791592240333557,0.16972993314266205,0.6123541444540024,0.6973309516906738,0.9797666311264038,5,16,is_words
0.17426025867462158,0.17181396484375,0.6539257764816284,0.6970410346984863,0.9341796806880407,5,20,is_words
0.14058655500411987,0.11808040738105774,0.7413330376148224,0.5342289090156556,1.083486747283202,5,19,is_words
0.2399894744157791,0.17255184054374695,0.5874586850404739,1.0559536874294282,0.8077556919306517,5,22,is_words
0.210627943277359,0.16198870539665222,0.6273833513259888,0.7582605957984924,0.9410750269889832,5,18,is_words
0.15894806385040283,0.2057221382856369,0.6353297978639603,0.6040026426315308,0.9285589353396342,5,19,is_words
0.16007833182811737,0.15682512521743774,0.6830965429544449,0.7043446600437164,0.9392577465623617,5,22,is_words
0.16620145738124847,0.171940416097641,0.6618581265211105,0.6648058295249939,0.9455116093158723,5,20,is_words
0.1545618772506714,0.15963810682296753,0.6858000159263611,0.6182475090026855,0.9797143084662302,5,20,is_words
0.18161511421203613,0.16227322816848755,0.6561116576194763,0.799106502532959,0.9021535292267799,5,22,is_words
0.13465803861618042,0.20869679749011993,0.6566451638936996,0.646358585357666,0.8755268851915995,5,24,is_words
0.18228042125701904,0.17487862706184387,0.6428409516811371,0.8384899377822876,0.8697259934509503,5,23,is_words
0.24949657917022705,0.19342456758022308,0.5570788532495499,1.097784948348999,0.7659834232181311,5,22,is_words
0.18688133358955383,0.14760348200798035,0.6655151844024658,0.7849016010761262,0.9317212581634521,5,21,is_words
0.1758488118648529,0.1480749547481537,0.6760762333869934,0.7385650098323823,0.9465067267417907,5,21,is_words
0.13317576050758362,0.17513161897659302,0.6916926205158234,0.5327030420303345,0.9881323150226049,5,20,is_words
0.14822176098823547,0.13395342230796814,0.7178248167037964,0.5928870439529419,1.0254640238625663,5,20,is_words
0.12212733924388885,0.1214703917503357,0.7564022690057755,0.5862112283706665,1.0085363586743672,5,24,is_words
0.14794838428497314,0.14408034086227417,0.7079712748527527,0.7101522445678711,0.9439616998036703,5,24,is_words
0.1407996416091919,0.16534140706062317,0.6938589513301849,0.591358494758606,0.9714025318622589,5,21,is_words
0.2032875120639801,0.13911446928977966,0.6575980186462402,0.8944650530815125,0.9041972756385803,5,22,is_words
0.14703965187072754,0.14485183358192444,0.708108514547348,0.6469744682312012,0.9736492075026035,5,22,is_words
0.20983663201332092,0.17204520106315613,0.618118166923523,0.9232811808586121,0.849912479519844,5,22,is_words
0.213700070977211,0.18059042096138,0.605709508061409,0.9402803122997284,0.8328505735844374,5,22,is_words
0.14915770292282104,0.18299710750579834,0.6678451895713806,0.6264623522758485,0.9349832653999328,5,21,is_words
0.19313204288482666,0.1479145735502243,0.658953383564949,0.7339017629623413,0.9630857144410794,5,19,is_words
0.16460759937763214,0.19628432393074036,0.6391080766916275,0.5925873577594757,0.9586621150374413,5,18,is_words
0.15729668736457825,0.13878241181373596,0.7039209008216858,0.5662680745124816,1.0558813512325287,5,18,is_words
0.20024332404136658,0.17898815870285034,0.6207685172557831,0.6808273017406463,0.9593695266680283,5,17,is_words
0.17917343974113464,0.155601367354393,0.6652251929044724,0.6450243830680847,0.9978377893567085,5,18,is_words
0.15932637453079224,0.15022984147071838,0.6904437839984894,0.6691707730293275,0.9666212975978851,5,21,is_words
0.19187334179878235,0.16155202686786652,0.6465746313333511,0.6907440304756164,0.9698619470000267,5,18,is_words
0.2133605182170868,0.17176519334316254,0.6148742884397507,0.7680978655815124,0.922311432659626,5,18,is_words
0.1880437433719635,0.1651938259601593,0.6467624306678772,0.6769574761390685,0.9701436460018158,5,18,is_words
0.2218993753194809,0.16764865815639496,0.6104519665241241,0.754457876086235,0.9434257664463737,5,17,is_words
0.230006605386734,0.17600834369659424,0.5939850509166718,0.7820224583148956,0.91797689687122,5,17,is_words
0.16034333407878876,0.1469295471906662,0.692727118730545,0.5772360026836395,1.0390906780958176,5,18,is_words
0.20762528479099274,0.1702062338590622,0.6221684813499451,0.7059259682893753,0.9615331075408241,5,17,is_words
0.22680050134658813,0.1723625510931015,0.6008369475603104,0.7711217045783997,0.9285661916841159,5,17,is_words
0.14430105686187744,0.1581113338470459,0.6975876092910767,0.5194838047027588,1.046381413936615,5,18,is_words
0.19243481755256653,0.15717490017414093,0.6503902822732925,0.6542783796787262,1.0051486180587248,5,17,is_words
0.230006605386734,0.17600834369659424,0.5939850509166718,0.7820224583148956,0.91797689687122,5,17,is_words
0.22885431349277496,0.16677609086036682,0.6043695956468582,0.7781046658754348,0.9340257387269626,5,17,is_words
0.16963011026382446,0.17302902042865753,0.657340869307518,0.610668396949768,0.986011303961277,5,18,is_words
0.23110812902450562,0.18385639786720276,0.5850354731082916,0.7857676386833191,0.9041457311673597,5,17,is_words
0.2093718945980072,0.17857302725315094,0.6120550781488419,0.7537388205528259,0.9180826172232628,5,18,is_words
0.19189351797103882,0.2067510187625885,0.6013554632663727,0.6908166646957398,0.902033194899559,5,18,is_words
0.2118643820285797,0.21652674674987793,0.5716088712215424,0.7627117753028869,0.8574133068323135,5,18,is_words
0.2078818827867508,0.24457195401191711,0.5475461632013321,0.7483747780323028,0.8213192448019981,5,18,is_words
0.23346564173698425,0.21926836669445038,0.5472659915685654,0.933862566947937,0.7818085593836649,5,20,is_words
0.25378474593162537,0.1785740852355957,0.5676411688327789,0.9136250853538512,0.8514617532491684,5,18,is_words
0.19768734276294708,0.2089877873659134,0.5933248698711395,0.67213696539402,0.9169566170735792,5,17,is_words
0.20390444993972778,0.17292681336402893,0.6231687366962433,0.7748369097709656,0.9107850767098941,5,19,is_words
0.19082970917224884,0.19120386242866516,0.617966428399086,0.6869869530200958,0.926949642598629,5,18,is_words
0.17528268694877625,0.19184419512748718,0.6328731179237366,0.6310176730155944,0.9493096768856049,5,18,is_words
0.17237964272499084,0.16920021176338196,0.6584201455116272,0.6550426423549652,0.9623063665169935,5,19,is_words
0.13166023790836334,0.17795807123184204,0.6903816908597946,0.5003089040517807,1.009019394333546,5,19,is_words
0.1534298062324524,0.21892213821411133,0.6276480555534363,0.5523473024368286,0.9414720833301544,5,18,is_words
0.15340302884578705,0.16747848689556122,0.6791184842586517,0.5829315096139908,0.9925577846857218,5,19,is_words
0.18952779471874237,0.18838408589363098,0.6220881193876266,0.6823000609874725,0.93313217908144,5,18,is_words
0.22374065220355988,0.22273331880569458,0.5535260289907455,0.9397107392549515,0.7749364405870437,5,21,is_words
0.2983633875846863,0.18174761533737183,0.5198889970779419,1.3127989053726197,0.7148473709821701,5,22,is_words
0.19418464601039886,0.1730756312608719,0.6327397227287292,0.7767385840415955,0.9039138896124704,5,20,is_words
0.18290488421916962,0.14534024894237518,0.6717548668384552,0.7316195368766785,0.9596498097692218,5,20,is_words
0.11073555052280426,0.2095489203929901,0.6797155290842056,0.4207950919866562,0.9934303886615313,5,19,is_words
0.2122022807598114,0.14165225625038147,0.6461454629898071,0.891249579191208,0.9046036481857299,5,21,is_words
0.218806654214859,0.23262129724025726,0.5485720485448837,0.8314652860164643,0.8017591478732916,5,19,is_words
0.18463551998138428,0.1478239893913269,0.6675404906272888,0.7016149759292603,0.9756361016860374,5,19,is_words
0.19242596626281738,0.14488719403743744,0.6626868396997452,0.7697038650512695,0.9466954852853503,5,20,is_words
0.19177845120429993,0.1899043470621109,0.6183172017335892,0.6904024243354797,0.9274758026003838,5,18,is_words
0.17453838884830475,0.16477826237678528,0.66068334877491,0.698153555393219,0.9438333553927286,5,20,is_words
0.1984795331954956,0.15052726864814758,0.6509931981563568,0.7939181327819824,0.9299902830805098,5,20,is_words
0.19717150926589966,0.1639057695865631,0.6389227211475372,0.7886860370635986,0.9127467444964819,5,20,is_words
0.18323297798633575,0.17064689099788666,0.6461201310157776,0.6962853163480759,0.9443294222538288,5,19,is_words
0.17429926991462708,0.19694745540618896,0.628753274679184,0.662337225675583,0.9189470937618842,5,19,is_words
0.20037762820720673,0.13323870301246643,0.6663836687803268,0.8415860384702682,0.9329371362924576,5,21,is_words
0.17249181866645813,0.17306587100028992,0.654442310333252,0.6899672746658325,0.93491758619036,5,20,is_words
0.23544321954250336,0.1755410134792328,0.5890157669782639,0.9888615220785142,0.8246220737695694,5,21,is_words
0.15184825658798218,0.2022220492362976,0.6459296941757202,0.5770233750343323,0.944051091487591,5,19,is_words
0.1909841150045395,0.16060812771320343,0.6484077572822571,0.6493459910154342,1.0020847157998518,5,17,is_words
0.13987433910369873,0.18916583061218262,0.6709598302841187,0.5594973564147949,0.9585140432630267,5,20,is_words
0.14852723479270935,0.16025006771087646,0.6912226974964142,0.6238143861293793,0.9677117764949799,5,21,is_words
0.231382817029953,0.18355366587638855,0.5850635170936584,0.9718078315258026,0.8190889239311218,5,21,is_words
0.15186108648777008,0.18881097435951233,0.6593279391527176,0.5466999113559723,0.9889919087290764,5,18,is_words
0.19469213485717773,0.16622522473335266,0.6390826404094696,0.7398301124572755,0.934043859059994,5,19,is_words
0.1469426453113556,0.19131460785865784,0.6617427468299866,0.5877705812454224,0.9453467811856952,5,20,is_words
0.14448603987693787,0.17534007132053375,0.6801738888025284,0.6068413674831391,0.9522434443235397,5,21,is_words
0.21399608254432678,0.16976667940616608,0.6162372380495071,0.8559843301773071,0.880338911499296,5,20,is_words
0.1709538698196411,0.15538674592971802,0.6736593842506409,0.6838154792785645,0.962370548929487,5,20,is_words
0.16614849865436554,0.1940598487854004,0.6397916525602341,0.6645939946174622,0.9139880750860487,5,20,is_words
0.1425173133611679,0.18431207537651062,0.6731706112623215,0.541565790772438,0.9838647395372391,5,19,is_words
0.17823943495750427,0.1606930047273636,0.6610675603151321,0.6773098528385163,0.9661756650759623,5,19,is_words
0.16179180145263672,0.16957399249076843,0.6686342060565948,0.6471672058105469,0.9551917229379927,5,20,is_words
0.14483609795570374,0.1782422661781311,0.6769216358661652,0.6083116114139557,0.9476902902126312,5,21,is_words
0.17438334226608276,0.16115497052669525,0.664461687207222,0.7324100375175476,0.9302463620901108,5,21,is_words
0.13350160419940948,0.20092475414276123,0.6655736416578293,0.5340064167976379,0.9508194880826133,5,20,is_words
0.18076518177986145,0.14800874888896942,0.6712260693311691,0.7592137634754181,0.9397164970636368,5,21,is_words
0.1956242024898529,0.19503355026245117,0.6093422472476959,0.8216216504573822,0.8530791461467743,5,21,is_words
0.1669815629720688,0.19447988271713257,0.6385385543107986,0.6011336266994476,0.957807831466198,5,18,is_words
0.19843825697898865,0.23144999146461487,0.5701117515563965,0.7143777251243592,0.8551676273345947,5,18,is_words
0.20081838965415955,0.1597658395767212,0.6394157707691193,0.6827825248241425,0.988188009370457,5,17,is_words
0.18345630168914795,0.1516263782978058,0.6649173200130463,0.7705164670944215,0.9308842480182647,5,21,is_words
0.21617946028709412,0.1805383861064911,0.6032821536064148,0.8214819490909577,0.8817200706555293,5,19,is_words
0.17359620332717896,0.17193347215652466,0.6544703245162964,0.7291040539741517,0.9162584543228149,5,21,is_words
0.1816885769367218,0.1581762135028839,0.6601352095603943,0.7630920231342316,0.924189293384552,5,21,is_words
0.1789727360010147,0.16152667999267578,0.6595005840063095,0.7158909440040588,0.942143691437585,5,20,is_words
0.15285752713680267,0.20441359281539917,0.6427288800477982,0.5197155922651291,0.9933082691647789,5,17,is_words
0.13342538475990295,0.16930711269378662,0.6972675025463104,0.4803313851356506,1.0459012538194656,5,18,is_words
0.1649598926305771,0.18231859803199768,0.6527215093374252,0.6928315490484238,0.9138101130723953,5,21,is_words
0.15540681779384613,0.15034297108650208,0.6942502111196518,0.6527086347341537,0.9719502955675124,5,21,is_words
0.22772055864334106,0.2036590576171875,0.5686203837394714,1.0019704580307007,0.7818530276417732,5,22,is_words
0.17363721132278442,0.1461775153875351,0.6801852732896805,0.7292762875556946,0.9522593826055527,5,21,is_words
0.19011439383029938,0.1526990532875061,0.6571865528821945,0.7984804540872574,0.9200611740350723,5,21,is_words
0.22570884227752686,0.2225130796432495,0.5517780780792236,0.7222682952880859,0.8828449249267578,5,16,is_words
0.17062821984291077,0.20261023938655853,0.6267615407705307,0.6142615914344788,0.940142311155796,5,18,is_words
0.17942053079605103,0.15821942687034607,0.6623600423336029,0.7176821231842041,0.946228631905147,5,20,is_words
0.1607380360364914,0.17993436753749847,0.6593275964260101,0.45006650090217587,1.1538232937455177,5,14,is_words
0.1988004446029663,0.14155709743499756,0.6596424579620361,0.755441689491272,0.9640928231752836,5,19,is_words
0.19899572432041168,0.15649673342704773,0.6445075422525406,0.6367863178253174,1.031212067604065,5,16,is_words
0.15477541089057922,0.1656050682067871,0.6796195209026337,0.5881465613842011,0.9932900690115415,5,19,is_words
0.19467265903949738,0.1788831204175949,0.6264442205429077,0.6229525089263916,1.0023107528686523,5,16,is_words
0.1921151876449585,0.1471119374036789,0.6607728749513626,0.6147686004638672,1.0572365999221802,5,16,is_words
0.15398633480072021,0.1325932890176773,0.7134203761816025,0.6467426061630249,0.9987885266542434,5,21,is_words
0.17015057802200317,0.22079510986804962,0.6090543121099472,0.6465721964836121,0.8901563023145382,5,19,is_words
0.17028078436851501,0.14579501748085022,0.6839241981506348,0.6811231374740601,0.9770345687866212,5,20,is_words
0.17894969880580902,0.1466386914253235,0.6744116097688675,0.7873786747455597,0.9273159634321928,5,22,is_words
0.17251281440258026,0.13950115442276,0.6879860311746597,0.6210461318492889,1.0319790467619896,5,18,is_words
0.14088372886180878,0.2232196033000946,0.6358966678380966,0.45082793235778806,1.0174346685409545,5,16,is_words
0.15433675050735474,0.13425017893314362,0.7114130705595016,0.6790817022323609,0.9781929720193148,5,22,is_words
0.1803056299686432,0.1579962521791458,0.661698117852211,0.6491002678871155,0.9925471767783165,5,18,is_words
0.17108947038650513,0.15859906375408173,0.6703114658594131,0.6501399874687195,0.9796859885637577,5,19,is_words
0.18278422951698303,0.18674737215042114,0.6304683983325958,0.7311369180679321,0.9006691404751369,5,20,is_words
0.1622711420059204,0.1771339625120163,0.6605948954820633,0.6166303396224976,0.9654848472430155,5,19,is_words
0.1865074187517166,0.1832125037908554,0.630280077457428,0.7460296750068665,0.9004001106534686,5,20,is_words
0.1700502634048462,0.16506201028823853,0.6648877263069153,0.6461910009384155,0.9717589846024146,5,19,is_words
0.22443954646587372,0.19816026091575623,0.5774001926183701,0.8977581858634949,0.824857418026243,5,20,is_words
0.19114527106285095,0.17245185375213623,0.6364028751850128,0.7263520300388336,0.9301272791165571,5,19,is_words
0.19939738512039185,0.15433265268802643,0.6462699621915817,0.7178305864334106,0.9694049432873726,5,18,is_words
0.22300110757350922,0.18922799825668335,0.5877708941698074,0.8028039872646331,0.8816563412547112,5,18,is_words
0.18036553263664246,0.17453046143054962,0.6451040059328079,0.6132428109645843,0.996978918259794,5,17,is_words
0.1887165606021881,0.17531299591064453,0.6359704434871674,0.6793796181678772,0.953955665230751,5,18,is_words
0.20416328310966492,0.16907688975334167,0.6267598271369934,0.7349878191947937,0.9401397407054901,5,18,is_words
0.15970486402511597,0.18133363127708435,0.6589615046977997,0.5749375104904174,0.9884422570466995,5,18,is_words
0.2041437029838562,0.16878177225589752,0.6270745247602463,0.7349173307418823,0.9406117871403694,5,18,is_words
0.20642432570457458,0.1721792221069336,0.6213964521884918,0.8256973028182983,0.8877092174121313,5,20,is_words
0.134979248046875,0.17070810496807098,0.694312646985054,0.512921142578125,1.0147646379012327,5,19,is_words
0.1943379044532776,0.14680016040802002,0.6588619351387024,0.7384840369224549,0.9629520590488727,5,19,is_words
0.2120763212442398,0.18810340762138367,0.5998202711343765,0.8907205492258072,0.8397483795881271,5,21,is_words
0.2288241982460022,0.14735889434814453,0.6238169074058533,0.9610616326332093,0.8733436703681946,5,21,is_words
0.21880942583084106,0.18471716344356537,0.5964734107255936,0.8752377033233643,0.8521048724651337,5,20,is_words
0.1629851758480072,0.13769273459911346,0.6993220895528793,0.6519407033920288,0.9990315565041133,5,20,is_words
0.16444359719753265,0.13893041014671326,0.6966259926557541,0.6248856693506242,1.0181456815737944,5,19,is_words
0.1762368083000183,0.13756483793258667,0.686198353767395,0.7754419565200806,0.9435227364301682,5,22,is_words
0.1895129680633545,0.1739375740289688,0.6365494579076767,0.758051872253418,0.9093563684395382,5,20,is_words
0.14979469776153564,0.19241273403167725,0.6577925682067871,0.5392609119415283,0.9866888523101807,5,18,is_words
0.2184765636920929,0.1548600196838379,0.6266634166240692,0.7428203165531159,0.9684798256917433,5,17,is_words
0.19501686096191406,0.17075388133525848,0.6342292577028275,0.7020606994628906,0.9513438865542412,5,18,is_words
0.1983414590358734,0.15770535171031952,0.6439531892538071,0.7140292525291443,0.9659297838807106,5,18,is_words
0.13256777822971344,0.17496135830879211,0.6924708634614944,0.5567846685647965,0.9694592088460922,5,21,is_words
0.14589163661003113,0.19117337465286255,0.6629349887371063,0.525209891796112,0.9944024831056595,5,18,is_words
0.18382695317268372,0.22687868773937225,0.589294359087944,0.8456039845943452,0.7972806034719243,5,23,is_words
0.23424695432186127,0.15861019492149353,0.6071428507566452,0.8432890355587005,0.9107142761349678,5,18,is_words
0.24412311613559723,0.20068402588367462,0.5551928579807281,1.0741417109966278,0.7633901797235012,5,22,is_words
0.2173915058374405,0.20055875182151794,0.5820497423410416,0.9565226256847382,0.8003183957189322,5,22,is_words
0.2123657464981079,0.21454134583473206,0.57309290766716,0.7645166873931885,0.85963936150074,5,18,is_words
0.17462986707687378,0.1641140580177307,0.6612560749053955,0.5588155746459961,1.058009719848633,5,16,is_words
0.19573846459388733,0.22353895008563995,0.5807225853204727,0.7438061654567719,0.8487483939299216,5,19,is_words
0.1541840136051178,0.1590350866317749,0.6867808997631073,0.6475728571414948,0.9614932596683502,5,21,is_words
0.20230671763420105,0.17829599976539612,0.6193972826004028,0.8092268705368042,0.8848532608577184,5,20,is_words
0.18724781274795532,0.1542435884475708,0.6585085988044739,0.7489912509918213,0.940726569720677,5,20,is_words
0.16619732975959778,0.1856546849012375,0.6481479853391647,0.6647893190383911,0.925925693341664,5,20,is_words
0.20639441907405853,0.18953675031661987,0.6040688306093216,0.7430199086666107,0.9061032459139824,5,18,is_words
0.2347118854522705,0.13093030452728271,0.6343578100204468,0.8449627876281738,0.9515367150306702,5,18,is_words
0.2512160539627075,0.22823429107666016,0.5205496549606323,0.7536481618881226,0.8675827582677206,5,15,is_words
0.181908518075943,0.16139450669288635,0.6566969752311707,0.545725554227829,1.094494958718618,5,15,is_words
0.19054396450519562,0.1606205552816391,0.6488354802131653,0.6097406864166259,1.0381367683410645,5,16,is_words
0.21615228056907654,0.16640612483024597,0.6174415946006775,0.6052263855934142,1.0805227905511856,5,14,is_words
0.19704993069171906,0.16312377154827118,0.6398262977600098,0.630559778213501,1.0237220764160155,5,16,is_words
0.1717761904001236,0.19156098365783691,0.6366628259420395,0.5496838092803955,1.0186605215072633,5,16,is_words
0.22623902559280396,0.16851969063282013,0.6052412837743759,0.7239648818969726,0.9683860540390015,5,16,is_words
0.19704993069171906,0.16312377154827118,0.6398262977600098,0.630559778213501,1.0237220764160155,5,16,is_words
0.19606009125709534,0.14429724216461182,0.6596426665782928,0.588180273771286,1.099404444297155,5,15,is_words
0.14389796555042267,0.1735702008008957,0.6825318336486816,0.40291430354118346,1.1944307088851929,5,14,is_words
0.16096889972686768,0.14690008759498596,0.6921310126781464,0.5472942590713501,1.069657019593499,5,17,is_words
0.21396739780902863,0.18692219257354736,0.599110409617424,0.5563152343034744,1.1126336178609304,5,13,is_words
0.17754745483398438,0.16088642179965973,0.6615661233663559,0.6746803283691407,0.9669043341508278,5,19,is_words
0.20641252398490906,0.1551799178123474,0.6384075582027435,0.660520076751709,1.0214520931243896,5,16,is_words
0.20844519138336182,0.17621809244155884,0.6153367161750793,0.917158842086792,0.8460879847407341,5,22,is_words
0.11645236611366272,0.1632106900215149,0.7203369438648224,0.44251899123191835,1.0528001487255096,5,19,is_words
0.17499792575836182,0.17363160848617554,0.6513704657554626,0.6999917030334473,0.9305292367935182,5,20,is_words
0.15746933221817017,0.20380288362503052,0.6387277841567993,0.6613711953163147,0.894218897819519,5,21,is_words
0.2548316419124603,0.13301651179790497,0.6121518462896347,1.1212592244148254,0.8417087886482477,5,22,is_words
0.14955037832260132,0.1581997126340866,0.6922499090433121,0.6281115889549256,0.9691498726606369,5,21,is_words
0.16580268740653992,0.18446198105812073,0.6497353315353394,0.6300502121448517,0.9496131768593421,5,19,is_words
0.14485135674476624,0.1923655867576599,0.6627830564975739,0.5794054269790649,0.946832937853677,5,20,is_words
0.15600556135177612,0.18607914447784424,0.6579152941703796,0.6240222454071045,0.939878991671971,5,20,is_words
0.15900354087352753,0.1724240779876709,0.6685723811388016,0.572412747144699,1.0028585717082024,5,18,is_words
0.15978968143463135,0.186547189950943,0.6536631286144257,0.6391587257385254,0.9338044694491796,5,20,is_words
0.1743643879890442,0.14096805453300476,0.684667557477951,0.7672033071517944,0.9414178915321827,5,22,is_words
0.13683734834194183,0.17929807305335999,0.6838645786046982,0.519981923699379,0.9994943841145588,5,19,is_words
0.19483725726604462,0.16786833107471466,0.6372944116592407,0.8183164805173875,0.892212176322937,5,21,is_words
0.16694408655166626,0.14446665346622467,0.6885892599821091,0.7011651635169983,0.9640249639749526,5,21,is_words
0.16654616594314575,0.18019884824752808,0.6532549858093262,0.6994938969612122,0.9145569801330566,5,21,is_words
0.1609007865190506,0.20234347879886627,0.6367557346820831,0.5792428314685821,0.9551336020231247,5,18,is_words
0.17415055632591248,0.1925307810306549,0.6333186626434326,0.6966022253036499,0.9047409466334753,5,20,is_words
0.22221392393112183,0.18496550619602203,0.5928205698728561,0.7555273413658142,0.9161772443489594,5,17,is_words
0.19295921921730042,0.1814754158258438,0.6255653649568558,0.6560613453388214,0.9667828367515043,5,17,is_words
0.21346914768218994,0.18200251460075378,0.6045283377170563,0.7684889316558837,0.9067925065755844,5,18,is_words
0.127419114112854,0.2015555202960968,0.6710253655910492,0.4587088108062744,1.0065380483865738,5,18,is_words
0.18625660240650177,0.15802964568138123,0.655713751912117,0.633272448182106,1.0133757984096352,5,17,is_words
0.15613749623298645,0.14948368072509766,0.6943788230419159,0.6557774841785431,0.9721303522586823,5,21,is_words
0.16662687063217163,0.14505481719970703,0.6883183121681213,0.6331821084022522,1.0060036870149465,5,19,is_words
0.14622054994106293,0.1602037250995636,0.6935757249593735,0.6141263097524643,0.9710060149431229,5,21,is_words
0.16060996055603027,0.1490437090396881,0.6903463304042816,0.5460738658905029,1.0668988742611625,5,17,is_words
0.19460657238960266,0.15544304251670837,0.649950385093689,0.8173476040363312,0.9099305391311645,5,21,is_words
0.24774762988090515,0.2139834761619568,0.5382688939571381,0.8423419415950775,0.8318701088428497,5,17,is_words
0.18287456035614014,0.2490106225013733,0.5681148171424866,0.7314982414245605,0.8115925959178381,5,20,is_words
0.14607417583465576,0.22574572265148163,0.6281801015138626,0.5258670330047607,0.9422701522707939,5,18,is_words
0.19089943170547485,0.21117526292800903,0.5979253053665161,0.7254178404808045,0.8738908309202927,5,19,is_words
0.23215505480766296,0.17155198752880096,0.5962929576635361,1.021482241153717,0.8199028167873621,5,22,is_words
0.16955608129501343,0.17442254722118378,0.6560213714838028,0.6443131089210511,0.9588004660147886,5,19,is_words
0.18993383646011353,0.17776310443878174,0.6323030591011047,0.8357088804244995,0.869416706264019,5,22,is_words
0.24633684754371643,0.21443012356758118,0.5392330288887024,1.1331494987010957,0.7295505684964797,5,23,is_words
0.17985159158706665,0.20317450165748596,0.6169739067554474,0.75537668466568,0.8637634694576263,5,21,is_words
0.12096720188856125,0.17981667816638947,0.6992161199450493,0.4596753671765328,1.0219312522273798,5,19,is_words
0.1488875150680542,0.25063344836235046,0.6004790365695953,0.4764400482177734,0.9607664585113526,5,16,is_words
0.13677354156970978,0.23728510737419128,0.6259413510560989,0.46503004133701326,0.9673639061776074,5,17,is_words
0.21473948657512665,0.1740778386592865,0.6111826747655869,0.6871663570404053,0.977892279624939,5,16,is_words
0.2036123275756836,0.19462372362613678,0.6017639487981796,0.6922819137573242,0.9299988299608231,5,17,is_words
0.1684240698814392,0.2109348177909851,0.6206411123275757,0.5726418375968932,0.959172628142617,5,17,is_words
0.15082278847694397,0.24266302585601807,0.606514185667038,0.5127974808216095,0.9373401051217859,5,17,is_words
0.19655072689056396,0.21518003940582275,0.5882692337036133,0.6289623260498047,0.9412307739257812,5,16,is_words
0.17866182327270508,0.19657564163208008,0.6247625350952148,0.5717178344726562,0.9996200561523437,5,16,is_words
0.1343996822834015,0.2070608139038086,0.6585395038127899,0.5644786655902863,0.9219553053379058,5,21,is_words
0.16639050841331482,0.20876444876194,0.6248450428247452,0.6322839319705964,0.9132350625900122,5,19,is_words
0.18518388271331787,0.22585426270961761,0.5889618545770645,0.5925884246826172,0.9423389673233032,5,16,is_words
0.2188509702682495,0.14599114656448364,0.6351578831672668,0.7878634929656982,0.9527368247509003,5,18,is_words
0.20962196588516235,0.14566172659397125,0.6447163075208664,0.712714684009552,0.9963797479867935,5,17,is_words
0.18318325281143188,0.13832981884479523,0.6784869283437729,0.6228230595588684,1.0485707074403763,5,17,is_words
0.1675000786781311,0.18555623292922974,0.6469436883926392,0.603000283241272,0.9704155325889587,5,18,is_words
0.20210662484169006,0.1470562368631363,0.6508371382951736,0.7275838494300843,0.9762557074427605,5,18,is_words
0.18351316452026367,0.14333027601242065,0.6731565594673157,0.7707552909851074,0.9424191832542419,5,21,is_words
0.20201221108436584,0.1443699151277542,0.6536178737878799,0.727243959903717,0.9804268106818199,5,18,is_words
0.1872270703315735,0.13966302573680878,0.6731099039316177,0.6365720391273498,1.040260760621591,5,17,is_words
0.20390038192272186,0.14247190952301025,0.6536277085542679,0.7340413749217987,0.9804415628314018,5,18,is_words
0.18379932641983032,0.13926582038402557,0.6769348531961441,0.7351973056793213,0.9670497902802059,5,20,is_words
0.19356957077980042,0.13581161201000214,0.6706188172101974,0.6581365406513214,1.0364108993248506,5,17,is_words
0.197946235537529,0.2112644612789154,0.5907893031835556,0.7126064479351043,0.8861839547753334,5,18,is_words
0.13681253790855408,0.1872502565383911,0.6759372055530548,0.6293376743793487,0.9145032781011918,5,23,is_words
0.18005423247814178,0.15864455699920654,0.6613012105226517,0.7562277764081955,0.9258216947317123,5,21,is_words
0.1734032928943634,0.1560848206281662,0.6705118864774704,0.6936131715774536,0.9578741235392435,5,20,is_words
0.20706436038017273,0.12830200791358948,0.6646336317062378,0.8696703135967255,0.9304870843887328,5,21,is_words
0.18764230608940125,0.12250387668609619,0.6898538172245026,0.7130407631397248,1.0082478867127345,5,19,is_words
0.2047538161277771,0.11389727890491486,0.681348904967308,0.778064501285553,0.9958176303368348,5,19,is_words
0.14438128471374512,0.1558535397052765,0.6997651755809784,0.5486488819122315,1.0227337181568146,5,19,is_words
0.15613356232643127,0.15502992272377014,0.6888365149497986,0.6557609617710114,0.964371120929718,5,21,is_words
0.18372081220149994,0.12412002682685852,0.6921591609716415,0.6981390863656998,1.0116172352662454,5,19,is_words
0.15921515226364136,0.13781367242336273,0.7029711753129959,0.6368606090545654,1.0042445361614227,5,20,is_words
0.1778183877468109,0.13166263699531555,0.6905189752578735,0.6757098734378815,1.0092200407615075,5,19,is_words
0.19228820502758026,0.18244218826293945,0.6252696067094803,0.7306951791048051,0.9138555790369327,5,19,is_words
0.17974182963371277,0.20736977458000183,0.6128883957862854,0.647070586681366,0.9193325936794281,5,18,is_words
0.2008058726787567,0.2141469419002533,0.58504718542099,0.8835458397865296,0.8044398799538612,5,22,is_words
0.19484436511993408,0.14505180716514587,0.66010382771492,0.7404085874557496,0.9647671328141139,5,19,is_words
0.12951034307479858,0.15792341530323029,0.7125662416219711,0.4662372350692749,1.0688493624329567,5,18,is_words
0.17849871516227722,0.1846839040517807,0.6368173807859421,0.6782951176166535,0.9307330949948384,5,19,is_words
0.15430428087711334,0.1254059076309204,0.7202898114919662,0.5246345549821854,1.1131751632148568,5,17,is_words
0.2175775170326233,0.13201814889907837,0.6504043340682983,0.6527325510978699,1.084007223447164,5,15,is_words
0.2954021692276001,0.1793317347764969,0.525266095995903,1.0634478092193602,0.7878991439938545,5,18,is_words
0.23157723248004913,0.20189021527767181,0.566532552242279,0.6947316974401474,0.9442209204037985,5,15,is_words
0.15428295731544495,0.17603421211242676,0.6696828305721283,0.49370546340942384,1.0714925289154054,5,16,is_words
0.2461380809545517,0.14749747514724731,0.606364443898201,0.9353247076272965,0.8862249564666014,5,19,is_words
0.1856764853000641,0.2134304940700531,0.6008930206298828,0.6684353470802307,0.9013395309448242,5,18,is_words
0.18766149878501892,0.21317732334136963,0.5991611778736115,0.6005167961120605,0.9586578845977783,5,16,is_words
0.19137847423553467,0.1312679648399353,0.67735356092453,0.6506868124008178,1.0468191396106372,5,17,is_words
0.22579295933246613,0.14621742069721222,0.6279896199703217,0.8580132454633713,0.917830983033547,5,19,is_words
0.18143412470817566,0.21250003576278687,0.6060658395290375,0.5805891990661621,0.96970534324646,5,16,is_words
0.15109071135520935,0.1265365183353424,0.7223727703094482,0.6043628454208374,1.031961100442069,5,20,is_words
0.13829049468040466,0.13092920184135437,0.730780303478241,0.5808200776576996,1.0230924248695372,5,21,is_words
0.15092670917510986,0.2017311453819275,0.6473421454429626,0.48296546936035156,1.0357474327087401,5,16,is_words
0.1628621220588684,0.15249760448932648,0.6846402734518051,0.5211587905883789,1.095424437522888,5,16,is_words
0.18483521044254303,0.13872262835502625,0.6764421612024307,0.6284397155046463,1.0454106127673928,5,17,is_words
0.15459351241588593,0.12754642963409424,0.7178600579500198,0.6492927521467209,1.0050040811300278,5,21,is_words
0.17653578519821167,0.16154393553733826,0.6619202792644501,0.7061431407928467,0.9456003989492144,5,20,is_words
0.18795087933540344,0.18997232615947723,0.6220767945051193,0.6390329897403717,0.9613914096897298,5,17,is_words
0.17887310683727264,0.14455153048038483,0.6765753626823425,0.7512670487165451,0.9472055077552796,5,21,is_words
0.172715961933136,0.15022455155849457,0.6770594865083694,0.6563206553459168,0.989548480281463,5,19,is_words
0.15315864980220795,0.13779217004776,0.709049180150032,0.673898059129715,0.9749426227062941,5,22,is_words
0.1725633144378662,0.1887529343366623,0.6386837512254715,0.6212279319763183,0.9580256268382072,5,18,is_words
0.18815062940120697,0.20238088071346283,0.6094684898853302,0.7149723917245865,0.8907616390631748,5,19,is_words
0.15307468175888062,0.23822520673274994,0.6087001115083694,0.6429136633872986,0.8521801561117172,5,21,is_words
0.18545585870742798,0.17049986124038696,0.6440442800521851,0.6676410913467407,0.9660664200782776,5,18,is_words
0.15516889095306396,0.14826656877994537,0.6965645402669907,0.6206755638122559,0.9950922003814153,5,20,is_words
0.16402289271354675,0.13593333959579468,0.7000437676906586,0.7545053064823151,0.9471180386403029,5,23,is_words
0.17801883816719055,0.19147749245166779,0.6305036693811417,0.7476791203022004,0.8827051371335983,5,21,is_words
0.22338850796222687,0.1545255184173584,0.6220859736204147,1.0275871366262437,0.8416457290158553,5,23,is_words
0.20453178882598877,0.17976197600364685,0.6157062351703644,0.8590335130691529,0.8619887292385101,5,21,is_words
0.17247556149959564,0.15535756945610046,0.6721668690443039,0.7933875828981399,0.9094022345893524,5,23,is_words
0.1461128145456314,0.2015538215637207,0.6523333638906479,0.6136738210916519,0.913266709446907,5,21,is_words
0.17181259393692017,0.19134831428527832,0.6368390917778015,0.6872503757476807,0.9097701311111451,5,20,is_words
0.13136065006256104,0.135230153799057,0.733409196138382,0.6042589902877807,0.992259500657811,5,23,is_words
0.11685476452112198,0.1212812215089798,0.7618640139698982,0.49079001098871233,1.0666096195578574,5,21,is_words
0.2438896745443344,0.22705882787704468,0.5290514975786209,1.0243366330862045,0.7406720966100693,5,21,is_words
0.22039197385311127,0.13503165543079376,0.644576370716095,0.9697246849536896,0.8862925097346306,5,22,is_words
0.3001411259174347,0.15725207328796387,0.5426068007946014,1.020479828119278,0.8385741466825658,5,17,is_words
0.14830490946769714,0.19460931420326233,0.6570857763290405,0.5635586559772492,0.9603561346347516,5,19,is_words
0.18195979297161102,0.11953353881835938,0.6985066682100296,0.9097989648580551,0.9190877213289863,5,25,is_words
0.14546547830104828,0.15414972603321075,0.700384795665741,0.6691412001848221,0.9475794294301202,5,23,is_words
0.12401177734136581,0.15610387921333313,0.7198843434453011,0.5952565312385559,0.9598457912604014,5,24,is_words
0.2840524911880493,0.17124707996845245,0.5447004288434982,1.3066414594650269,0.7369476390235564,5,23,is_words
0.31006407737731934,0.15186075866222382,0.5380751639604568,1.3022691249847413,0.7533052295446395,5,21,is_words
0.22402337193489075,0.16111141443252563,0.6148652136325836,0.896093487739563,0.8783788766179766,5,20,is_words
0.22588448226451874,0.17318089306354523,0.600934624671936,0.8583610326051713,0.8782890668282142,5,19,is_words
0.17949360609054565,0.23404079675674438,0.58646559715271,0.82567058801651,0.7934534549713135,5,23,is_words
0.1296658217906952,0.20012545585632324,0.6702087223529816,0.5186632871627808,0.9574410319328309,5,20,is_words
0.17645052075386047,0.16296640038490295,0.6605830788612366,0.6352218747138977,0.9908746182918549,5,18,is_words
0.12490346282720566,0.1446824073791504,0.730414129793644,0.5745559290051461,0.9882073520737537,5,23,is_words
0.17079243063926697,0.1678047776222229,0.6614027917385101,0.6148527503013611,0.9921041876077652,5,18,is_words
0.16445392370224,0.19253188371658325,0.6430141925811768,0.559143340587616,0.993749206716364,5,17,is_words
0.19491860270500183,0.1520829200744629,0.6529984772205353,0.7796744108200073,0.9328549674579076,5,20,is_words
0.19637520611286163,0.17736990749835968,0.6262548863887787,0.6676757007837295,0.967848460782658,5,17,is_words
0.16399022936820984,0.1914481818675995,0.6445615887641907,0.6887589633464813,0.9023862242698669,5,21,is_words
0.16782790422439575,0.1882198005914688,0.6439522951841354,0.6041804552078247,0.9659284427762032,5,18,is_words
0.1689932644367218,0.20437514781951904,0.6266315877437592,0.7435703635215759,0.8616184331476688,5,22,is_words
0.15390172600746155,0.1614672988653183,0.6846309751272202,0.6771675944328308,0.9413675907999277,5,22,is_words
0.16544130444526672,0.17716750502586365,0.6573911905288696,0.6286769568920136,0.9608025092345017,5,19,is_words
0.17749172449111938,0.15166985988616943,0.6708384156227112,0.6389702081680297,1.0062576234340668,5,18,is_words
0.19816386699676514,0.15501447021961212,0.6468216627836227,0.7133899211883544,0.9702324941754341,5,18,is_words
0.18993057310581207,0.17667318880558014,0.6333962380886078,0.6837500631809235,0.9500943571329117,5,18,is_words
0.20182403922080994,0.161976620554924,0.636199340224266,0.6862017333507537,0.9832171621647747,5,17,is_words
0.17653408646583557,0.1580122411251068,0.6654536724090576,0.7414431631565095,0.9316351413726807,5,21,is_words
0.1948746144771576,0.15888361632823944,0.646241769194603,0.7405235350131989,0.9445072011305735,5,19,is_words
0.17767035961151123,0.18313094973564148,0.6391986906528473,0.6396132946014405,0.9587980359792709,5,18,is_words
0.20462140440940857,0.15573866665363312,0.6396399289369583,0.6957127749919891,0.9885344356298447,5,17,is_words
0.14847710728645325,0.16018307209014893,0.6913398206233978,0.6532992720603943,0.950592253357172,5,22,is_words
0.1803804636001587,0.15497148036956787,0.6646480560302734,0.7575979471206665,0.9305072784423828,5,21,is_words
0.20507225394248962,0.17321975529193878,0.6217079907655716,0.6972456634044647,0.9608214402740651,5,17,is_words
0.16533389687538147,0.151338130235672,0.6833279728889465,0.5952020287513733,1.0249919593334198,5,18,is_words
0.2253037691116333,0.1795569360256195,0.5951392948627472,0.9012150764465332,0.8501989926610675,5,20,is_words
0.22008077800273895,0.21233664453029633,0.5675825774669647,0.8363069564104081,0.8295437670671023,5,19,is_words
0.1635729968547821,0.15975463390350342,0.6766723692417145,0.6215773880481721,0.9889826935071211,5,19,is_words
0.15932708978652954,0.24063123762607574,0.6000416725873947,0.70103919506073,0.8250572998076677,5,22,is_words
0.18477094173431396,0.21757687628269196,0.5976521819829941,0.8499463319778443,0.8085882462122862,5,23,is_words
0.1365196704864502,0.11149490624666214,0.7519854232668877,0.6006865501403809,1.0339799569919705,5,22,is_words
0.1651466190814972,0.1868802011013031,0.6479731798171997,0.7596744477748871,0.8766695962232702,5,23,is_words
0.14812041819095612,0.20697760581970215,0.6449019759893417,0.5924816727638245,0.9212885371276311,5,20,is_words
0.2553943395614624,0.20789170265197754,0.5367139577865601,0.9194196224212646,0.8050709366798401,5,18,is_words
0.17516496777534485,0.15822669863700867,0.6666083335876465,0.5955608904361724,1.0302128791809082,5,17,is_words
0.13369016349315643,0.13961075246334076,0.7266990840435028,0.48128458857536316,1.0900486260652542,5,18,is_words
0.16887131333351135,0.17123164236545563,0.659897044301033,0.7092595160007478,0.9238558620214462,5,21,is_words
0.22810310125350952,0.18307974934577942,0.5888171494007111,0.9124124050140381,0.8411673562867301,5,20,is_words
0.17531229555606842,0.16112267971038818,0.6635650247335434,0.7012491822242737,0.9479500353336335,5,20,is_words
0.17329668998718262,0.16343437135219574,0.6632689386606216,0.5545494079589843,1.0612303018569946,5,16,is_words
0.15461760759353638,0.14861023426055908,0.6967721581459045,0.4947763442993164,1.1148354530334472,5,16,is_words
0.13595342636108398,0.20341640710830688,0.6606301665306091,0.46224164962768555,1.020973893729123,5,17,is_words
0.16705456376075745,0.1557450294494629,0.6772004067897797,0.5345746040344238,1.0835206508636475,5,16,is_words
0.17516213655471802,0.1597980558872223,0.6650398075580597,0.5605188369750976,1.0640636920928954,5,16,is_words
0.12974372506141663,0.14704693853855133,0.723209336400032,0.4151799201965332,1.1571349382400513,5,16,is_words
0.17412275075912476,0.13190136849880219,0.6939758807420731,0.731315553188324,0.9715662330389022,5,21,is_words
0.18000423908233643,0.19385142624378204,0.6261443346738815,0.9000211954116821,0.8238741245708967,5,25,is_words
0.19246265292167664,0.15087054669857025,0.6566668003797531,0.8083431422710419,0.9193335205316543,5,21,is_words
0.169435515999794,0.15062624216079712,0.6799382418394089,0.6099678575992584,1.0199073627591133,5,18,is_words
0.2332255244255066,0.18123827874660492,0.5855361968278885,0.6063863635063171,1.0874243655375073,5,13,is_words
0.19113177061080933,0.16918635368347168,0.639681875705719,0.8792061448097229,0.8654519494842081,5,23,is_words
0.18420961499214172,0.15034233033657074,0.6654480546712875,0.7736803829669953,0.9316272765398025,5,21,is_words
0.17118337750434875,0.16166247427463531,0.6671541482210159,0.684733510017395,0.9530773546014514,5,20,is_words
0.18871572613716125,0.1413010060787201,0.6699832677841187,0.7171197593212129,0.9792063144537119,5,19,is_words
0.183353990316391,0.15355215966701508,0.6630938500165939,0.7700867593288422,0.9283313900232315,5,21,is_words
0.252162903547287,0.176862433552742,0.570974662899971,0.9077864527702331,0.8564619943499565,5,18,is_words
0.17498958110809326,0.12431620061397552,0.7006942182779312,0.594964575767517,1.082891064611348,5,17,is_words
0.20771247148513794,0.16074678301811218,0.6315407454967499,0.7477648973464965,0.9473111182451248,5,18,is_words
0.1707276552915573,0.1800737977027893,0.6491985470056534,0.7170561522245408,0.9088779658079147,5,21,is_words
0.2026451826095581,0.1201418936252594,0.6772129237651825,0.6889936208724975,1.0466017912734638,5,17,is_words
0.20240634679794312,0.11267227679491043,0.6849213764071465,0.7691441178321838,1.0010389347489064,5,19,is_words
0.18971765041351318,0.1827612966299057,0.6275210529565811,0.6450400114059448,0.9698052636601707,5,17,is_words
0.15270140767097473,0.1656752973794937,0.6816232949495316,0.549725067615509,1.0224349424242973,5,18,is_words
0.11008236557245255,0.1740812212228775,0.71583641320467,0.4403294622898102,1.022623447435243,5,20,is_words
0.18465019762516022,0.1618364155292511,0.6535133868455887,0.6647407114505768,0.980270080268383,5,18,is_words
0.06006506457924843,0.18176761269569397,0.7581673227250576,0.804871865361929,0.8327411577471945,5,67,not_is_words
0.05663473531603813,0.15647926926612854,0.7868859954178333,0.7362515591084957,0.866908300036596,5,65,not_is_words
0.06817321479320526,0.1386638581752777,0.793162927031517,0.7499053627252579,0.8902849180966008,5,55,not_is_words
0.05409454554319382,0.1323632150888443,0.8135422393679619,0.7356858193874359,0.8922721335003453,5,68,not_is_words
0.089495450258255,0.16517101228237152,0.7453335374593735,1.07394540309906,0.8281483749548594,5,60,not_is_words
0.15134432911872864,0.13722528517246246,0.7114303857088089,1.6042498886585235,0.8022512860120611,5,53,not_is_words
0.05227825418114662,0.10873393714427948,0.8389878086745739,0.6064277485013008,0.9357940942908709,5,58,not_is_words
0.09093727171421051,0.1139545664191246,0.7951081618666649,1.1458096235990525,0.8788037578526297,5,63,not_is_words
0.046296197921037674,0.1002817153930664,0.8534220866858959,0.7407391667366028,0.9226184720928604,5,80,not_is_words
0.06994418054819107,0.12707728147506714,0.8029785379767418,0.8952855110168457,0.8860452832846806,5,64,not_is_words
0.06754598021507263,0.15265867114067078,0.7797953486442566,1.0402080953121187,0.845693547121236,5,77,not_is_words
0.0262099988758564,0.11332578957080841,0.8604642115533352,0.44032798111438753,0.9266537662882071,5,84,not_is_words
0.047263890504837036,0.1371188461780548,0.8156172633171082,0.652241688966751,0.8932950979187375,5,69,not_is_words
0.051187172532081604,0.11206978559494019,0.8367430418729782,0.7985198915004731,0.9064716286957264,5,78,not_is_words
0.037825807929039,0.10125382244586945,0.8609203696250916,0.4236490488052368,0.9642308139801025,5,56,not_is_words
0.0852755457162857,0.10635426640510559,0.8083701878786087,1.1426923125982285,0.8878820096371605,5,67,not_is_words
0.08640182763338089,0.13636039197444916,0.77723778039217,1.2441863179206847,0.8478957604278218,5,72,not_is_words
0.0323629304766655,0.13983872532844543,0.8277983441948891,0.589005334675312,0.8862311684909989,5,91,not_is_words
0.08064480125904083,0.13510312139987946,0.7842520773410797,1.1290272176265717,0.8577757095918059,5,70,not_is_words
0.04883210361003876,0.12924855947494507,0.8219193369150162,0.7813136577606201,0.888561445313531,5,80,not_is_words
0.06037939339876175,0.14405472576618195,0.7955658808350563,0.9177667796611786,0.8637572420494897,5,76,not_is_words
0.04606940224766731,0.14343494176864624,0.8104956559836864,0.7647520773112774,0.873651161644753,5,83,not_is_words
0.030504273250699043,0.11130490899085999,0.858190817758441,0.4697658080607653,0.9307139854563374,5,77,not_is_words
0.042179401963949203,0.14762842655181885,0.810192171484232,0.7001780726015567,0.8733240290024838,5,83,not_is_words
0.054370272904634476,0.10294695198535919,0.8426827751100063,0.6959394931793212,0.9298568552938001,5,64,not_is_words
0.06935830414295197,0.17243805527687073,0.7582036405801773,1.123604527115822,0.8188599318265914,5,81,not_is_words
0.06199057400226593,0.16110390424728394,0.7769055217504501,0.8554699212312699,0.8508965238219216,5,69,not_is_words
0.054567351937294006,0.11111421883106232,0.8343184292316437,0.6875486344099045,0.922141421782343,5,63,not_is_words
0.056896377354860306,0.1033095121383667,0.839794110506773,0.8989627622067927,0.9088182839730831,5,79,not_is_words
0.05675977095961571,0.1100962907075882,0.8331439383327961,0.8173407018184662,0.9088842963630503,5,72,not_is_words
0.06682932376861572,0.11188787966966629,0.821282796561718,0.7618542909622192,0.9179043020395672,5,57,not_is_words
0.046658437699079514,0.1379171460866928,0.8154244162142277,0.7372033156454563,0.8824456011085478,5,79,not_is_words
0.03256756067276001,0.07688408344984055,0.8905483558773994,0.4754863858222962,0.9702989549111964,5,73,not_is_words
0.04579992592334747,0.12646052241325378,0.8277395516633987,0.5679190814495086,0.9164259321987629,5,62,not_is_words
0.055428892374038696,0.12476924806833267,0.8198018595576286,0.6540609300136566,0.9126096172433978,5,59,not_is_words
0.037214040756225586,0.12467309087514877,0.8381128683686256,0.5879818439483642,0.9069988575496085,5,79,not_is_words
0.0325385257601738,0.11059829592704773,0.8568631783127785,0.5401395276188851,0.9236317376618262,5,83,not_is_words
0.03966650739312172,0.10389741510152817,0.8564360775053501,0.8488632582128048,0.9073134682482422,5,107,not_is_words
0.01618560403585434,0.12263181805610657,0.8611825779080391,0.3755060136318207,0.9081561730666594,5,116,not_is_words
0.049440495669841766,0.1452464461326599,0.8053130581974983,0.7218312367796899,0.8774306454987668,5,73,not_is_words
0.022276390343904495,0.10473882406949997,0.8729847855865955,0.38760919198393823,0.9376503252596767,5,87,not_is_words
0.03848213329911232,0.09757989645004272,0.863937970250845,0.41560703963041307,0.9719302165322006,5,54,not_is_words
0.04259776696562767,0.12317083775997162,0.8342313952744007,0.5622905239462852,0.9176545348018408,5,66,not_is_words
0.035589803010225296,0.11295276880264282,0.8514574281871319,0.5267290845513344,0.9265860247918788,5,74,not_is_words
0.055930837988853455,0.12756505608558655,0.81650410592556,0.794217899441719,0.891873715703304,5,71,not_is_words
0.05571112781763077,0.13318802416324615,0.8111008480191231,0.8245246917009353,0.8826685699031633,5,74,not_is_words
0.027853745967149734,0.11397673934698105,0.8581695146858692,0.5180796749889851,0.9173536191469637,5,93,not_is_words
0.07631160318851471,0.13840468227863312,0.7852837145328522,1.0988870859146118,0.8566731431267478,5,72,not_is_words
0.052560657262802124,0.10391081869602203,0.8435285240411758,0.8935311734676361,0.9075939815632904,5,85,not_is_words
0.019552718847990036,0.09874173253774643,0.8817055486142635,0.42624927088618275,0.9330670368830556,5,109,not_is_words
0.05311691761016846,0.13918395340442657,0.807699128985405,0.8392472982406616,0.8740853587650272,5,79,not_is_words
0.0373561829328537,0.1417841613292694,0.8208596557378769,0.6201126366853714,0.8848227457953738,5,83,not_is_words
0.028908364474773407,0.09781405329704285,0.8732775822281837,0.4047171026468277,0.955147355562076,5,70,not_is_words
0.036695681512355804,0.08885607123374939,0.8744482472538948,0.6018091768026352,0.9434836351949917,5,82,not_is_words
0.06498868763446808,0.1306687593460083,0.8043425530195236,0.8968438893556595,0.8809466056880497,5,69,not_is_words
0.06466197967529297,0.09410762041807175,0.8412303999066353,0.9182001113891601,0.9188824368210939,5,71,not_is_words
0.05342744663357735,0.1293615847826004,0.8172109685838223,0.8868956141173839,0.8808897453565876,5,83,not_is_words
0.0285995751619339,0.12417354434728622,0.8472268804907799,0.6120309084653854,0.8975571902229054,5,107,not_is_words
0.04266311973333359,0.0999365895986557,0.8574002906680107,0.6484794199466706,0.9308917441538402,5,76,not_is_words
0.051131393760442734,0.1007949486374855,0.8480736576020718,0.7362920701503753,0.9251712628386238,5,72,not_is_words
0.03486694395542145,0.10086820274591446,0.8642648532986641,0.5648444920778275,0.9334060415625572,5,81,not_is_words
0.0458567813038826,0.14050909876823425,0.8136341199278831,0.8345934197306634,0.8710671166286749,5,91,not_is_words
0.058150455355644226,0.11767327040433884,0.8241762742400169,0.7675860106945037,0.9065939016640187,5,66,not_is_words
0.04114040732383728,0.1281111240386963,0.8307484686374664,0.6335622727870942,0.9009525645786608,5,77,not_is_words
0.017673054710030556,0.08738753199577332,0.8949394132941961,0.34992648325860504,0.9526774399583378,5,99,not_is_words
0.0350605770945549,0.09757457673549652,0.8673648461699486,0.49786019474267956,0.9474292935087131,5,71,not_is_words
0.08525773882865906,0.13190867006778717,0.7828335911035538,1.1936083436012268,0.8562242402695119,5,70,not_is_words
0.019335303455591202,0.11704583466053009,0.8636188618838787,0.37510488703846934,0.9205607648652333,5,97,not_is_words
0.13070468604564667,0.10772837698459625,0.7615669369697571,1.5423152953386308,0.8477820619097295,5,59,not_is_words
0.03718385100364685,0.13120098412036896,0.8316151648759842,0.5800680756568909,0.9009164286156495,5,78,not_is_words
0.041506677865982056,0.11039814352989197,0.848095178604126,0.6641068458557129,0.916859652545001,5,80,not_is_words
0.03480704501271248,0.11335168778896332,0.8518412671983242,0.6891794912517071,0.9067987683078934,5,99,not_is_words
0.04715497046709061,0.10999056696891785,0.8428544625639915,0.5752906396985055,0.9348022221164269,5,61,not_is_words
0.027221554890275,0.11957139521837234,0.8532070498913527,0.451877811178565,0.9196907161166529,5,83,not_is_words
0.03535936400294304,0.10918121039867401,0.855459425598383,0.5657498240470886,0.9248210006469004,5,80,not_is_words
0.04154982417821884,0.10759799927473068,0.8508521765470505,0.6066274330019952,0.9270478938497714,5,73,not_is_words
0.02567323110997677,0.0995585173368454,0.8747682515531778,0.5699457306414842,0.924755008784788,5,111,not_is_words
0.059964440762996674,0.10161644220352173,0.8384191170334816,0.7435590654611588,0.9282497367156404,5,62,not_is_words
0.07686518132686615,0.12380832433700562,0.7993264943361282,1.1068586111068726,0.8719925392757762,5,72,not_is_words
0.08768019080162048,0.13217127323150635,0.7801485359668732,1.262594747543335,0.8510711301456798,5,72,not_is_words
0.07106930762529373,0.107649065554142,0.8212816268205643,0.8812594145536423,0.9092760868370533,5,62,not_is_words
0.07434197515249252,0.14403386414051056,0.7816241607069969,1.0705244421958924,0.8526809025894512,5,72,not_is_words
0.044314853847026825,0.10663094371557236,0.8490542024374008,0.6913117200136185,0.9198087193071842,5,78,not_is_words
0.035653095692396164,0.13209928572177887,0.832247618585825,0.5062739588320255,0.9090704756860549,5,71,not_is_words
0.034305572509765625,0.1056903749704361,0.8600040525197983,0.54888916015625,0.9297341108322144,5,80,not_is_words
0.03730327636003494,0.11777845770120621,0.8449182659387589,0.641616353392601,0.9082871358841658,5,86,not_is_words
0.052262745797634125,0.13699758052825928,0.8107396736741066,0.8152988344430924,0.8783013131469488,5,78,not_is_words
0.0524924173951149,0.11289404332637787,0.8346135392785072,0.7243953600525855,0.9141005430193175,5,69,not_is_words
0.0413920134305954,0.1281624287366867,0.8304455578327179,0.9023458927869796,0.8788210272210316,5,109,not_is_words
0.04121033102273941,0.11594066768884659,0.842849001288414,0.6016708329319954,0.9183280163291675,5,73,not_is_words
0.0805429145693779,0.14044125378131866,0.7790158316493034,1.030949306488037,0.8596036763026796,5,64,not_is_words
0.058199137449264526,0.13803839683532715,0.8037624657154083,0.8264277517795562,0.8779559240891384,5,71,not_is_words
0.05111563205718994,0.10935945808887482,0.8395249098539352,0.756511354446411,0.9136006371939883,5,74,not_is_words
0.08193457871675491,0.11080637574195862,0.8072590455412865,1.048762607574463,0.8907686019765919,5,64,not_is_words
0.056752804666757584,0.12013359367847443,0.823113601654768,0.8739931918680669,0.8926724975692555,5,77,not_is_words
0.053449809551239014,0.11383170634508133,0.8327184841036797,1.0155463814735413,0.8888568088747142,5,95,not_is_words
0.08243950456380844,0.133493572473526,0.7840669229626656,1.0387377575039864,0.8666002832745251,5,63,not_is_words
0.050841011106967926,0.10735161602497101,0.8418073728680611,0.7524469643831253,0.9160844940034781,5,74,not_is_words
0.031038915738463402,0.10866439342498779,0.8602966908365488,0.5959471821784973,0.9176498035589854,5,96,not_is_words
0.03936398774385452,0.0810386911034584,0.8795973211526871,0.574714221060276,0.9583672305096441,5,73,not_is_words
0.03210735321044922,0.10523176193237305,0.8626608848571777,0.7256261825561523,0.9110343924192624,5,113,not_is_words
0.06570853292942047,0.11248989403247833,0.8218015730381012,0.9987697005271912,0.8922417078699385,5,76,not_is_words
0.03161780163645744,0.12140461802482605,0.8469775803387165,0.5058848261833191,0.9156514382040178,5,80,not_is_words
0.035109952092170715,0.07401452958583832,0.890875518321991,0.6951770514249802,0.9483513582137323,5,99,not_is_words
0.04809049144387245,0.10490861535072327,0.8470008932054043,0.6732668802142143,0.9264072269434109,5,70,not_is_words
0.07694503664970398,0.13699689507484436,0.7860580682754517,1.0926195204257965,0.858617274577801,5,71,not_is_words
0.02671821415424347,0.13937492668628693,0.8339068591594696,0.4381787121295929,0.899741611198375,5,82,not_is_words
0.03635302186012268,0.09258066117763519,0.8710663169622421,0.5525659322738647,0.9457291441304343,5,76,not_is_words
0.0714021697640419,0.11569690704345703,0.8129009231925011,1.0281912446022032,0.8868010071190922,5,72,not_is_words
0.039085835218429565,0.11050878465175629,0.8504053801298141,0.633190530538559,0.9184378105401992,5,81,not_is_words
0.05629193037748337,0.11641565710306168,0.827292412519455,0.9231876581907272,0.8926049714025698,5,82,not_is_words
0.04716766998171806,0.10170545428991318,0.8511268757283688,0.6226132437586784,0.9362395633012056,5,66,not_is_words
0.06444986909627914,0.16317036747932434,0.7723797634243965,0.7862884029746057,0.8566393739797852,5,61,not_is_words
0.06611162424087524,0.16398777067661285,0.7699006050825119,0.8594511151313782,0.848195581870564,5,65,not_is_words
0.08997616916894913,0.14673802256584167,0.7632858082652092,1.349642537534237,0.8296584872447925,5,75,not_is_words
0.03779879957437515,0.11198992282152176,0.8502112776041031,0.7710955113172531,0.9033494824543595,5,102,not_is_words
0.06600847840309143,0.1161843091249466,0.817807212471962,0.963723784685135,0.8910436792604959,5,73,not_is_words
0.04952995851635933,0.12228052318096161,0.8281895183026791,0.6736074358224868,0.908336891041648,5,68,not_is_words
0.12059937417507172,0.16330434381961823,0.7160962820053101,1.2542334914207458,0.8095001448755679,5,52,not_is_words
0.02324223332107067,0.10475726425647736,0.872000502422452,0.413711753115058,0.9350366833204606,5,89,not_is_words
0.06746689975261688,0.1248147040605545,0.8077183961868286,0.9310432165861129,0.8846439577284314,5,69,not_is_words
0.04665835574269295,0.19126950204372406,0.762072142213583,0.8118553899228573,0.8185219305257003,5,87,not_is_words
0.2020096331834793,0.199179008603096,0.5988113582134247,2.060498258471489,0.6786528726418813,5,51,not_is_words
0.09075117111206055,0.11134957522153854,0.7978992536664009,0.9438121795654296,0.9019730693620185,5,52,not_is_words
0.04143894836306572,0.11828301846981049,0.8402780331671238,0.6381598047912121,0.9112874444206835,5,77,not_is_words
0.08675333857536316,0.17232300341129303,0.7409236580133438,1.0236893951892854,0.8248018079771186,5,59,not_is_words
0.06780493259429932,0.11936596781015396,0.8128290995955467,0.7729762315750123,0.9084560524891404,5,57,not_is_words
0.11353325843811035,0.18917496502399445,0.6972917765378952,1.4532257080078126,0.7694254085935396,5,64,not_is_words
0.07316263020038605,0.18147259950637817,0.7453647702932358,0.834053984284401,0.8330547432689106,5,57,not_is_words
0.0546400249004364,0.08874591439962387,0.8566140606999397,0.6119682788848877,0.9594077479839325,5,56,not_is_words
0.04238899052143097,0.122653067111969,0.8349579423666,0.6612682521343232,0.90453777089715,5,78,not_is_words
0.06683741509914398,0.09790600836277008,0.8352565765380859,0.6282717019319535,0.9574892462753668,5,47,not_is_words
0.07178835570812225,0.1545652449131012,0.7736463993787766,0.7753142416477203,0.8703521993011236,5,54,not_is_words
0.05095435678958893,0.10246152430772781,0.8465841189026833,0.5095435678958893,0.9620274078439582,5,50,not_is_words
0.04055429995059967,0.12219616025686264,0.8372495397925377,0.6569796591997147,0.9042295029759407,5,81,not_is_words
0.04482743516564369,0.11138686537742615,0.8437856994569302,0.6096531182527541,0.9254423800495363,5,68,not_is_words
0.03767062723636627,0.12178164720535278,0.840547725558281,0.6027300357818604,0.9087002438467902,5,80,not_is_words
0.06941055506467819,0.12135542929172516,0.8092340156435966,0.7635161057114601,0.9083238951101595,5,55,not_is_words
0.04233667999505997,0.1330835074186325,0.8245798125863075,0.7620602399110794,0.8834783706281866,5,90,not_is_words
0.03800271078944206,0.149850994348526,0.8121462948620319,0.6916493363678455,0.8694742686169988,5,91,not_is_words
0.05526567995548248,0.12240265309810638,0.8223316669464111,0.8068789273500443,0.8959733087625077,5,73,not_is_words
0.03654848039150238,0.08734219521284103,0.8761093243956566,0.4312720686197281,0.9752915120630894,5,59,not_is_words
0.051894351840019226,0.12576647102832794,0.8223391771316528,0.7265209257602692,0.8994334749877453,5,70,not_is_words
0.04903126880526543,0.10721258819103241,0.8437561430037022,0.7158565245568753,0.919316394615974,5,73,not_is_words
0.06346552073955536,0.108517587184906,0.8280168920755386,0.888517290353775,0.9056434757076204,5,70,not_is_words
0.05390286445617676,0.18428120017051697,0.7618159353733063,0.8732264041900635,0.8227612102031707,5,81,not_is_words
0.09202063828706741,0.15984494984149933,0.7481344118714333,0.9938228935003282,0.8416512133553624,5,54,not_is_words
0.04685504734516144,0.16246114671230316,0.7906838059425354,0.7965358048677444,0.8507357405710824,5,85,not_is_words
0.06296402215957642,0.17053145170211792,0.7665045261383057,0.8563107013702392,0.8406823835065288,5,68,not_is_words
0.03177886828780174,0.1361539661884308,0.8320671655237675,0.5211734399199486,0.8977566785914333,5,82,not_is_words
0.053815994411706924,0.16346879303455353,0.7827152125537395,0.7534239217638969,0.8560947637306526,5,70,not_is_words
0.02842460572719574,0.1071978211402893,0.864377573132515,0.5002730607986451,0.9276247126300161,5,88,not_is_words
0.07556045800447464,0.1535349041223526,0.7709046378731728,1.1787431448698045,0.8351466910292704,5,78,not_is_words
0.04886981099843979,0.15517893433570862,0.7959512546658516,0.7819169759750366,0.8604878428820016,5,80,not_is_words
0.08185446262359619,0.16760548949241638,0.7505400478839874,0.9822535514831543,0.8339333865377638,5,60,not_is_words
0.05526021122932434,0.11360308527946472,0.8311367034912109,0.7957470417022705,0.9066945856267756,5,72,not_is_words
0.08379624783992767,0.16708052158355713,0.7491232305765152,1.0223142236471177,0.830845764821226,5,61,not_is_words
0.07871142029762268,0.14764271676540375,0.7736458629369736,0.8185987710952758,0.8745561928852745,5,52,not_is_words
0.07467713207006454,0.17123836278915405,0.7540845051407814,0.8662547320127486,0.8410942557339485,5,58,not_is_words
0.04798150062561035,0.10993105173110962,0.84208744764328,0.5757780075073242,0.9356527196036445,5,60,not_is_words
0.04324459657073021,0.1253703534603119,0.8313850499689579,0.7697538189589977,0.8914851740630995,5,89,not_is_words
0.030255848541855812,0.11977002024650574,0.8499741312116385,0.7563962135463953,0.8928299697601244,5,125,not_is_words
0.0444679819047451,0.12741698324680328,0.8281150348484516,0.6403389394283294,0.9033982198346745,5,72,not_is_words
0.10608173906803131,0.14056958258152008,0.7533486783504486,0.9971683472394943,0.8635948264017337,5,47,not_is_words
0.05881258845329285,0.10710622370243073,0.8340811878442764,0.846901273727417,0.9099067503755743,5,72,not_is_words
0.06261121481657028,0.11367051303386688,0.8237182721495628,0.7012456059455872,0.9225644648075103,5,56,not_is_words
0.09631949663162231,0.1647956669330597,0.738884836435318,1.1173061609268187,0.8241407791009316,5,58,not_is_words
0.04389144480228424,0.1541077345609665,0.8020008206367493,0.5705887824296951,0.8835602261252322,5,65,not_is_words
0.052966851741075516,0.12431381642818451,0.82271933183074,0.6991624429821968,0.904991265013814,5,66,not_is_words
0.04720544070005417,0.12172283232212067,0.8310717269778252,0.5947885528206825,0.9185529613965436,5,63,not_is_words
0.12100715935230255,0.17864060401916504,0.7003522366285324,1.234273025393486,0.7937325348456701,5,51,not_is_words
0.06856584548950195,0.1139439195394516,0.8174902349710464,0.6445189476013183,0.9371229522838824,5,47,not_is_words
0.06362824141979218,0.15471342206001282,0.781658336520195,0.8526184350252152,0.858542763063165,5,67,not_is_words
0.020724458619952202,0.15815989673137665,0.8211156446486712,0.49738700687885284,0.864332257524917,5,120,not_is_words
0.026106657460331917,0.18392722308635712,0.789966119453311,0.5900104586035013,0.8342632850301321,5,113,not_is_words
0.04692297428846359,0.11143507063388824,0.8416419550776482,0.6850754246115685,0.9170128764278853,5,73,not_is_words
0.052489861845970154,0.14588582515716553,0.8016243129968643,0.7558540105819702,0.8744992505420338,5,72,not_is_words
0.06711778789758682,0.1216784417629242,0.811203770339489,0.7919898971915246,0.9030381594345255,5,59,not_is_words
0.10383160412311554,0.1928257793188095,0.703342616558075,1.2875118911266328,0.7787007540464401,5,62,not_is_words
0.046029284596443176,0.11362358927726746,0.8403471261262894,0.5707631289958954,0.930384318211249,5,62,not_is_words
0.06692755222320557,0.11995039135217667,0.8131220564246178,0.8432871580123902,0.8987138518377354,5,63,not_is_words
0.08469849824905396,0.1306907683610916,0.7846107333898544,1.2027186751365662,0.8570363395489179,5,71,not_is_words
0.08473562449216843,0.12179851531982422,0.7934658601880074,1.1693516179919243,0.86903403734877,5,69,not_is_words
0.06801637262105942,0.1434546262025833,0.7885290011763573,0.9658324912190437,0.8613162935926364,5,71,not_is_words
0.05277373269200325,0.12697911262512207,0.8202471546828747,0.8021607369184495,0.8905540536556925,5,76,not_is_words
0.05013446509838104,0.13618704676628113,0.8136784881353378,0.7620438694953919,0.8834223585469383,5,76,not_is_words
0.13055162131786346,0.18265298008918762,0.6867953985929489,1.436067834496498,0.7708927943390244,5,55,not_is_words
0.06687270104885101,0.1466137170791626,0.7865135818719864,0.7623487919569016,0.8790445915039847,5,57,not_is_words
0.10862069576978683,0.19505058228969574,0.6963287219405174,1.3468966275453569,0.7709353707198586,5,62,not_is_words
0.09992487728595734,0.1854267120361328,0.7146484106779099,1.0392187237739563,0.8078634207663329,5,52,not_is_words
0.08851493149995804,0.1606162190437317,0.7508688494563103,1.2746150135993957,0.8191296539523385,5,72,not_is_words
0.08215142786502838,0.19538280367851257,0.722465768456459,0.9365262776613236,0.8074617412160424,5,57,not_is_words
0.0996614396572113,0.1347372680902481,0.7656012922525406,1.136140412092209,0.8556720325175453,5,57,not_is_words
0.051423490047454834,0.14295829832553864,0.8056182116270065,0.6273665785789491,0.8935038347135891,5,61,not_is_words
0.05651596933603287,0.09977896511554718,0.84370506554842,0.6442820504307747,0.9429644850247046,5,57,not_is_words
0.05676780268549919,0.20047679543495178,0.742755401879549,0.6698600716888905,0.8268409190734602,5,59,not_is_words
0.09829974174499512,0.1774449646472931,0.7242552936077118,1.1402770042419432,0.8078232121009092,5,58,not_is_words
0.08456384390592575,0.11684299260377884,0.7985931634902954,0.9471150517463683,0.8944243431091308,5,56,not_is_words
0.0737142562866211,0.16097797453403473,0.7653077691793442,1.0614852905273438,0.8348812027411028,5,72,not_is_words
0.07416648417711258,0.2000546157360077,0.7257789000868797,1.0828306689858438,0.7907740254677943,5,73,not_is_words
0.05378758907318115,0.1151823028922081,0.8310301080346107,0.7422687292098998,0.9101758326093357,5,69,not_is_words
0.05161230266094208,0.11932148039340973,0.8290662169456482,0.8257968425750732,0.8962878021034034,5,80,not_is_words
0.04195550084114075,0.14100219309329987,0.8170423060655594,0.7384168148040772,0.8768258894362101,5,88,not_is_words
0.043587662279605865,0.13441422581672668,0.8219981119036674,0.653814934194088,0.8934762085909428,5,75,not_is_words
0.08355418592691422,0.2315184772014618,0.684927336871624,0.9525177195668221,0.7655070235624033,5,57,not_is_words
0.12145314365625381,0.17589519917964935,0.7026516571640968,1.6760533824563026,0.7695708626082965,5,69,not_is_words
0.08030156791210175,0.14739349484443665,0.7723049372434616,1.011799755692482,0.853600193795405,5,63,not_is_words
0.060753241181373596,0.10547108203172684,0.8337756767868996,1.0328051000833511,0.89710041173274,5,85,not_is_words
0.0383206382393837,0.11189188063144684,0.8497874811291695,0.559481318295002,0.9258878525735726,5,73,not_is_words
0.06632311642169952,0.1138429120182991,0.8198339715600014,0.7428189039230346,0.9182140481472015,5,56,not_is_words
0.0675848051905632,0.11518090963363647,0.8172342851758003,0.865085506439209,0.9017757629526073,5,64,not_is_words
0.07235180586576462,0.17202073335647583,0.7556274607777596,1.0273956432938576,0.8253776879264758,5,71,not_is_words
0.04081513732671738,0.12487268447875977,0.8343121781945229,0.7754876092076302,0.8905579430166255,5,95,not_is_words
0.13923412561416626,0.15953116118907928,0.7012347131967545,1.6151158571243285,0.782146410873303,5,58,not_is_words
0.05973202735185623,0.12795567512512207,0.8123122975230217,0.7048379227519036,0.9042721802614769,5,59,not_is_words
0.051879677921533585,0.1389118731021881,0.8092084489762783,0.6329320706427097,0.897485734319145,5,61,not_is_words
0.05507942661643028,0.11707665771245956,0.8278439156711102,0.5948578074574471,0.9313244051299989,5,54,not_is_words
0.09338393062353134,0.17065320909023285,0.7359628602862358,0.9525160923600197,0.834091241657734,5,51,not_is_words
0.056508541107177734,0.1330585926771164,0.8104328662157059,0.6894042015075684,0.8988437243483284,5,61,not_is_words
0.07030696421861649,0.13981729745864868,0.7898757383227348,0.7452538207173347,0.8907109389596797,5,53,not_is_words
0.07448248565196991,0.17096033692359924,0.7545571774244308,1.0278583019971848,0.8264197657505672,5,69,not_is_words
0.07659408450126648,0.14360284805297852,0.779803067445755,0.8578537464141845,0.8733794355392456,5,56,not_is_words
0.12113571912050247,0.20815110206604004,0.6707131788134575,1.671672923862934,0.7345906244147392,5,69,not_is_words
0.06893346458673477,0.19206225872039795,0.7390042766928673,0.8823483467102051,0.8154529949714397,5,64,not_is_words
0.11201032996177673,0.15674659609794617,0.7312430739402771,1.29931982755661,0.8156172747795398,5,58,not_is_words
0.06666136533021927,0.17502865195274353,0.7583099827170372,1.0799141183495522,0.8189747813344002,5,81,not_is_words
0.05403999611735344,0.135661318898201,0.8102986849844456,0.7781759440898894,0.8839622018012134,5,72,not_is_words
0.019985506311058998,0.35983043909072876,0.6201840545982122,0.5116289615631103,0.6506849097423866,5,128,not_is_words
0.01426994614303112,0.22250908613204956,0.7632209677249193,0.3653106212615967,0.8007564251540137,5,128,not_is_words
0.028248094022274017,0.23786422610282898,0.733887679874897,0.7231512069702148,0.7699805165900558,5,128,not_is_words
0.01894431933760643,0.39517754316329956,0.585878137499094,0.4849745750427246,0.614691816392492,5,128,not_is_words
0.03389102965593338,0.27506327629089355,0.6910456940531731,0.8676103591918946,0.7250315478590669,5,128,not_is_words
0.02931107021868229,0.40773648023605347,0.5629524495452642,0.7503633975982666,0.590638635588474,5,128,not_is_words
0.03389102965593338,0.27506327629089355,0.6910456940531731,0.8676103591918946,0.7250315478590669,5,128,not_is_words
0.041712686419487,0.12683486938476562,0.8314524441957474,0.5756350725889205,0.9106383912620091,5,69,not_is_words
0.019899722188711166,0.10827340185642242,0.8718268759548664,0.3741147771477699,0.9312696174972437,5,94,not_is_words
0.015894433483481407,0.24715197086334229,0.7369535956531763,0.40689749717712403,0.7731972151115293,5,128,not_is_words
0.053435277193784714,0.12657538056373596,0.8199893422424793,0.7053456589579582,0.9019882764667273,5,66,not_is_words
0.08798602968454361,0.11658363789319992,0.7954303324222565,1.0030407384037971,0.8890103715307572,5,57,not_is_words
0.06645004451274872,0.11101729422807693,0.8225326612591743,0.8106905430555345,0.9122634970329024,5,61,not_is_words
0.0646413266658783,0.10570657253265381,0.8296521008014679,0.9696198999881744,0.901795761740726,5,75,not_is_words
0.07344251871109009,0.13494518399238586,0.791612297296524,0.9106872320175171,0.8764279005782946,5,62,not_is_words
0.10841160267591476,0.18384039402008057,0.7077480033040047,1.6261740401387215,0.7692913079391355,5,75,not_is_words
0.07733771950006485,0.09833475947380066,0.8243275210261345,0.9125850901007653,0.9176476177460742,5,59,not_is_words
0.060020655393600464,0.14937743544578552,0.790601909160614,0.780268520116806,0.8710021033125409,5,65,not_is_words
0.07718484103679657,0.11317622661590576,0.8096389323472977,0.8490332514047623,0.9087783934510485,5,55,not_is_words
0.028750864788889885,0.1406395137310028,0.8306096214801073,0.4830145284533501,0.8945026692862694,5,84,not_is_words
0.05149392783641815,0.1332463175058365,0.8152597546577454,0.6385247051715851,0.902609014085361,5,62,not_is_words
0.0786227136850357,0.17486846446990967,0.7465088218450546,1.0692689061164855,0.8187516110558664,5,68,not_is_words
0.04093334078788757,0.11592002213001251,0.8431466370820999,0.5976267755031586,0.9186523060745267,5,73,not_is_words
0.05236897990107536,0.145906001329422,0.8017250187695026,0.7750609025359153,0.8724654616021058,5,74,not_is_words
0.052601225674152374,0.12569455802440643,0.8217042163014412,0.7048564240336419,0.9025275818392879,5,67,not_is_words
0.0392792783677578,0.12025308609008789,0.8404676355421543,0.6520360209047794,0.9059586201298546,5,83,not_is_words
0.04333340749144554,0.20333567261695862,0.7533309198915958,0.7626679718494416,0.8084526945178102,5,88,not_is_words
0.05952630564570427,0.20903655886650085,0.7314371354877949,0.904799845814705,0.7941317471010344,5,76,not_is_words
0.05434223264455795,0.1085909754037857,0.8370667919516563,0.6738436847925187,0.9267525196607624,5,62,not_is_words
0.07889073342084885,0.12763938307762146,0.7934698835015297,1.167582854628563,0.8634819320457823,5,74,not_is_words
0.07983101904392242,0.10571280121803284,0.8144561797380447,0.8621750056743622,0.9162632022053003,5,54,not_is_words
0.054202158004045486,0.1333165019750595,0.812481340020895,0.6504258960485458,0.9027570444676611,5,60,not_is_words
0.055881351232528687,0.099739208817482,0.8443794399499893,0.7823389172554016,0.9235400124453008,5,70,not_is_words
0.07248618453741074,0.17369569838047028,0.753818117082119,0.7683535560965538,0.8500502171351554,5,53,not_is_words
0.050485119223594666,0.11448215693235397,0.8350327238440514,0.5856273829936981,0.9313826535183649,5,58,not_is_words
0.1013297438621521,0.1793031096458435,0.7193671464920044,1.1754250288009642,0.8023710480103126,5,58,not_is_words
0.07260766625404358,0.12981340289115906,0.7975789308547974,0.9293781280517578,0.8800870961156385,5,64,not_is_words
0.04583067446947098,0.12184576690196991,0.8323235586285591,0.5774664983153344,0.9199365647999864,5,63,not_is_words
0.11662449687719345,0.18135958909988403,0.7020159140229225,1.5161184594035149,0.7734073629066096,5,65,not_is_words
0.05906981974840164,0.13535863161087036,0.805571548640728,0.6615819811820983,0.9022401344776153,5,56,not_is_words
0.06449171900749207,0.1134602501988411,0.8220480307936668,0.6965105652809144,0.9248040346428752,5,54,not_is_words
0.07368417084217072,0.18890750408172607,0.7374083250761032,0.9726310551166534,0.8111491575837135,5,66,not_is_words
0.10023646801710129,0.1703615039587021,0.7294020280241966,1.2028376162052155,0.8104466978046629,5,60,not_is_words
0.11933231353759766,0.22304731607437134,0.657620370388031,1.2410560607910155,0.7433969404386438,5,52,not_is_words
0.14600521326065063,0.2346496731042862,0.6193451136350632,1.7228615164756775,0.6894596548012967,5,59,not_is_words
0.20333248376846313,0.2369643896818161,0.5597031265497208,1.9113253474235534,0.641610901166753,5,47,not_is_words
0.14079070091247559,0.1367696225643158,0.7224396765232086,1.8584372520446777,0.7946836441755295,5,66,not_is_words
0.09869708865880966,0.205551415681839,0.6957514956593513,1.401498658955097,0.7599747106432915,5,71,not_is_words
0.16578522324562073,0.19560633599758148,0.6386084407567978,1.6578522324562073,0.7256914099509065,5,50,not_is_words
0.12762358784675598,0.21007941663265228,0.6622969955205917,1.5059583365917206,0.7372740138814134,5,59,not_is_words
0.08015887439250946,0.2017281949520111,0.7181129306554794,1.4107961893081666,0.7706577792400268,5,88,not_is_words
0.1466212272644043,0.12317965924739838,0.7301991134881973,1.7594547271728516,0.8113323483202193,5,60,not_is_words
0.09824912250041962,0.20756667852401733,0.694184198975563,1.3361880660057068,0.7613633150054563,5,68,not_is_words
0.17752592265605927,0.22576572000980377,0.596708357334137,2.0948058873414994,0.6642602468436619,5,59,not_is_words
0.12977378070354462,0.21522068977355957,0.6550055295228958,1.661104393005371,0.7227647222321609,5,64,not_is_words
0.06222502887248993,0.20413561165332794,0.7336393594741821,0.7467003464698792,0.8151548438602023,5,60,not_is_words
0.09051449596881866,0.14413228631019592,0.7653532177209854,0.9956594556570053,0.859069938258249,5,55,not_is_words
0.07367981970310211,0.1629401296377182,0.7633800506591797,0.6925903052091599,0.8750942044141815,5,47,not_is_words
0.10090180486440659,0.2595329284667969,0.6395652666687965,1.1502805754542351,0.7148082392180667,5,57,not_is_words
0.07915283739566803,0.19485929608345032,0.7259878665208817,0.8548506438732147,0.8167363498359919,5,54,not_is_words
0.0841355174779892,0.19875916838645935,0.7171053141355515,1.24520565867424,0.7803793124416295,5,74,not_is_words
0.05839940160512924,0.18525323271751404,0.7563473656773567,0.8759910240769386,0.8221167018232138,5,75,not_is_words
0.06046643853187561,0.13974806666374207,0.7997854948043823,0.8707167148590087,0.8724932670593262,5,72,not_is_words
0.06396786123514175,0.12098447978496552,0.8150476589798927,0.9083436295390128,0.8902828275011136,5,71,not_is_words
0.03259887918829918,0.15746404230594635,0.8099370785057545,0.5346216186881065,0.8738794794404192,5,82,not_is_words
0.06265932321548462,0.1352333277463913,0.8021073490381241,0.7017844200134277,0.8983602309226989,5,56,not_is_words
0.02736832946538925,0.15267257392406464,0.8199590966105461,0.5364192575216293,0.8734346898677556,5,98,not_is_words
0.08362111449241638,0.11299154162406921,0.8033873438835144,1.0536260426044464,0.887954432713358,5,63,not_is_words
0.04288529232144356,0.1290225386619568,0.8280921690165997,0.5575088001787663,0.9123049319674403,5,65,not_is_words
0.06558744609355927,0.16881635785102844,0.7655961960554123,0.7739318639039994,0.8522674635333835,5,59,not_is_words
0.07773096859455109,0.12331490218639374,0.7989541292190552,0.7773096859455109,0.9079024195671082,5,50,not_is_words
0.042611971497535706,0.10476984083652496,0.8526181876659393,0.4857764750719071,0.9529262097442851,5,57,not_is_words
0.041573669761419296,0.09965228289365768,0.858774047344923,0.5155135050415993,0.9507855524175933,5,62,not_is_words
0.050743043422698975,0.10994531959295273,0.8393116369843483,0.6190651297569275,0.9308729064735499,5,61,not_is_words
0.060428015887737274,0.13861441612243652,0.8009575679898262,0.8339066192507744,0.8772392411317145,5,69,not_is_words
0.0753694474697113,0.1286003291606903,0.7960302233695984,0.7838422536849975,0.8998602525047634,5,52,not_is_words
0.0663258507847786,0.21561682224273682,0.7180573269724846,0.848970890045166,0.792339119417914,5,64,not_is_words
0.11634773015975952,0.1223868727684021,0.7612653970718384,1.3263641238212587,0.8508260320214664,5,57,not_is_words
0.10942031443119049,0.19750991463661194,0.6930697709321976,1.3568118989467621,0.7673272463892188,5,62,not_is_words
0.10449707508087158,0.14981518685817719,0.7456877380609512,1.2330654859542847,0.8301052178414362,5,59,not_is_words
0.1050892248749733,0.14648395776748657,0.7484268173575401,1.2400528535246849,0.8331543815866955,5,59,not_is_words
0.08756707608699799,0.1902381032705307,0.7221948206424713,1.085831743478775,0.7995728371398789,5,62,not_is_words
0.10727008432149887,0.12423588335514069,0.7684940323233604,1.0941548600792885,0.8709599032998085,5,51,not_is_words
0.13610902428627014,0.19499969482421875,0.6688912808895111,1.3338684380054473,0.7622249479903731,5,49,not_is_words
0.08156238496303558,0.2122160792350769,0.7062215358018875,0.8971862345933914,0.7926976422266084,5,55,not_is_words
0.09779234975576401,0.15635928511619568,0.7458483651280403,1.3104174867272378,0.8192104994029296,5,67,not_is_words
0.10330985486507416,0.2262035608291626,0.6704865843057632,1.2810422003269195,0.7423244326242379,5,62,not_is_words
0.10337209701538086,0.11773857474327087,0.7788893282413483,1.323162841796875,0.8594640863352808,5,64,not_is_words
0.11386854946613312,0.23235288262367249,0.6537785679101944,1.207006624341011,0.7372396616859639,5,53,not_is_words
0.08298303186893463,0.187968447804451,0.7290485203266144,1.0621828079223632,0.8044673327741951,5,64,not_is_words
0.11858191341161728,0.1403510719537735,0.7410670146346092,1.399266578257084,0.824961393649848,5,59,not_is_words
0.11864465475082397,0.20425426959991455,0.6771010756492615,1.3525490641593934,0.7567600257256452,5,57,not_is_words
0.11643636226654053,0.22229230403900146,0.661271333694458,1.3040872573852538,0.7406238937377929,5,56,not_is_words
0.11091897636651993,0.13846179842948914,0.7506192252039909,1.4197628974914551,0.8282694898802658,5,64,not_is_words
0.11432512104511261,0.12023406475782394,0.7654408141970634,1.486226573586464,0.8432822529289682,5,65,not_is_words
0.10210230946540833,0.12900662422180176,0.7688910663127899,1.2252277135849,0.854323407014211,5,60,not_is_words
0.14306232333183289,0.17110596597194672,0.6858317106962204,1.6022980213165283,0.7681315159797668,5,56,not_is_words
0.04423833638429642,0.1760837733745575,0.7796778902411461,0.8493760585784912,0.8316564162572225,5,96,not_is_words
0.11562785506248474,0.1862931251525879,0.6980790197849274,1.3412831187248229,0.7786265989908805,5,58,not_is_words
0.07534019649028778,0.15707772970199585,0.7675820738077164,0.8739462792873381,0.8561492361701452,5,58,not_is_words
0.06782351434230804,0.16760143637657166,0.7645750492811203,1.0987409323453903,0.8257410532236099,5,81,not_is_words
0.04915444552898407,0.2074102759361267,0.7434352785348892,0.8061329066753388,0.8021275373665909,5,82,not_is_words
0.09462316334247589,0.16697612404823303,0.7384007126092911,1.1922518581151962,0.8161271034102691,5,63,not_is_words
0.04548973590135574,0.15769872069358826,0.796811543405056,0.6459542497992515,0.8703633781809074,5,71,not_is_words
0.06421225517988205,0.12429186701774597,0.811495877802372,0.6934923559427262,0.9129328625276685,5,54,not_is_words
0.058080483227968216,0.13734586536884308,0.8045736514031887,0.6969657987356186,0.8939707237813208,5,60,not_is_words
0.06993557512760162,0.17321161925792694,0.7568528056144714,1.0909949719905854,0.8199238727490107,5,78,not_is_words
0.07639941573143005,0.17965324223041534,0.7439473420381546,0.8403935730457306,0.8350429349407859,5,55,not_is_words
0.1361410915851593,0.12961368262767792,0.7342452257871628,1.4430955708026885,0.827978658866375,5,53,not_is_words
0.08836235105991364,0.11572425812482834,0.795913390815258,1.0073308020830154,0.8895502603229354,5,57,not_is_words
0.08720975369215012,0.16188779473304749,0.7509024515748024,1.0290750935673714,0.8359102762813837,5,59,not_is_words
0.12267599254846573,0.16306859254837036,0.7142554149031639,1.32490071952343,0.8035373417660594,5,54,not_is_words
0.0742371678352356,0.1400730460882187,0.7856897860765457,0.9799306154251098,0.8642587646842003,5,66,not_is_words
0.0760406106710434,0.1449897289276123,0.7789696604013443,1.0189441829919816,0.8555896269981978,5,67,not_is_words
0.07439504563808441,0.14475856721401215,0.7808463871479034,0.7885874837636947,0.8805289046561464,5,53,not_is_words
0.0723886638879776,0.13725103437900543,0.790360301733017,0.7817975699901581,0.8891553394496441,5,54,not_is_words
0.1142348051071167,0.15759800374507904,0.7281671911478043,1.2565828561782837,0.8173305206761069,5,55,not_is_words
0.05238810181617737,0.11371777206659317,0.8338941261172295,0.597224360704422,0.9319993174251388,5,57,not_is_words
0.11776302754878998,0.175796777009964,0.706440195441246,1.3660511195659637,0.7879525256844667,5,58,not_is_words
0.09672555327415466,0.1471264511346817,0.7561479955911636,1.160706639289856,0.8401644395457374,5,60,not_is_words
0.12800517678260803,0.14062055945396423,0.7313742637634277,1.3824559092521669,0.8227960467338562,5,54,not_is_words
0.06955224275588989,0.18128813803195953,0.7491596192121506,0.9041791558265686,0.8253453431998269,5,65,not_is_words
0.06618442386388779,0.17327585816383362,0.7605397179722786,0.9133450493216514,0.8329720720648766,5,69,not_is_words
0.05510580912232399,0.15467104315757751,0.7902231477200985,0.6282062239944936,0.8831905768636394,5,57,not_is_words
0.0784350037574768,0.1716187596321106,0.7499462366104126,0.9412200450897217,0.8332735962337917,5,60,not_is_words
0.08792692422866821,0.16518700122833252,0.7468860745429993,1.0551230907440186,0.8298734161588881,5,60,not_is_words
0.09158258140087128,0.17932194471359253,0.7290954738855362,1.2272065907716752,0.8008097827923103,5,67,not_is_words
0.10456985235214233,0.1888035535812378,0.7066265940666199,1.1920963168144227,0.7897591345450458,5,57,not_is_words
0.08829852938652039,0.15803685784339905,0.7536646127700806,1.0242629408836363,0.8406259142435514,5,58,not_is_words
0.0949164479970932,0.1802968978881836,0.7247866541147232,1.0630642175674438,0.81176105260849,5,56,not_is_words
0.08525282889604568,0.18313996493816376,0.7316072061657906,1.108286775648594,0.8060079389962099,5,65,not_is_words
0.09300506860017776,0.24002718925476074,0.6669677421450615,1.078858795762062,0.7439255585464147,5,58,not_is_words
0.06590406596660614,0.1058696061372757,0.8282263278961182,0.7776679784059525,0.9219877989786975,5,59,not_is_words
0.1284041404724121,0.16884855926036835,0.7027473002672195,1.4124455451965332,0.7887979900958587,5,55,not_is_words
0.06779208779335022,0.14008814096450806,0.7921197712421417,0.7863882184028625,0.8835182063854657,5,58,not_is_words
0.08189775049686432,0.13257920742034912,0.7855230420827866,0.8844957053661346,0.8837134223431349,5,54,not_is_words
0.0868644267320633,0.15633289515972137,0.7568026781082153,0.9902544647455216,0.8458382872974172,5,57,not_is_words
0.06304295361042023,0.1636582463979721,0.7732987999916077,0.7565154433250427,0.859220888879564,5,60,not_is_words
0.06905749440193176,0.15313085913658142,0.7778116464614868,0.8010669350624084,0.8675591441301199,5,58,not_is_words
0.06416520476341248,0.11171729117631912,0.8241175040602684,0.7058172523975372,0.9250298514962196,5,55,not_is_words
0.0765097439289093,0.1443427950143814,0.7791474610567093,0.7957013368606567,0.8807753907597584,5,52,not_is_words
0.07664439082145691,0.13880036771297455,0.7845552414655685,0.8584171772003174,0.8787018704414368,5,56,not_is_words
0.05816918984055519,0.18013188242912292,0.7616989277303219,0.884171685576439,0.8269874072500638,5,76,not_is_words
0.019687054678797722,0.26000893115997314,0.7203040141612291,0.5039885997772217,0.7557288017429289,5,128,not_is_words
0.04392596334218979,0.12574154138565063,0.8303324952721596,0.614963486790657,0.9081761667039245,5,70,not_is_words
0.0427362397313118,0.09321892261505127,0.8640448376536369,0.521382124722004,0.9583042744885791,5,61,not_is_words
0.05816918984055519,0.18013188242912292,0.7616989277303219,0.884171685576439,0.8269874072500638,5,76,not_is_words
0.03820762783288956,0.11926108598709106,0.8425312861800194,0.6495296731591225,0.9065210041177424,5,85,not_is_words
0.03529220074415207,0.16803450882434845,0.7966732904314995,0.6564349338412285,0.8516162759784995,5,93,not_is_words
0.03145033121109009,0.10985875874757767,0.8586909100413322,0.4214344382286072,0.9431523110290043,5,67,not_is_words
0.04208538308739662,0.14157405495643616,0.8163405619561672,0.5555270567536353,0.8979746181517839,5,66,not_is_words
0.05007077753543854,0.12769165635108948,0.822237566113472,0.580821019411087,0.9171111314342572,5,58,not_is_words
0.05007077753543854,0.12769165635108948,0.822237566113472,0.580821019411087,0.9171111314342572,5,58,not_is_words
0.064276784658432,0.1359894573688507,0.7997337579727173,0.6813339173793792,0.901827429203277,5,53,not_is_words
0.05007077753543854,0.12769165635108948,0.822237566113472,0.580821019411087,0.9171111314342572,5,58,not_is_words
0.040414437651634216,0.13057512044906616,0.8290104418992996,0.5496363520622253,0.9092372588572963,5,68,not_is_words
0.020254768431186676,0.1438722014427185,0.8358730301260948,0.46585967391729355,0.8818843895825771,5,115,not_is_words
0.06146252900362015,0.15280422568321228,0.7857332453131676,0.811305382847786,0.8643065698444844,5,66,not_is_words
0.10047019273042679,0.15638026595115662,0.7431495413184166,1.2056423127651215,0.8257217125760185,5,60,not_is_words
0.05605389550328255,0.15357330441474915,0.7903728000819683,0.6502251878380775,0.8815696616298877,5,58,not_is_words
0.06955845654010773,0.14804866909980774,0.7823928743600845,0.7094962567090988,0.8867119242747625,5,51,not_is_words
0.0909048318862915,0.18304118514060974,0.7260539829730988,1.1272199153900146,0.803845481148788,5,62,not_is_words
0.057120759040117264,0.11915446817874908,0.8237247727811337,0.6169041976332665,0.9266903693787754,5,54,not_is_words
0.08159703761339188,0.17106157541275024,0.7473413869738579,0.913886821269989,0.8370223534107207,5,56,not_is_words
0.0434221476316452,0.19902338087558746,0.7575544714927673,0.5036969125270843,0.8449646028188559,5,58,not_is_words
0.05928010493516922,0.1527917981147766,0.7879280969500542,0.8062094271183013,0.8641792031065111,5,68,not_is_words
0.08669522404670715,0.1487143486738205,0.7645904272794724,1.09235982298851,0.8450736301509958,5,63,not_is_words
0.07258680462837219,0.16822519898414612,0.7591879963874817,0.958145821094513,0.8351067960262298,5,66,not_is_words
0.09546591341495514,0.153127983212471,0.7514061033725739,1.1646841436624529,0.8333776782859456,5,61,not_is_words
0.08959457278251648,0.15939795970916748,0.751007467508316,1.0572159588336945,0.8360271808111442,5,59,not_is_words
0.05495743453502655,0.1441204696893692,0.8009220957756042,0.7584125965833663,0.8772003906113761,5,69,not_is_words
0.07114685326814651,0.13954466581344604,0.7893084809184074,0.8537622392177582,0.877009423242675,5,60,not_is_words
0.1024344190955162,0.13470987975597382,0.76285570114851,1.0653179585933685,0.86235861868962,5,52,not_is_words
0.06323917955160141,0.09479638934135437,0.8419644311070442,0.6703353032469749,0.9494492520994329,5,53,not_is_words
0.08090247213840485,0.1678144335746765,0.7512830942869186,0.8899271935224533,0.8432769425669495,5,55,not_is_words
0.07209888100624084,0.15899932384490967,0.7689017951488495,0.8940261244773865,0.8512841303433691,5,62,not_is_words
0.06937482953071594,0.11492526531219482,0.8156999051570892,0.8324979543685913,0.9063332279523213,5,60,not_is_words
0.07876035571098328,0.08547969162464142,0.8357599526643753,0.7876035571098328,0.9497272189367901,5,50,not_is_words
0.0995737686753273,0.1082160621881485,0.7922101691365242,1.1550557166337967,0.8836190348061231,5,58,not_is_words
0.06145671010017395,0.10728251188993454,0.8312607780098915,0.7251891791820526,0.9253657717468603,5,59,not_is_words
0.0850449800491333,0.12633997201919556,0.7886150479316711,0.9865217685699462,0.879609091923787,5,58,not_is_words
0.07993102073669434,0.14765308797359467,0.772415891289711,1.0071308612823486,0.8537228272149437,5,63,not_is_words
0.1132311224937439,0.19796548783779144,0.6888033896684647,1.4720045924186707,0.7588511920076305,5,65,not_is_words
0.06731030344963074,0.1437922865152359,0.7888974100351334,0.8615718841552734,0.8705074869353195,5,64,not_is_words
0.07195183634757996,0.11269930750131607,0.815348856151104,0.8202509343624116,0.9112722509924103,5,57,not_is_words
0.08979605883359909,0.1488569974899292,0.7613469436764717,1.0416342824697493,0.8491946679468338,5,58,not_is_words
0.06083466112613678,0.12651696801185608,0.8126483708620071,0.7056820690631866,0.9064154905768541,5,58,not_is_words
0.046318940818309784,0.12183080613613129,0.8318502530455589,0.6114100188016891,0.9150352783501149,5,66,not_is_words
0.06293018162250519,0.12844575941562653,0.8086240589618683,0.8180923610925674,0.8908570141105329,5,65,not_is_words
0.058305442333221436,0.1254797875881195,0.8162147700786591,0.7229874849319459,0.9036663525870868,5,62,not_is_words
0.08207596838474274,0.12400481104850769,0.7939192205667496,0.8535900712013245,0.8974739015102386,5,52,not_is_words
0.06277687102556229,0.13216646015644073,0.805056668817997,0.8286546975374222,0.8855623356997967,5,66,not_is_words
0.056778643280267715,0.12055058777332306,0.8226707689464092,0.7040551766753197,0.9108140656192388,5,62,not_is_words
0.06693385541439056,0.12780310213565826,0.8052630424499512,0.8835268914699554,0.8857893466949464,5,66,not_is_words
0.0553952232003212,0.1444203406572342,0.8001844361424446,0.6647426784038544,0.8890938179360496,5,60,not_is_words
0.060390450060367584,0.10783177614212036,0.831777773797512,0.7005292207002639,0.9277521323126096,5,58,not_is_words
0.0496823787689209,0.0939229279756546,0.8563946932554245,0.606125020980835,0.949819568883289,5,61,not_is_words
0.06677483022212982,0.13970698416233063,0.7935181856155396,0.9081376910209655,0.8703102680944628,5,68,not_is_words
0.060455676168203354,0.11552096903324127,0.8240233547985554,0.7012858435511589,0.9191029726599271,5,58,not_is_words
0.04296359419822693,0.12151657044887543,0.8355198353528976,0.6358611941337585,0.9092421737663886,5,74,not_is_words
0.07147814333438873,0.12154490500688553,0.8069769516587257,0.8291464626789092,0.9000896768501172,5,58,not_is_words
0.012715047225356102,0.3387426435947418,0.6485423091799021,0.3255052089691162,0.6804378325821924,5,128,not_is_words
0.06077180057764053,0.1414009928703308,0.7978272065520287,0.8508052080869675,0.8726235071662813,5,70,not_is_words
0.012715047225356102,0.3387426435947418,0.6485423091799021,0.3255052089691162,0.6804378325821924,5,128,not_is_words
0.012715047225356102,0.3387426435947418,0.6485423091799021,0.3255052089691162,0.6804378325821924,5,128,not_is_words
0.012715047225356102,0.3387426435947418,0.6485423091799021,0.3255052089691162,0.6804378325821924,5,128,not_is_words
0.012715047225356102,0.3387426435947418,0.6485423091799021,0.3255052089691162,0.6804378325821924,5,128,not_is_words
0.012715047225356102,0.3387426435947418,0.6485423091799021,0.3255052089691162,0.6804378325821924,5,128,not_is_words
0.012715047225356102,0.3387426435947418,0.6485423091799021,0.3255052089691162,0.6804378325821924,5,128,not_is_words
0.015592506155371666,0.32391321659088135,0.660494277253747,0.39916815757751467,0.692977602364587,5,128,not_is_words
0.015592506155371666,0.32391321659088135,0.660494277253747,0.39916815757751467,0.692977602364587,5,128,not_is_words
0.015592506155371666,0.32391321659088135,0.660494277253747,0.39916815757751467,0.692977602364587,5,128,not_is_words
0.015592506155371666,0.32391321659088135,0.660494277253747,0.39916815757751467,0.692977602364587,5,128,not_is_words
0.017057280987501144,0.12576019763946533,0.8571825213730335,0.4196091122925282,0.9011405993921635,5,123,not_is_words
0.04086151719093323,0.11564052104949951,0.8434979617595673,0.645611971616745,0.912826561356244,5,79,not_is_words
0.01859535090625286,0.10008013248443604,0.8813245166093111,0.3495925970375538,0.941414824559946,5,94,not_is_words
0.0837327241897583,0.17579331994056702,0.7404739558696747,1.2894839525222779,0.8030492197459852,5,77,not_is_words
0.03475848585367203,0.12003403902053833,0.8452074751257896,0.8203002661466599,0.8904864470075283,5,118,not_is_words
0.02604244090616703,0.33107686042785645,0.6428806986659765,0.6666864871978759,0.6744977822069262,5,128,not_is_words
0.050652503967285156,0.18957331776618958,0.7597741782665253,0.9117450714111328,0.8140437624284199,5,90,not_is_words
0.05092165991663933,0.1976146548986435,0.7514636851847172,0.9267742104828358,0.8045081806095208,5,91,not_is_words
0.02574259787797928,0.3369101285934448,0.6373472735285759,0.6590105056762695,0.6686922214070304,5,128,not_is_words
0.03363805264234543,0.13266699016094208,0.8336949571967125,0.625667779147625,0.8911911611413134,5,93,not_is_words
0.0399102084338665,0.1720397025346756,0.7880500890314579,0.8620605021715164,0.8344059766215437,5,108,not_is_words
0.030964065343141556,0.16257989406585693,0.8064560405910015,0.6874022506177425,0.8525392429104873,5,111,not_is_words
0.01198679767549038,0.13435521721839905,0.8536579851061106,0.3044646609574556,0.8959881331279012,5,127,not_is_words
0.05498466640710831,0.16899242997169495,0.7760229036211967,0.8357669293880463,0.8425391525030136,5,76,not_is_words
0.04924917221069336,0.11842948198318481,0.8323213458061218,0.5614405632019043,0.9302415041362538,5,57,not_is_words
0.04813120886683464,0.1099417582154274,0.841927032917738,0.5101908139884471,0.9494070796731938,5,53,not_is_words
0.074766606092453,0.15026676654815674,0.7749666273593903,0.9570125579833985,0.8551355888103617,5,64,not_is_words
0.0586240291595459,0.15273725986480713,0.788638710975647,0.71521315574646,0.874672024900263,5,61,not_is_words
0.08588363975286484,0.1558525413274765,0.7582638189196587,0.9103665813803672,0.8550634553774874,5,53,not_is_words
0.06540073454380035,0.12565292418003082,0.8089463412761688,0.8240492552518845,0.8940985877262918,5,63,not_is_words
0.06341080367565155,0.11470488458871841,0.82188431173563,0.7355653226375579,0.916717116935895,5,58,not_is_words
0.08255859464406967,0.14970777928829193,0.7677336260676384,1.00721485465765,0.8514863852750171,5,61,not_is_words
0.05475984513759613,0.16836898028850555,0.7768711745738983,0.8323496460914612,0.8434601323945182,5,76,not_is_words
0.05659693107008934,0.12220783531665802,0.8211952336132526,0.7470794901251793,0.903314756974578,5,66,not_is_words
0.062274329364299774,0.16232815384864807,0.7753975167870522,0.7099273547530175,0.8666207540561172,5,57,not_is_words
0.04174191132187843,0.13467994332313538,0.8235781453549862,0.8431866087019443,0.8755936071668801,5,101,not_is_words
0.04562109708786011,0.16702568531036377,0.7873532176017761,1.0036641359329224,0.8327774416941863,5,110,not_is_words
0.06043741852045059,0.17499253153800964,0.7645700499415398,0.809861408174038,0.8397736614111995,5,67,not_is_words
0.0740053802728653,0.11352290213108063,0.8124717175960541,1.006473171710968,0.8910980128472852,5,68,not_is_words
0.05445002391934395,0.12087841331958771,0.8246715627610683,0.7405203253030777,0.9044784881895589,5,68,not_is_words
0.08023130893707275,0.16411513090133667,0.7556535601615906,1.251608419418335,0.8186246901750565,5,78,not_is_words
0.07762714475393295,0.17598147690296173,0.7463913783431053,1.1488817423582076,0.8122494411380852,5,74,not_is_words
0.05760840326547623,0.15289585292339325,0.7894957438111305,0.7834742844104766,0.8658985577283367,5,68,not_is_words
0.053717516362667084,0.20452293753623962,0.7417595461010933,0.7520452290773392,0.8112995035480708,5,70,not_is_words
0.06740477681159973,0.16361185908317566,0.7689833641052246,1.1998050272464753,0.8245725229562048,5,89,not_is_words
0.08121524751186371,0.20511870086193085,0.7136660516262054,1.266957861185074,0.7731382225950558,5,78,not_is_words
0.07383888214826584,0.16934531927108765,0.7568157985806465,1.1223510086536408,0.8216857241732733,5,76,not_is_words
0.06532882899045944,0.11229521036148071,0.8223759606480598,0.7447486504912377,0.9191260736654786,5,57,not_is_words
0.06979908049106598,0.14076592028141022,0.7894349992275238,1.00510675907135,0.8612018173391169,5,72,not_is_words
0.08663021773099899,0.18068596720695496,0.732683815062046,1.126192830502987,0.8071940335429321,5,65,not_is_words
0.06735682487487793,0.11720588803291321,0.8154372870922089,0.6600968837738037,0.9292192341283311,5,49,not_is_words
0.0892670750617981,0.12444431334733963,0.7862886115908623,0.9105241656303406,0.8911270931363106,5,51,not_is_words
0.05591995269060135,0.11994339525699615,0.8241366520524025,0.7157753944396973,0.9093921677819614,5,64,not_is_words
0.06595009565353394,0.15317319333553314,0.7808767110109329,0.8969213008880615,0.8564454249797329,5,68,not_is_words
0.053739242255687714,0.11038489639759064,0.8358758613467216,0.634123058617115,0.9305033173482372,5,59,not_is_words
0.06010272726416588,0.12383231520652771,0.8160649575293064,0.7092121817171574,0.9084496697024353,5,59,not_is_words
0.06334712356328964,0.13146263360977173,0.8051902428269386,0.8615208804607392,0.8831118792295456,5,68,not_is_words
0.06357811391353607,0.12020105123519897,0.816220834851265,0.7502217441797256,0.9086231935136723,5,59,not_is_words
0.07124904543161392,0.14553892612457275,0.7832120284438133,0.86923835426569,0.8686533406376838,5,61,not_is_words
0.08276653289794922,0.14274641871452332,0.7744870483875275,0.9600917816162109,0.8638509385860883,5,58,not_is_words
0.059065788984298706,0.1108522117137909,0.8300819993019104,0.732415783405304,0.9190193563699722,5,62,not_is_words
0.06585312634706497,0.15732118487358093,0.7768256887793541,0.9087731435894966,0.8508090877107212,5,69,not_is_words
0.05837520584464073,0.17065373063087463,0.7709710635244846,0.8406029641628265,0.8410593420267105,5,72,not_is_words
0.08767886459827423,0.1450098305940628,0.767311304807663,1.0872179210186006,0.8495232303227698,5,62,not_is_words
0.07928138971328735,0.12801745533943176,0.7927011549472809,0.9830892324447632,0.8776334215487753,5,62,not_is_words
0.04538632556796074,0.10201287269592285,0.8526008017361164,0.5083268463611602,0.9549128979444503,5,56,not_is_words
0.06828942894935608,0.13251881301403046,0.7991917580366135,0.7921573758125304,0.8914061916562227,5,58,not_is_words
0.09896840155124664,0.15648679435253143,0.7445448040962219,1.1480334579944609,0.8304538199534783,5,58,not_is_words
0.05374264344573021,0.11812202632427216,0.8281353302299976,0.5804205492138863,0.9316522465087473,5,54,not_is_words
0.06296498328447342,0.11709656566381454,0.819938451051712,0.755579799413681,0.9110427233907912,5,60,not_is_words
0.05426174774765968,0.11837302148342133,0.827365230768919,0.7596644684672356,0.9049307211535051,5,70,not_is_words
0.055449794977903366,0.13340187072753906,0.8111483342945576,0.6210377037525177,0.9084861344099044,5,56,not_is_words
0.05975966900587082,0.11920677125453949,0.8210335597395897,0.7410198956727981,0.90900144114026,5,62,not_is_words
0.0650995746254921,0.11837495118379593,0.816525474190712,0.7811948955059052,0.9072505268785689,5,60,not_is_words
0.036933526396751404,0.16013997793197632,0.8029264956712723,0.45058902204036716,0.8905184770172293,5,61,not_is_words
0.06978970021009445,0.19454790651798248,0.7356623932719231,1.0328875631093979,0.8005737809135632,5,74,not_is_words
0.09227894246578217,0.15394532680511475,0.7537757307291031,1.1811704635620117,0.8317525304597,5,64,not_is_words
0.05128231644630432,0.1874120682477951,0.7613056153059006,0.6769265770912171,0.8374361768364906,5,66,not_is_words
0.04003918915987015,0.14459232985973358,0.8153684809803963,0.6406270265579224,0.8814794388977256,5,80,not_is_words
0.08053766191005707,0.18394091725349426,0.7355214208364487,1.095312201976776,0.8067009131754599,5,68,not_is_words
0.061522480100393295,0.15430974960327148,0.7841677702963352,0.6890517771244049,0.8782679027318954,5,56,not_is_words
0.05039700120687485,0.1974550187587738,0.7521479800343513,0.645081615447998,0.8299563917620428,5,64,not_is_words
0.09919247031211853,0.1759529560804367,0.7248545736074448,1.0911171734333038,0.8136122764981523,5,55,not_is_words
0.0596008226275444,0.16491341590881348,0.7754857614636421,0.6794493779540063,0.8667193804593647,5,57,not_is_words
0.06918551027774811,0.15286220610141754,0.7779522836208344,0.8855745315551757,0.858430106064369,5,64,not_is_words
0.08735942840576172,0.12408433854579926,0.788556233048439,0.8735942840576172,0.8960866284641352,5,50,not_is_words
0.07778437435626984,0.1302768588066101,0.7919387668371201,0.8711849927902221,0.8869714188575745,5,56,not_is_words
0.06804507970809937,0.1549944430589676,0.776960477232933,1.0206761956214905,0.8445222578618837,5,75,not_is_words
0.06223637983202934,0.14194384217262268,0.795819777995348,0.8090729378163815,0.8767506028762309,5,65,not_is_words
0.05771710351109505,0.1276734471321106,0.8146094493567944,0.6233447179198266,0.9164356305263937,5,54,not_is_words
0.08296328783035278,0.16977883875370026,0.747257873415947,0.9789667963981629,0.8318531043686956,5,59,not_is_words
0.08176092058420181,0.12111839652061462,0.7971206828951836,0.9974832311272622,0.8840793028473855,5,61,not_is_words
0.09431686252355576,0.17614541947841644,0.7295377179980278,0.9431686252355576,0.8290201340886679,5,50,not_is_words
0.0727560967206955,0.17315302789211273,0.7540908753871918,0.7130097478628158,0.8593128579993581,5,49,not_is_words
0.07404150813817978,0.16096419095993042,0.7649943009018898,0.7848399862647056,0.8626531478255353,5,53,not_is_words
0.10031542181968689,0.1751648485660553,0.7245197296142578,1.1034696400165558,0.8132364311996771,5,55,not_is_words
0.04737959802150726,0.13245287537574768,0.8201675266027451,0.5401274174451828,0.9166578238501268,5,57,not_is_words
0.15673679113388062,0.1776285320520401,0.6656346768140793,1.4419784784317018,0.7654798783361912,5,46,not_is_words
0.0957764983177185,0.12061981856822968,0.7836036831140518,0.9960755825042724,0.8858128591724065,5,52,not_is_words
0.11247776448726654,0.20655035972595215,0.6809718757867813,1.5072020441293719,0.7479527160281041,5,67,not_is_words
0.09242583811283112,0.1708623468875885,0.7367118149995804,1.1460803925991059,0.8156452237495354,5,62,not_is_words
0.08242853730916977,0.13625088334083557,0.7813205793499947,0.9067139104008675,0.8769924870255043,5,55,not_is_words
0.053785018622875214,0.14828409254550934,0.7979308888316154,0.8605602979660034,0.8626279879260708,5,80,not_is_words
0.05698149651288986,0.13960647583007812,0.803412027657032,0.78634465187788,0.8799274588624637,5,69,not_is_words
0.052135810256004333,0.13208699226379395,0.8157771974802017,0.6881926953792572,0.8973549172282219,5,66,not_is_words
0.09488897025585175,0.14713898301124573,0.7579720467329025,1.08173426091671,0.8471452287014792,5,57,not_is_words
0.04808359593153,0.12319338321685791,0.8287230208516121,0.615470027923584,0.9144529885259168,5,64,not_is_words
0.030559834092855453,0.12781086564064026,0.8416293002665043,0.48895734548568726,0.9098695138016262,5,80,not_is_words
0.04786746948957443,0.11985691636800766,0.8322756141424179,0.5744096338748932,0.9247506823804643,5,60,not_is_words
0.13491469621658325,0.14975573122501373,0.715329572558403,1.5380275368690492,0.7994859928593916,5,57,not_is_words
0.0611562505364418,0.13286146521568298,0.8059822842478752,0.6237937554717063,0.9134465888142586,5,51,not_is_words
0.013563072308897972,0.30107182264328003,0.685365105047822,0.3472146511077881,0.7190715856239444,5,128,not_is_words
0.058030903339385986,0.20739281177520752,0.7345762848854065,1.0329500794410706,0.7876781849976046,5,89,not_is_words
0.039899781346321106,0.19959169626235962,0.7605085223913193,0.8139555394649506,0.8080403050407767,5,102,not_is_words
0.06537297368049622,0.17467688024044037,0.7599501460790634,0.7975502789020539,0.8428537983785976,5,61,not_is_words
0.06511032581329346,0.16252338886260986,0.7723662853240967,0.8334121704101562,0.8522662458748653,5,64,not_is_words
0.0568733848631382,0.23245787620544434,0.7106687389314175,1.0805943123996258,0.7585789909942097,5,95,not_is_words
0.06379780918359756,0.1782851219177246,0.7579170688986778,1.020764946937561,0.8193698042147868,5,80,not_is_words
0.0579611137509346,0.13150721788406372,0.8105316683650017,0.9505622655153275,0.8745210106043438,5,82,not_is_words
0.0594567209482193,0.16861090064048767,0.771932378411293,0.6896979629993438,0.8610014989972115,5,58,not_is_words
0.09211698174476624,0.21319235861301422,0.6946906596422195,1.0132867991924286,0.7797548220473893,5,55,not_is_words
0.06274619698524475,0.1469256579875946,0.7903281450271606,0.727855885028839,0.8815198540687561,5,58,not_is_words
0.04532672092318535,0.1330842822790146,0.8215889967978001,0.5620513394474983,0.9096163893118501,5,62,not_is_words
0.05238230898976326,0.11895844340324402,0.8286592476069927,0.6600170932710171,0.9158865368287814,5,63,not_is_words
0.12819747626781464,0.17290359735488892,0.6988989263772964,1.3332537531852722,0.7900596559047699,5,52,not_is_words
0.09670405089855194,0.1910857856273651,0.712210163474083,1.4118791431188584,0.7759901781135531,5,73,not_is_words
0.05277158319950104,0.11183052510023117,0.8353978917002678,0.6438133150339127,0.9265322071584788,5,61,not_is_words
0.02474040910601616,0.13427388668060303,0.8409857042133808,0.6135621458292008,0.8837476891733832,5,124,not_is_words
0.030198808759450912,0.103128582239151,0.8666726090013981,0.6402147457003593,0.9186729655414819,5,106,not_is_words
0.052452802658081055,0.11011004447937012,0.8374371528625488,0.7028675556182862,0.9198080203572258,5,67,not_is_words
0.037376198917627335,0.15398669242858887,0.8086371086537838,0.6578211009502412,0.8678056775796704,5,88,not_is_words
0.03394882380962372,0.16317901015281677,0.8028721660375595,0.7265048295259476,0.8505675422378106,5,107,not_is_words
0.039392177015542984,0.10552997887134552,0.8550778441131115,0.7484513632953167,0.9127235414690515,5,95,not_is_words
0.02431352809071541,0.13602466881275177,0.8396618030965328,0.5883873797953129,0.8834702449972215,5,121,not_is_words
0.03950812667608261,0.13308168947696686,0.8274101838469505,0.6874414041638375,0.8886998270948728,5,87,not_is_words
0.03670249134302139,0.138492152094841,0.8248053565621376,0.6386233493685722,0.8859020496408145,5,87,not_is_words
0.04853062704205513,0.12404084950685501,0.8274285234510899,0.6406042769551277,0.9101713757961989,5,66,not_is_words
0.1176401823759079,0.18956612050533295,0.6927936971187592,1.3175700426101684,0.7759289407730102,5,56,not_is_words
0.07005120813846588,0.17064879834651947,0.7592999935150146,0.868634980916977,0.8406535642487662,5,62,not_is_words
0.05900043994188309,0.1672585904598236,0.7737409695982933,0.8142060711979866,0.8474305857505118,5,69,not_is_words
0.10082229971885681,0.16616301238536835,0.7330146878957748,1.169538676738739,0.8175933057299027,5,58,not_is_words
0.06537701189517975,0.1873231828212738,0.7472998052835464,0.810674947500229,0.8273676415639264,5,62,not_is_words
0.05362123250961304,0.1601354479789734,0.7862433195114136,0.600557804107666,0.8805925178527831,5,56,not_is_words
0.08612747490406036,0.16059522330760956,0.7532773017883301,0.9990787088871002,0.8401939135331373,5,58,not_is_words
0.05629769712686539,0.17380887269973755,0.7698934301733971,0.596755589544773,0.8681776978551073,5,53,not_is_words
0.057094987481832504,0.12469075620174408,0.8182142563164234,0.5823688723146916,0.9273094904919466,5,51,not_is_words
0.08454997092485428,0.1858832836151123,0.7295667454600334,0.8793196976184845,0.8247276253026465,5,52,not_is_words
0.06234913319349289,0.170540452003479,0.7671104148030281,0.7731292515993119,0.8493008163890668,5,62,not_is_words
0.08068886399269104,0.1638738363981247,0.7554372996091843,1.000541913509369,0.8363770102815968,5,62,not_is_words
0.11470076441764832,0.14507350325584412,0.7402257323265076,1.2617084085941315,0.8308656179175086,5,55,not_is_words
0.06422799080610275,0.14494016766548157,0.7908318415284157,0.7065078988671303,0.8876683935523033,5,55,not_is_words
0.03880809247493744,0.18131615221500397,0.7798757553100586,0.4889819651842118,0.8619679400795385,5,63,not_is_words
0.06894467771053314,0.16609784960746765,0.7649574726819992,0.7308135837316513,0.862611618130765,5,53,not_is_words
0.06530559062957764,0.13438354432582855,0.8003108650445938,0.7053003787994385,0.900349723175168,5,54,not_is_words
0.07830867171287537,0.18459348380565643,0.7370978444814682,0.877057123184204,0.8255495858192443,5,56,not_is_words
0.07294324785470963,0.18259532749652863,0.7444614246487617,1.1379146665334703,0.8064998767028252,5,78,not_is_words
0.05679187923669815,0.1557770073413849,0.787431113421917,0.7723695576190949,0.8636341243982315,5,68,not_is_words
0.09167487919330597,0.15576136112213135,0.7525637596845627,1.1000985503196716,0.8361819552050697,5,60,not_is_words
0.05918746441602707,0.1211933046579361,0.8196192309260368,0.828624501824379,0.8964585338253528,5,70,not_is_words
0.07414070516824722,0.12587061524391174,0.799988679587841,0.7858914747834205,0.9021148940033101,5,53,not_is_words
0.07555599510669708,0.11491905897855759,0.8095249459147453,0.7857823491096496,0.9151151562514512,5,52,not_is_words
0.07643954455852509,0.12751486897468567,0.7960455864667892,0.8714108079671861,0.8896980084040585,5,57,not_is_words
0.08026014268398285,0.1261475384235382,0.7935923188924789,0.9470696836709976,0.8834329587670992,5,59,not_is_words
0.06823086738586426,0.10754385590553284,0.8242252767086029,0.8870012760162354,0.9080447963738846,5,65,not_is_words
0.07802832126617432,0.17494012415409088,0.7470315545797348,0.9363398551940918,0.8300350606441498,5,60,not_is_words
0.047127433121204376,0.14119988679885864,0.811672680079937,0.838868309557438,0.8703478135796915,5,89,not_is_words
0.05149286240339279,0.1550101339817047,0.7934970036149025,0.8547815158963203,0.8553279389615183,5,83,not_is_words
0.04995835945010185,0.14875230193138123,0.8012893386185169,0.7493753917515278,0.8709666724114314,5,75,not_is_words
0.0533917099237442,0.16991138458251953,0.7766969054937363,1.131904250383377,0.8232987198233604,5,106,not_is_words
0.11050958931446075,0.14688679575920105,0.7426036149263382,1.304013153910637,0.826671948691584,5,59,not_is_words
0.027271755039691925,0.16952857375144958,0.8031996712088585,0.6981569290161133,0.8427012943830646,5,128,not_is_words
0.05280998721718788,0.12688210606575012,0.820307906717062,0.7499018184840679,0.8960286365678677,5,71,not_is_words
0.029655583202838898,0.20533014833927155,0.7650142684578896,0.7591829299926758,0.8026379210049989,5,128,not_is_words
0.06583955883979797,0.13762298226356506,0.796537458896637,0.842746353149414,0.8789378856790477,5,64,not_is_words
0.051045022904872894,0.14376917481422424,0.8051858022809029,0.7452573344111443,0.8772919935299389,5,73,not_is_words
0.091285839676857,0.14945530891418457,0.7592588514089584,1.095430076122284,0.8436209460099537,5,60,not_is_words
0.0897257849574089,0.14799273014068604,0.7622814849019051,1.0946545764803888,0.8454394650730219,5,61,not_is_words
0.06508124619722366,0.13355104625225067,0.8013677075505257,0.9632024437189102,0.8720766229226308,5,74,not_is_words
0.07143764197826385,0.1800033003091812,0.7485590577125549,0.9858394593000411,0.8198503965423222,5,69,not_is_words
0.052048876881599426,0.1283741295337677,0.8195769935846329,0.7390940517187118,0.8952302545309067,5,71,not_is_words
0.06598316878080368,0.1398821324110031,0.7941346988081932,0.7786013916134835,0.8840367401827056,5,59,not_is_words
0.04671777784824371,0.11572582274675369,0.8375563994050026,0.6447053343057633,0.9173236755388124,5,69,not_is_words
0.0776468962430954,0.11997968703508377,0.8023734167218208,0.8851746171712875,0.8967702892773292,5,57,not_is_words
0.06830921769142151,0.1352158933877945,0.796474888920784,0.8880198299884796,0.8774723352517112,5,65,not_is_words
0.06682838499546051,0.1525084376335144,0.7806631773710251,0.8019406199455261,0.86740353041225,5,60,not_is_words
0.08067547529935837,0.14323334395885468,0.776091180741787,1.2262672245502473,0.8426132819482258,5,76,not_is_words
0.03716424107551575,0.1447245329618454,0.8181112259626389,0.7432848215103149,0.8703310914496158,5,100,not_is_words
0.0898972824215889,0.1628401130437851,0.747262604534626,1.1866441279649733,0.8219888649880887,5,66,not_is_words
0.08789847791194916,0.2055615335702896,0.7065399885177612,1.4063756465911865,0.7638270146137959,5,80,not_is_words
0.13593196868896484,0.19316145777702332,0.6709065735340118,1.767115592956543,0.7391343606730639,5,65,not_is_words
0.10617086291313171,0.21356149017810822,0.6802676469087601,1.3802212178707123,0.7494474076113459,5,65,not_is_words
0.10409403592348099,0.15909384191036224,0.7368121221661568,1.1866720095276833,0.8234959012445281,5,57,not_is_words
0.05357738956809044,0.11206337809562683,0.8343592323362827,0.7179370202124119,0.9164273535496876,5,67,not_is_words
0.11794620752334595,0.18140560388565063,0.7006481885910034,1.3445867657661439,0.7830773872487685,5,57,not_is_words
0.05499932914972305,0.11383867263793945,0.8311619982123375,0.6709918156266212,0.921834216199138,5,61,not_is_words
0.10201754420995712,0.18269754946231842,0.7152849063277245,1.3262280747294426,0.7880257442593575,5,65,not_is_words
0.10327619314193726,0.15219944715499878,0.744524359703064,1.1566933631896972,0.8338672828674316,5,56,not_is_words
0.07599237561225891,0.18202897906303406,0.741978645324707,1.0182978332042696,0.8149601514222192,5,67,not_is_words
0.05129463970661163,0.1107327789068222,0.8379725813865662,0.6770892441272736,0.9217698395252228,5,66,not_is_words
0.06886927783489227,0.15664257109165192,0.7744881510734558,0.7437882006168366,0.8712991699576378,5,54,not_is_words
0.06062695011496544,0.16179145872592926,0.7775815911591053,0.6790218412876129,0.8708913820981979,5,56,not_is_words
0.10350088775157928,0.21266920864582062,0.6838299036026001,1.5525133162736893,0.743293373481087,5,75,not_is_words
0.10998697578907013,0.20476317405700684,0.685249850153923,1.4958228707313537,0.7515643517817221,5,68,not_is_words
0.05758964642882347,0.10975299775600433,0.8326573558151722,0.8753626257181168,0.9040279863136156,5,76,not_is_words
0.012736551463603973,0.26609933376312256,0.7211641147732735,0.32605571746826173,0.7566312023850738,5,128,not_is_words
0.014209184795618057,0.238273024559021,0.747517790645361,0.3637551307678223,0.7842809606771,5,128,not_is_words
0.01352866180241108,0.23643429577350616,0.7500370424240828,0.34633374214172363,0.7869241100842835,5,128,not_is_words
0.013026496395468712,0.21791455149650574,0.7690589521080256,0.333478307723999,0.8068815235231743,5,128,not_is_words
0.05040568858385086,0.12569382786750793,0.8239004835486412,0.6855173647403717,0.9036327884081872,5,68,not_is_words
0.04166470095515251,0.10077205300331116,0.8575632460415363,0.6916340358555317,0.924386356122695,5,83,not_is_words
0.08449776470661163,0.1559145152568817,0.7595877200365067,1.1153704941272735,0.8355464920401573,5,66,not_is_words
0.07827077805995941,0.14635944366455078,0.7753697782754898,0.8922868698835373,0.8665897521902534,5,57,not_is_words
0.04669807851314545,0.13545964658260345,0.8178422749042511,0.6444334834814072,0.8957320153713226,5,69,not_is_words
0.050228655338287354,0.1138826310634613,0.8358887135982513,0.683109712600708,0.9167811697529209,5,68,not_is_words
0.07234521210193634,0.12735231220722198,0.8003024756908417,0.8826115876436235,0.8876082003116608,5,61,not_is_words
0.10619791597127914,0.18398000299930573,0.7098220810294151,1.4655312404036522,0.7774241839845976,5,69,not_is_words
0.04913295432925224,0.12379711866378784,0.8270699270069599,0.9826590865850449,0.8798616244754893,5,100,not_is_words
0.07038435339927673,0.1297789216041565,0.7998367249965668,1.0839190423488618,0.8674285609117697,5,77,not_is_words
0.08214319497346878,0.17384517192840576,0.7440116330981255,1.1171474516391753,0.816012758881815,5,68,not_is_words
0.09135369956493378,0.19111621379852295,0.7175300866365433,1.260681053996086,0.7858662853638332,5,69,not_is_words
0.0738183930516243,0.17771752178668976,0.7484640851616859,0.9153480738401413,0.8286566657147237,5,62,not_is_words
0.02979886531829834,0.13164633512496948,0.8385547995567322,0.41122434139251707,0.9184171614192782,5,69,not_is_words
0.09056125581264496,0.1763942539691925,0.7330444902181625,1.0505105674266815,0.8176265467817967,5,58,not_is_words
0.06911889463663101,0.1339639276266098,0.7969171777367592,0.815602956712246,0.8871342167258263,5,59,not_is_words
0.046353913843631744,0.12101517617702484,0.8326309099793434,0.5655177488923073,0.9234633728861809,5,61,not_is_words
0.0571250319480896,0.14297890663146973,0.7998960614204407,0.8340254664421082,0.8715285445327189,5,73,not_is_words
0.0481259785592556,0.11134461313486099,0.8405294083058834,0.6063873298466206,0.9290061881275553,5,63,not_is_words
0.06936745345592499,0.11715953052043915,0.8134730160236359,0.8601564228534698,0.9006308391690254,5,62,not_is_words
0.07848109304904938,0.13477610051631927,0.7867428064346313,0.9574693351984025,0.8725692944093184,5,61,not_is_words
0.07424274832010269,0.17747952044010162,0.7482777312397957,1.1136412248015404,0.8133453600432562,5,75,not_is_words
0.04470738396048546,0.14226308465003967,0.8130295313894749,0.7868499577045441,0.8725194971008999,5,88,not_is_words
0.042824599891901016,0.10904523730278015,0.8481301628053188,0.6680637583136559,0.9188076763724287,5,78,not_is_words
0.07277332246303558,0.15957215428352356,0.7676545232534409,1.0770451724529266,0.8353887458934502,5,74,not_is_words
0.09185811877250671,0.19560733437538147,0.7125345468521118,1.23089879155159,0.782619912116254,5,67,not_is_words
0.08236606419086456,0.13222113251686096,0.7854128032922745,0.9554463446140289,0.8760373575183061,5,58,not_is_words
0.0670311450958252,0.1748979389667511,0.7580709159374237,0.8177799701690674,0.8407695613124154,5,61,not_is_words
0.05867837369441986,0.10098069161176682,0.8403409346938133,0.6924048095941544,0.9354738706968865,5,59,not_is_words
0.08109322190284729,0.15464654564857483,0.7642602324485779,0.9082440853118896,0.8559714603424072,5,56,not_is_words
0.05253022536635399,0.14464543759822845,0.8028243370354176,0.6303627043962479,0.8920270411504639,5,60,not_is_words
0.08526751399040222,0.14768937230110168,0.7670431137084961,0.9038356482982635,0.8649635112031977,5,53,not_is_words
0.09227902442216873,0.1630236804485321,0.7446972951292992,0.9043344393372535,0.8486085456124572,5,49,not_is_words
0.05669332295656204,0.12882840633392334,0.8144782707095146,0.8503998443484306,0.8853024681625159,5,75,not_is_words
0.053027570247650146,0.15233129262924194,0.7946411371231079,0.7848080396652222,0.8647565315751468,5,74,not_is_words
0.03942982107400894,0.18128831684589386,0.7792818620800972,0.6387631013989449,0.841624411046505,5,81,not_is_words
0.04204481467604637,0.13975119590759277,0.8182039894163609,0.9333948858082295,0.8649585030972957,5,111,not_is_words
0.047173649072647095,0.1970444768667221,0.7557818740606308,0.8019520342350006,0.8131830290525774,5,85,not_is_words
0.026452215388417244,0.25453174114227295,0.7190160434693098,0.6771767139434814,0.7543774882300955,5,128,not_is_words
0.05043499544262886,0.2109745889902115,0.7385904155671597,1.0994829006493092,0.7816150999691301,5,109,not_is_words
0.030941464006900787,0.19207163155078888,0.7769869044423103,0.7673483073711396,0.8164947131427668,5,124,not_is_words
0.053172335028648376,0.13674196600914001,0.8100856989622116,0.6274335533380508,0.9017935139390657,5,59,not_is_words
0.054705750197172165,0.21704667806625366,0.7282475717365742,1.1159973040223121,0.7737630449701101,5,102,not_is_words
0.051344990730285645,0.20446506142616272,0.7441899478435516,1.0782448053359985,0.789292368924979,5,105,not_is_words
0.054186273366212845,0.20237646996974945,0.7434372566640377,0.9861901752650738,0.7959151806638521,5,91,not_is_words
0.05152891203761101,0.20623630285263062,0.7422347851097584,1.020272458344698,0.7901209002781299,5,99,not_is_words
0.04979616403579712,0.12058351188898087,0.829620324075222,0.6871870636940002,0.9086317835109575,5,69,not_is_words
0.053336672484874725,0.20861488580703735,0.7380484417080879,0.8747214287519455,0.7963154239482001,5,82,not_is_words
0.07980354130268097,0.22414685785770416,0.6960496008396149,1.2768566608428955,0.7524860549617458,5,80,not_is_words
0.059651557356119156,0.14110207557678223,0.7992463670670986,0.8351218029856682,0.8741757139796391,5,70,not_is_words
0.10100769251585007,0.2038547843694687,0.6951375231146812,1.252495387196541,0.7696165434483971,5,62,not_is_words
0.03575754910707474,0.3147473931312561,0.6494950577616692,0.9153932571411133,0.6814374376515873,5,128,not_is_words
0.07429618388414383,0.15082602202892303,0.7748777940869331,0.950991153717041,0.8550375658890297,5,64,not_is_words
0.04016156494617462,0.18283186852931976,0.7770065665245056,0.835360550880432,0.8245783971280468,5,104,not_is_words
0.07483665645122528,0.1548123061656952,0.7703510373830795,0.9279745399951935,0.8528886485312667,5,62,not_is_words
0.052342094480991364,0.16688472032546997,0.7807731851935387,0.8479419305920601,0.8432350400090217,5,81,not_is_words
0.06857633590698242,0.15642385184764862,0.774999812245369,0.877777099609375,0.8551722066155796,5,64,not_is_words
0.0167788565158844,0.15936917066574097,0.8238519728183746,0.42618295550346375,0.8647041367597816,5,127,not_is_words
0.0167788565158844,0.15936917066574097,0.8238519728183746,0.42618295550346375,0.8647041367597816,5,127,not_is_words
0.044249072670936584,0.16407960653305054,0.7916713207960129,0.6902855336666108,0.8576439308623472,5,78,not_is_words
0.04443659260869026,0.1417693942785263,0.8137940131127834,0.7998586669564247,0.8719221569065536,5,90,not_is_words
0.08474427461624146,0.15847896039485931,0.7567767649888992,1.2881129741668702,0.8216433448450906,5,76,not_is_words
0.11137798428535461,0.12942756712436676,0.7591944485902786,1.2251578271389008,0.8521570341319454,5,55,not_is_words
0.10633109509944916,0.1579582393169403,0.7357106655836105,1.27597314119339,0.8174562950929005,5,60,not_is_words
0.10223158448934555,0.15317925810813904,0.7445891574025154,1.1858863800764083,0.8305032909489595,5,58,not_is_words
0.07805317640304565,0.1699206680059433,0.752026155591011,0.9678593873977661,0.8326003865471908,5,62,not_is_words
0.05916315317153931,0.1442188322544098,0.7966180145740509,0.7099578380584717,0.8851311273045009,5,60,not_is_words
0.08356532454490662,0.1454511135816574,0.770983561873436,0.9526446998119354,0.8616875103291343,5,57,not_is_words
0.12075570225715637,0.17124754190444946,0.7079967558383942,1.2800104439258575,0.7983793204135083,5,53,not_is_words
0.1433536559343338,0.18390750885009766,0.6727388352155685,1.5768902152776718,0.7551150191195157,5,55,not_is_words
0.1435585469007492,0.19502964615821838,0.6614118069410324,1.6078557252883912,0.7407812237739563,5,56,not_is_words
0.14523890614509583,0.18666943907737732,0.6680916547775269,1.74286687374115,0.7423240608639187,5,60,not_is_words
0.14516136050224304,0.2302103042602539,0.624628335237503,1.5387104213237761,0.7043681227146311,5,53,not_is_words
0.07546508312225342,0.12103193998336792,0.8035029768943787,0.8753949642181396,0.89621485884373,5,58,not_is_words
0.06341323256492615,0.143427312374115,0.7931594550609589,0.7229108512401581,0.886472332126954,5,57,not_is_words
0.10250328481197357,0.1593993455171585,0.7380973696708679,1.3940446734428404,0.809526147380952,5,68,not_is_words
0.048518821597099304,0.10652762651443481,0.8449535518884659,0.7083747953176499,0.9206210341471345,5,73,not_is_words
0.08057425916194916,0.203264981508255,0.7161607593297958,0.9185465544462205,0.8004149663097718,5,57,not_is_words
0.05217035859823227,0.14893312752246857,0.7988965138792992,0.7929894506931305,0.8673733579260963,5,76,not_is_words
0.09246127307415009,0.1376267969608307,0.7699119299650192,1.054058513045311,0.8604898040785509,5,57,not_is_words
0.09538093209266663,0.17143124341964722,0.7331878244876862,1.0682664394378663,0.8211703634262084,5,56,not_is_words
0.07051200419664383,0.11475535482168198,0.8147326409816742,0.7474272444844245,0.9187410632346539,5,53,not_is_words
0.11360770463943481,0.14166131615638733,0.7447309792041779,1.0679124236106872,0.8537160005511307,5,47,not_is_words
0.05652648210525513,0.1383223831653595,0.8051511347293854,0.6783177852630615,0.8946123719215393,5,60,not_is_words
0.10920530557632446,0.19834579527378082,0.6924488991498947,1.244940483570099,0.7739134755204705,5,57,not_is_words
0.06419850885868073,0.12079131603240967,0.8150101751089096,0.9629776328802109,0.88588062511838,5,75,not_is_words
0.10182210803031921,0.15095874667167664,0.7472191452980042,1.1607720315456391,0.8351272800389458,5,57,not_is_words
0.08888484537601471,0.19349166750907898,0.7176234871149063,1.2088338971138,0.7870709213518328,5,68,not_is_words
0.08567965030670166,0.1363690197467804,0.7779513299465179,1.02815580368042,0.8643903666072421,5,60,not_is_words
0.07311239838600159,0.144314706325531,0.7825728952884674,0.92121621966362,0.8649489895293587,5,63,not_is_words
0.09071999788284302,0.1546977311372757,0.7545822709798813,1.0886399745941162,0.8384247455332015,5,60,not_is_words
0.010886700823903084,0.23298469185829163,0.7561286073178053,0.27869954109191897,0.7933152601367137,5,128,not_is_words
0.010290874168276787,0.12858396768569946,0.8611251581460238,0.26344637870788573,0.9034755757597627,5,128,not_is_words
0.01584305614233017,0.23592662811279297,0.7482303157448769,0.40558223724365233,0.7850285279946249,5,128,not_is_words
0.011679533869028091,0.20073002576828003,0.7875904403626919,0.2989960670471191,0.826324396446103,5,128,not_is_words
0.050351209938526154,0.11673872172832489,0.832910068333149,0.6747062131762506,0.9148356488249342,5,67,not_is_words
0.0661773830652237,0.13736845552921295,0.7964541614055634,0.7941285967826843,0.8849490682284037,5,60,not_is_words
0.11298996210098267,0.15721026062965393,0.7297997772693634,1.3106835603713989,0.8140074438773669,5,58,not_is_words
0.11163242161273956,0.17140480875968933,0.7169627696275711,1.250283122062683,0.8029983019828796,5,56,not_is_words
0.08991099894046783,0.14811299741268158,0.7619760036468506,1.1148963868618011,0.8436162897518703,5,62,not_is_words
0.06281160563230515,0.11867545545101166,0.8185129389166832,0.7286146253347396,0.9129567395609158,5,58,not_is_words
0.043475233018398285,0.10990060865879059,0.8466241583228111,0.50431270301342,0.9443115612062124,5,58,not_is_words
0.08226718008518219,0.1057438850402832,0.8119889348745346,0.9872061610221863,0.9022099276383717,5,60,not_is_words
0.09023258090019226,0.1583274006843567,0.751440018415451,1.0286514222621919,0.8398447264643276,5,57,not_is_words
0.10398152470588684,0.1927066296339035,0.7033118456602097,1.2893709063529968,0.7786666862666607,5,62,not_is_words
0.08725807070732117,0.1587933599948883,0.7539485692977905,0.6980645656585693,0.8869983168209301,5,40,not_is_words
0.14571699500083923,0.17223165929317474,0.682051345705986,1.515456748008728,0.7710145647111146,5,52,not_is_words
0.1237872764468193,0.17282989621162415,0.7033828273415565,1.5597196832299234,0.7774231249564573,5,63,not_is_words
0.06181207299232483,0.11570315062999725,0.8224847763776779,0.6552079737186431,0.9274828329365304,5,53,not_is_words
0.07409611344337463,0.1146148145198822,0.8112890720367432,0.8298764705657958,0.9086437606811523,5,56,not_is_words
0.08495032042264938,0.09935325384140015,0.8156964257359505,0.7985330119729042,0.9350666343802359,5,47,not_is_words
0.1630363017320633,0.19267722964286804,0.6442864686250687,1.7281847983598708,0.7265358050452901,5,53,not_is_words
0.04450250416994095,0.13644513487815857,0.8190523609519005,0.6675375625491142,0.8902743053825005,5,75,not_is_words
0.05653318390250206,0.11193722486495972,0.8315295912325382,0.5879451125860214,0.9399899726976519,5,52,not_is_words
0.04486680403351784,0.09998507797718048,0.8551481179893017,0.5473750092089177,0.9484370035881345,5,61,not_is_words
0.06672736257314682,0.10129387676715851,0.8319787606596947,0.8007283508777618,0.9244208451774385,5,60,not_is_words
0.04489331692457199,0.12411320954561234,0.8309934735298157,0.5836131200194359,0.9155012843972545,5,65,not_is_words
0.08164823055267334,0.13492488861083984,0.7834268808364868,1.077756643295288,0.8617695689201356,5,66,not_is_words
0.07795195281505585,0.14346379041671753,0.7785842567682266,0.8107003092765808,0.8801387250423431,5,52,not_is_words
0.046599481254816055,0.17306464910507202,0.7803358696401119,0.6151131525635719,0.8583694566041231,5,66,not_is_words
0.048714421689510345,0.13857051730155945,0.8127150610089302,0.7014876723289489,0.8865982483733784,5,72,not_is_words
0.055471353232860565,0.19154387712478638,0.7529847696423531,0.8653531104326249,0.8157335004458824,5,78,not_is_words
0.04816971719264984,0.13885900378227234,0.8129712790250778,0.6743760406970978,0.8891873364336789,5,70,not_is_words
0.04246978461742401,0.10805650055408478,0.8494737148284912,0.5096374154090881,0.943859683142768,5,60,not_is_words
0.08897265046834946,0.12085796892642975,0.7901693806052208,1.1744389861822129,0.8691863186657429,5,66,not_is_words
0.1019115224480629,0.09937591105699539,0.7987125664949417,1.1006444424390793,0.8985516373068094,5,54,not_is_words
0.08322656154632568,0.173051118850708,0.7437223196029663,0.8822015523910521,0.8386655944458982,5,53,not_is_words
0.06515495479106903,0.0874953418970108,0.8473497033119202,0.8339834213256836,0.9350065691717739,5,64,not_is_words
0.07648168504238129,0.15352977812290192,0.7699885368347168,1.1625216126441955,0.8359875542776926,5,76,not_is_words
0.08036301285028458,0.1331464797258377,0.7864905074238777,0.9161383464932442,0.8790188024149221,5,57,not_is_words
0.06867949664592743,0.1647384762763977,0.7665820270776749,1.0164565503597258,0.8342216177021755,5,74,not_is_words
0.09599296748638153,0.15634587407112122,0.7476611584424973,1.0943198293447496,0.8356212947298499,5,57,not_is_words
0.11122255772352219,0.14809006452560425,0.7406873777508736,1.4458932504057884,0.8160115178611319,5,65,not_is_words
0.060192059725522995,0.10252155363559723,0.8372863866388798,0.8667656600475311,0.913403330878778,5,72,not_is_words
0.06915197521448135,0.08801877498626709,0.8428292497992516,0.7745021224021912,0.9439687597751617,5,56,not_is_words
0.08595538884401321,0.1367732137441635,0.7772713974118233,1.2377575993537901,0.8479324335401709,5,72,not_is_words
0.05268409475684166,0.14258287847042084,0.8047330267727375,0.7059668697416783,0.883887094979892,5,67,not_is_words
0.06734787672758102,0.15106543898582458,0.7815866842865944,0.8081745207309723,0.8684296492073271,5,60,not_is_words
0.07222509384155273,0.12915080785751343,0.7986240983009338,0.8955911636352539,0.884190965976034,5,62,not_is_words
0.03904511779546738,0.12303832918405533,0.8379165530204773,0.4841594606637955,0.9276933265583857,5,62,not_is_words
0.04601067304611206,0.1684708595275879,0.7855184674263,0.6625536918640137,0.8569292371923274,5,72,not_is_words
0.07956238090991974,0.10532784461975098,0.8151097744703293,0.891098666191101,0.9129229474067687,5,56,not_is_words
0.08359456062316895,0.11104965955018997,0.8053557798266411,1.0031347274780273,0.8948397553629345,5,60,not_is_words
0.10783565789461136,0.1609615981578827,0.731202743947506,1.2077593684196473,0.8189470732212066,5,56,not_is_words
0.09299696981906891,0.11453230679035187,0.7924707233905792,1.0415660619735718,0.8875672101974487,5,56,not_is_words
0.05701137334108353,0.1403212994337082,0.8026673272252083,0.6271251067519188,0.900953122395642,5,55,not_is_words
0.07624077796936035,0.17184314131736755,0.7519160807132721,0.9453856468200684,0.8324785179325512,5,62,not_is_words
0.10851036012172699,0.14328564703464508,0.7482039928436279,1.08510360121727,0.8502318100495772,5,50,not_is_words
0.05712905526161194,0.15228348970413208,0.790587455034256,0.708400285243988,0.8752932537879263,5,62,not_is_words
0.07819943875074387,0.14179247617721558,0.7800080850720406,0.8289140507578849,0.8795835852940032,5,53,not_is_words
0.09343807399272919,0.12394943833351135,0.7826124876737595,1.1025692731142045,0.87121012778777,5,59,not_is_words
0.07099840044975281,0.19017893075942993,0.7388226687908173,0.8093817651271821,0.8257429827662075,5,57,not_is_words
0.07775998115539551,0.14319990575313568,0.7790401130914688,0.8553597927093506,0.8744327800006283,5,55,not_is_words
0.05218379944562912,0.11161249876022339,0.8362037017941475,0.5427115142345428,0.9452737498542537,5,52,not_is_words
0.0593995675444603,0.11883348226547241,0.8217669501900673,0.7721943780779839,0.9053364705483792,5,65,not_is_words
0.09816259145736694,0.135926753282547,0.7659106552600861,1.0797885060310364,0.8596956334551987,5,55,not_is_words
0.05141996592283249,0.1368553340435028,0.8117247000336647,0.8330034479498863,0.8766626760363578,5,81,not_is_words
0.0868096798658371,0.16187557578086853,0.7513147443532944,1.0764400303363801,0.8318127526768616,5,62,not_is_words
0.10653074085712433,0.11653946340084076,0.7769297957420349,1.2570627421140672,0.8648841122411332,5,59,not_is_words
0.08239752054214478,0.18284787237644196,0.7347546070814133,0.9393317341804505,0.8211963255615795,5,57,not_is_words
0.1194753348827362,0.1521049588918686,0.7284197062253952,1.3859138846397399,0.812468133866787,5,58,not_is_words
0.08461912721395493,0.11937116086483002,0.7960097119212151,0.9477342247962951,0.8915308773517608,5,56,not_is_words
0.04548107832670212,0.10649774968624115,0.8480211719870567,0.64583131223917,0.9263000494012466,5,71,not_is_words
0.10006245970726013,0.12243287265300751,0.7775046676397324,1.1607245326042175,0.867216744675086,5,58,not_is_words
0.10441088676452637,0.1498226523399353,0.7457664608955383,1.064991044998169,0.8452019890149435,5,51,not_is_words
0.04710116609930992,0.11691446602344513,0.835984367877245,0.5746342264115811,0.9271826625547626,5,61,not_is_words
0.04195040836930275,0.10852135717868805,0.8495282344520092,0.839008167386055,0.9037534409063929,5,100,not_is_words
0.06014202535152435,0.16195589303970337,0.7779020816087723,0.7096758991479873,0.8659664682059918,5,59,not_is_words
0.05815144255757332,0.1258365511894226,0.8160120062530041,0.7559687532484531,0.8989962780753434,5,65,not_is_words
