user_id,text_id,text,timestamp,collection_phase,is_words,valence,arousal,is_seen_user,time_str,valence_preds,arousal_preds
3,256,I ' m on my first day off of three and feeling pretty good . Just been lazy today and trying to clean the house here and there . I enjoy being home and spending time with my daughters ............\ nThey are both sleeping now so I ' m gonna watch some ORG haha \ n,2021-06-14 20:17:40,1,False,1.0,1.0,True,year: 2021 month: 06 day: 14,0.35475295782089233,0.8320377469062805
3,257,I have been feeling pretty good . Enjoying my last day off apparently . I got called in tomorrow to work a private party of 40 golfers . So that should be some pretty decent money I think . I also have a doctor ' s appointment in the am so that should be fun .,2021-06-15 19:12:56,1,False,1.0,1.0,True,year: 2021 month: 06 day: 15,1.314730167388916,0.9570748805999756
3,258,"Feeling good today , just got back from a Dr ' s appointment .   Grabbed some burger king on the way home for me and my oldest daughter . It was surprisingly good for a change . Bartending a private party later tonight",2021-06-16 14:36:11,1,False,1.0,0.0,True,year: 2021 month: 06 day: 16,1.7299634218215942,0.8404858708381653
3,249,Last night I bartended a private party of 45 golfers . They were alot of fun and I made some decent money . I ' ve been feeling pretty good regardless of this cold that won ' t seem to go \naway . But I work tonight and it should be busy so I ' m excited,2021-06-17 14:43:36,1,False,1.0,1.0,True,year: 2021 month: 06 day: 17,1.6138701438903809,1.4583866596221924
3,250,I ' ve been feeling pretty good except for the fact that I can ' t get enough sleep it seems . Im so tired when I wake up that I almost need a nap instantly .   I have work tonight again so maybe I can get a nap in before,2021-06-18 12:35:39,1,False,1.0,1.0,True,year: 2021 month: 06 day: 18,0.09231729060411453,0.5425594449043274
7,349,Last night I felt pretty high on life aftera good shift at work . I had a couple of light drinks after work . Today I have been really dragging and trying to find motivation and alertness . 200 character rule is silly .,2021-03-13 16:07:30,1,False,-1.0,0.0,True,year: 2021 month: 03 day: 13,-0.3219139873981476,0.8391062617301941
7,350,I have been feeling generally extremely tired . I got a full night of sleep and did not have any drinks . Heading into work for a night shift now and still can ' t snap out of the foggy feeling . Why do you require 200 characters .,2021-03-14 17:46:14,1,False,-2.0,0.0,True,year: 2021 month: 03 day: 14,-1.4644508361816406,-0.14606362581253052
10,411,"Happy , Content , Relaxed , Calm , Tired",2021-06-12 12:10:12,1,True,2.0,0.0,True,year: 2021 month: 06 day: 12,1.6912227869033813,0.9497091770172119
10,412,"Quiet , Calm , Content , Happy , Tired",2021-06-12 22:00:42,1,True,2.0,0.0,True,year: 2021 month: 06 day: 12,0.8950888514518738,0.43109095096588135
10,413,"Tired , Content , Happy , Calm , Relaxed",2021-06-13 12:05:52,1,True,2.0,0.0,True,year: 2021 month: 06 day: 13,0.8227583169937134,0.51767498254776
17,1090,"I am just getting up . I feel okay , a little tired/sluggish yet . I am fixing to start my schoolwork . And I have class today for about 5 hours . Lab for bio and chemistry . Hopefully I’ll continue to feel ok through the day .",2022-09-07 10:01:21,4,False,-1.0,0.0,True,year: 2022 month: 09 day: 07,-0.35044896602630615,0.07624734193086624
17,1091,"I am good/okay today . I just got out of class , and have another class to go to . I enjoy school , as long as i understand it . I’m hungry , hopefully i don’t start to feel sick because I’m hungry . I am still stressed about money . But it will work it w , somehow .",2022-09-07 15:18:55,4,False,2.0,0.0,True,year: 2022 month: 09 day: 07,1.7103022336959839,0.22690632939338684
17,1092,"I am hurting a little this evening . I don’t feel the best . I am still stressed about money . But I did get my rent and one of three things paid . So I have two left . It will work out somehow . Other than that , I am okay .",2022-09-07 20:37:50,4,False,2.0,0.0,True,year: 2022 month: 09 day: 07,-1.1298174858093262,0.3107343018054962
17,1093,"I am okay , king of tired today . I had to get up early for a dentist appt , I have some broken teeth that need to be fixed . I finally got into a dentist with a sliding pay scale . Yay me . Still stressed about money . I got three things to pay , before the twentieth . It will work out somehow .",2022-09-08 10:06:38,4,False,2.0,0.0,True,year: 2022 month: 09 day: 08,0.13033363223075867,0.12498746067285538
17,1094,"I am very happy at the moment . I wanted a job at a particular restaurant , and they called me today for an interview . Yaaay . I hope it goes well . I can at least get my foot in the door . I’m so excited . She said everyone that I know there , that I’ve worked with before , gave me very high recommendations .",2022-09-08 15:06:05,4,False,2.0,1.0,True,year: 2022 month: 09 day: 08,1.8444390296936035,1.3685203790664673
17,1095,"I am at work . I feel bad tonight . I have a headache . It has been such a good day until the headache . I got the new job , hired me on the spot due to others   recommendations of me . Made me feel good !! I hope I like it there , kind of nervous .",2022-09-08 20:13:35,4,False,1.0,0.0,True,year: 2022 month: 09 day: 08,0.6884547472000122,0.7277013063430786
17,1096,"I am okay today . I do not feel the best , but I feel okay . I am a little tired , but I am excited to start my new job ! I just got hired , on the spot , yesterday . That made me feel really good . I am content . I am worried about money still . I hope I am not making a mistake .",2022-09-09 10:01:15,4,False,0.0,1.0,True,year: 2022 month: 09 day: 09,0.7778804302215576,0.45096346735954285
17,1097,"I am pretty good today . My stomach has not felt the best , besides that and being stressed about money , I am pretty good . I am on my way to work now . But I will be leaving there and starting my new job soon .",2022-09-09 15:08:03,4,False,2.0,0.0,True,year: 2022 month: 09 day: 09,1.749498724937439,0.2874946892261505
17,1098,"I am at work . It is a little busy , but not like usual . I have one of the worst sections again ! I will not make what others makes and I am sick of it ! I am so glad I am leaving this place !!! I will be glad when two weeks are up .",2022-09-09 20:05:49,4,False,1.0,0.0,True,year: 2022 month: 09 day: 09,0.04699448496103287,1.7357358932495117
17,1062,"I am at work . We will see how today goes . The last few shifts I have not really made anything . That is why I am leaving this place . I am stressed about money , and not making anything . I have stuff to pay and I’m getting worried that I will not be able to do it .",2022-09-10 10:21:34,4,False,2.0,0.0,True,year: 2022 month: 09 day: 10,-0.5505282282829285,1.5248397588729858
17,1063,"I feel good today . I am a little upset with work , again . I should have been able to pick where I was tonight , while others can , I guess I can not . I HATE the favoritism there . It is do not fair !! Anyway . I am still stressed out about money . I didn’t make any thing this morning except hourly , no tips at all . I am so mad !",2022-09-10 15:01:00,4,False,2.0,0.0,True,year: 2022 month: 09 day: 10,1.614482045173645,0.3756416440010071
17,1064,"I am ready to go home already . I’m tired . I hate working doubles , but I need the money so bad . I am stressed due to money . I have stuff to pay with not a lot coming in right now . That’s one of the reasons I’m switching jobs .",2022-09-10 20:03:17,4,False,1.0,0.0,True,year: 2022 month: 09 day: 10,-0.9256168007850647,0.7954244613647461
17,1065,"I am okay today . I am trying to do homework this morning as I start my new job today , just for training . I gave my two weeks at the other place , last day is the 24th of this month . That makes me happy ! That I do not have to deal with their Bull Shìt anymore . I am still stressed about money .",2022-09-11 11:04:12,4,False,1.0,1.0,True,year: 2022 month: 09 day: 11,1.340959906578064,0.3096235692501068
17,1066,I am on the way to my new job . I am going to get some if the training done . So I am happy about that . I am still stressed about money . I am broke . I hate being broke . I have bills I need to pay . I am afraid I will not have enough to pay everything . I hate that feeling .,2022-09-11 15:05:52,4,False,2.0,1.0,True,year: 2022 month: 09 day: 11,0.875,1.3780794143676758
17,1067,"I am good . I am at my new job . It is a lot to learn ! A lot ! But I will get it . And I found out we have to wait for our tips , I do not like that at all . But maybe it will work out better that way . Who knows ?? Still stressed about money , but maybe that’ll be over soon too !!",2022-09-11 20:12:22,4,False,2.0,0.0,True,year: 2022 month: 09 day: 11,1.7990648746490479,0.37416669726371765
17,1068,"I feel pretty good today . I am a little hungry , but besides that I am god this morning . I am off today , but I do have a doctors appointment and then class for three hours . But no work !! I am starting to really stress about money . I did not make hardly anything at work last week , really the last ten weeks .",2022-09-12 10:29:47,4,False,1.0,1.0,True,year: 2022 month: 09 day: 12,1.4068855047225952,0.5698083639144897
17,1069,"I am okay . I feel okay . Pretty good actually today . I have gotten through my drs appointment and school for three hours , I have the evening off to work on school work . Study , whatever . But no work . I need to get as much as I can though tonight and tomorrow morning cause I’ll be busy the rest of the week with both jobs .",2022-09-12 15:39:14,4,False,2.0,0.0,True,year: 2022 month: 09 day: 12,1.0218068361282349,0.3967360556125641
17,1070,"I am starting to feel a little bad this evening . My legs are bothering me and I am super tired . I am ready to go to bed , but I have my grandson . I am still stressed about money . The 20th is getting closer and closer . I am getting worried .",2022-09-12 21:46:20,4,False,2.0,0.0,True,year: 2022 month: 09 day: 12,-1.5091103315353394,0.4881319999694824
17,1071,"I am doing school work and I have my grandson . He is two . So I am trying to Do it . I have to work this evening at my old job . Hopefully I make some money , because I sure need it to pay some bills . I do not know what to do about money right now . I am so stressed . I feel okay , just stressed .",2022-09-13 10:00:51,4,False,2.0,0.0,True,year: 2022 month: 09 day: 13,0.20426100492477417,1.0960419178009033
17,1072,"I am feeling okay . Not the greatest , but I’m okay . I am just getting to work . I need to eat , so I came   in early . I hate looking at food and being hungry !! I am stressed about money , hopefully I make some tonight . I sure need it .",2022-09-13 15:00:48,4,False,2.0,0.0,True,year: 2022 month: 09 day: 13,-0.07580436766147614,0.5233842134475708
17,1073,"I am at work . I do not feel very good . I have one table left and I have finished everything , except that table . I wish they would go so I could go home !! I am so tired tonight . I am so stressed . I just want to go home .",2022-09-13 21:25:14,4,False,-1.0,1.0,True,year: 2022 month: 09 day: 13,-1.5905253887176514,0.4661841094493866
17,1074,"I had my first inspection today for my home , I was stressed about that because my boyfriend smokes in garage and we aren’t supposed to . But I think everything went okay . I am still stressed about money . My back is hurting today . I have class at 12 : 30 . I am trying to do schoolwork that I do not completely understand .",2022-09-14 10:49:33,4,False,1.0,0.0,True,year: 2022 month: 09 day: 14,0.7714490294456482,0.7658392190933228
17,1115,"I do not feel well at all . I am hurting very badly . My legs and my back . It has been for   several days now . I go to the dr I’m the morning . Other than that I’m ok I guess . Money could be better , but hopefully it will be soon .",2023-03-09 21:02:46,5,False,-2.0,0.0,True,year: 2023 month: 03 day: 09,-1.5874149799346924,0.18268339335918427
17,1116,"I am still hurting bad today . I am at a drs appointment at the moment . I have to with this evening . Not looking forward to that , but I do need the money . Not working for a month back in December really hurt me .",2023-03-10 10:07:24,5,False,-2.0,0.0,True,year: 2023 month: 03 day: 10,-1.6295616626739502,0.24897046387195587
17,1117,"I feel okay at the moment , but I’m fixing to into work . I’m hungry , I need to eat really quick . Hopefully tonight goes well , I am not able to do a lot cause of hurting so bad the last few days . Mentally I am ok I guess . I’m not too stressed at the moment .",2023-03-10 15:12:57,5,False,0.0,1.0,True,year: 2023 month: 03 day: 10,0.7975485324859619,0.5459110140800476
17,1118,I was having a good night until someone took the wrong copy of their receipt . I worked for them and had to pay because of tip outs . That completely sucks . I don’t even feel like going this Shìt tonight ! And I get screwed ? Fuck that . I hate this Shìt sometimes .,2023-03-10 20:11:05,5,False,-1.0,1.0,True,year: 2023 month: 03 day: 10,-0.19599586725234985,1.0119222402572632
17,1119,"I feel okay this morning , hurting some still . I am working on schoolwork . I have to work this afternoon at 3 : 30 . Hopefully I will make some money , because I sure need it . I am content this morning . I’m not too stressed .",2023-03-11 10:03:54,5,False,1.0,1.0,True,year: 2023 month: 03 day: 11,1.2595621347427368,0.26260942220687866
17,1120,"I feel okay I guess , my back is beginning to hurt pretty badly . My shift starts in 29 minutes , so I’m fixing to head to work . I am content , not super happy at the money cause of hurting , but I am good .",2023-03-11 15:01:14,5,False,0.0,1.0,True,year: 2023 month: 03 day: 11,1.1723555326461792,0.12880392372608185
17,1121,"I am okay tonight , still hurting , but the night has gone by quickly because I’ve been pretty busy . I do not feel good , but I need the money so   bad . I am still at work , I’m the bathroom stall at the moment filing this out . I am content , not stressed , and calm right now .",2023-03-11 20:05:38,5,False,2.0,0.0,True,year: 2023 month: 03 day: 11,1.2284430265426636,0.1676085740327835
17,1122,"I am okay this morning . I am content , tested , not hurting too bad , and I have the day , and tomorrow off from work . Although , I do have schoolwork to do . My other half has to work , so I can concentrate on my school work today , for the most part anyway . I’m not stressed . I am working and making money .",2023-03-12 10:05:11,5,False,2.0,0.0,True,year: 2023 month: 03 day: 12,1.624402642250061,0.10769561678171158
17,1123,"I am hurting bad again , so I am not feeling well . I need to take a test for school , but it’s is timed , 75 minutes . I don’t feel up to that right now .   But I’ll get it done . I’m very tired . But I am content . I am not happy happy , but I am okay . I am off from work , that is one thing . I can relax today , besides doing schoolwork .",2023-03-12 15:01:29,5,False,-2.0,0.0,True,year: 2023 month: 03 day: 12,-0.5212176442146301,0.17597989737987518
17,1124,"I am still doing schoolwork , but I have gotten a lot done today I think . I am caught up on everything I need to do and I am a little ahead as of right now . I just took a test and made a 94 . I have a 4 . 0 gpa this semester , so I’d say I am doing well in that aspect . I am content . Not sad , not stressed . I got money coming tomorrow and Wednesday , so that’s good and I’m off tomorrow again . Happy days",2023-03-12 20:01:10,5,False,0.0,1.0,True,year: 2023 month: 03 day: 12,1.8654767274856567,0.7298139929771423
17,1125,"I am okay this morning . I am hurting a little , but not too awful bad yet . I got my money from the school , my pell grant , so that’s good . I can post some bills and buy some new work shoes , as they are expensive . This makes me less stressed about money for sure .",2023-03-13 10:06:18,5,False,2.0,0.0,True,year: 2023 month: 03 day: 13,0.7303609848022461,0.3974892497062683
17,1126,"I am good . I spent the Afternoon with my daughter , did a little shopping . Got my granddaughters birthday presents and some new work shoes . I needed them , my feet were killing Me at the end of my shift . I am content . I am good . Not stressed . I have a little money , that helps a lot . Plus I’m off today . Yay .",2023-03-13 15:01:00,5,False,2.0,0.0,True,year: 2023 month: 03 day: 13,1.8711291551589966,0.2590014636516571
17,1127,"I am content and calm this evening . I have been off today and yesterday from work , so I am rested , until tomorrow anyway . I work a double tomorrow . Not looking forward to that at all . But I an ok right now",2023-03-13 20:09:24,5,False,2.0,0.0,True,year: 2023 month: 03 day: 13,1.9552526473999023,-0.13555462658405304
17,1128,I am okay . I just got to work so I do not have long to do this . I am okay though . I am in a pretty good mood I guess . Been up since early . I had to take my daughter to work . It’s going to be a good day .,2023-03-14 10:04:19,5,False,2.0,0.0,True,year: 2023 month: 03 day: 14,1.514216661453247,0.5502853393554688
17,1129,"I am okay . I am good . I am in a good mood today . I made a little cash this morning but I’m walking out the door to go to my other job for this evening . Still serving , just a different place .   Anyhow , they are both money . I am having a pet good day",2023-03-14 15:02:45,5,False,1.0,1.0,True,year: 2023 month: 03 day: 14,1.756883144378662,0.3727763593196869
17,1130,"My feet hurt and I’m ready to go home . I spent 150 on non slip shoes that aren’ Are slipping every where . I am really upset about that . I am tired , but I am content . Other than that , I am good . I am ready to go home and go to bed .",2023-03-14 21:28:12,5,False,-2.0,0.0,True,year: 2023 month: 03 day: 14,-0.21239811182022095,0.28716474771499634
17,1131,"I am okay today , kind of hurting some . I just had three teeth fixed that have been broken for a while , so that is a good thing . I work later , not really looking forward to that , but like always I need the money . I am very happy about my teeth being fixed , as it hurt to eat before .",2023-03-15 10:51:53,5,False,1.0,0.0,True,year: 2023 month: 03 day: 15,1.0660090446472168,0.4257606267929077
17,1132,"I took my shoes back , after cleaning then really well . They took them back . I figured I would try and it worked , thankfully . I am fixing to leave to go to work . I an okay , I am hurting a little today . Other than that I a good though . Can not wait to get home and see   my man tonight , I am missing him today . I am content , happy , and calm .",2023-03-15 15:05:11,5,False,2.0,0.0,True,year: 2023 month: 03 day: 15,1.7192800045013428,0.17004399001598358
17,1133,"I am done at work , no more tables at the moment . But we have to stay and clean the floors , what fun for everyone ! I am ready to go home . I’m tired . I have to work all day tomorrow , and that is a lot on me . But I’ll be okay .",2023-03-15 20:12:55,5,False,1.0,0.0,True,year: 2023 month: 03 day: 15,0.45692604780197144,0.8162176609039307
17,1134,"I am running late this morning . I am on the way to work , but later by about 25 minutes . I had school work to do and had to run somewhere before work . Other than that I am good . I’m content and not stressed this morning . Making okay money again so that helps a lot . I’m just tired a lot between that and school too .",2023-03-16 10:19:30,5,False,2.0,0.0,True,year: 2023 month: 03 day: 16,1.0664197206497192,0.06614180654287338
17,1135,"I just got screwed out of $130 that I should   not babe have . That really makes me angry . I can’t drop crying and I’m so mad . I got the night off from work , which is cool . But I’m off tomorrow night as well , and I didn’t think about that . I could’ve worked this evening . I thought I was off next Saturday , but I was wrong . Great Shìt , huh ? lol",2023-03-16 15:22:38,5,False,-2.0,1.0,True,year: 2023 month: 03 day: 16,-0.6555359959602356,0.9915433526039124
17,1136,"I am okay , now . I sure was bit earlier though . I was so upset . I do not have the money for someone to just charge me for an extra 135 . 00 . I just do not get it . Anyway , I paid most of it and a lot of other stuff today . At least I don’t have to worry with that .",2023-03-16 20:16:38,5,False,2.0,0.0,True,year: 2023 month: 03 day: 16,0.6933952569961548,0.45481911301612854
17,1137,"I content and okay this morning . I feel okay , so that helps a lot . I have to work this evening , but that’s fine too . They gave me the night off last night and I got to keep my grandson . So I got to see him and spend some time with him . That makes me happy , as long as he’s good . lol",2023-03-17 10:03:34,5,False,2.0,0.0,True,year: 2023 month: 03 day: 17,1.6379832029342651,0.13239648938179016
17,1138,"I am doing fine today . I feel okay . Got most of my bills paid now . I just got to work for   the evening . I hate serving , but I love the money I can make , so I guess it evens out . lol . Anyway , I hope it will be a good night .",2023-03-17 15:23:20,5,False,2.0,0.0,True,year: 2023 month: 03 day: 17,1.400830864906311,0.4495473802089691
17,1139,"I have had one shitty night . It was supposed to be a good night !!! I hate life sometimes and I hate freaking people sometimes !! Sometimes I just feel like I don’t want to do this anymore . Not that I won’t , just feel like that . I’m very sad and angry . I’m calm , but angry .",2023-03-17 20:22:15,5,False,2.0,0.0,True,year: 2023 month: 03 day: 17,-1.5538461208343506,0.7539909482002258
17,1099,"I am off today . I feel okay today , so that is good . So far anyway . I have some school work to do , so that is what I am   working on now . Hopefully today will be a good day , especially after the night I had last night . It was a terrible night .",2023-03-18 10:09:09,5,False,0.0,1.0,True,year: 2023 month: 03 day: 18,0.5129664540290833,0.4150337278842926
17,1100,"I have waited my whole day . Sleeping on and off . I am just so tired . Exhausted is more like it . Other than that , I am good today . It’s my day off today . I am feeling good and I am okay . Have a great day whomever is ? this vv",2023-03-18 15:01:19,5,False,-2.0,0.0,True,year: 2023 month: 03 day: 18,-1.063179850578308,0.18346765637397766
17,1101,"I have been so tired all day today . I have slept most of the day away . I haven’t gotten much school work done today and I needed to . I’ll have to get up early in morning and get done fine before work . Other than that I’m good . I’m not hurting too Bad today , so that is good .",2023-03-18 20:09:17,5,False,-2.0,0.0,True,year: 2023 month: 03 day: 18,-0.5711343884468079,0.03006480261683464
17,1102,"I am okay right now , but I do have to work tonight . I have a lot of schoolwork to do , I should’ve done more yesterday , now I’m going to get behind or have a lot to do over the next few days . To top it off I read the wrong chapter in one class , so now I have to do that again . On top of working tonight . Uggghh . I’m content , quiet , calm at the moment .",2023-03-19 10:50:16,5,False,0.0,0.0,True,year: 2023 month: 03 day: 19,1.0353846549987793,0.3026902377605438
17,1103,"I am tired and don’t feel very good . I wish I didn’t have to with this evening . But I have to leave in like 10 minutes to head that way . I need the money , so I’ll go . We have bills to pay . Just life I guess . I’m just tired .",2023-03-19 15:01:28,5,False,-2.0,0.0,True,year: 2023 month: 03 day: 19,-1.4667210578918457,-0.11589249223470688
17,1104,"I am at work , trying to close down for the night . It was slow , but I still made 100 . Fortunately . One table even stiffed me tonight . That sucked . Other than that I’m okay , content and calm . I am fixing to go home , so that makes me happy . Yaaay",2023-03-19 20:40:18,5,False,2.0,0.0,True,year: 2023 month: 03 day: 19,0.9923750758171082,0.3313484191894531
17,1105,"I am okay , content , calm , quiet . I am home alone , doing school work . I have all day with the exception of a mandatory meeting at work at 4 today , other than that I can concentrate on my schoolwork and get a lot done today . I feel okay today , so far anyway . I’m not stressed , not yet anyway lol .",2023-03-20 10:03:55,5,False,0.0,0.0,True,year: 2023 month: 03 day: 20,1.5675301551818848,0.08483098447322845
17,1106,"I am okay . I’ve been working on schoolwork all morning . But I have to leave soon to go to a 4 : 00 mandatory meeting at work . They are rolling out a new menu . At least we get to eat . For free . So we can try everything new if we like . That will be good at least . My back is hurting a little , but I’m okay mainly .",2023-03-20 15:02:37,5,False,0.0,1.0,True,year: 2023 month: 03 day: 20,0.9201921224594116,0.3120458126068115
17,1107,"I do not feel good . My back and legs are hurting . I just fell asleep because I was waiting on them to stop while laying down . It sucks , bad . But I will be okay , when am I not ?? I’m very quiet today . Very claim . Just tired .",2023-03-20 20:52:35,5,False,-2.0,0.0,True,year: 2023 month: 03 day: 20,-1.6226412057876587,0.07112199813127518
17,1108,"I just got to work . I hate working here two mornings a week . I like my evening job much better . But this is cash and the other is every two week . Anyway I’m ok , hurting a Little . I’m content . I’m calm . I’m quiet . Ready to get this over with",2023-03-21 10:01:07,5,False,0.0,1.0,True,year: 2023 month: 03 day: 21,1.2091281414031982,0.6559768319129944
17,1109,"Hi to whoever is reading this . I can never think of anything so I just tell you how I am feeling . I am   okay . I feel okay . Hurting some , but mainly I’m okay . My bills are mainly paid , so I’m not stressing that at the moment . I don’t have a lot of money , but everything that needed to get paid is paid . That’s a good thing .",2023-03-21 15:00:59,5,False,1.0,1.0,True,year: 2023 month: 03 day: 21,1.7416437864303589,0.37859827280044556
17,1110,"Having a pretty good night so far . Started out hurting really bad , but that’s eased up some now . I do feel better , probably walked it off . I am ready to go home though . I’m tired . I am content , calm . A bit lively tonight . Have a great evening !!",2023-03-21 20:05:18,5,False,1.0,2.0,True,year: 2023 month: 03 day: 21,1.5029816627502441,0.6262473464012146
17,1111,"You need more choices in how we feel , like aggravated being one ! I am so aggravated with my school work at the moment . Other than that I am okay I guess . I feel okay . Just trying to figure out an assignment for school and I don’t know what to do for it at all .",2023-03-22 10:09:22,5,False,-1.0,1.0,True,year: 2023 month: 03 day: 22,1.501319169998169,0.4118398427963257
17,1112,"I am getting ready to leave to go to work . They just put in the app that 2 could have the night off , I wanted to reply so bad , but I need the money on my check and need it period . I have bills coming up . I am okay right now . Had a pretty good day so far . I got to see my daughter for a little bit , that’s always a good thing . Have a good day !!",2023-03-22 15:01:46,5,False,0.0,1.0,True,year: 2023 month: 03 day: 22,1.6046663522720337,0.8641171455383301
17,1113,"I just got done eating . I was supposed to work but it was really slow so I went home . Trying to work on schoolwork . I am I little tired , but I guess I am okay other than that . I do wish I has more energy .",2023-03-22 20:06:56,5,False,0.0,1.0,True,year: 2023 month: 03 day: 22,-0.2971653640270233,0.47961464524269104
17,1114,"I am pretty good this morning . I just got to work and I was late . I fell back to sleep , I did not mean to . I would not have come if I did not need the money . I do not like this place . But I am only here 2 days a week . So I will deal right now . Hello by the way !",2023-03-23 10:26:09,5,False,2.0,0.0,True,year: 2023 month: 03 day: 23,1.424314022064209,0.6382695436477661
17,1155,"I just woke up . I feel ok . I have to work today . I am content , not really happy because I   just opened my eyes . I have about gotten my bills all caught up , so I’m not stressed out . I work in a few hours . From 1 : 00 until I get cut tonight . Not looking forward to that .",2023-06-25 10:45:16,6,False,1.0,0.0,True,year: 2023 month: 06 day: 25,1.5613021850585938,0.3790268003940582
17,1156,"I’m okay , pretty content/happy . I’m at   work , just happen to be on   break at the moment . I’m fixing to go back in though . I only had one table when I got there , then went on break . lol . What a waste of time ! That aggravated me ,   but it is what it is . I’m okay besides that , I feel okay today .",2023-06-25 15:00:53,6,False,1.0,1.0,True,year: 2023 month: 06 day: 25,1.773780345916748,0.2267438918352127
17,1157,"I feel bad right now . My stomach starting hurting really bad at work and I had to leave early . Thankfully they let me . They are good about that . I am content and calm , other than that . I’m not really stressed about money right now .",2023-06-25 20:06:59,6,False,0.0,1.0,True,year: 2023 month: 06 day: 25,-0.14555777609348297,0.43052273988723755
17,1158,"I am up and alive ! I’m content and calm . I have the day off today , so I’m running some errands . I feel okay right now , so that’s good . I can relax today , no work . I go back to work tomorrow evening . That’s ok though , because I like the people I work with .",2023-06-26 10:07:11,6,False,2.0,0.0,True,year: 2023 month: 06 day: 26,1.8647541999816895,0.26288020610809326
17,1159,"I am okay . I guess I feel okay , so that should mean I’m okay , right ? I’m not stressed about money . I am stressed about 2 of my grown children though . They have some health issues going on , and I can’t help but to worry about them . Other than that , I’m okay .",2023-06-26 15:15:31,6,False,-1.0,0.0,True,year: 2023 month: 06 day: 26,1.4275888204574585,0.37815216183662415
17,1160,"I do not feel the best tonight , I hate feeling bad . My legs hurt so bad . I absolutely HATE feeling like this . I guess I am stressed about my kids , their health , 2 of them anyway . I wish I was rich and could god what I could for them , but I barely scape by myself .",2023-06-26 20:04:15,6,False,-1.0,0.0,True,year: 2023 month: 06 day: 26,-1.6586726903915405,0.5351874232292175
17,1161,"I just had to pull my account Negative to post something my step daughter told me was paid already . So   I am stressed out about that . My stomach hurts . I don’t feel good right now . I am so sick of Shìt happening with my bills ! Last month we lost our Internet provider babies they said we were paying with faulty cards , that we didn’t own . We’ve only paid it with one card the whole time . It’s just ridiculous .",2023-06-27 10:04:34,6,False,-1.0,1.0,True,year: 2023 month: 06 day: 27,-0.7674662470817566,1.3786629438400269
17,1162,"I am very tired today . I did not sleep well last night . Not I’m on the way to work , tired as hell . My stomach is hurting , o tried to get out of work , no such luck . Maybe it will be a good night anyway .",2023-06-27 15:06:40,6,False,-1.0,0.0,True,year: 2023 month: 06 day: 27,-1.535787582397461,-0.10552583634853363
17,1163,"I am at work . I feel okay , just really tired today . I did not sleep well last night . I’m worried about 2 out of 5 of my children , their health . That doesn’t help me sleep well . I feel okay other than that I guess . I am ready to go home .",2023-06-27 20:23:49,6,False,1.0,0.0,True,year: 2023 month: 06 day: 27,0.21299180388450623,0.5325464010238647
17,1164,"I am okay . I feel okay . Just tired . I have to work this evening , so I have the day off until 3 : 30 anyways . I get so tired of working , but you need money so what can you do ? But I get bored as hell not working too , so again , what can you do ?",2023-06-28 10:01:07,6,False,0.0,0.0,True,year: 2023 month: 06 day: 28,-0.15428897738456726,0.3157738447189331
17,1165,"I am on the way to work . I am running late . Because I am hungry . My stomach is hurting because I’m so hungry , so I just had to get something . I am okay today , not feeling too bad I guess , and that always helps .",2023-06-28 15:21:53,6,False,1.0,0.0,True,year: 2023 month: 06 day: 28,0.19513243436813354,1.0801876783370972
17,1166,"I feel okay . I’m still at work . It’s been pretty slow , which definitely affects my money . I’m not hitting right now , so that’s a plus . I am ready to go home though . I’m really tired . About ready for bed , lol .",2023-06-28 20:19:43,6,False,2.0,0.0,True,year: 2023 month: 06 day: 28,-0.1063079684972763,0.5996331572532654
17,1167,"I woke up late . Had to be at work at 11 , and woke up see 10 : 30 . I told you yesterday how tired I was . And I hate Thursdays . They are so slow at work . I need the money , so hopefully it’ll be busy . It if   nice out . I feel okay besides being tired .",2023-06-29 10:55:17,6,False,-1.0,0.0,True,year: 2023 month: 06 day: 29,-1.0689338445663452,-0.04438617452979088
17,1168,"I slept in , not on purpose , by accident , but I feel so much better today ! I’m not nearly as tired ! I am at work . Today has been okay . I’m not hurting yet today , so that’s   a good thing . Work has been okay today .",2023-06-29 15:01:46,6,False,1.0,2.0,True,year: 2023 month: 06 day: 29,0.9049186706542969,0.34632226824760437
17,1169,"I have had a good day . I haven’t been hurting too awfully bad . Work has been okay . The best part is I have felt okay , I am still tired , but not like I was . Thankfully . I am fixing to get off work , but I still have one table left at the moment . I am waiting on them to get done .",2023-06-29 20:13:17,6,False,1.0,2.0,True,year: 2023 month: 06 day: 29,1.6287808418273926,0.38542404770851135
17,1170,"My stomach is hurting this morning . Not feeling the best . But I have not been up long , so we will see how the day goes . My back and legs are hurting today . Maybe it’ll go away . I’m not too stressed at the moment . But that may come later . I don’t know . I’m getting too old to serve !!",2023-06-30 10:22:07,6,False,-1.0,0.0,True,year: 2023 month: 06 day: 30,-0.5652450919151306,0.38147619366645813
17,1171,"I’m at work , in the bathroom . I don’t have long . I have two tables and I’m waiting in drinks . I feel ok , although I didn’t this morning . I felt really bad . Thankfully I feel better now . I’m not too stressed , so that’sgood .",2023-06-30 16:06:17,6,False,1.0,2.0,True,year: 2023 month: 06 day: 30,1.0612088441848755,0.7570812106132507
17,1172,"I at work and my umph is wearing down . My energy is depleting . We still have 50 minutes until close , then side work , side work , side work !! I still feel okay , I’m just tired . Ready   to go home . Just to do it all day tomorrow .",2023-06-30 20:10:01,6,False,-1.0,0.0,True,year: 2023 month: 06 day: 30,-0.6970745325088501,0.21909590065479279
17,1173,"Hi ! I just got out the shower , trying to get ready for work . I don’t feel the Need , but not the worst other . I guess I’m okay right now . I do not really want to work though , but I need the money so I go , every day but one day a week . I get tired , I’m almost 50 now . But you got to do what you got to do , right ? I’m not stressed at the moment .",2023-07-01 10:01:47,6,False,0.0,1.0,True,year: 2023 month: 07 day: 01,1.5621132850646973,0.6145641803741455
17,1174,"I am okay today . A little tired , and hurting a little , but I’m okay . I’m at work . Had to go to the bathroom . I’m still worried about my kids , but other than that I’m okay . Money is ok right now , bills are paid anyway .",2023-07-01 15:07:58,6,False,1.0,2.0,True,year: 2023 month: 07 day: 01,0.7290834784507751,0.30652254819869995
17,1175,"I just got off work . I am very tired . I am on the way home now , thankfully . My feet hurt really bad . Other than that , I am okay . Still worried about my kids , not so much money at the moment . I will be glad you get home .",2023-07-01 20:57:02,6,False,-1.0,0.0,True,year: 2023 month: 07 day: 01,0.6208192706108093,0.2909982204437256
17,1176,"I am okay right now . I am still laying in bed at the moment , but I’ve been up and down for the last two hours . I am not hurting too bad at the moment . I have work in two   hours . Hopefully it’s busy , so I can make some money .",2023-07-02 10:00:56,6,False,0.0,1.0,True,year: 2023 month: 07 day: 02,0.08407849818468094,0.36706140637397766
17,1177,"I am very tired . My feet hurt really bad , so do my legs and I have a few hours left at work still . That sucks . I went in at 12 , not in on break . I am Tim to grab some food really quick . I do not feel very good today . I really don’t at all .",2023-07-02 15:07:19,6,False,-1.0,0.0,True,year: 2023 month: 07 day: 02,-1.803269624710083,-0.013015011325478554
17,1178,"I am on   the way home . I just got off work . I an do very tired . My head hurts from getting so hot . It is thumping right now . I will be glad to get home and just sit for a while . I an off tomorrow , thankfully .",2023-07-02 20:07:51,6,False,-2.0,0.0,True,year: 2023 month: 07 day: 02,0.3502044081687927,0.6014185547828674
17,1179,"Good morning . I feel okay this morning , so far . Today is my day off . I plan on going to get my grandson , my daughter , and we are going to my friends house to go to the pool for a bit . It should be fun . I do not ever do anything , so hopefully I’ll continue to feel ok .",2023-07-03 10:03:21,6,False,1.0,2.0,True,year: 2023 month: 07 day: 03,0.8515707850456238,0.5500426888465881
17,1180,"I did not end up going to the pool today with my grandson . I went and bought a bunch of stuff to take him and they would not let me . That was very disappointing for me , it upset me quite   badly . I guess that is life , he is not my child . I goes they do not trust me . I do not know . Anyway , I am tired today , but it’s my day off .",2023-07-03 15:00:54,6,False,0.0,2.0,True,year: 2023 month: 07 day: 03,-1.3651061058044434,0.44827982783317566
17,1181,"I have emailed y’all , with no reply . I am not going to continue to do this with no pay . I haven’t gotten any compensation yet , and I have by now usually . Please check into this . Other than that I’m fine .",2023-07-03 20:00:57,6,False,0.0,1.0,True,year: 2023 month: 07 day: 03,0.47385841608047485,0.6780000329017639
17,1140,"I have not been up long . I do not feel the best . My stomach is hurting today . I just got out of the shower . Getting ready for work . You need to check into my payment , I haven’t got one yet . Please check into that for me . It’s beginning to stress me out .",2023-07-04 10:01:58,6,False,-1.0,0.0,True,year: 2023 month: 07 day: 04,-1.7161732912063599,0.43842002749443054
17,1141,"I am okay today . I am on break , I am   fixing to head back to work to finish out my shift . Why haven’ti gotten paid yet ??? That’s PERSON to stress   me out bad . I try so hard to do these for y’all and not miss one , but I’m not being compensated at all this time . Other than that , I am good today . Thank you",2023-07-04 15:06:47,6,False,0.0,1.0,True,year: 2023 month: 07 day: 04,1.5808004140853882,0.07419372349977493
17,1142,"Hello ! I want my money for doing this ! I have emailed y’all , no reply . I’ve put messages in here , no nothing . I need the money , that’s why I do this . I feel like Shìt . I’m hurting like hell . Go to hell",2023-07-04 21:49:44,6,False,-1.0,0.0,True,year: 2023 month: 07 day: 04,-0.8534064888954163,1.1949543952941895
17,1143,"Hello ! I feel like Shìt . That’s my honest answer in how I feel right now . They put me upstairs last night , and my hip is killing my this morning . It’s hard to walk . I work at 3 : 30 again today . Hopefully I’m not updated again ! I’m not really stressing , just hoping my check comes through today like it usually does , I’m not sure cause yesterday was a holiday . I need to post my rent today .",2023-07-05 10:03:43,6,False,-2.0,0.0,True,year: 2023 month: 07 day: 05,-0.03403748571872711,1.0946301221847534
17,1144,"I am still hurting . My hip , from climbing the stairs over and over again last night . It feels somewhat better , but it is still hurting . I am worried I won’t get my check in time to pay my rent in time . Which is today . Hopefully it comes through this evening where I can jump online and post it .",2023-07-05 15:02:15,6,False,-2.0,0.0,True,year: 2023 month: 07 day: 05,-1.0672056674957275,0.2988092303276062
17,1145,"I feel a lot better this evening than I did this morning . My hip isn’t hurting like it was , that’s for sure . I got my rent paid , I was also worried about that being on time . Thankfully it was . I hope . I am tired , but I do not work until 3 : 30 tomorrow evening yaaay .",2023-07-05 22:19:10,6,False,0.0,0.0,True,year: 2023 month: 07 day: 05,1.5452359914779663,0.5210736393928528
17,1146,"Hello . I still have not received any compensation for doing this . It is really starting to bother me , why am I doing this ?????\ nI feel okay , I’m just really tired . I’m so tired of being tired . And not feeling good . Is this all that getting older is ? Not feeling good ? Of course if I’m honest , I can’t remember the last time I did feel good .",2023-07-06 10:03:41,6,False,-1.0,0.0,True,year: 2023 month: 07 day: 06,-0.5359460711479187,0.5571390986442566
17,1147,"I am tired . I am also tired of feeling bad all the time . I am always tired , of course I’m not 20 anymore so I assume that has something to do with it . lol . I just get tired of feeling like this . Other than that , I hired I’m okay .",2023-07-06 15:22:26,6,False,-1.0,0.0,True,year: 2023 month: 07 day: 06,-1.1749423742294312,-0.047325845807790756
17,1148,"I am at work , I have an hour left to go , then sidework . Yay ! Not ! We have to scrub the floors tonight , so we will be here even later . I hate scrubbing the floors ! It sucks . My hip is feeling some better , thankfully . I could barely walk the other night",2023-07-06 20:06:03,6,False,1.0,0.0,True,year: 2023 month: 07 day: 06,-0.4700857698917389,1.1944222450256348
17,1149,"I finally got my money for doing these !! Thank you ! I am feeling ok this morning . I do not work until 3 : 30 , but I have to go get my daughter at 12 , then do some running around before then . I’m not really stressing about anything today . I’m not hurting , yet , so that’sa good thing .",2023-07-07 10:00:40,6,False,1.0,1.0,True,year: 2023 month: 07 day: 07,1.9115394353866577,0.7057141065597534
17,1150,"I’m starting to feel really tired and my legs are beginning to hurt .   My legs have hurt since I was a little girl . I don’t know why , but I hate it . It sucks bad . I’m not too stressed about anything . Although I would love not to go to work this evening .",2023-07-07 15:02:37,6,False,-1.0,0.0,True,year: 2023 month: 07 day: 07,-1.3595858812332153,0.05030183494091034
17,1151,I got off work early cause I was not feeling good . I’m so tired . And don’t feel very good today . I think I feel better tonight than I did this morning though . I was dragging around 3 : 00 . I am not stressed out . I’m okay in that department .,2023-07-07 20:01:30,6,False,-1.0,0.0,True,year: 2023 month: 07 day: 07,-0.4580916166305542,0.20677383244037628
17,1152,"I am feeling okay this morning I guess . I have to work at 12 , so I am fixing to get ready . I have to work until close , but hopefully it’ll be good money . Hopefully I stay feeling okay as well . I hate feeling bad . I’m not stressed at the moment , I am okay I’m that department .",2023-07-08 10:49:42,6,False,0.0,1.0,True,year: 2023 month: 07 day: 08,1.741165280342102,0.2935202717781067
17,1153,"I am on break . I have to go back in just a few minutes . We only get 30-45 minutes break . I have just enough time to come home , sit for a few   and go back . I feel okay today . My hip is hurting some , but not too awful bad today . I’m not too stressed . Have a great day !!",2023-07-08 15:10:25,6,False,1.0,0.0,True,year: 2023 month: 07 day: 08,0.26887568831443787,0.30644047260284424
17,1154,"I am at work . I am cut , but still have tables . I am tired . But overall it’s been a price good day . My legs are beginning to ache some . I am ready to go home , but my tables and sidework . Have a great night !!!",2023-07-08 20:48:33,6,False,0.0,0.0,True,year: 2023 month: 07 day: 08,0.6830268502235413,0.45834362506866455
18,1302,"Happy , Cheerful , Lucky , Inspired , Calm",2022-05-07 15:00:00,3,True,2.0,1.0,True,year: 2022 month: 05 day: 07,1.6283361911773682,1.0003023147583008
18,1303,"Content , Calm , At ease , Accepting , Excited",2022-05-08 12:20:00,3,True,1.0,0.0,True,year: 2022 month: 05 day: 08,1.635863184928894,0.6812512278556824
18,1304,"Calm , Content , Happy , Guilty , At peace",2022-05-08 16:34:00,3,True,1.0,0.0,True,year: 2022 month: 05 day: 08,1.6848549842834473,0.4809074103832245
18,1286,"Content , Excited , Productive , Calm , At ease",2022-05-09 20:01:00,3,True,2.0,1.0,True,year: 2022 month: 05 day: 09,1.6019630432128906,0.9164886474609375
18,1287,"Content , At peace , Happy , Excited , Pleasant",2022-05-10 22:14:00,3,True,2.0,0.0,True,year: 2022 month: 05 day: 10,1.6621187925338745,0.7674926519393921
18,1288,"Calm , Excited , Happy , Optimistic , Content",2022-05-12 17:44:00,3,True,2.0,0.0,True,year: 2022 month: 05 day: 12,1.7737367153167725,0.9185981154441833
18,1289,"Excited , Happy , Content , Stoked , Elated",2022-05-13 12:16:00,3,True,2.0,2.0,True,year: 2022 month: 05 day: 13,1.7836860418319702,1.2485896348953247
18,1290,"Happy , Calm , Excited , Content , Pumped",2022-05-13 17:37:00,3,True,2.0,1.0,True,year: 2022 month: 05 day: 13,1.7915599346160889,1.1164342164993286
18,1291,"Happy , Excited , Loved , Calm , Content",2022-05-13 20:00:00,3,True,2.0,1.0,True,year: 2022 month: 05 day: 13,1.753196358680725,1.0891355276107788
19,1313,"Awake , Busy , Annoyed , Overwhelmed , Aggravated",2021-06-15 12:02:00,1,True,0.0,2.0,True,year: 2021 month: 06 day: 15,-0.1724749505519867,1.6582244634628296
19,1314,"Busy , Annoyed , Too much to do , Not enough time , Tired",2021-06-16 13:05:21,1,True,0.0,1.0,True,year: 2021 month: 06 day: 16,-0.23513585329055786,1.6537039279937744
19,1315,"Overworked , Underpaid , Stressed out , Hungry , Thirsty",2021-06-17 12:08:12,1,True,0.0,1.0,True,year: 2021 month: 06 day: 17,-0.40442532300949097,0.9592506885528564
19,1316,"Hungover , Tired , Achy , Hot , Hungry",2021-06-18 12:03:18,1,True,-2.0,0.0,True,year: 2021 month: 06 day: 18,-0.46908342838287354,0.48771747946739197
20,1319,"Anxiety , Happy , Tired , Rested , Happy",2021-06-16 21:19:29,1,True,1.0,1.0,True,year: 2021 month: 06 day: 16,0.6113722324371338,1.0443130731582642
20,1320,"Happy , Tired , Full filled",2021-06-17 22:00:20,1,True,1.0,1.0,True,year: 2021 month: 06 day: 17,1.3628013134002686,1.1248531341552734
23,1348,I have felt pretty good . I did have to work last night but after two days off it was easier to get through it and it was a little busy . I was also able to hang out with a coworker so it helped me cut some of the stress away .,2021-05-16 14:15:31,1,False,1.0,1.0,True,year: 2021 month: 05 day: 16,0.8022876381874084,0.7604979276657104
23,1336,Good day off with the family . It makes it easier to relax when I can spend time with my kids instead of stressing about what’s going on at home . But it’s been a good day until I have to go back later to work fir the next 6 days .,2021-05-17 12:03:46,1,False,2.0,1.0,True,year: 2021 month: 05 day: 17,1.3820905685424805,0.47791945934295654
23,1337,"Again just work , I have a bunch of projects I’m doing at home right now so it’s tiering to work 10hrs and drive 2 hours , get up in the am and work on the house . Motivation is a big problem , especially in my advanced age , I sometimes need a day to relax .",2021-05-18 21:57:01,1,False,-1.0,0.0,True,year: 2021 month: 05 day: 18,0.4423964023590088,0.8834241032600403
23,1338,"Tired , mostly just then end of the work week and I need to get through one more day . It gets tougher and tough to be customer facing all the time and pretend that you “care” when realistically we just want to make money . At work I just kinda shutdown , the same questions over and over again , you can only tell 10 people in a night that there is still food being cooked at 6 pm when the bar is full of people eating food .",2021-05-20 14:05:12,1,False,0.0,1.0,True,year: 2021 month: 05 day: 20,-1.6601639986038208,0.19597811996936798
23,1339,"Got through work last night ok because I have a few days off , but it makes it easier to know I don’t have to travel to and from work for a few days . Again it’s just been tough to get through the days when you work 6 days in a row with one day off in between .",2021-05-21 15:57:51,1,False,1.0,1.0,True,year: 2021 month: 05 day: 21,0.1568414568901062,0.5499460101127625
23,1340,"You know sleep is super important , when I get time off , I usually go to bed by 11 or 12 and the kids get me up by 7-8am . I feel a lot better today than I did yesterday just because of a good night sleep and not having to stress about going to work .",2021-05-22 16:08:37,1,False,1.0,1.0,True,year: 2021 month: 05 day: 22,1.0940574407577515,0.2627503275871277
24,1415,"Tired , Sneezy , Grumpy , Hopeful , Sore",2021-06-12 12:06:08,1,True,0.0,1.0,True,year: 2021 month: 06 day: 12,-0.20309960842132568,0.47568535804748535
24,1416,"Tired , Grumpy , Hot , Gross , Groggy",2021-06-12 17:13:01,1,True,0.0,1.0,True,year: 2021 month: 06 day: 12,-0.26275166869163513,0.6538448929786682
24,1417,"Tired , Hot , Lethergic , Calm , Grumpy",2021-06-13 12:50:55,1,True,2.0,0.0,True,year: 2021 month: 06 day: 13,0.0048039741814136505,0.46405816078186035
24,1418,"Stressed , Tired , Hot , Hungry , Headachy",2021-06-13 17:49:45,1,True,1.0,0.0,True,year: 2021 month: 06 day: 13,-0.19429048895835876,0.7739061117172241
25,1490,"I am a heart person . Trust me I feel every emotion and sometimes for no reason . If I have a feeling inside me , I let it out , and I be ready for whatever consequences or results that feeling will bring .",2021-06-11 17:59:23,1,False,2.0,1.0,True,year: 2021 month: 06 day: 11,1.0412276983261108,0.9969514012336731
25,1491,I’M LOOKING FORWARD TO THE END OF THE PANDEMIC .   I HOPE TO SEE ALL MY FRIENDS AND GO OUT DRINKING AGAIN .   BETTER WITH FRIENDS THAN DRINKING ALONE .   THIS PANDEMIC HAS MADE ME REALIZE HOD FRIENDS AND FAMILY ARE REALLY IMPORTANT .,2021-06-11 22:09:58,1,False,2.0,0.0,True,year: 2021 month: 06 day: 11,1.754183053970337,0.8753352761268616
33,2209,"Sleepy , Tired , Sluggish , Neutral , Quite",2022-09-07 20:19:14,4,True,0.0,0.0,True,year: 2022 month: 09 day: 07,-1.036030650138855,-0.03903898969292641
33,2210,"Sleepy , Tired , Sluggish , Content , Quite",2022-09-08 11:12:01,4,True,-1.0,0.0,True,year: 2022 month: 09 day: 08,-1.0964677333831787,-0.05496831238269806
33,2211,"In pain , Jittery , Tired , Fatigued , Sleepy",2022-09-08 15:09:29,4,True,-2.0,2.0,True,year: 2022 month: 09 day: 08,-1.6212060451507568,1.0448691844940186
33,2212,"Tired , Sleepy , Irritated , Fatigued , Quite",2022-09-08 20:00:56,4,True,-2.0,0.0,True,year: 2022 month: 09 day: 08,-1.6824519634246826,0.23837222158908844
33,2213,"Sluggish , Tired , Fatigued , Sleepy , Annoyed",2022-09-09 10:09:37,4,True,-1.0,0.0,True,year: 2022 month: 09 day: 09,-1.75960111618042,0.06394544988870621
33,2214,"Irritated , Mad , Angry , Tired , Sleepy",2022-09-09 15:40:23,4,True,-2.0,0.0,True,year: 2022 month: 09 day: 09,-0.8578416705131531,1.4875556230545044
33,2215,"Sluggish , Tired , Sleepy , Irritated , Mad",2022-09-09 20:10:50,4,True,-1.0,0.0,True,year: 2022 month: 09 day: 09,-1.7762526273727417,0.061460770666599274
33,2176,"Quite , Sleepy , Sluggish , Content , Calm",2022-09-10 10:10:09,4,True,2.0,0.0,True,year: 2022 month: 09 day: 10,0.02789285033941269,0.37391412258148193
33,2177,"Quiet , Content , Calm , Neutral , Sleepy",2022-09-10 15:00:50,4,True,0.0,0.0,True,year: 2022 month: 09 day: 10,0.41854533553123474,0.21826691925525665
33,2178,"Quiet , Content , Calm , Excited , Happy",2022-09-10 20:45:14,4,True,0.0,0.0,True,year: 2022 month: 09 day: 10,1.0191890001296997,0.166588693857193
33,2179,"Neutral , Content , Quiet , Sleepy , Emotional",2022-09-11 10:48:19,4,True,0.0,1.0,True,year: 2022 month: 09 day: 11,0.28284168243408203,0.8764939308166504
33,2180,"Sleepy , Tired , Fatigued , In pain , Emotional",2022-09-11 15:00:50,4,True,-1.0,0.0,True,year: 2022 month: 09 day: 11,-1.454484462738037,0.037286944687366486
33,2181,"Tired , Emotional , Sleepy , Content , Annoyed",2022-09-11 20:31:29,4,True,-2.0,0.0,True,year: 2022 month: 09 day: 11,-0.47198644280433655,0.4494645893573761
33,2182,"Annoyed , Mad , Irritated , Sleepy , Tired",2022-09-12 10:35:05,4,True,-2.0,0.0,True,year: 2022 month: 09 day: 12,-0.8345864415168762,1.647057294845581
33,2183,"Annoyed , Mad , Irritated , Sluggish , Sleepy",2022-09-12 15:22:45,4,True,-2.0,0.0,True,year: 2022 month: 09 day: 12,-0.9143902063369751,1.6610643863677979
33,2184,"Tired , Sleepy , Irritated , Annoyed , Mad",2022-09-12 20:16:55,4,True,-2.0,0.0,True,year: 2022 month: 09 day: 12,-1.6433165073394775,0.5519253611564636
33,2185,"Sleepy , Tired , Annoyed , Irritated , Quiet",2022-09-13 10:32:43,4,True,0.0,1.0,True,year: 2022 month: 09 day: 13,-1.3092985153198242,0.15094253420829773
33,2186,"Sleepy , Tired , Quiet , Irritated , Annoyed",2022-09-13 15:39:33,4,True,-2.0,0.0,True,year: 2022 month: 09 day: 13,-1.0031120777130127,0.0878894254565239
33,2187,"Sleepy , Quiet , Exhausted , Irritated , Annoyed",2022-09-13 20:01:50,4,True,-2.0,0.0,True,year: 2022 month: 09 day: 13,-1.0115246772766113,0.16256530582904816
33,2188,"Tired , Sleepy , Sluggish , Quiet , Restless",2022-09-14 10:02:25,4,True,-1.0,0.0,True,year: 2022 month: 09 day: 14,-1.5201635360717773,-0.019748609513044357
33,2189,"Sleepy , Tired , Sluggish , Irritated , Annoyed",2022-09-14 15:00:33,4,True,-2.0,0.0,True,year: 2022 month: 09 day: 14,-1.6618626117706299,0.10721319168806076
33,2190,"Sleepy , Tired , Mad , Annoyed , Exhausted",2022-09-14 21:48:03,4,True,-2.0,0.0,True,year: 2022 month: 09 day: 14,-1.6866024732589722,0.28166845440864563
33,2191,"Quiet , Sleepy , Tired , Neutral , Anxious",2022-09-15 10:03:38,4,True,0.0,1.0,True,year: 2022 month: 09 day: 15,-0.2681366205215454,0.27995312213897705
33,2192,"Sleepy , Tired , Irritated , Annoyed , Anxious",2022-09-15 15:02:36,4,True,-1.0,0.0,True,year: 2022 month: 09 day: 15,-1.5662213563919067,0.3545752465724945
33,2233,"Anxious , Sleepy , Tired , Annoyed , Overwhelmed",2023-03-11 20:07:21,5,True,0.0,1.0,True,year: 2023 month: 03 day: 11,-0.3697185516357422,1.4442917108535767
33,2234,"Sluggish , Tired , Anxious , Jittery , Sleepy",2023-03-12 12:24:44,5,True,-2.0,0.0,True,year: 2023 month: 03 day: 12,-1.6808056831359863,0.26022130250930786
33,2235,"Sluggish , Tired , Content , Nervous , Anxious",2023-03-12 16:00:11,5,True,-1.0,0.0,True,year: 2023 month: 03 day: 12,-1.0957565307617188,0.33426398038864136
33,2236,"Tired , Sluggish , Anxious , Sleepy , Sad",2023-03-12 20:02:53,5,True,-1.0,0.0,True,year: 2023 month: 03 day: 12,-1.5271227359771729,0.32228490710258484
33,2237,"Sluggish , Tired , Sleepy , Annoyed , Anxious",2023-03-13 10:21:17,5,True,-2.0,0.0,True,year: 2023 month: 03 day: 13,-1.6851187944412231,0.16290520131587982
33,2238,"Tired , Sluggish , Sleepy , Anxious , Annoyed",2023-03-13 15:01:26,5,True,-2.0,0.0,True,year: 2023 month: 03 day: 13,-1.6152055263519287,0.20700415968894958
33,2239,"Sluggish , Tired , Sleepy , Annoyed , Mad",2023-03-14 10:02:45,5,True,-2.0,0.0,True,year: 2023 month: 03 day: 14,-1.7640594244003296,0.14165224134922028
33,2240,"Tired , Annoyed , Sluggish , Sleepy , Anxious",2023-03-14 15:01:40,5,True,-2.0,0.0,True,year: 2023 month: 03 day: 14,-1.4534838199615479,0.672592043876648
33,2241,"Tired , Sluggish , Sleepy , Content , Neutral",2023-03-14 20:01:01,5,True,-2.0,0.0,True,year: 2023 month: 03 day: 14,-1.1603245735168457,0.16684599220752716
33,2242,"Tired , Sleepy , Sluggish , Annoyed , Mad",2023-03-15 10:50:39,5,True,-2.0,0.0,True,year: 2023 month: 03 day: 15,-1.6605714559555054,0.23275958001613617
33,2243,"Sleepy , Tired , Anxious , Calm , Quite",2023-03-15 15:44:30,5,True,0.0,1.0,True,year: 2023 month: 03 day: 15,-0.7842969298362732,0.22125521302223206
33,2244,"Quiet , Tired , Sleepy , Anxious , Annoyed",2023-03-15 20:01:23,5,True,0.0,0.0,True,year: 2023 month: 03 day: 15,-0.334667831659317,0.3347727954387665
33,2245,"Sleepy , Angry , Annoyed , Anxious , Jittery",2023-03-16 10:01:16,5,True,-1.0,0.0,True,year: 2023 month: 03 day: 16,-1.488629698753357,0.9041002988815308
33,2246,"Sluggish , Tired , Angry , Annoyed , Mad",2023-03-16 15:01:26,5,True,-2.0,0.0,True,year: 2023 month: 03 day: 16,-1.761245846748352,0.2587250769138336
33,2247,"Tired , Sluggish , Aggravated , Mad , Annoyed",2023-03-16 20:02:45,5,True,-2.0,0.0,True,year: 2023 month: 03 day: 16,-1.7119321823120117,0.3381064236164093
33,2248,"Sleepy , Tired , Anxious , Jittery , Quiet",2023-03-17 10:01:19,5,True,0.0,0.0,True,year: 2023 month: 03 day: 17,-1.146580696105957,0.24019508063793182
33,2249,"Quiet , Sleepy , Tired , Calm , Neutral",2023-03-17 16:34:53,5,True,0.0,1.0,True,year: 2023 month: 03 day: 17,-0.17266139388084412,0.2797183692455292
33,2250,"Quiet , Anxious , Annoyed , Mad , Sleepy",2023-03-17 20:08:31,5,True,0.0,1.0,True,year: 2023 month: 03 day: 17,-0.17699429392814636,0.6861498951911926
33,2251,"Tired , Sleepy , Sluggish , Anxious , Sad",2023-03-18 10:49:12,5,True,-2.0,0.0,True,year: 2023 month: 03 day: 18,-1.568214774131775,0.3015097379684448
33,2252,"Tired , Sleepy , Sad , Anxious , Annoyed",2023-03-18 15:06:00,5,True,-1.0,1.0,True,year: 2023 month: 03 day: 18,-1.5112448930740356,0.5359384417533875
33,2253,"Tired , Sluggish , Sleepy , Annoyed , Anxious",2023-03-18 21:11:42,5,True,-2.0,0.0,True,year: 2023 month: 03 day: 18,-1.5816832780838013,0.21619842946529388
33,2254,"Tired , Sluggish , Sleepy , Angry , Annoyed",2023-03-19 10:48:49,5,True,-2.0,0.0,True,year: 2023 month: 03 day: 19,-1.6922879219055176,0.19995668530464172
33,2255,"Sleepy , Tired , Anxious , Annoyed , Mad",2023-03-19 15:14:57,5,True,0.0,1.0,True,year: 2023 month: 03 day: 19,-1.3483850955963135,0.3612387478351593
33,2256,"Tired , Anxious , Sleepy , Jittery , Angry",2023-03-19 20:01:16,5,True,-2.0,0.0,True,year: 2023 month: 03 day: 19,-1.082407832145691,0.8561245203018188
33,2216,"Tired , Sluggish , Anxious , Sleepy , Annoyed",2023-03-20 10:16:56,5,True,-2.0,0.0,True,year: 2023 month: 03 day: 20,-1.5290569067001343,0.27765411138534546
33,2217,"Sleepy , Annoyed , Tired , Mad , anxious",2023-03-20 15:01:45,5,True,0.0,1.0,True,year: 2023 month: 03 day: 20,-1.4506624937057495,0.6532225012779236
33,2218,"Tired , Sleepy , Quiet , Content , Calm",2023-03-20 22:58:44,5,True,0.0,0.0,True,year: 2023 month: 03 day: 20,-0.5271466374397278,0.13831691443920135
33,2219,"Sleepy , Tired , Annoyed , Mad , Angry",2023-03-21 10:05:51,5,True,-2.0,0.0,True,year: 2023 month: 03 day: 21,-1.4551528692245483,0.35744601488113403
33,2220,"Tired , Sleepy , Annoyed , Mad , Anxious",2023-03-21 15:22:30,5,True,-1.0,1.0,True,year: 2023 month: 03 day: 21,-1.4172537326812744,0.5422206521034241
33,2221,"Tired , Sluggish , Anxious , Annoyed , Jittery",2023-03-21 20:28:25,5,True,-2.0,0.0,True,year: 2023 month: 03 day: 21,-1.532876968383789,0.5011675357818604
33,2222,"Mad , Annoyed , Anxious , Tired , Sleepy",2023-03-22 10:01:19,5,True,-2.0,0.0,True,year: 2023 month: 03 day: 22,-0.7696352005004883,1.647608757019043
33,2223,"Annoyed , Sluggish , Tired , Sleepy , Anxious",2023-03-22 15:01:07,5,True,-2.0,0.0,True,year: 2023 month: 03 day: 22,-1.2463735342025757,1.3181079626083374
33,2224,"Annoyed , Mad , Anxious , Tired , Sleepy",2023-03-22 20:01:03,5,True,-2.0,0.0,True,year: 2023 month: 03 day: 22,-0.786219596862793,1.7095167636871338
33,2225,"Annoyed , Mad , Sleepy , Tired , Sluggish",2023-03-23 10:31:45,5,True,-1.0,0.0,True,year: 2023 month: 03 day: 23,-0.9993723034858704,1.5815340280532837
33,2226,"Tired , Sluggish , Annoyed , Mad , Angry",2023-03-23 15:00:53,5,True,-2.0,0.0,True,year: 2023 month: 03 day: 23,-1.6144306659698486,0.3988304138183594
33,2227,"Sluggish , Tired , Sleepy , Annoyed , Mad",2023-03-23 20:00:41,5,True,-2.0,0.0,True,year: 2023 month: 03 day: 23,-1.7433440685272217,0.15081782639026642
33,2228,"Sluggish , Tired , Sleepy , Anxious , Jittery",2023-03-24 10:08:30,5,True,-2.0,0.0,True,year: 2023 month: 03 day: 24,-1.7173243761062622,0.2229946404695511
33,2229,"Sleepy , Tired , Anxious , Jittery , Nervous",2023-03-24 15:00:54,5,True,-2.0,0.0,True,year: 2023 month: 03 day: 24,-1.432340383529663,0.42849695682525635
33,2230,"Annoyed , Anxious , Jittery , Tired , Sluggish",2023-03-24 20:02:24,5,True,-2.0,0.0,True,year: 2023 month: 03 day: 24,-0.8054816126823425,1.7784007787704468
33,2231,"Anxious , Jittery , Nervous , Sluggish , Tired",2023-03-25 10:04:17,5,True,0.0,1.0,True,year: 2023 month: 03 day: 25,-1.0018366575241089,1.8826467990875244
33,2232,"Sluggish , Tired , Jittery , Sleepy , Annoyed",2023-03-25 15:44:35,5,True,-2.0,0.0,True,year: 2023 month: 03 day: 25,-1.7669752836227417,0.30541324615478516
33,2272,"Tired , Sluggish , Sleepy , Anxious , Sad",2023-06-29 10:15:01,6,True,0.0,1.0,True,year: 2023 month: 06 day: 29,-1.523790717124939,0.25362858176231384
33,2273,"Sluggish , Tired , Anxious , Sad , Down",2023-06-29 15:03:34,6,True,-2.0,0.0,True,year: 2023 month: 06 day: 29,-1.5054659843444824,0.23581179976463318
33,2274,"Tired , Sluggish , Anxious , Sad , Annoyed",2023-06-29 20:00:50,6,True,-2.0,0.0,True,year: 2023 month: 06 day: 29,-1.3887231349945068,0.4630645215511322
33,2275,"Sleepy , Tired , Anxious , Uneasy , Annoyed",2023-06-30 10:27:54,6,True,-1.0,0.0,True,year: 2023 month: 06 day: 30,-1.3552271127700806,0.3707669675350189
33,2276,"Annoyed , Tired , Sleepy , Anxious , Overwhelmed",2023-06-30 15:26:12,6,True,-2.0,2.0,True,year: 2023 month: 06 day: 30,-0.8121468424797058,1.3914587497711182
33,2277,"Tired , Sluggish , Annoyed , Mad , Sad",2023-06-30 20:07:11,6,True,-2.0,0.0,True,year: 2023 month: 06 day: 30,-1.5850441455841064,0.4234069585800171
33,2278,"Sleepy , Quiet , Tired , Anxious , Sad",2023-07-01 10:50:51,6,True,0.0,1.0,True,year: 2023 month: 07 day: 01,-0.6206335425376892,0.2382919043302536
33,2279,"Tired , Annoyed , Sluggish , Sleepy , Anxious",2023-07-01 15:06:12,6,True,-2.0,0.0,True,year: 2023 month: 07 day: 01,-1.3725184202194214,0.7251860499382019
33,2280,"Annoyed , Angry , Anxious , Sleepy , Tired",2023-07-01 20:00:55,6,True,-2.0,0.0,True,year: 2023 month: 07 day: 01,-0.6736278533935547,1.6462889909744263
33,2281,"Sleepy , Tired , Sluggish , Anxious , Sad",2023-07-02 10:06:39,6,True,-2.0,0.0,True,year: 2023 month: 07 day: 02,-1.4906171560287476,0.17512528598308563
33,2282,"Sleepy , Tired , Happy , Content , Quiet",2023-07-02 17:28:36,6,True,-2.0,0.0,True,year: 2023 month: 07 day: 02,-0.1045880988240242,0.22655537724494934
33,2283,"Tired , Sleepy , Sluggish , Calm , Quiet",2023-07-02 20:14:13,6,True,-2.0,0.0,True,year: 2023 month: 07 day: 02,-1.2683424949645996,-0.004117188975214958
33,2284,"Sluggish , Tired , Sad , Sleepy , Foggy",2023-07-03 10:02:40,6,True,-2.0,0.0,True,year: 2023 month: 07 day: 03,-1.7070016860961914,0.16545654833316803
33,2285,"Sleepy , Tired , Annoyed , Sluggish , Angry",2023-07-03 15:03:08,6,True,-2.0,0.0,True,year: 2023 month: 07 day: 03,-1.5254685878753662,0.24131573736667633
33,2286,"Tired , Sluggish , Sleepy , Sad , Anxious",2023-07-03 20:05:49,6,True,-2.0,0.0,True,year: 2023 month: 07 day: 03,-1.5523335933685303,0.21459585428237915
33,2287,"Tired , Sluggish , Sleepy , Quiet , Calm",2023-07-04 10:01:01,6,True,-2.0,0.0,True,year: 2023 month: 07 day: 04,-1.3353798389434814,0.0022411206737160683
33,2288,"Sleepy , Tired , Anxious , Sad , Jittery",2023-07-04 15:05:59,6,True,0.0,1.0,True,year: 2023 month: 07 day: 04,-1.367910623550415,0.4205979108810425
33,2289,"Tired , Sluggish , Sleepy , Content , Quiet",2023-07-04 20:00:45,6,True,-2.0,0.0,True,year: 2023 month: 07 day: 04,-1.1657867431640625,0.06079040467739105
33,2290,"Content , Calm , Tired , Sluggish , Sleepy",2023-07-05 10:16:39,6,True,0.0,1.0,True,year: 2023 month: 07 day: 05,1.3892638683319092,0.17640088498592377
33,2291,"Tired , Sluggish , Annoyed , Sleepy , Irritated",2023-07-05 15:04:09,6,True,-2.0,0.0,True,year: 2023 month: 07 day: 05,-1.6980725526809692,0.31605982780456543
33,2292,"Quiet , Sleepy , Tired , Exhausted , Content",2023-07-05 20:49:04,6,True,0.0,0.0,True,year: 2023 month: 07 day: 05,0.026727847754955292,0.020839516073465347
33,2293,"Sad , Anxious , Nervous , Sluggish , Tired",2023-07-06 10:18:10,6,True,-1.0,1.0,True,year: 2023 month: 07 day: 06,-1.4658833742141724,0.9557915329933167
33,2294,"Tired , Sleepy , Sick , Sluggish , Quiet",2023-07-06 15:10:30,6,True,-2.0,0.0,True,year: 2023 month: 07 day: 06,-1.4253038167953491,-0.023397203534841537
33,2295,"Sluggish , Miserable , Tired , Sleepy , Anxious",2023-07-06 20:25:03,6,True,-2.0,0.0,True,year: 2023 month: 07 day: 06,-1.7266604900360107,0.2389264553785324
33,2296,"Sick , Tired , Sleepy , Anxious , Sluggish",2023-07-07 10:41:59,6,True,-2.0,0.0,True,year: 2023 month: 07 day: 07,-1.7144701480865479,0.010394268669188023
33,2297,"Sick , Tired , Sluggish , Sleepy , Miserable",2023-07-07 15:03:27,6,True,-2.0,0.0,True,year: 2023 month: 07 day: 07,-1.825537919998169,-0.016044259071350098
33,2298,"Miserable , Sad , Tired , Sleepy , Sluggish",2023-07-07 20:00:48,6,True,-2.0,0.0,True,year: 2023 month: 07 day: 07,-1.6950005292892456,0.5585060715675354
33,2257,"Sick , Miserable , Tired , Sluggish , Sleepy",2023-07-08 10:03:32,6,True,-2.0,0.0,True,year: 2023 month: 07 day: 08,-1.8479467630386353,0.1371137946844101
33,2258,"Sick , Tired , Sluggish , Sleepy , Anxious",2023-07-08 16:19:53,6,True,-2.0,0.0,True,year: 2023 month: 07 day: 08,-1.67686128616333,-0.04645568132400513
33,2259,"Sick , Miserable , Tired , Sleepy , Anxious",2023-07-08 20:02:48,6,True,-2.0,0.0,True,year: 2023 month: 07 day: 08,-1.74951171875,0.22501835227012634
33,2260,"Sleepy , Tired , Sluggish , Sick , Anxious",2023-07-09 10:13:43,6,True,-2.0,0.0,True,year: 2023 month: 07 day: 09,-1.4228346347808838,0.017094645649194717
33,2261,"Tired , Sluggish , Annoyed , Sleepy , Sick",2023-07-09 15:16:08,6,True,-2.0,0.0,True,year: 2023 month: 07 day: 09,-1.685630202293396,0.16027474403381348
33,2262,"Tired , Sluggish , Sleepy , Sick , Anxious",2023-07-09 20:29:20,6,True,-2.0,0.0,True,year: 2023 month: 07 day: 09,-1.5060535669326782,0.06472102552652359
33,2263,"Tired , Sleepy , Sluggish , Anxious , Irritated",2023-07-10 10:07:15,6,True,-2.0,0.0,True,year: 2023 month: 07 day: 10,-1.6585806608200073,0.2748453617095947
33,2264,"Tired , Annoyed , Slow , Anxious , Sleepy",2023-07-10 15:26:12,6,True,-2.0,0.0,True,year: 2023 month: 07 day: 10,-1.3478870391845703,0.5967303514480591
33,2265,"Tired , Sleepy , Sluggish , In pain , Anxious",2023-07-10 20:04:52,6,True,-2.0,0.0,True,year: 2023 month: 07 day: 10,-1.5315382480621338,0.15607713162899017
33,2266,"Tired , Quiet , Sleepy , Anxious , Nervous",2023-07-11 10:36:43,6,True,0.0,1.0,True,year: 2023 month: 07 day: 11,-0.781890869140625,0.24151574075222015
33,2267,"Annoyed , Mad , Irritated , Anxious , Tired",2023-07-11 15:00:48,6,True,-2.0,0.0,True,year: 2023 month: 07 day: 11,-0.633675754070282,1.6545153856277466
33,2268,"Drained , Tired , Sluggish , Sleepy , Anxious",2023-07-11 20:28:07,6,True,-2.0,0.0,True,year: 2023 month: 07 day: 11,-1.4387423992156982,0.12444492429494858
33,2269,"Sleepy , Quiet , Calm , Tired , Slow",2023-07-12 10:07:25,6,True,0.0,1.0,True,year: 2023 month: 07 day: 12,-0.34181317687034607,0.13843928277492523
33,2270,"Exhausted , Sleepy , Tired , Sluggish , Slow",2023-07-12 15:38:04,6,True,-2.0,0.0,True,year: 2023 month: 07 day: 12,-1.9042805433273315,0.1298089474439621
33,2271,"Anxious , Irritated , Sluggish , Sleepy , Tired",2023-07-12 20:03:14,6,True,-2.0,0.0,True,year: 2023 month: 07 day: 12,-1.2984825372695923,1.5028513669967651
34,2367,I feel like I dont have enough time in my day . Work has been understaffed and busy which makes me feel agitated and like I ' m not fast enough or good at my job . I feel rushed and unaccomplished . I have no energy and don ' t want to deal with people .,2021-05-04 16:26:06,1,False,-1.0,0.0,True,year: 2021 month: 05 day: 04,-1.1467293500900269,1.6452372074127197
35,2410,"Energetic , Happy , Bothered , Hungry , Annoyed",2021-03-27 12:00:36,1,True,1.0,2.0,True,year: 2021 month: 03 day: 27,0.7629626989364624,1.4986436367034912
35,2411,"Bored , Productive , Curious , Bothered , Calm",2021-03-29 12:00:54,1,True,0.0,1.0,True,year: 2021 month: 03 day: 29,0.008145209401845932,1.1653183698654175
42,3830,I am off today . I had an early night with my kids after an amazing meal and some fun and games . I woke up early to overcast skies which was perfect for taking the dog for a long walk to get a cup of coffee and some breakfast . I ' m feeling calm and centered . My body has physically recovered from the weekend and I am finally re-hydrated and feeling rested .,2021-06-15 12:08:59,1,False,2.0,0.0,True,year: 2021 month: 06 day: 15,0.6746640205383301,0.40600472688674927
42,3831,Today is my day off . I am spending the day with my family . I will not be answering anymore survey questions that require lengthy answers because it is taking me away from my family which is what helps my emotional stability .,2021-06-15 17:06:39,1,False,2.0,0.0,True,year: 2021 month: 06 day: 15,-0.21018362045288086,0.35678380727767944
42,3832,With my family With my family With my family With my family With my family With my family With my family With my family With my family With my family With my family With my family With my family With my family With my family,2021-06-15 22:21:15,1,False,2.0,0.0,True,year: 2021 month: 06 day: 15,0.9155047535896301,1.5527775287628174
42,3833,"I ' ve just finished meditating . I need to clock . in at work in 75 minutes . I am feeling calm and centered , I ' ve properly hydrated and had a healthy meal and am ready for the physical stress of the night ahead . It ' s supposed to be slow which means I can focus on the guest experience that much more .",2021-06-16 17:16:04,1,False,2.0,0.0,True,year: 2021 month: 06 day: 16,1.8210978507995605,0.1320168673992157
43,3994,I am going in to work tonight . Not really looking forward to it . I am really hopping that the night goes by quickly so I can go home and sleep . I am pretty tired today . I am not really feeling like I can give 100 % tonight .,2021-06-15 17:26:31,1,False,0.0,1.0,True,year: 2021 month: 06 day: 15,-0.30515921115875244,0.6672583818435669
43,3995,"Since I filled out the questionnaire on yesterday , I have been feeling a bit tired , sleepy sluggish and need to get some sleep . Last night at work was ok , I was busy . Customers were steady , so I never got to take a break .",2021-06-16 12:54:20,1,False,-2.0,0.0,True,year: 2021 month: 06 day: 16,-1.008010745048523,-0.0268486887216568
43,3988,"Yesterday was a better day as far as for how I was feeling . I went to a friends house and she put food on the grill . Got to relax a bit . Still feel really tired so I just want to go to sleep , but I cant I have too much to do .",2021-06-17 12:01:58,1,False,1.0,1.0,True,year: 2021 month: 06 day: 17,0.16135761141777039,0.5010619759559631
43,3989,In the past 24 hours I have been feeling a bit overwhelmed . I have a lot going on in my personal life dealing with another service industry entity and not understanding the level of service that they provided for me when I hired them for my big day .,2021-06-18 12:03:31,1,False,1.0,0.0,True,year: 2021 month: 06 day: 18,-1.3018070459365845,1.6441584825515747
54,3540,I am feeling great I have enough time to interracial with friends via call which i am having a great time doing I get to talk about exciting things and fun I am also having amazing time with friends we get to speak about things that bound us,2024-10-14 12:31:30,7,False,1.0,1.0,True,year: 2024 month: 10 day: 14,1.723847508430481,1.0889708995819092
54,3644,"Active , Very good , Excited , Calm , Happy",2024-10-14 17:02:02,7,True,2.0,0.0,True,year: 2024 month: 10 day: 14,0.8410639762878418,1.816123127937317
54,3725,I feel alive and happy and I’m active at work having conversations with people and also talking about lo of things with my colleagues which is also making my day fun and very interesting Just left a conference call with my friends we get to check up on each other which actually make me feel secured knowing fully well I have friends who really cares about each other,2024-10-15 12:04:22,7,False,2.0,2.0,True,year: 2024 month: 10 day: 15,1.6483935117721558,1.3576501607894897
54,3834,I feel happy and delighted concerning my life . The joy can be noticed from my facial expression and mood . The way the environment whether makes me feel like someone that is renewed with hope . and ability .,2024-10-15 17:27:33,7,False,2.0,1.0,True,year: 2024 month: 10 day: 15,1.7627251148223877,1.2413547039031982
54,3913,"Active , Good , Calm , Cool , Enthusiast",2024-10-16 12:04:02,7,True,2.0,0.0,True,year: 2024 month: 10 day: 16,0.44188833236694336,1.7563676834106445
54,4016,I feel good got to meet with an old time friends and we dot to talk about soo many things and I also have good time playing video games an I did hang with friends and family and I am also excited to meet with friends,2024-10-16 17:06:42,7,False,1.0,2.0,True,year: 2024 month: 10 day: 16,1.5532182455062866,1.2621058225631714
54,4077,I feel very good and happy having interesting conversations with my colleagues at work we are also having fun and talking about why we find our work interesting and also talking about our weaknesses and strength and also our plans for the future,2024-10-17 12:47:32,7,False,2.0,1.0,True,year: 2024 month: 10 day: 17,1.8264163732528687,0.9489890933036804
54,4164,Currently I feel good and happy and at the moment I’m having a wonderful time at work and it’s Friday and it’s weekend i just have this positive feeling I’m going to have a wonderful time with my kids and my wife so at the moment I’m just imagining how the weekend is going to be with my family,2024-10-18 12:26:20,7,False,1.0,1.0,True,year: 2024 month: 10 day: 18,1.7312642335891724,1.1772024631500244
54,4228,"Happy , Excited , Calm , Active , Cool",2024-10-18 17:56:41,7,True,2.0,2.0,True,year: 2024 month: 10 day: 18,1.5953147411346436,1.376827597618103
60,2588,Hi ! Having a mani n pedi done right now . So relaxing and peaceful .    Having such quiet time to meditate and reflect on the week and actually start planning for the week n weekend   hoping that next week will be a busier week than this week in relation to work,2024-07-26 17:01:57,7,False,2.0,0.0,True,year: 2024 month: 07 day: 26,1.7556750774383545,-0.05635349452495575
60,2599,"Relaxing , Accomplished , Fulfilled , Expecting , Relaxed",2024-07-26 22:07:45,7,True,2.0,0.0,True,year: 2024 month: 07 day: 26,1.8424413204193115,-0.0036339322105050087
60,2610,Happy Saturday —-beautiful day out . Super excited to get out there today . We r going to the FAC in GPE   .   Lots of walking to do history to see and admire . N structures to view and be in awe of .    Love the cloisters and the water views . Amazing spectacular !!! Enjoy this glorious day !,2024-07-27 12:01:16,7,False,2.0,0.0,True,year: 2024 month: 07 day: 27,2.190053939819336,0.37019145488739014
60,2621,Hi happy Saturday !   Just walked thru the museum absolutely amazing beautiful breathe taking .   Going to lunch in midtown . NORP food is what I want right now . Did lots of walking inside and outside . Feeling inspired and amazing,2024-07-27 17:01:03,7,False,2.0,0.0,True,year: 2024 month: 07 day: 27,2.0447981357574463,0.2886461615562439
60,2632,"Fulfilled , Relaxed , Happy , Proud , Calm",2024-07-27 22:13:49,7,True,2.0,0.0,True,year: 2024 month: 07 day: 27,2.143958330154419,0.025379590690135956
60,2643,"Calm , Happy , Excited , Blessed , Content",2024-07-28 12:01:51,7,True,2.0,0.0,True,year: 2024 month: 07 day: 28,2.1189637184143066,0.23122823238372803
60,2655,"Happy , Excited , Thrilled , Fulfilled , Content",2024-07-28 17:16:02,7,True,2.0,0.0,True,year: 2024 month: 07 day: 28,2.208195686340332,0.4231610596179962
60,2666,Hi happy Sunday . Feeling relaxed fulfilled and happy . Went to the ORG  game with my middle child . He took the railroad into GPE met me there and we went to see our favorite baseball team play and unfortunately lose . Although they lost we had a shaving time together bonding laughing n eating . FYI best lobster rolls at FAC  ever . $35 will get u one . Ouch . Great Sunday !,2024-07-28 22:02:23,7,False,2.0,0.0,True,year: 2024 month: 07 day: 28,2.125114679336548,0.14723025262355804
60,2870,"Happy , Content , Busy , Excited , Fulfilled",2024-07-29 12:00:35,7,True,2.0,0.0,True,year: 2024 month: 07 day: 29,2.161411762237549,0.3691704571247101
60,2881,Happy Monday !   Feeling accomplished ! \n8 am went to LOC to pick up immunizations papers for my 3 college kids . Followed my getting a tire patched and ordering a new tire for my daughter . \nI also showed 2 rentals to a new client . Hoping he takes one of the rentals . \nMaybe more appointments later and maybe a yoga class later though . My day changes on a daily,2024-07-29 17:07:37,7,False,2.0,0.0,True,year: 2024 month: 07 day: 29,2.0612871646881104,0.23349492251873016
60,2891,"Fulfilled , Ready , Tired , Accomplished , Content",2024-07-29 22:01:07,7,True,2.0,0.0,True,year: 2024 month: 07 day: 29,1.932934284210205,0.009971114806830883
60,2900,"Relaxed , Happy , Excited , Busy , Fulfilled",2024-07-30 12:02:20,7,True,2.0,0.0,True,year: 2024 month: 07 day: 30,2.1946866512298584,0.2548782229423523
60,2911,Hi happy taco Tuesday !!! Feeling great rescued and accomplished !   Lots done and lots more to do !!! \nRunning to library in a bit and off to do errands . Banking food shopping and then off to cook dinner for my kids .   Also looking to get my daughters apartment ready in just a few weeks,2024-07-30 17:02:47,7,False,2.0,0.0,True,year: 2024 month: 07 day: 30,2.1903741359710693,0.3185691237449646
60,2922,"Fulfilled , Excited , Calm , Peaceful , Happy",2024-07-30 22:04:05,7,True,2.0,0.0,True,year: 2024 month: 07 day: 30,2.2155587673187256,0.12515392899513245
60,2933,Feeling great . Calm energized at the same time . Went to 6 am beach yoga . Amazing way to start the day . Followed by 8 am yoga at my studio .    Busy day ahead so happy began it with physical and mental practice,2024-07-31 12:00:34,7,False,2.0,0.0,True,year: 2024 month: 07 day: 31,2.17926287651062,0.26661238074302673
60,2940,Hi happy Wednesday . Feeling good . Accomplished still lots more to do .   Feeling like the week is flying by —cannot believe tomorrow is August —-summer is almost over . Kids back to college so much to do in the next 2-3 weeks . Will pace myself to get all done,2024-07-31 17:00:52,7,False,2.0,0.0,True,year: 2024 month: 07 day: 31,2.1998798847198486,0.2594880163669586
60,2942,"Content , Tired , Fulfilled , Expectant , Satisfied",2024-07-31 22:00:20,7,True,2.0,0.0,True,year: 2024 month: 07 day: 31,1.7354282140731812,-0.055374644696712494
60,2952,"Calm , Content , Busy , Excited , Happy",2024-08-01 12:00:28,7,True,2.0,0.0,True,year: 2024 month: 08 day: 01,2.0545132160186768,0.18741397559642792
60,2953,Happy August first ! Feeling accomplished . 2 hours of yoga this morning so feeling physically and emotionally good . Had an appointment with a client today . Not a good match but feeling positive .   I absolutely need more clients and soon .   Hoping interest rates get lower and prices of homes do as well . Feeling hopefull,2024-08-01 17:00:53,7,False,2.0,0.0,True,year: 2024 month: 08 day: 01,2.1701486110687256,0.23673675954341888
60,2959,"Accomplished , Fulfilled , Tired , Calm , Peaceful",2024-08-01 22:24:04,7,True,2.0,0.0,True,year: 2024 month: 08 day: 01,1.9858906269073486,-0.0984521210193634
61,3069,"Tired , Annoyed , Sleepy , Happy , Furious",2024-08-11 22:00:48,7,True,2.0,0.0,True,year: 2024 month: 08 day: 11,-0.7767517566680908,0.8184834122657776
61,3080,"Happy , Excited , Frustration , Annoyed , Sad",2024-08-12 12:56:20,7,True,2.0,0.0,True,year: 2024 month: 08 day: 12,0.8048156499862671,1.3261134624481201
61,3091,"Tired , Annoyed , Furious , Boredom , Upset",2024-08-12 22:00:21,7,True,2.0,0.0,True,year: 2024 month: 08 day: 12,-1.2403032779693604,1.182386040687561
61,3102,Right now I ' m feeling annoyed and anxious so much that I don ' t get time to myself everybody wants their needs taken care of off of you I have a person and I have my own needs and I need things taken care of as well So with that being said tomorrow appointments at then I ' m going to,2024-08-13 12:36:59,7,False,2.0,0.0,True,year: 2024 month: 08 day: 13,-0.7220509052276611,1.534186601638794
61,3113,Haven ' t woken up for my nap I ' m now going to cook lunch and pick up the kids and then come home and then read a book help the kids with homework feed the cats and wait on other truth now that I ' m in my chair I can relax and wait on the rest of the day today and and then cook later on a great meal,2024-08-13 17:00:26,7,False,2.0,0.0,True,year: 2024 month: 08 day: 13,0.3901025950908661,0.4541293978691101
61,3124,"Hot , Tired , Frustration , Worried , Scared",2024-08-14 12:05:47,7,True,2.0,0.0,True,year: 2024 month: 08 day: 14,-0.621039628982544,1.0873284339904785
61,3136,Finally home . I can start cleaning the bathroom and mop in the hallway as well throwing up the trash I ' m clean and organized things . And then after that I will make a lunch and then I ' ll be able to relax,2024-08-15 12:39:44,7,False,2.0,0.0,True,year: 2024 month: 08 day: 15,0.171127587556839,1.0242985486984253
61,3146,"Tired , Happy , Annoyed , Mad , Curious",2024-08-15 17:00:22,7,True,1.0,0.0,True,year: 2024 month: 08 day: 15,0.06214336305856705,0.932797908782959
61,3157,"Tired , Depress , Sad , Conflicted , Trapped",2024-08-15 22:22:08,7,True,2.0,0.0,True,year: 2024 month: 08 day: 15,-1.373419165611267,0.5758563876152039
61,3168,"Happy , Hunger , Satisfied , Content , Enjoyment",2024-08-16 22:00:26,7,True,2.0,0.0,True,year: 2024 month: 08 day: 16,1.4126192331314087,1.114903450012207
64,4710,"Calm , Peaceful , Happy , Delightful , Grateful",2024-08-18 17:17:33,7,True,2.0,0.0,True,year: 2024 month: 08 day: 18,1.7907215356826782,0.5156412124633789
64,4711,Been feeling okay not sad not too happy \nThe fact that I have work and all of that is just stress \nIt’s time for bed and I’m stressed thinking of how the day will go and also how things will turn out \nIt’s abit fine but not too fine \nI’m also jovial and welcoming,2024-08-18 22:02:10,7,False,0.0,1.0,True,year: 2024 month: 08 day: 18,0.6152722835540771,0.4871777892112732
64,4712,"I’m somewhat contented because I have a couple of things on my mind \nAs it is a lot of stress on my mind and also drama here and there ,\nI feel tired and worried \nI feel contented too \nI feel anxious \nI feel worried too",2024-08-19 12:05:11,7,False,1.0,0.0,True,year: 2024 month: 08 day: 19,-0.001734226942062378,0.425603449344635
64,4713,"Thoughtful , Enjoying , Relaxed , Calm , Happy",2024-08-19 17:11:42,7,True,1.0,1.0,True,year: 2024 month: 08 day: 19,0.9340444207191467,0.7315046787261963
64,4714,I’m calm and down \nI’m actually not bad today wasn’t a rough day it was a stressful day the drama was just there so I feel stressed and unhappy and all of that \nI feel good but not entirely happy and all of that I’m just feeling grateful and all of that \nI feel much more better,2024-08-19 22:00:36,7,False,1.0,0.0,True,year: 2024 month: 08 day: 19,1.438133716583252,0.5157434940338135
64,4716,"Excitement , Exceptional , Hot headed , Joyed , Calm",2024-08-20 12:16:52,7,True,2.0,1.0,True,year: 2024 month: 08 day: 20,1.3393945693969727,1.5339335203170776
64,4717,"Jiggy , Chill , Calm , Simple , Hungry",2024-08-20 17:06:05,7,True,2.0,0.0,True,year: 2024 month: 08 day: 20,0.8839689493179321,0.6589654088020325
64,4718,"Freaky , Fresh , Calm , Okay , Chilled",2024-08-21 12:42:50,7,True,1.0,0.0,True,year: 2024 month: 08 day: 21,1.1043071746826172,1.2829116582870483
64,4719,"I feel very demure , I feel happy words can’t even express how I’m feeling and all of that \nI have been good in recovery , I feel extra playful \nI feel like the world is on a different planet of excess joy from others \nI feel evolved and calm",2024-08-21 17:02:37,7,False,2.0,1.0,True,year: 2024 month: 08 day: 21,1.5312103033065796,0.9959291815757751
64,4733,"I’m feeling contented , I’m calm and happy I’m feeling goosebumps and chills , I’m feeling a whole lots of drama and all of that \nI’m feeling a different vibes from wahala \nI’m feel happy and stress less \nI’m feeling highly recommended and highly motivated and appreciated",2024-08-21 22:04:35,7,False,2.0,0.0,True,year: 2024 month: 08 day: 21,1.8804309368133545,0.9247064590454102
64,4734,"Feeling bright , Calm , Feeling relaxed , Left out , Hot tempared",2024-08-22 12:01:07,7,True,1.0,1.0,True,year: 2024 month: 08 day: 22,1.0997720956802368,0.9042236804962158
64,4735,"Sense of relief , Little work load , Overwhelming , Relaxed , Exceptional",2024-08-22 17:06:34,7,True,2.0,1.0,True,year: 2024 month: 08 day: 22,0.700584888458252,0.8318853378295898
64,4736,"Relaxed , Sleepy , High , Restful , Dramatic",2024-08-22 22:00:52,7,True,2.0,0.0,True,year: 2024 month: 08 day: 22,0.8495644927024841,0.6339657306671143
64,4737,"Sexy , Happy , Calm , Extra , Extreme",2024-08-23 12:07:18,7,True,2.0,0.0,True,year: 2024 month: 08 day: 23,1.0548282861709595,1.5310728549957275
64,4738,"Joyful , Excited , Appreciated , Chill , Fly",2024-08-23 17:02:54,7,True,1.0,0.0,True,year: 2024 month: 08 day: 23,1.7200111150741577,1.0733309984207153
64,4740,"I’m feeling active , I’m sleepy too , I’m unhappy at the moment , I had a fight with with someone so I feel disappointed , I practically feel very stressed ,\nI’m feeling okay as well \nI’m abit traumatized and stressed out , I miss my babe and all",2024-08-23 22:08:04,7,False,0.0,2.0,True,year: 2024 month: 08 day: 23,-0.5243810415267944,1.6185985803604126
64,4741,"Sleepy , Cheesy , Calm , Soft , Hungry",2024-08-24 12:06:58,7,True,2.0,0.0,True,year: 2024 month: 08 day: 24,0.037460990250110626,0.3614191710948944
64,4742,"Funny , Chilled , Calm , Excited , Relaxed",2024-08-24 17:10:15,7,True,2.0,0.0,True,year: 2024 month: 08 day: 24,1.4959670305252075,1.1121214628219604
64,4743,"I feel jiggy , I feel calm and relaxed , I’m just everywhere \nNo much drama I feel good and all of PERSON \nThank y’all for him being there \ nI feel responsible \nI feel preservation or the house \ nSo everything is now drama and a lot of parental responsibility I feel very ready and all",2024-08-24 22:03:59,7,False,2.0,0.0,True,year: 2024 month: 08 day: 24,1.766240119934082,0.5240439176559448
67,4806,I am currently feeling neutral I ' m at neither sad or happy I ' m just normal . I ' m playing some video games at the moment and later on I will eat something . After that I will be on my phone and then take a shower and then sleep,2024-11-08 22:44:10,7,False,0.0,1.0,True,year: 2024 month: 11 day: 08,-0.23108723759651184,0.9291597604751587
67,4807,"I currently feel tired it as   a very   long day yesterday I had to work a long shift and what I do is dishwashing and it ' s really tiring . Later on the day I wlll do some chores , be on my phone and eat and then take a bath and that ' s it",2024-11-10 17:00:36,7,False,0.0,1.0,True,year: 2024 month: 11 day: 10,-1.1188287734985352,-0.08229997754096985
67,4808,"Calm , Relaxed , Happy , Neutral , Tired",2024-11-10 22:02:13,7,True,0.0,1.0,True,year: 2024 month: 11 day: 10,1.0608044862747192,0.7813078761100769
67,4809,I current feel neutral neither tired or happy or sad just neutral . Might do some laundry later help my mother out with some errands . Do online surveys do some research on how to make some extra cash . Later on I will eat and scroll through reels for a bit,2024-11-11 17:20:27,7,False,0.0,1.0,True,year: 2024 month: 11 day: 11,-0.1288575828075409,0.8574228286743164
67,4810,Currently feel sleepy and tired had to go do something early in the morning and feel tired . Might take a little nap for now and then I will pick up my brother from school . Then when I get back home i will clean,2024-11-13 12:31:33,7,False,0.0,0.0,True,year: 2024 month: 11 day: 13,-0.9914969205856323,-0.10387545824050903
67,4811,"Calm , Neutral , Relaxed , Normal , Happy",2024-11-14 17:17:42,7,True,0.0,1.0,True,year: 2024 month: 11 day: 14,0.4397974908351898,0.8366279602050781
67,4812,I currently feel neutral I don ' t feel happy or sad just normal . Currently I will eat something and then I will help my brother with homework and then I will take a quick shower and then I will scroll through my phone for a bit and then sleep,2024-11-14 22:50:11,7,False,0.0,1.0,True,year: 2024 month: 11 day: 14,-0.20132869482040405,1.0524938106536865
67,4813,"Calm , Relaxed , Happy , Neutral , Sleepy",2024-11-15 17:24:37,7,True,0.0,1.0,True,year: 2024 month: 11 day: 15,0.9051771759986877,0.7781839966773987
67,4815,I currently feel tired since I bought a tv from ORG and I went carrying it from GPE to where I live . It was heavy so I came a little fatigued from my hands and biceps . Later on I will take a quick bath and eat something,2024-11-15 22:34:20,7,False,0.0,1.0,True,year: 2024 month: 11 day: 15,-1.3502997159957886,-0.2080075889825821
73,5022,"Neutral , Hopeful , Overwhelmed , Thoughtful , Expectant",2024-10-12 12:24:29,7,True,0.0,1.0,True,year: 2024 month: 10 day: 12,-0.03350428491830826,1.2076025009155273
73,5023,"Tired , Exhausted , Hungry , Drained , Stressed",2024-10-12 22:06:33,7,True,0.0,1.0,True,year: 2024 month: 10 day: 12,-1.5244371891021729,0.19095461070537567
73,5024,"Quiet , Down , Unhappy , Thinking , Confused",2024-10-13 12:01:06,7,True,0.0,0.0,True,year: 2024 month: 10 day: 13,-0.22562703490257263,0.6339001655578613
73,5025,I ' m feeling weak and tired \nI had a stressful day and it ' s been so for some time now \ nNowadays I work more than is required so that ' s the reason \nI ' m feeling weak and tired \nI had a stressful day and it ' s been so for some time now \ nNowadays I work more than is required so that ' s the reason,2024-10-13 17:14:01,7,False,0.0,0.0,True,year: 2024 month: 10 day: 13,-1.6877723932266235,0.2910216748714447
73,5026,"Sick , Tired , Stressed , Not happy , Not well",2024-10-15 17:11:51,7,True,-1.0,1.0,True,year: 2024 month: 10 day: 15,-1.645042061805725,0.048007044941186905
73,5027,"Happy , Active , Lively , Strong , Excited",2024-10-16 12:02:11,7,True,0.0,1.0,True,year: 2024 month: 10 day: 16,1.3732150793075562,1.5703589916229248
73,5028,"I ' m feeling tired after a long day \ nIt ' s been same all week , been feeling tired more often than usual \ nI work long hours so it ' s possibly why \ nI ' m feeling tired after a long day \ nIt ' s been same all week , been feeling tired more often than usual \ nI work long hours so it ' s possibly why \ nI ' m feeling tired after a long day \ nIt ' s been same all week , been feeling tired more often than usual \ nI work long hours so it ' s possibly why",2024-10-16 17:01:13,7,False,0.0,1.0,True,year: 2024 month: 10 day: 16,-1.6595662832260132,-0.00016548577696084976
73,5029,"I ' m currently feeling a bit exhausted and a bit tired , was quit very about the situation \nI ' m currently feeling a bit exhausted and a bit tired , was quit very about the situatio \ nn \nI ' m currently feeling a bit exhausted and a bit tired , was quit very about the situation",2024-10-16 22:43:26,7,False,0.0,1.0,True,year: 2024 month: 10 day: 16,-1.6758825778961182,-0.03568103909492493
75,5062,"tired , faint , pain , unease , annoyed",2024-10-22 22:01:22,7,True,-2.0,0.0,True,year: 2024 month: 10 day: 22,-1.6561590433120728,0.18170832097530365
75,5063,"back pain , tired , restless , seldom , quiet",2024-10-23 12:01:02,7,True,-2.0,0.0,True,year: 2024 month: 10 day: 23,-1.351689100265503,0.17296922206878662
75,5064,i had an emergency medical situation that required medical attention . i had pain that was intense and uncomfortable requiring the need for care . i am uncomfortable and want to rest . i will stay in bed and relax,2024-10-23 17:15:50,7,False,-1.0,0.0,True,year: 2024 month: 10 day: 23,-1.0867496728897095,0.2579033076763153
75,5065,"I am currently   feeling sick . i am experiencing extreme back pain that is resulting in restlessness , agitation .   the pain was a quick onset and is intensifying over the course of the day . i fewl as if i fell and   injured myself as i have no answers for the onset of the pain",2024-10-23 22:02:34,7,False,-2.0,0.0,True,year: 2024 month: 10 day: 23,-1.8589478731155396,0.32539138197898865
75,5066,i am still feeling sick . i am exhausted and tired at the current time . i am in bed resting and hoping to feel \ nbetter soon .    i am thinking that although work is rewarding getting sick from children is not the best,2024-10-24 12:00:24,7,False,-1.0,0.0,True,year: 2024 month: 10 day: 24,-1.5519380569458008,-0.12499276548624039
75,5067,"tired , content , still , soft , placid",2024-10-24 17:00:36,7,True,0.0,0.0,True,year: 2024 month: 10 day: 24,-0.20776036381721497,0.24793900549411774
75,5068,"still , faint , faint , tired , silent",2024-10-24 22:22:52,7,True,0.0,0.0,True,year: 2024 month: 10 day: 24,-1.3616116046905518,0.23321311175823212
75,5069,i am currently feeling neutral . i am feeling a little better physically therefore it is improving my mood . i feel that my medical condition will improve and the pain will subside . it was an immediate onset and i am seeking out alternatives to have me rest .,2024-10-25 12:00:25,7,False,0.0,1.0,True,year: 2024 month: 10 day: 25,-0.1967868208885193,0.9618548154830933
75,5070,i am a little more content at this time as i am more rested and alert . the pain is decreasing and i have fewer symptoms . i am refreshed to know that family will be visiting tomorrow as children make me happy and content . i look forward to visitors and having a special time with them,2024-10-25 22:27:08,7,False,0.0,0.0,True,year: 2024 month: 10 day: 25,0.7071751952171326,0.45569562911987305
75,5071,i am feeling extremely content at this time . i am able to relax / watch a television show of interest and feel at ease . i located my tens medical machine and my back pain has decreased . i wished i thought of this earlier . i have a solution to a dilemma and therefore content and calm,2024-10-26 22:00:58,7,False,2.0,0.0,True,year: 2024 month: 10 day: 26,1.3103742599487305,0.4049539566040039
75,5072,i am feeling content and calm on this Sunday morning .   I had a decent nights sleep and feel well rested .   I am experiencing decreased pain and the headache is not as intense .   i look forward to visitors on this day and will \ nplan accordingly .,2024-10-27 12:00:34,7,False,2.0,2.0,True,year: 2024 month: 10 day: 27,1.6131609678268433,0.2754247784614563
75,5073,I returned back to work today and have a light schedule .   i am looking forward to meeting with sites and planning for a rewarding experience . my activities for the day includes working on social emotional learning / feelings charts .,2024-10-28 12:01:18,7,False,2.0,0.0,True,year: 2024 month: 10 day: 28,0.8781628608703613,1.5013004541397095
75,5074,"sleepy , tired , exhausted , fatigue , lethargic",2024-10-28 22:38:04,7,True,0.0,0.0,True,year: 2024 month: 10 day: 28,-1.50084388256073,-0.06336382776498795
75,5075,"fatigue , tired , bored , sick , feverish",2024-10-29 17:03:07,7,True,-1.0,0.0,True,year: 2024 month: 10 day: 29,-1.4517699480056763,-0.05441970005631447
75,5076,"quiet , tired , content , restless , poised",2024-10-30 22:05:31,7,True,0.0,0.0,True,year: 2024 month: 10 day: 30,-0.19493183493614197,0.342136412858963
80,5193,"Dynamic , Vibrant , Tired , Stressed , Convinced",2024-08-22 17:15:20,7,True,0.0,1.0,True,year: 2024 month: 08 day: 22,0.38628384470939636,1.304294466972351
80,5194,"Energetic , Capable , Smiley , Encouraging , Determined",2024-08-22 22:26:27,7,True,0.0,2.0,True,year: 2024 month: 08 day: 22,0.6766089797019958,1.8694772720336914
80,5195,"Stressed , Disturbed , Distress , Confused , Tired",2024-08-23 12:14:29,7,True,0.0,1.0,True,year: 2024 month: 08 day: 23,-0.8878339529037476,0.9937865138053894
80,5196,"Irritated , Annoyed , Weak , Disappointed , Sluggish",2024-08-23 17:09:48,7,True,-1.0,1.0,True,year: 2024 month: 08 day: 23,-1.27680504322052,1.4732933044433594
80,5197,"Vibrant , Energetic , Dynamic , Motivated , Convinced",2024-08-23 22:25:44,7,True,1.0,1.0,True,year: 2024 month: 08 day: 23,0.7538411021232605,1.8139702081680298
80,5198,"Fun , Happy , Determined , Vibrant , Steady",2024-08-24 12:14:11,7,True,0.0,2.0,True,year: 2024 month: 08 day: 24,1.3862907886505127,1.5552239418029785
80,5199,Feeling bored stressed like all is about to end in a dark and unfair situation mood switching from opposite phase disappointed that fair goals are met for the day and not having adequate fun to ignite the day .,2024-08-24 17:37:10,7,False,-1.0,1.0,True,year: 2024 month: 08 day: 24,-1.0988500118255615,0.6038390398025513
80,5200,"A neutral feeling is a calm and balanced state , free from strong emotions or biases . It ' s a midpoint between positive and negative , where neither excitement nor sadness dominates . Imagine a still pond , reflecting the surroundings without a ripple . Neutral feelings bring clarity , and stability , like a steady heartbeat .",2024-08-25 12:09:17,7,False,0.0,1.0,True,year: 2024 month: 08 day: 25,0.7517305612564087,0.7227643132209778
80,5201,"Calm , Reversed , Still , Grateful , Grieved",2024-08-25 17:21:55,7,True,-2.0,0.0,True,year: 2024 month: 08 day: 25,1.2243576049804688,0.4862537086009979
80,5202,"A quiet feeling is a peaceful and serene state , characterized by stillness and calmness . It ' s a sense of gentle hush , where thoughts and emotions are subdued , and the mind is tranquil . Imagine a snowflakes ' gentle fall , or a soft misty dawn , where the world is muffled and slow . Quiet feelings bring a sense of refuge , comfort , and contemplation , like a warm embrace that soothes the soul . In this state , the world ' s noise and chaos fade away , leaving only a sense of gentle quietude .",2024-08-25 22:13:29,7,False,0.0,0.0,True,year: 2024 month: 08 day: 25,0.8291631937026978,0.25559622049331665
80,5203,"Calm , Perplexed , Reserved , Determined , Vibrant",2024-08-26 12:59:44,7,True,0.0,0.0,True,year: 2024 month: 08 day: 26,0.9705148339271545,0.7178593277931213
80,5204,"A neutral feeling is a calm and balanced state , free from strong emotions . It ' s a midpoint between positive and negative , where neither excitement nor sadness dominates . Thoughts and feelings are acknowledged without judgment , like a still pond reflecting the surroundings . Neutral feelings bring clarity , objectivity , and stability , like a steady heartbeat . No strong attachment or reaction , just a sense of ""being "" without bias . It ' s a state of emotional equilibrium , where one observes life without taking sides , like a witness to the present moment .",2024-08-26 17:39:14,7,False,0.0,1.0,True,year: 2024 month: 08 day: 26,1.020780324935913,0.633026123046875
80,5205,"Vibrant , Hearty , Grateful , Optimistic , Determined",2024-08-29 17:01:43,7,True,0.0,2.0,True,year: 2024 month: 08 day: 29,1.0575218200683594,1.503769874572754
80,5206,"Perplexed , Vibrant , Dynamic , Optimistic , Determined",2024-08-29 22:41:33,7,True,0.0,2.0,True,year: 2024 month: 08 day: 29,0.37845340371131897,1.7442923784255981
89,571,I feel happy and lively even thought I got some kind of bad news today . But that bad news doesn’t define me and I’m having too great of a day so I feel great ! I feel content and full of happiness . My muscles feel good from finishing my workout too . I do feel hungry though .,2024-08-19 17:04:31,7,False,2.0,2.0,True,year: 2024 month: 08 day: 19,1.613101601600647,1.1668295860290527
89,572,"Tired , Sluggish , Ok , Sore , Hungry",2024-08-20 12:52:24,7,True,-1.0,0.0,True,year: 2024 month: 08 day: 20,-1.2995412349700928,0.07560239732265472
89,573,"I’m currently feeling less tired but still tired . My eyes feel a little heavy and my back a little sore . I feel a little crampy (period cramps) . I feel a little lazy today also . But that’s it , that’s basically how I’m feeling .",2024-08-20 17:13:00,7,False,-1.0,0.0,True,year: 2024 month: 08 day: 20,-0.7651511430740356,0.14185620844364166
89,574,"I am feeling good . I feel lively and excited and happy . I feel a little sore but not too crazy . Overall , I am better now than I was earlier today . That’s basically how I’m feeling today at this very moment .",2024-08-20 22:06:49,7,False,0.0,2.0,True,year: 2024 month: 08 day: 20,1.3701765537261963,1.2985607385635376
89,579,"I feel active , lively , but slightly tired . My eyes mainly feel a little tired . I am pretty energetic though . I also feel excited and a little nervous . I also feel angsty . That’s basically it how I’m feeling at the moment .",2024-08-21 12:39:01,7,False,0.0,2.0,True,year: 2024 month: 08 day: 21,0.09768534451723099,2.0749876499176025
89,580,I’m feeling tired right now and somewhat emotionally drained . My eyes are definitely tired and I’m trying to stay focused . My top body feels sore (from working out) and I feel like I was to sleep . That is basically how I am feeling .,2024-08-21 17:35:51,7,False,-1.0,0.0,True,year: 2024 month: 08 day: 21,-1.5594664812088013,0.1800231635570526
89,581,"I feel tired today since I went to bed late last night . I also feel sluggish and a little defeated . My brain feels fuzzy , but I’m trying to get out of it so I can be productive today . I also feel somewhat emotionally drained and a little stressed .",2024-08-23 12:47:21,7,False,0.0,0.0,True,year: 2024 month: 08 day: 23,-1.4723793268203735,0.10176966339349747
89,582,"Nervous , Thoughtful , Nervous , Stressed , Ignorant",2024-08-23 22:37:59,7,True,0.0,1.0,True,year: 2024 month: 08 day: 23,-0.8577921986579895,1.422670602798462
89,583,"Meh , Stressed , Unmotivated , Unfocused , Drained",2024-08-24 12:44:12,7,True,0.0,1.0,True,year: 2024 month: 08 day: 24,-0.9872224926948547,0.5230143666267395
89,584,"Sluggish , Tired , Drained , Defeated , Nervous",2024-08-24 22:07:43,7,True,-2.0,0.0,True,year: 2024 month: 08 day: 24,-1.6889277696609497,0.05050154775381088
89,585,"Content , Excited , Slightly nervous , Active , Determined",2024-08-25 17:30:31,7,True,0.0,2.0,True,year: 2024 month: 08 day: 25,0.8859166502952576,1.1721582412719727
89,586,"Nervous , Tired , Hungry , Frustrated , Defeated",2024-08-26 17:50:44,7,True,-1.0,2.0,True,year: 2024 month: 08 day: 26,-1.2284789085388184,1.2159440517425537
89,587,"Tired , Exhausted , Hungry , Happy , Intrigued",2024-08-29 22:10:23,7,True,-2.0,0.0,True,year: 2024 month: 08 day: 29,-0.7016558051109314,0.4995313584804535
94,970,"Cool , Calm , Lowkey , Normal , Gentle",2024-11-13 12:05:15,7,True,2.0,0.0,True,year: 2024 month: 11 day: 13,0.28790295124053955,0.7741106748580933
94,971,"Sluggish , Tired , Down , Depressed , Low",2024-11-13 17:17:46,7,True,-2.0,0.0,True,year: 2024 month: 11 day: 13,-1.5343294143676758,0.1666988581418991
94,1182,"normal to have an ""off "" day or two where you don ' t feel like yourself . If you ' re feeling ""off "" or ""weird "" for more than a couple of days , you can try to reflect on what ' s going on and ask yourself some non-judgmental questions . \n",2024-11-13 22:04:54,7,False,0.0,0.0,True,year: 2024 month: 11 day: 13,-0.4927026331424713,0.3935043513774872
94,1183,"Sad , Down , Low , Not happy , Depressed",2024-11-14 12:01:59,7,True,-2.0,1.0,True,year: 2024 month: 11 day: 14,-1.3255560398101807,0.8499948382377625
94,1184,"Quite , Calm , Lowkey , Chilled , Unbothered",2024-11-14 17:32:41,7,True,0.0,0.0,True,year: 2024 month: 11 day: 14,0.8492364287376404,0.8618360757827759
94,1185,"There are many reasons why you might feel ""off "" or ""weird "" from time to time , including : \nA symptom of depression that can make you feel empty , discouraged , isolated , or unfocused . You might feel like you ' re going through the motions and can ' t connect to your environment",2024-11-15 12:09:22,7,False,0.0,0.0,True,year: 2024 month: 11 day: 15,-1.2704970836639404,0.4504532814025879
94,1186,"Active , Alive , Energetic , Online , Active",2024-11-15 17:19:13,7,True,0.0,2.0,True,year: 2024 month: 11 day: 15,0.1624574363231659,2.076723098754883
94,1187,"Feeling calm and quiet "" means experiencing a state of inner peace and serenity , where there is a lack of agitation , disturbance , or excitement , essentially a feeling of tranquility and stillness , like a peaceful moment with minimal external stimuli ; it implies a sense of being relaxed and composed , both mentally and physically",2024-11-16 12:04:43,7,False,2.0,0.0,True,year: 2024 month: 11 day: 16,0.9343609809875488,0.28063613176345825
94,1188,"Calm , Gentle , Dull , Down , Lowkey",2024-11-16 17:12:38,7,True,2.0,0.0,True,year: 2024 month: 11 day: 16,0.6477304100990295,0.5298977494239807
94,1189,"saying that expresses a lack of strong emotion or opinion on a particular matter , often conveying a sense of detachment or indifference ; a common example is ""If you are neutral in situations of injustice , you have chosen the side of the oppressor ,"" which highlights that remaining neutral in the face of wrongdoing can be interpreted as supporting the unjust side .",2024-11-17 12:09:21,7,False,0.0,1.0,True,year: 2024 month: 11 day: 17,0.27623188495635986,0.32945793867111206
94,1190,"Happy , Cheerful , Jovial , Joyous , Jollyful",2024-11-17 17:38:30,7,True,2.0,1.0,True,year: 2024 month: 11 day: 17,1.5785017013549805,1.211703896522522
94,1191,"Enthusiasm is related to other words like playfulness , inventiveness , optimism , zest , and high energy . The word enthusiasm comes from the NORP word enthousiasmos , which comes from enthou , meaning ""possessed by a god , inspired "". It was originally used in a derogatory sense to describe excessive religious zeal",2024-11-18 12:32:00,7,False,2.0,2.0,True,year: 2024 month: 11 day: 18,1.3663899898529053,1.5667942762374878
94,1192,"Slow , Dull , Moody , Down , Depressed",2024-11-18 22:53:59,7,True,-1.0,0.0,True,year: 2024 month: 11 day: 18,-0.8847042918205261,0.4338577687740326
94,1193,"Neutral feelings can be normal , and they can occur alongside positive or negative emotions . For example , a parent might feel neutral about going to the park with their child , but also feel happy because their child wants to spend time with them .",2024-11-19 12:08:06,7,False,0.0,1.0,True,year: 2024 month: 11 day: 19,0.6286652088165283,0.8103393912315369
94,1194,"Calmness can soothe negative emotions like anxiety , stress , anger , and frustration . It can also encourage other emotional habits Feeling calm is a psychological state of peace and quiet , where you feel at ease and free from anxiety , stress , and tension",2024-11-19 17:18:38,7,False,2.0,0.0,True,year: 2024 month: 11 day: 19,1.486823558807373,0.2027507871389389
99,1390,"Tired , Bored , Drained , Confused , Pensive",2024-11-12 22:23:00,7,True,0.0,1.0,True,year: 2024 month: 11 day: 12,-1.2283365726470947,0.1924891322851181
99,1391,"Had another doctors appointment this morning , always nerve wracking , also had too much coffee . I have two interviews today so that is not helping with the nerves . Otherwise I am excited for the outcome of my meetings/interviews today and to be done with my doctors appointments .",2024-11-13 12:02:17,7,False,-2.0,2.0,True,year: 2024 month: 11 day: 13,-0.3765246570110321,1.9814636707305908
99,1392,I am calm because I ate and am sitting by the fire relaxing . I am thinking about my appointment tomorrow which makes me slightly anxious . I am feeling excited because I got another job interview for one that I am excited about .,2024-11-13 22:02:32,7,False,0.0,1.0,True,year: 2024 month: 11 day: 13,0.6015936732292175,0.6707757115364075
99,1393,I am feeling tired because I had to get up for the doctors again but am happy because my treatment is almost done . I am grateful for the breakfast that I just had and because my mentor agreed to write me a letter of rec . this makes me a little nervous because it means I need to get started on PhD apps !,2024-11-14 12:01:01,7,False,0.0,0.0,True,year: 2024 month: 11 day: 14,-0.18529510498046875,0.5463334918022156
99,1394,I am feeling chill because I’m home by the fire and got responses to important emails . I am still waiting to hear about my medical stuff so I am a little nervous about that . I had a stressful afternoon so I am decompressing .,2024-11-14 22:17:51,7,False,0.0,0.0,True,year: 2024 month: 11 day: 14,0.1823897659778595,0.35811272263526917
99,1395,"Chill , Tired , Anxious , Full , Unmotivated",2024-11-15 12:32:34,7,True,-2.0,0.0,True,year: 2024 month: 11 day: 15,0.43428170680999756,0.38583171367645264
99,1396,"I’m very hungry right now and stressed because I have to give myself a shot at 2 in the morning to prep for a surgery so I am already getting anxious for that . Otherwise I am trying to relax , I had a productive day .",2024-11-15 22:01:23,7,False,-2.0,0.0,True,year: 2024 month: 11 day: 15,-0.25164613127708435,0.9567827582359314
99,1397,I am very tired because I had to stay up to administer my shots at 2 am and then couldn’t sleep . I am feeling nervous for my procedure tomorrow but excited to be done with the process . I am more relaxed because it’s the weekend .,2024-11-16 12:01:08,7,False,-2.0,0.0,True,year: 2024 month: 11 day: 16,-0.973949134349823,-0.026121124625205994
99,1398,Still feeling very tired and unmotivated which is frustrating because I have a lot to get done ! I am drained and just want to stay in bed but I am trying to convince myself to go on a walk . I just feel lazy and uncomfortable .,2024-11-16 17:02:17,7,False,-2.0,0.0,True,year: 2024 month: 11 day: 16,-1.603790283203125,0.16045252978801727
99,1399,I am nervous and anxious because I have surgery today . I am glad to almost be done with it but I have never had surgery before so I’m a little scared . I am hopeful that everything will go well . I am feeling supported by family .,2024-11-17 12:01:13,7,False,-2.0,2.0,True,year: 2024 month: 11 day: 17,-1.2228801250457764,1.499982237815857
99,1400,"Tired , Unmotivated , Uncomfortable , Sluggish , Quiet",2024-11-18 12:50:49,7,True,-1.0,0.0,True,year: 2024 month: 11 day: 18,-1.135555386543274,0.28982263803482056
99,1401,I am feeling pretty productive today but quite stressed by all I have to do . I am still feeling a little inactive because of my procedure and want to be more active . I am also getting a little anxious about the holidays because I just made some plans .,2024-11-19 17:21:11,7,False,0.0,2.0,True,year: 2024 month: 11 day: 19,-0.25587520003318787,1.1528232097625732
99,1402,"Calm , Chill , Sluggish , Frustrated , Bored",2024-11-19 22:05:24,7,True,2.0,0.0,True,year: 2024 month: 11 day: 19,0.44385796785354614,0.48055189847946167
99,1403,"Bored , Chill , Thoughtful , Tired , Relaxed",2024-11-20 17:43:12,7,True,0.0,1.0,True,year: 2024 month: 11 day: 20,-0.02450009435415268,0.2835742235183716
105,1796,"Tired , Anxious , Grateful , Neutral , Content",2024-11-20 12:00:52,7,True,-2.0,0.0,True,year: 2024 month: 11 day: 20,-0.07083155959844589,0.8364192247390747
105,1798,Not the best right now . Financial issues becoming stress in the family living off a 1 person income . Also tired since only slept for about 2 hours so hopefully my next nap is soon . I am thankful for my kids they are my true motivation .,2024-11-20 17:00:52,7,False,-2.0,2.0,True,year: 2024 month: 11 day: 20,-1.2359635829925537,0.24810399115085602
105,1799,"Sluggish , Pain , Tired , Overwhelmed , Content",2024-11-20 22:56:11,7,True,-2.0,0.0,True,year: 2024 month: 11 day: 20,-1.287589430809021,0.2060754895210266
105,1800,Today I am not feeling the most comfortable and confident about the future . Hardships in my personal life are starting to make me more nervous today and hoping that will pass . I am tired because of my night shift but hard time falling asleep at the moment . Soon I will be more comfortable but I know hard times pass .,2024-11-21 12:00:52,7,False,-2.0,0.0,True,year: 2024 month: 11 day: 21,-0.8687880039215088,1.131058692932129
105,1801,Could be better . I feel well rested but still stressing . Hoping that this feeling will go away but will take it one day at a time . I am hungry since I just woke up and need to eat . Also looking forward to something with my family that’s coming soon so can’t wait for that .,2024-11-21 17:05:28,7,False,-2.0,0.0,True,year: 2024 month: 11 day: 21,1.065049171447754,0.579218327999115
105,1802,I am tired and have a headache . I am getting hungry because I didn’t have breakfast but not sure what to eat . I am sluggish from the lack of sleep but will be taking a nap soon . I am hopeful for the future because if I don’t then negativity drown my thought .,2024-11-22 17:00:48,7,False,-1.0,1.0,True,year: 2024 month: 11 day: 22,-1.454916000366211,-0.008686614222824574
105,1803,Tired and sluggish since I just woke up but lazy as well . Not in the mood to get up to cook but need to start making dinner . Not really excited about work tonight but at least I have my days off ahead to look forward to . Those are my relaxing nights since I can sleep in my own bed . Happy to be spending time with family soon .,2024-11-22 22:01:05,7,False,-1.0,0.0,True,year: 2024 month: 11 day: 22,-1.0128751993179321,-0.025174394249916077
105,1815,"Tired , Uncertain , Neutral , Unsure , Confused",2024-11-23 12:07:57,7,True,-2.0,0.0,True,year: 2024 month: 11 day: 23,-0.614935040473938,0.7346760630607605
105,1816,I am currently starving since I haven’t eaten and been up for a while . Got no sleep this morning since my daughter got up to early so running on a hour of sleep . Hopefully I’ll be able to rest fine when I can sleep but will be doing that soon . I am ok because of exhaustion so can’t tell you how my emotions are because of tiredness .,2024-11-23 17:12:44,7,False,-1.0,2.0,True,year: 2024 month: 11 day: 23,-1.317413330078125,0.22018960118293762
105,1817,Jittery this morning since I did not get a good nights sleep . Happy to see my family today for my brothers birthday so we will be having fun together . Nervous to pay a bill to lose my WiFi but will be able to still enjoy my time . Also happy to know my family will be together to celebrate thanksgiving .,2024-11-24 12:06:04,7,False,-1.0,2.0,True,year: 2024 month: 11 day: 24,-0.695945680141449,1.220120906829834
105,1818,"Neutral , Uncomfortable , Uncertain , Sluggish , Pain",2024-11-25 12:10:39,7,True,0.0,1.0,True,year: 2024 month: 11 day: 25,-0.09789583832025528,1.1174358129501343
105,1820,"Tired , Unmotivated , Neutral , Content , Lazy",2024-11-25 22:34:54,7,True,-2.0,0.0,True,year: 2024 month: 11 day: 25,-0.3682151138782501,0.6187541484832764
105,1821,"Thirsty , Tired , Hungry , Annoyed , Pain",2024-11-26 17:20:42,7,True,0.0,1.0,True,year: 2024 month: 11 day: 26,-0.7344983816146851,0.8050543665885925
106,1832,"Upset , Resentful , Emotional , Unhappy , Frustrated",2024-10-20 12:40:12,7,True,-2.0,1.0,True,year: 2024 month: 10 day: 20,-1.2898526191711426,1.1890376806259155
106,1833,"I feel very overwhelmed from the last couple of days . I’m more calmed down now , but not completely relaxed . I feel a bit hopeless about the problems I’m facing but am trying to distract myself by doing things I enjoy .",2024-10-21 12:00:40,7,False,0.0,1.0,True,year: 2024 month: 10 day: 21,-0.23262223601341248,0.7044176459312439
106,1834,"Annoyed , Irritated , Angry , Frustrated , Confused",2024-10-21 22:27:11,7,True,-1.0,2.0,True,year: 2024 month: 10 day: 21,-0.8644782900810242,1.780941128730774
106,1835,"Mild , Congested , Ambivalent , Tired , Sleepy",2024-10-22 12:32:44,7,True,1.0,0.0,True,year: 2024 month: 10 day: 22,0.012614846229553223,0.7004340887069702
106,1836,"I’m feeling less sick and more energetic . I’m still stressed and uneasy , but less so than I have been recently . I’ve been distracting myself by doing things I enjoy and that’s helped me feel better . I’m hopeful that my mood will improve .",2024-10-22 22:04:59,7,False,0.0,1.0,True,year: 2024 month: 10 day: 22,0.010972343385219574,1.326368808746338
106,1837,"I’m in a better mood than I have been lately . I feel energetic and positive . While I am still stressed and uneasy , I have found comfort in spending time with others . I feel more motivated to do things I enjoy and leave my house besides going to work .",2024-10-23 12:11:48,7,False,1.0,0.0,True,year: 2024 month: 10 day: 23,0.8427223563194275,1.6237363815307617
106,1838,"I’m still sick . My symptoms feel like they’re improving , but earlier I had a coughing fit that was irritating and painful . I’m going to go to sleep soon so I’m looking forward to that . I feel lonely and tired . I miss a lot of people who used to be in my life that are hard to keep in touch with .",2024-10-23 22:07:23,7,False,0.0,1.0,True,year: 2024 month: 10 day: 23,-1.4682369232177734,0.2531110346317291
106,1839,I’m looking forward to the weekend . I have fun plans and that’s helping improve my mood . I’m still sick and I’m really tired but I don’t feel bothered by anything . I think today will be a good day and that has put me in a good mood .,2024-10-24 12:31:06,7,False,1.0,0.0,True,year: 2024 month: 10 day: 24,1.5416463613510132,1.2963123321533203
107,1859,I had a lot of trouble falling asleep last night . I tried everything I could think of to help me fall asleep but none of it worked . So now I am very tired and my heart is beating very fast (possibly due to anxiety) .,2024-08-11 12:00:46,7,False,-2.0,0.0,True,year: 2024 month: 08 day: 11,-1.6676554679870605,0.2122400403022766
107,1860,"I went out to get some coffee and food with a friend . We had a good chat . But for reasons unknown even to me , I started to feel really down after we parted ways . Now I am sitting in my room and crying . I hate my life and I hate myself .",2024-08-11 17:00:34,7,False,-2.0,1.0,True,year: 2024 month: 08 day: 11,-1.45329749584198,0.6439275145530701
107,1861,"I was feeling intense emotions earlier , so I journaled about all those complicated feelings . I am feeling calmer now . I understand that I am going through a very difficult time , and I need to be extra kind and patient with myself . I have survived worse in the past , and I will get through this too .",2024-08-11 22:07:02,7,False,-1.0,1.0,True,year: 2024 month: 08 day: 11,-0.275522917509079,0.6159055233001709
107,1863,"Tired , Lethargic , Mellow , Chill , Easygoing",2024-08-12 12:00:35,7,True,0.0,0.0,True,year: 2024 month: 08 day: 12,-0.42317429184913635,0.0930241122841835
107,1864,"I am feeling kind of stuck . On one hand , I am too tired to do the things I want to do , so I feel stressed out about it which causes me to not sleep well at night , which in turn results in me feeling tired during the day and it has become this vicious cycle . I understand that I need to be gentle with myself but I also do not want to use that as an excuse to forgo my responsibilities .",2024-08-12 17:05:54,7,False,-1.0,0.0,True,year: 2024 month: 08 day: 12,-1.4675427675247192,0.5797891616821289
107,1865,"After taking a two-hour nap , I finally felt more energetic . I accomplished a lot of chores and some tasks related to work . Although my sadness did not go away , I did not let it stop me from doing things and taking care of myself .",2024-08-12 22:11:59,7,False,0.0,1.0,True,year: 2024 month: 08 day: 12,-0.48400044441223145,0.9367226958274841
107,1866,"I had a lot of trouble falling asleep last night . I think it was because I had too much tea and took a nap in the afternoon . So I am feeling very tired this morning . Also , I have 3 interviews tomorrow which I am very nervous about .",2024-08-13 12:13:28,7,False,-1.0,0.0,True,year: 2024 month: 08 day: 13,-1.5997403860092163,0.27990996837615967
107,1867,"Tired , Drained , Numb , Lost , Sad",2024-08-13 17:07:37,7,True,-2.0,0.0,True,year: 2024 month: 08 day: 13,-1.4412771463394165,0.23745711147785187
107,1868,"Sad , Down , Numb , Tired , Lonely",2024-08-13 22:00:39,7,True,-1.0,1.0,True,year: 2024 month: 08 day: 13,-1.2781157493591309,0.6831921339035034
107,1869,"Content , Motivated , Ok , Productive , Supported",2024-08-14 17:44:17,7,True,1.0,0.0,True,year: 2024 month: 08 day: 14,0.4082462787628174,1.4964040517807007
107,1870,"After a long day , I am hanging out with some friends . It is nice to be in the company of people who have a good sense of humor and support me . I feel better now even though it was a rough day for me otherwise . So that was good .",2024-08-14 22:03:29,7,False,0.0,1.0,True,year: 2024 month: 08 day: 14,-0.29540982842445374,0.4963284432888031
107,1871,I am feeling extremely exhausted . I just took a two-hour nap and am still feeling tired . I tried to push myself to get up and do something but I just feel like I am going to fall asleep at any given moment .,2024-08-15 17:05:44,7,False,-2.0,0.0,True,year: 2024 month: 08 day: 15,-1.7370985746383667,-0.058802731335163116
107,1872,"Tired , Motivated , Content , Cozy , Connected",2024-08-16 12:01:59,7,True,0.0,0.0,True,year: 2024 month: 08 day: 16,0.03002893179655075,0.7191202044487
107,1874,I am feeling a mix of emotions right now : a little bit overwhelmed by all the things that I have to do ; sad about my current life situation ; and stressed out about my job search and starting my own business .,2024-08-16 17:09:43,7,False,-1.0,1.0,True,year: 2024 month: 08 day: 16,-0.9006129503250122,1.6971062421798706
107,1875,"Sluggish , Drained , Numb , Pessimistic , Lonely",2024-08-16 22:01:36,7,True,-2.0,0.0,True,year: 2024 month: 08 day: 16,-1.467615008354187,0.18321678042411804
107,1876,"Active , Motivated , Productive , Tired , Sleepy",2024-08-17 12:01:29,7,True,0.0,2.0,True,year: 2024 month: 08 day: 17,-0.06193452700972557,1.919756293296814
107,1877,"Sad , Down , Tired , Lethargic , Lonely",2024-08-17 22:21:37,7,True,-1.0,1.0,True,year: 2024 month: 08 day: 17,-1.343066930770874,0.7329287528991699
119,2478,"Happy , Thirsty , Content , Lazy , Glad",2024-10-20 22:01:51,7,True,2.0,2.0,True,year: 2024 month: 10 day: 20,1.028607726097107,1.2477946281433105
119,2479,"Okay , Chill , Happy , Comfortable , Nice",2024-10-21 22:01:00,7,True,0.0,1.0,True,year: 2024 month: 10 day: 21,0.8605796694755554,0.6851242780685425
119,2480,"Nervous , Hungry , Tired , Excited , Calm",2024-10-24 17:26:33,7,True,-1.0,2.0,True,year: 2024 month: 10 day: 24,0.10115811973810196,1.325717568397522
119,2481,"I feel like crying a bit , and maybe alot . My ear is hurting and i’ve been more sensitive with the wind as it hits my ear . It doesn’t help when there’s an instrument by in my ear constantly for marching band .",2024-10-25 17:13:50,7,False,-1.0,1.0,True,year: 2024 month: 10 day: 25,-1.5736223459243774,0.5620962977409363
119,2483,"Quiet , Hungry , Longing , Tired , Cold",2024-10-28 22:00:44,7,True,0.0,0.0,True,year: 2024 month: 10 day: 28,-0.18738839030265808,0.42658916115760803
120,2510,"I am content and calm after having a great day . I am ready to relax and wind down for the night . I am excited for tomorrow to come and am anticipating a very light , easy day at work + plans with friends .",2024-11-07 22:48:34,7,False,2.0,0.0,True,year: 2024 month: 11 day: 07,1.7816951274871826,0.2047853320837021
120,2511,"sluggish , tired , excited , content , thoughtful",2024-11-08 12:46:36,7,True,-2.0,0.0,True,year: 2024 month: 11 day: 08,-0.7406569719314575,0.38884007930755615
120,2513,"content , calm , reflective , grateful , cheerful",2024-11-08 22:38:18,7,True,2.0,0.0,True,year: 2024 month: 11 day: 08,1.3502002954483032,0.5094610452651978
120,2514,"quiet , exhausted , drained , sleepy , satisfied",2024-11-09 22:54:45,7,True,0.0,0.0,True,year: 2024 month: 11 day: 09,-0.8821936249732971,0.06823746114969254
120,2515,"sluggish , tired , annoyed , dissatisfied , questioning",2024-11-10 12:26:28,7,True,-1.0,0.0,True,year: 2024 month: 11 day: 10,-1.6625676155090332,0.3544348478317261
120,2516,I am happy because I found out today is a national holiday and therefore I don ' t have to work since it ' s a company holiday too . I am excited because I now have time to complete errands and enjoy the downtime with my family . I am pondering what I can do today for fun .,2024-11-11 12:53:21,7,False,1.0,1.0,True,year: 2024 month: 11 day: 11,1.399883508682251,1.2787729501724243
120,2517,"quiet , satiated , content , tired , sleepy",2024-11-11 22:02:09,7,True,0.0,0.0,True,year: 2024 month: 11 day: 11,0.3316502571105957,0.25403934717178345
120,2518,"sluggish , tired , drained , sleepy , concerned",2024-11-12 22:02:01,7,True,-2.0,0.0,True,year: 2024 month: 11 day: 12,-1.6404407024383545,0.07925692945718765
120,2519,"jittery , nervous , on edge , stressed , annoyed",2024-11-13 12:44:14,7,True,-2.0,2.0,True,year: 2024 month: 11 day: 13,-1.3115006685256958,1.830141305923462
120,2520,"confused , sluggish , tired , annoyed , irritated",2024-11-13 17:23:11,7,True,-1.0,0.0,True,year: 2024 month: 11 day: 13,-1.5952190160751343,0.7092978954315186
120,2521,"neutral , calm , collected , content , relaxed",2024-11-13 22:02:01,7,True,0.0,1.0,True,year: 2024 month: 11 day: 13,0.16652777791023254,0.9720644950866699
120,2522,I am feeling content having finished up a tough work week . I am feeling happy having met up with friends .   I am feeling quiet as I decompress through meditation and relaxing yoga . I am feeling tired as I go through my nightly routine,2024-11-15 22:07:03,7,False,2.0,0.0,True,year: 2024 month: 11 day: 15,0.30653494596481323,0.2140493541955948
122,2601,"Calm , Neutral , Fine , Bored , Tire",2024-09-05 12:06:15,7,True,0.0,1.0,True,year: 2024 month: 09 day: 05,0.5796095132827759,0.7645553350448608
122,2602,"I am currently feeling okay right now . It is getting late in the afternoon for this workday , and I feel like the day is going by quite slowly . I am a bit tired , maybe a little bored , and am looking forward to attending a local baseball game tonight . It should be a fun time .",2024-09-05 17:06:05,7,False,1.0,1.0,True,year: 2024 month: 09 day: 05,-0.16355451941490173,0.5291649103164673
122,2603,"Content , Calm , Relaxed , Happy , Joyful",2024-09-05 22:55:03,7,True,2.0,0.0,True,year: 2024 month: 09 day: 05,1.673154354095459,0.534577488899231
122,2604,"Okay , Fine , Neutral , Unemotional , Blank",2024-09-06 17:15:22,7,True,0.0,1.0,True,year: 2024 month: 09 day: 06,-0.12945538759231567,1.259056806564331
122,2605,"Calm , Okay , Content , Fine , Happy",2024-09-07 17:09:15,7,True,0.0,1.0,True,year: 2024 month: 09 day: 07,1.1678186655044556,0.663093626499176
122,2606,"I am feeling fairly good right now because it is Saturday night and I am home and just relaxing . We had some family visiting our home earlier today , which was an enjoyable experience . I am very excited for the upcoming start of the ORG football season , which begins tomorrow at 10AM",2024-09-07 22:05:13,7,False,1.0,1.0,True,year: 2024 month: 09 day: 07,1.0982047319412231,1.0486054420471191
122,2607,"Happy , Joyful , Great , Good , Content",2024-09-08 17:01:17,7,True,1.0,1.0,True,year: 2024 month: 09 day: 08,1.601227879524231,1.071008563041687
122,2608,"Okay , Fine , Neutral , Blank , Meh",2024-09-08 22:27:30,7,True,0.0,1.0,True,year: 2024 month: 09 day: 08,-0.12756261229515076,1.148940920829773
122,2609,"Active , Alert , Productive , Caffeinated , Good",2024-09-09 12:06:58,7,True,0.0,2.0,True,year: 2024 month: 09 day: 09,0.03401034325361252,2.0899713039398193
122,2611,"I am currently feeling okay at the moment . I am almost done with today ' s workday (on Tuesday September 10th) and I am pretty glad that this day is nearly over . I am feeling just a little bit stressed , but more so tired",2024-09-10 17:10:58,7,False,0.0,1.0,True,year: 2024 month: 09 day: 10,0.2948647737503052,0.625946044921875
122,2612,"I am feeling okay right now . It is almost the end of today ' s workday , and I had a few stressful moments earlier today in which my manager learned of some mistakes I had made on one of my analyses . I do not think it is going to turn into a big deal in the future , but it did make me a bit upset in the moment .",2024-09-11 17:10:09,7,False,0.0,1.0,True,year: 2024 month: 09 day: 11,-0.43473729491233826,0.9058852791786194
122,2613,"It is currently Wednesday evening at 8 : 17PM , and I am feeling fairly happy right now . My wife and I finished dinner and are next going to look for something entertaining to watch on ORG or ORG . I am also glad that the hot weather is over and we are back to normal GPE  weather .",2024-09-11 22:17:13,7,False,1.0,1.0,True,year: 2024 month: 09 day: 11,1.512122392654419,1.2048697471618652
127,2926,"Today , I feel neutral . It’s like I’m just hanging out in this middle zone where nothing’s super exciting , but nothing’s really bothering me either . I’m not overly happy or sad , just kind of ... there . It’s like when you’re listening to a song that’s just okay ; you’re not skipping it , but you’re not jamming out to it either . \nI’m just going through the day without any big highs or lows . I’m not super pumped to do anything , but I’m not dreading anything either . It’s almost like I’m just on autopilot , letting things happen without getting too wrapped up in them . It feels kind of chill , like a break from all the usual ups and downs .",2024-09-24 12:26:12,7,False,0.0,1.0,True,year: 2024 month: 09 day: 24,0.15152767300605774,0.8694074749946594
127,2927,"I ' m really happy right now because everything in my life feels like it’s going in the right direction . I’m surrounded by people who make me smile and support me , and that makes a huge difference . It’s like every day brings something good , even if it’s just enjoying a nice walk or hanging out with friends . \nI’ve had some tough times , but those moments make me appreciate this happiness even more . Now , I feel more confident , and I’m learning to just go with the flow . I’ve realized that even the small things , like listening to my favorite music or having a good meal , can bring a lot of joy . This happiness makes me feel lighter , more positive , and excited for what’s next .",2024-09-24 17:00:41,7,False,1.0,2.0,True,year: 2024 month: 09 day: 24,1.6522170305252075,1.0446633100509644
127,2928,"Today , I feel really sad . Everything just feels heavier than usual , and it’s like nothing makes sense . I woke up hoping it would be a good day , but it’s just hard to shake off this feeling . The things that used to make me smile don’t feel the same , and it’s tough to find any motivation .\ n \ nI’m trying to stay positive , but it’s like my mind is stuck on everything that’s wrong . I know I’m not the only one who feels this way , but it still feels lonely . I wish I could snap out of it and feel better , but today , it’s just not that easy . For now , I’m just letting myself feel what I feel , hoping tomorrow will be different .",2024-09-25 12:02:56,7,False,-2.0,1.0,True,year: 2024 month: 09 day: 25,-1.453263282775879,0.8398808836936951
127,2929,"Today , I feel pretty neutral . It’s like I’m just going through the day without feeling super happy or really sad . I’m not excited about anything , but I’m not upset either . It’s just one of those days where everything feels kind of average , like I’m just here and things are happening around me . Nothing is really bothering me , but nothing is making me feel great either . It’s a bit like coasting , where I’m just moving along with whatever’s happening without getting too caught up in it . It’s not a bad feeling , just kind of calm and chill , like I’m in the middle , not leaning one way or the other .",2024-09-25 17:01:48,7,False,0.0,1.0,True,year: 2024 month: 09 day: 25,0.3582453429698944,0.9164246320724487
127,2930,"Happy , Sad , Mad , Content , Glad",2024-09-25 22:04:50,7,True,-1.0,2.0,True,year: 2024 month: 09 day: 25,-0.2706434726715088,1.0006662607192993
127,2931,"Right now , I ' m feeling really jittery , like I’ve had way too much caffeine . My hands are kind of shaky , and I feel restless , like I just can’t sit still . It’s like my mind is racing with a bunch of thoughts all at once , and it’s making it hard to concentrate . My heart feels like it’s beating a bit faster , and it’s giving me this nervous , uneasy feeling . It’s almost like I’m excited or anxious , but I’m not really sure why . I just feel all this energy inside me , and it’s hard to calm down . This jittery feeling makes me want to move around , but at the same time , it’s kind of frustrating because I just want to feel normal and relaxed again . It’s like I need to take a deep breath and chill , but my body and mind just won’t let me right now .",2024-09-26 12:21:35,7,False,-1.0,1.0,True,year: 2024 month: 09 day: 26,-1.2484841346740723,1.7888290882110596
127,2932,"Today , I’m feeling pretty neutral . It’s one of those days where nothing seems to be too exciting or too upsetting . I’m just kind of going through the motions , getting things done as usual . There’s no real sense of happiness or sadness ; everything just feels like it ' s on a flat line . It’s not like I’m having a bad day or anything , but I wouldn’t say it’s a great day either . It’s just… a day . Sometimes , it feels like life is on autopilot , and today’s definitely one of those times . I’m not really focused on anything special , and nothing around me is really catching my attention . It’s like I’m stuck in the middle , just coasting along without any big highs or lows . Maybe tomorrow will bring something different , but for now , I’m just okay with things being this way . It’s actually kind of nice not to have any extreme emotions taking over . Sometimes , being neutral is just the break you need before things pick up again . So , I’ll just keep going , taking things one step at a time , and see where this day takes me .",2024-09-26 17:31:47,7,False,0.0,1.0,True,year: 2024 month: 09 day: 26,0.746283769607544,0.9854662418365479
127,2934,"happy , estatic , relaxed , content , blessed",2024-09-27 12:05:55,7,True,2.0,1.0,True,year: 2024 month: 09 day: 27,1.6703535318374634,1.0300627946853638
127,2935,"glad , mad , sad , happy , tired",2024-09-27 17:25:24,7,True,2.0,1.0,True,year: 2024 month: 09 day: 27,-0.4612652659416199,1.025855541229248
127,2936,"Right now , I ' m feeling really jittery , like I’ve had way too much caffeine . My hands are kind of shaky , and I feel restless , like I just can’t sit still . It’s like my mind is racing with a bunch of thoughts all at once , and it’s making it hard to concentrate . My heart feels like it’s beating a bit faster , and it’s giving me this nervous , uneasy feeling . It’s almost like I’m excited or anxious , but I’m not really sure why . I just feel all this energy inside me , and it’s hard to calm down . This jittery feeling makes me want to move around , but at the same time , it’s kind of frustrating because I just want to feel normal and relaxed again . It’s like I need to take a deep breath and chill , but my body and mind just won’t let me right now .",2024-09-27 22:31:42,7,False,-1.0,0.0,True,year: 2024 month: 09 day: 27,-1.2889693975448608,1.7897135019302368
127,2937,"Live , Happy , Blessed , Content , Estatic",2024-09-28 12:50:41,7,True,2.0,2.0,True,year: 2024 month: 09 day: 28,1.4886441230773926,0.9872148036956787
127,2938,"Sad , Mad , Glad , Content , Upset",2024-09-28 17:01:10,7,True,0.0,1.0,True,year: 2024 month: 09 day: 28,-0.9749731421470642,0.8412535786628723
127,2939,"Today , I feel full of energy and excitement . I woke up refreshed , and everything seems brighter . I’m moving with a bounce in my step , and even simple things are making me smile . It’s a day where I feel ready to take on anything , enjoying every moment with enthusiasm .",2024-09-28 22:47:35,7,False,2.0,2.0,True,year: 2024 month: 09 day: 28,1.5258537530899048,1.6555333137512207
133,3110,"Happy , Existed , Delightful , Comfortable , Loved",2024-09-18 17:13:59,7,True,0.0,2.0,True,year: 2024 month: 09 day: 18,1.5956716537475586,1.0830156803131104
133,3111,"Right now , I’m feeling a deep sense of happiness that seems to permeate every part of my day . It’s that kind of joy where everything feels a little brighter , and even the smallest moments bring a smile to my face . Whether it’s a chat with a friend , a quiet moment with a book , or just the pleasure of a sunny day , I’m savoring it all .",2024-09-18 22:06:35,7,False,1.0,1.0,True,year: 2024 month: 09 day: 18,1.682144284248352,1.3516889810562134
133,3112,"Happy , Delightful , Loved , Wonderful , Great",2024-09-19 12:01:27,7,True,1.0,1.0,True,year: 2024 month: 09 day: 19,1.6186167001724243,1.0720003843307495
133,3114,"Right now , I ' m feeling pretty hopeful and motivated , to be honest . I reached out for help with singing , which is something I ' m really passionate about , and I ' m excited to see some improvement . There ' s this sense of anticipation building up inside me , like I ' m on the verge of unlocking a new level of self-expression . My mind is buzzing with the possibilities - imagining myself belting out my favorite tunes with confidence , connecting with others through music , and maybe even discovering a newfound talent . It ' s like a spark has been lit , and I ' m eager to fan the flames . I ' m also feeling a tad nervous , wondering if I ' ll be able to overcome my vocal limitations , but mostly I ' m just ready to dive in , learn , and have fun with the process .\ n",2024-09-19 17:00:43,7,False,1.0,1.0,True,year: 2024 month: 09 day: 19,1.341511607170105,1.6773149967193604
133,3115,"Happy , Delightful , Grateful , Loved , Graceful",2024-09-20 12:01:35,7,True,2.0,1.0,True,year: 2024 month: 09 day: 20,1.6497290134429932,1.0244126319885254
133,3116,"Happy , Grateful , Delightful , Hopefull , Loved",2024-09-20 17:15:06,7,True,1.0,1.0,True,year: 2024 month: 09 day: 20,1.6197130680084229,1.0593972206115723
133,3117,"Delightful , Grateful , Happy , Loved , Excited",2024-09-22 22:00:44,7,True,0.0,1.0,True,year: 2024 month: 09 day: 22,1.746085286140442,0.9839748740196228
133,3118,"Happy , Delightful , Excited , Loved , Grateful",2024-09-23 12:03:23,7,True,0.0,1.0,True,year: 2024 month: 09 day: 23,1.6669098138809204,1.1741306781768799
133,3119,"I feel like I’m juggling a million thoughts at once , and it ' s exhausting . Some days , it’s hard to find my focus , and everything just seems to blur together . I really need a moment to pause and regroup , you know . But I feels better",2024-09-23 17:40:12,7,False,-1.0,1.0,True,year: 2024 month: 09 day: 23,-1.464048981666565,0.7726102471351624
133,3120,"Excited , Happy , Delightful , Grateful , Loved",2024-09-24 22:59:31,7,True,0.0,1.0,True,year: 2024 month: 09 day: 24,1.778139591217041,1.2151504755020142
133,3121,"Moody , Delightful , Grateful , Okay , Loved",2024-09-25 12:03:05,7,True,0.0,1.0,True,year: 2024 month: 09 day: 25,0.8259610533714294,1.02345609664917
134,3139,"Excited , Nervous , Anxious , Happy , Active",2024-10-23 17:03:57,7,True,1.0,2.0,True,year: 2024 month: 10 day: 23,1.4207589626312256,1.6075403690338135
134,3140,"Happy , Rested , Excited , Enthuiastic , Lively",2024-10-24 12:01:06,7,True,1.0,2.0,True,year: 2024 month: 10 day: 24,1.671972393989563,1.2868460416793823
134,3141,I am feeling frustrated because I had to go to the doctor for a checkup today when I didn ' t want to . I made a weird comment that made me feel ashamed . I felt weird and strange today . And I have homework due soon .,2024-10-24 22:11:34,7,False,0.0,1.0,True,year: 2024 month: 10 day: 24,-1.0063531398773193,1.5113070011138916
134,3142,"Anxious , Fearful , Awful , Sad , Nervous",2024-10-25 12:01:09,7,True,-2.0,2.0,True,year: 2024 month: 10 day: 25,-1.250359296798706,1.4376940727233887
134,3143,"Groggy , Anxious , Nervous , Sad , Weird",2024-10-26 17:00:52,7,True,-1.0,0.0,True,year: 2024 month: 10 day: 26,-0.7003569006919861,1.2356557846069336
134,3144,I am feeling horrible because I laid in bed all day . I really need to do my math homework but I haven ' t which makes me feel useless . I want to go to sleep but never wake up again . I am a failure . I hate being a failure .,2024-10-27 17:50:24,7,False,-2.0,0.0,True,year: 2024 month: 10 day: 27,-1.8351621627807617,0.47387996315956116
134,3145,I did not get out of bed until 6 P . M . today which made me feel useless . My friend could have helped me with my math homework but instead I wanted to be a piece of shit and now I ' m forced to do it alone by myself . I wish I wasn ' t a lethargic idiot all the time .,2024-10-27 22:05:03,7,False,-2.0,0.0,True,year: 2024 month: 10 day: 27,-1.696997046470642,0.3011263608932495
134,3147,"Forgetful , Anxious , Needy , Weary , Stupid",2024-10-28 12:39:01,7,True,-2.0,0.0,True,year: 2024 month: 10 day: 28,-0.4684773087501526,1.2132718563079834
134,3148,"I feel awkward and stupid because I accidentally bumped into someone ' s rear mirror and they said ""What The Fuck "" to me . I didn ' t mean to . It made me feel like shit . I feel terrible and useless . I also was late to math class today .",2024-10-28 17:02:18,7,False,0.0,0.0,True,year: 2024 month: 10 day: 28,-1.561260461807251,1.2996604442596436
134,3149,"I am okay . I have to do a JavaScript assignment which I ' m dreading because I really don ' t want to do any work right now . I feel really useless because I did not go to math class today which makes me feel awful . I did get checkers though , however I overate , which made me feel awful .",2024-10-28 22:02:43,7,False,-2.0,0.0,True,year: 2024 month: 10 day: 28,-1.0835672616958618,0.5352945923805237
134,3150,I slept through both of my alarms which made me feel awful about myself . I ended up getting a school late now I ' m sitting in the parking lot and I feel like a failure . I went to bed early and this still happened . I feel bad .,2024-10-29 12:26:17,7,False,-2.0,0.0,True,year: 2024 month: 10 day: 29,-1.7337095737457275,0.4452911615371704
134,3151,"I am very loopy today . Also , I missed math class today . Not all of it though , better than nothing ! I felt very anxious today , like I was going to die . But it went away ! I hope things get better . I ' m looking forward to going home .",2024-10-29 17:02:47,7,False,1.0,1.0,True,year: 2024 month: 10 day: 29,-0.9697372317314148,0.5189517140388489
134,3152,I am feeling useless because I was late to Math Class today . I did not feel good today . I was anxious today because I took an edible and it kicked in 2 hours later as a full blown panic attack . I also binge ate .,2024-10-29 22:00:48,7,False,-2.0,0.0,True,year: 2024 month: 10 day: 29,-1.824111819267273,0.435153067111969
139,3509,"I ' m more confident , outgoing and willing to engage . Mood swings might lurk , but overall , I ' m feeling uplifted . My thoughts flow freely , though clarity takes a hit , I ' m feeling somewhat relaxed and calm , with a gentle sense of euphoria washing over me . My worries seem to fade away , replaced by a carefree attitude and increased sociability .",2024-11-19 17:38:25,7,False,1.0,0.0,True,year: 2024 month: 11 day: 19,1.6525405645370483,1.082911491394043
139,3510,"Happy , Active , Lively , Cool , Calm",2024-11-19 22:03:53,7,True,1.0,1.0,True,year: 2024 month: 11 day: 19,1.4148613214492798,1.475071668624878
139,3511,"I currently feel enveloped in relaxation , with a soothing calmness spreading throughout my body . My mind unwinds , shedding worries and inhibitions , as a warm sense of euphoria takes hold . my worries seems fade away , replaced by I don’t care attitude",2024-11-20 12:10:43,7,False,1.0,0.0,True,year: 2024 month: 11 day: 20,1.4354290962219238,0.6670432090759277
139,3512,"Happy , Lively , Excited , Cool , Calm",2024-11-20 17:02:36,7,True,2.0,1.0,True,year: 2024 month: 11 day: 20,1.7348151206970215,1.2660863399505615
139,3513,"My senses are slightly dulled , coordination requires focus , and reactions slow . Mild dizziness and numbness creep in .\ nEmotions swing toward increased confidence , sociability and joy . Mood swings are possible .\ nThought clarity decreases , focus blurs and judgment becomes slightly impaired .\ n",2024-11-20 22:02:27,7,False,1.0,1.0,True,year: 2024 month: 11 day: 20,-1.2126103639602661,0.4649844765663147
139,3515,"Reserved , Serene , Anxious , Calm , Happy",2024-11-21 12:01:58,7,True,0.0,1.0,True,year: 2024 month: 11 day: 21,0.7609204649925232,1.2006781101226807
139,3516,"Relaxed , Calm , Cool , Neutral , Serene",2024-11-21 17:03:48,7,True,0.0,1.0,True,year: 2024 month: 11 day: 21,1.3384859561920166,0.34558969736099243
139,3517,"I ' m feeling delightfully buzzed , with a pleasant haze enveloping my thoughts and a warm , tingling sensation coursing through my body . My worries have melted away , replaced by a carefree euphoria that ' s making me giggle more easily and connect with those around me on a deeper level .\ n",2024-11-21 22:02:22,7,False,0.0,2.0,True,year: 2024 month: 11 day: 21,1.4974517822265625,1.6563608646392822
139,3518,"Calm , Relaxed , Delightful , Chilled , Gentle",2024-11-22 12:03:30,7,True,2.0,0.0,True,year: 2024 month: 11 day: 22,1.9415866136550903,0.21437035501003265
139,3519,"Calm , Relief , Content , Cool , Happy",2024-11-22 17:28:18,7,True,1.0,0.0,True,year: 2024 month: 11 day: 22,1.5930991172790527,0.35826852917671204
139,3520,"Vibrant , Warm , Carefree , Cool , Quiet",2024-11-22 22:04:19,7,True,0.0,1.0,True,year: 2024 month: 11 day: 22,0.8617421984672546,1.3563039302825928
139,3521,"\nI ' m feeling utterly intoxicated , with a swirling vortex of thoughts and sensations that ' s making it challenging to focus or think clearly . My body feels heavy and uncoordinated , as if my limbs are disconnected from my brain . The room around me is spinning , and I ' m struggling to maintain my balance .\ n",2024-11-23 12:39:44,7,False,-1.0,1.0,True,year: 2024 month: 11 day: 23,-0.7447904944419861,1.6680853366851807
139,3522,"I feel my cognitive faculties rapidly deteriorating , like a ship losing anchor in a stormy sea . My thoughts are disjointed and fragmented , making it difficult to articulate coherent sentences or follow conversations . The world around me has become distorted , with colors blurring together and sounds becoming muffled .\ n",2024-11-23 17:04:54,7,False,-1.0,1.0,True,year: 2024 month: 11 day: 23,-1.7783246040344238,0.9671555757522583
139,3523,"Anxious , Stressed , Tired , Hopeless , Calm",2024-11-23 22:03:11,7,True,0.0,1.0,True,year: 2024 month: 11 day: 23,-0.5795358419418335,1.1370002031326294
139,3524,"I ' m experiencing a loss of motor control , with my limbs feeling like lead weights that refuse to obey my brain ' s commands . My vision is blurry , and my sense of balance is severely impaired , making every step a precarious adventure . The room ' s spinning , and I ' m clinging to whatever solid object I can find to prevent myself from toppling over .\ n",2024-11-24 12:16:26,7,False,0.0,1.0,True,year: 2024 month: 11 day: 24,-1.8358434438705444,0.8097502589225769
139,3526,"Calm , Observant , Quiet , Dull , Reserved",2024-11-24 17:02:42,7,True,0.0,1.0,True,year: 2024 month: 11 day: 24,0.9099805951118469,0.3880861699581146
139,3527,"Calm , Content , Quiet , Reserved , Cool",2024-11-25 12:23:11,7,True,2.0,0.0,True,year: 2024 month: 11 day: 25,1.5118191242218018,0.20812220871448517
139,3528,"I ' m feeling rather chill and relaxed , like the tension in my body has dissipated , leaving me with a warm , fuzzy sensation . My thoughts are still clear , but my mind has shifted gears , and I ' m now cruising at a leisurely pace , enjoying the gentle buzz . The gentle warmth spreading through my veins is soothing , calming my nervous system and quieting my racing thoughts .\ n",2024-11-25 17:34:10,7,False,1.0,1.0,True,year: 2024 month: 11 day: 25,0.6846699714660645,0.5400650501251221
139,3529,"I notice my muscles unwinding , releasing the pent-up stress and anxiety of the day . The gentle warmth spreading through my veins is soothing , calming my nervous system and quieting my racing thoughts . My senses remain sharp , but my perception has softened , allowing me to view the world with a more relaxed , laid-back attitude .\ n",2024-11-25 22:02:50,7,False,2.0,0.0,True,year: 2024 month: 11 day: 25,0.27893275022506714,0.8440645337104797
140,3554,The reason that I feel the way that I do is because I have had an long and tiring day so far but even though I was able to do that that I was able to take an moment to myself and I was able to be thankful for what I do have .,2024-08-15 17:13:41,7,False,0.0,1.0,True,year: 2024 month: 08 day: 15,-0.6312479376792908,0.3252924382686615
140,3555,The way that I am feeling right now would be tired . The reason that I would say this is because for me it has been an long day for me and I also have been sore but overall i would say that it still has been an good day .   Also I enjoy that I have been able to spend time with family today,2024-08-15 22:21:52,7,False,-2.0,0.0,True,year: 2024 month: 08 day: 15,-0.3640134632587433,0.1170153096318245
140,3556,"Peace , Good , Fine , Decent , Happy",2024-08-16 12:07:51,7,True,2.0,0.0,True,year: 2024 month: 08 day: 16,1.4524177312850952,0.4018065333366394
140,3557,I would say the way that I am feeling right now is because I am tired . The reason that I say I am tired is because it had been an day when I had long days so that was something that had made me tire .,2024-08-16 17:00:57,7,False,0.0,1.0,True,year: 2024 month: 08 day: 16,-1.2901965379714966,-0.03593010827898979
140,3558,The reason that I feel calm is because I got to the end of my day where I am able to relax more now and also probley be able to watch an movie . Also another reason that I feel this way is because I had an pretty good day today .,2024-08-16 22:03:57,7,False,2.0,0.0,True,year: 2024 month: 08 day: 16,1.3964402675628662,0.29547107219696045
140,3559,"Good , Happy , Peaceful , Na , Na",2024-08-17 12:03:34,7,True,2.0,0.0,True,year: 2024 month: 08 day: 17,1.5522857904434204,0.8922081589698792
140,3560,"Good , Happy , Peaceful , Content , Na",2024-08-17 22:08:29,7,True,2.0,0.0,True,year: 2024 month: 08 day: 17,1.5764611959457397,0.8239464163780212
140,3561,"Calm , Good , Peaceful , Relaxed , Na",2024-08-18 17:11:49,7,True,0.0,1.0,True,year: 2024 month: 08 day: 18,1.3094598054885864,0.4522228538990021
140,3562,I would say the way that I am feeling is tired and also stressed out . The reason that I am saying this is because the stove went out so that is making it an long and also tiring day . Also the reason for this is because it had put me into further debt then I had wanted to be .,2024-08-18 22:02:35,7,False,-2.0,0.0,True,year: 2024 month: 08 day: 18,-1.6341397762298584,0.47011905908584595
140,3564,The way that I am feeling is tired right now and the reason for that is because it is cooler weather outside instead of it being hot outside . Also because of rhe weather that is something that also is making me happy also .,2024-08-19 12:01:24,7,False,-2.0,0.0,True,year: 2024 month: 08 day: 19,-0.18436095118522644,0.31593751907348633
140,3565,"Good , Fine , Intriguing , Calm , Happy",2024-08-19 17:09:51,7,True,2.0,0.0,True,year: 2024 month: 08 day: 19,0.8019447922706604,1.1096612215042114
140,3566,I would say the way that I am feeling right now would be calm and also peaceful .   The reason that I say this is because it is the end of the day where I usally am able to relax and do something like watching an movie .,2024-08-19 22:09:39,7,False,2.0,0.0,True,year: 2024 month: 08 day: 19,1.2008064985275269,0.3267671465873718
140,3567,The way that I am feeling right now is ok but also quiet and also tired at the same time also . I would say the reason that I feel that way is because it is comtable out but I am also able to relax right now also to .,2024-08-20 12:00:48,7,False,0.0,0.0,True,year: 2024 month: 08 day: 20,-0.07057512551546097,0.3412860929965973
140,3568,I would say that I am feeling right now would be content and also happy . The reason for that is because I was able to spend time with family and also able to relax today also . Also another thing that I was able to do was to go into the garden which is relaxing .,2024-08-20 17:03:07,7,False,0.0,1.0,True,year: 2024 month: 08 day: 20,1.3035991191864014,0.6582298278808594
140,3569,I would say the way that I am feeling would be good and also I would be calm because I have had an decent day also . Also I would say this is because it is an day that I had to enjoy . Also it was an day that I got to spend with friends,2024-08-20 22:00:47,7,False,0.0,1.0,True,year: 2024 month: 08 day: 20,1.6079692840576172,0.5519747734069824
140,3570,"Busy , Stressed , Humming , Ok , Content",2024-08-21 17:03:41,7,True,0.0,2.0,True,year: 2024 month: 08 day: 21,0.48554033041000366,1.1944549083709717
140,3571,"Relaxed , Happy , Content , Na , Na",2024-08-21 22:24:49,7,True,2.0,0.0,True,year: 2024 month: 08 day: 21,1.655981183052063,0.7595674395561218
145,3696,"tired , productive , happy , achy , sore",2024-08-14 17:01:36,7,True,1.0,1.0,True,year: 2024 month: 08 day: 14,0.04962052404880524,0.8147817254066467
145,3698,I am currently running errands today . I have a meeting at 4 pm and another one at 7 pm . I am eating a lime fruit bar and making chicken spring rolls for my boyfriend for his lunch . We will be traveling to the LOC tonight and our bus is at 9 : 30 pm,2024-08-15 17:08:51,7,False,1.0,2.0,True,year: 2024 month: 08 day: 15,0.39732885360717773,1.732010841369629
145,3699,I feel tired because I stayed up late last night . I drank an iced coffee in the afternoon yesterday . And I usually do not do that because the caffeine keeps me up very late at night . I am tired today and wish it was sunny,2024-08-18 12:45:44,7,False,0.0,0.0,True,year: 2024 month: 08 day: 18,-1.106323480606079,-0.11351098865270615
145,3700,"My stomach is hurting today . I also have been drinking coffee . So that is probably why my stomach is hurting . It is another dark , depressing and rainy day . I hate when the weather gets like this because it makes me feel sad",2024-08-19 12:25:12,7,False,-1.0,2.0,True,year: 2024 month: 08 day: 19,-1.441217064857483,0.4539080262184143
145,3701,I am feeling pretty good today . I had a healthy lunch and have also been very productive today . I had a healthy lunch and will also make a snack soon . I have been studying and also had meetings today . PERSON and I will get some Carvel later for their national ice cream day deal,2024-08-19 17:03:44,7,False,1.0,1.0,True,year: 2024 month: 08 day: 19,0.873885989189148,1.0116571187973022
145,3702,"Busy , Productive , Fueled , Happy , Energetic",2024-08-20 12:50:33,7,True,1.0,2.0,True,year: 2024 month: 08 day: 20,0.5619007349014282,1.7423384189605713
147,3752,"Neutral , Calm , Hungry , Quiet , Watching TV",2024-10-21 12:06:19,7,True,0.0,1.0,True,year: 2024 month: 10 day: 21,-0.09683869034051895,1.0278520584106445
147,3753,I am feeling very happy and content because it ' s beautiful outside and my friends and I are outside enjoying the beautiful weather . We want for a short walk with the dogs and then came back to the benches and have been sitting and talking and being one with nature .,2024-10-21 17:01:29,7,False,2.0,1.0,True,year: 2024 month: 10 day: 21,1.1760339736938477,0.8580518364906311
147,3754,"Neutral , Calm , Excited , Happy , Thrilled",2024-10-21 22:01:15,7,True,0.0,1.0,True,year: 2024 month: 10 day: 21,0.1633611023426056,1.2117810249328613
147,3755,I am feeling very content and neutral just sitting and relaxing before I meet up with some friends for our daily walk . Then we are going to sit outside on this beautiful day and soak in the sun and be one with nature .,2024-10-22 12:01:15,7,False,0.0,1.0,True,year: 2024 month: 10 day: 22,0.22881942987442017,0.5942373871803284
147,3756,"Content , Happy , Relaxed , Sitting with nature , Calm",2024-10-22 17:02:04,7,True,0.0,1.0,True,year: 2024 month: 10 day: 22,0.9359779953956604,0.8503868579864502
147,3757,I am very content right now I just ate dinner and now I am watching my reality shows and waiting for a new show I like to come on . I am also chatting online with a friend who lives far away from me and we catch up once a week .,2024-10-22 22:02:11,7,False,0.0,1.0,True,year: 2024 month: 10 day: 22,0.5148233771324158,0.7557336688041687
147,3758,"Calm , Neutral , Relaxed , On line in ORG office , PERSON",2024-10-23 12:03:35,7,True,0.0,1.0,True,year: 2024 month: 10 day: 23,0.4367131292819977,0.7801053524017334
147,3759,Feeling neutral right now sitting out with my friend and her dog . Socializing with our neighbors and talking about various subjects . Also sitting with the birds that we feed everyday and being one with nature .,2024-10-23 17:10:24,7,False,0.0,1.0,True,year: 2024 month: 10 day: 23,-0.02322927862405777,0.8697521090507507
147,3760,I am very tired tonight I didn ' t sleep well last night I ' m actually up on 4 hours sleep and it has caught up to me . I just finished dinner so I can ' t lay down for a good while so I am just going to sit up and watch a little TV .,2024-10-23 22:05:20,7,False,-1.0,0.0,True,year: 2024 month: 10 day: 23,-0.9395726919174194,0.08011117577552795
147,3761,I am in a neutral mood I ' m in my friends house that I am taking care of while he ' s in a rehab facility and also taking care of his cat . Then I ' m going to go outside for a daily walk with friends and their dogs then come back to my building and sit outside with nature .,2024-10-24 12:06:40,7,False,0.0,1.0,True,year: 2024 month: 10 day: 24,-0.14797459542751312,0.9144288301467896
147,3762,I am feeling calm right now sitting out with my friends and their dogs and the birds . Enjoying the fresh air and conversating with my neighbors . Then I am going to an exercise class at my local library .,2024-10-24 17:01:13,7,False,0.0,1.0,True,year: 2024 month: 10 day: 24,0.5806159377098083,0.7087888121604919
147,3763,I am feeling very calm and content right now . I am watching my shows and relaxing . This evening I went to my exercise class and learned some new ways to exercise and met with some new people . Then I came home and had dinner before watching my shows .,2024-10-24 22:09:57,7,False,0.0,1.0,True,year: 2024 month: 10 day: 24,0.8213157057762146,0.6892537474632263
147,3764,I am feeling very calm right now I am getting ready to go to my friends house to check on his cat and do whatever I need to do . Then I need to go bring him some stuff at the rehab where he is right now and after that go home and meet up with some friends and do our daily walk with their dogs then sit out for a while and take in the sun and fresh air .,2024-10-25 12:01:18,7,False,0.0,1.0,True,year: 2024 month: 10 day: 25,0.6573047041893005,0.6601957678794861
147,3765,I am very tired I went on my errand earlier to bring some stuff to my friend in the rehab facility and I did a lot of running around so I am exhausted . Sitting out with my friends I didn ' t make our daily walk but I will tomorrow .,2024-10-25 17:10:39,7,False,-2.0,0.0,True,year: 2024 month: 10 day: 25,-1.270416021347046,0.07151796668767929
147,3766,I am feeling content right now I ate dinner and now I am going to watch my favorite show ORG wrestling Smackdown . I love this show very much it brings me much joy . Then I am going to watch a movie I DVR ' d that I couldn ' t watch the other night .,2024-10-25 22:01:25,7,False,0.0,1.0,True,year: 2024 month: 10 day: 25,0.396912157535553,0.585483729839325
147,3767,"Calm , Relaxing , Watching TV , Just ate breakfast , Neutral",2024-10-26 12:34:23,7,True,0.0,1.0,True,year: 2024 month: 10 day: 26,0.2902902364730835,0.7125754356384277
147,3768,"Calm , Neutral , Relaxed , Quiet , Walking",2024-10-26 17:06:45,7,True,0.0,1.0,True,year: 2024 month: 10 day: 26,0.24795493483543396,0.8305967450141907
147,3769,I am very relaxed right now I am watching one of my favorite movies the sixth sense . They are running scary movies right now because of Halloween next week so I am really enjoying myself . Although some scary movies can cause me nightmares but I still like to watch them,2024-10-26 22:12:25,7,False,0.0,1.0,True,year: 2024 month: 10 day: 26,0.5868077874183655,0.856797456741333
147,3770,"Quiet , Calm , Relaxed , Neutral , Getting ready to go for a walk",2024-10-27 12:01:15,7,True,0.0,1.0,True,year: 2024 month: 10 day: 27,-0.07208111882209778,0.5026199817657471
147,3771,"Calm , Relaxed , Walking with friends , Enjoying nature , Happy",2024-10-27 17:03:13,7,True,0.0,1.0,True,year: 2024 month: 10 day: 27,0.7797932028770447,0.7240667939186096
147,3772,I am very content right now I ate dinner and now I am watching one of my favorite movies Beetlejuice and when that is finished I am going to watch some wrestling . I am also going to try and watch another movie called pitch perfect if I don ' t get too tired .,2024-10-27 22:04:51,7,False,2.0,0.0,True,year: 2024 month: 10 day: 27,0.2507738471031189,0.6020113229751587
152,3876,"It is very warm so I am not feeling like going to the gym , but I probably will . All is good with me and I am interested in learning new things . I wish I could plan a trip but my wife’s physical condition precludes that .",2024-07-15 17:35:30,7,False,1.0,0.0,True,year: 2024 month: 07 day: 15,0.7632759809494019,1.3891797065734863
152,3877,Feeling fine but a little pressed for time .\ nEverything is going well and I sm interested in learning new things .. Still disappointed that we cannot travel due to my wife’s disability . Happy to be seeing my children tonight .,2024-07-17 12:12:24,7,False,1.0,0.0,True,year: 2024 month: 07 day: 17,0.8825340867042542,0.6318649649620056
152,3878,"Calm , Satisfied , Interested , Proud , Lucky",2024-07-19 12:19:33,7,True,1.0,0.0,True,year: 2024 month: 07 day: 19,1.388180136680603,0.6728866696357727
152,3879,"Pleased , Interestested , Concerned , Calm , Contemplative",2024-07-19 17:50:14,7,True,1.0,0.0,True,year: 2024 month: 07 day: 19,1.3605438470840454,0.8515071272850037
152,3880,"Calm , Interested , Concerned , Proud , Accomplished",2024-07-21 12:27:39,7,True,1.0,0.0,True,year: 2024 month: 07 day: 21,1.1575379371643066,0.787613570690155
152,3881,"relaxed , interested , concerned , diligent , proud",2024-07-21 17:44:52,7,True,2.0,0.0,True,year: 2024 month: 07 day: 21,1.1716294288635254,0.8510047197341919
152,3882,"GPE , Interested , Contemplating , Frieindly , busy",2024-07-22 17:06:54,7,True,1.0,0.0,True,year: 2024 month: 07 day: 22,0.24710297584533691,1.7382299900054932
155,3950,"focused , overwhelmed , tired , determined , stressed",2024-11-10 12:46:45,7,True,-1.0,1.0,True,year: 2024 month: 11 day: 10,-0.4889415502548218,1.253193736076355
155,3951,I am feeling pretty exhausted and low energy and a little bit defeated . But overall I am feeling calm and relaxed and accepting of what happens happens . I am trying to stay calm and still be productive .,2024-11-10 17:30:39,7,False,-1.0,1.0,True,year: 2024 month: 11 day: 10,-1.082099199295044,0.17513851821422577
155,3952,"Stressed , Overwhelmed , Jittery , Nervous , Tense",2024-11-10 22:35:48,7,True,-1.0,2.0,True,year: 2024 month: 11 day: 10,-1.2853331565856934,0.9849362969398499
155,3953,I am overall feeling nervous but at the same time I am feeling focused and determined . I feel like my attention is there and I also feel flutters in my heart and stomach . Overall I would say I am feeling stressed but in a productive way .,2024-11-11 12:29:42,7,False,-1.0,2.0,True,year: 2024 month: 11 day: 11,-0.42840224504470825,1.5509462356567383
155,3954,"Tired , Relaxed , Calm , Fatigued , Chill",2024-11-11 17:02:58,7,True,0.0,1.0,True,year: 2024 month: 11 day: 11,-0.10595091432332993,0.0904453843832016
155,3955,"Tired , Sleepy , Calm , Exhausted , Fatigued",2024-11-11 22:12:13,7,True,-1.0,1.0,True,year: 2024 month: 11 day: 11,-0.9741174578666687,0.03998284041881561
155,3956,"I am feeling pretty neutral right now , focused on what I need to do but I overall feel calm . I am a little nervous about a task I need to do but not overly so , I am mostly focused on getting things done .",2024-11-12 12:13:39,7,False,0.0,0.0,True,year: 2024 month: 11 day: 12,-0.143418550491333,1.1631479263305664
155,3957,"Calm , Tired , Chill , Fatigued , Focused",2024-11-12 17:58:26,7,True,0.0,2.0,True,year: 2024 month: 11 day: 12,0.7729575634002686,0.3819602131843567
155,3958,"chill , calm , relaxed , breathing , tired",2024-11-12 22:04:20,7,True,1.0,1.0,True,year: 2024 month: 11 day: 12,1.0740853548049927,0.3894690275192261
155,3959,"Sleepy , Tired , Drowsy , Calm , Low energy",2024-11-13 12:56:35,7,True,0.0,1.0,True,year: 2024 month: 11 day: 13,-0.8670576810836792,0.00690553430467844
155,3960,"tired , sleepy , calm , fatigued , content",2024-11-13 22:35:12,7,True,0.0,1.0,True,year: 2024 month: 11 day: 13,-0.7455344200134277,0.05804874002933502
155,3961,"Nervous , Determined , Tired , Stressed , Quiet",2024-11-14 12:02:12,7,True,0.0,1.0,True,year: 2024 month: 11 day: 14,-0.8042250275611877,1.251874566078186
164,4196,"Tired , Hungry , Sleepy , Na , Na",2024-07-23 22:00:43,7,True,0.0,1.0,True,year: 2024 month: 07 day: 23,-0.6942601203918457,0.38407251238822937
164,4197,"Still worried about our housing situation . This could be a very good option , and though a higher price , we ' d be getting a lot more for it . But everything has to fall into place , and sometimes , that doesn ' t quite seem to happen . So who knows what will be . We have to daven I guess .",2024-07-24 12:22:49,7,False,0.0,1.0,True,year: 2024 month: 07 day: 24,0.9567638635635376,0.8125388622283936
164,4198,"I’m worried about the housing situation , and hopeful that we can rent this house . But I’m not so confident that it will work out , since the market is so tight and there are so few options . But maybe we got out in front of this one and we’ll get it . But probably not .",2024-07-24 22:02:23,7,False,0.0,1.0,True,year: 2024 month: 07 day: 24,0.24515172839164734,1.0807980298995972
164,4199,"Concerned about housing , for a change . There ' s a real chance we get nothing , or at least , not at all what we want . But now we just have to wait , and hope , that the other tenant is a bad option , and we come out looking great . Nothing else to do at this point .",2024-07-25 17:05:34,7,False,0.0,1.0,True,year: 2024 month: 07 day: 25,1.2449442148208618,0.515173077583313
164,4200,"As per usual , housing . Where will we live ? Will it work out ? And should we buy the fancy mattress ? Will it make a difference in our sleep ? Who knows . Oh , and the market . Not helping things here . I wish we had pulled out earlier . But that’s how it goes .",2024-07-25 22:29:22,7,False,0.0,1.0,True,year: 2024 month: 07 day: 25,0.4996567964553833,1.1465214490890503
164,4201,"Obviously , stressed about the housing situation . Hopeful that this could all work out , but very stressed b/c if it doesn ' t , we will not have a place to live , and that would be problematic . But there ' s no more to do at this point but hope and pray . So we will hope and pray . No real other choices at this point .",2024-07-26 12:02:32,7,False,0.0,1.0,True,year: 2024 month: 07 day: 26,0.11540292948484421,0.9276658296585083
164,4202,"Concerned about housing , and nervous that nothing will work out . But we have to keep hoping and praying that it will work out , because we don’t really have any other options . So here’s hoping something works out .",2024-07-28 12:00:49,7,False,1.0,1.0,True,year: 2024 month: 07 day: 28,0.41221538186073303,1.0024858713150024
164,4203,"We have housing ! This is a really big deal . It’s slightly more expensive than I would have liked , but hopefully we’ll really be getting something for it . And now we can feel good about where we are living , and hopefully feel comfortable in the space . It’s not GPE , but maybe it will be even better . I’m really hopeful that this could be good . And nervous , of course .",2024-07-29 22:01:16,7,False,1.0,0.0,True,year: 2024 month: 07 day: 29,1.4292634725570679,1.16402268409729
164,4204,"Annoyed after a long bedtime routine , and the fact that I have to write out a long message about my feelings that’s at least 200 words , which is a not insignificant number of words to fill out multiple times a day with not very much to say .",2024-07-30 22:01:07,7,False,0.0,1.0,True,year: 2024 month: 07 day: 30,-0.7891868352890015,1.5791356563568115
168,4270,"Happy , Excited , Grateful , Little bit stress , Great",2024-11-13 17:04:58,7,True,1.0,1.0,True,year: 2024 month: 11 day: 13,1.5776129961013794,1.2018141746520996
168,4271,"Woke up feeling very grateful and happy . A little bit stressed , nervous and anxious because I have two tests tonight , but I’m still trying to stay positive and calm , to pass it with a good grade . Looking forward to accomplishing a good grade in both of my tests",2024-11-14 12:03:41,7,False,1.0,1.0,True,year: 2024 month: 11 day: 14,1.2794594764709473,0.8226053714752197
168,4272,"Feeling nervous and a little bit anxious for both of my upcoming tests . Still trying to stay positive and trust the process , as I am sure that I will be passing both of theses exams . Looking forward to feel relaxed and happy with the outcome tonight .",2024-11-14 17:09:33,7,False,0.0,1.0,True,year: 2024 month: 11 day: 14,0.2338821291923523,1.0136125087738037
168,4273,"Happy , Calm , Grateful , Content , Excited",2024-11-15 12:42:25,7,True,1.0,1.0,True,year: 2024 month: 11 day: 15,1.6852861642837524,1.0206085443496704
168,4274,"Neutral , Calm , Grateful , Tired , At peace",2024-11-15 17:11:46,7,True,0.0,1.0,True,year: 2024 month: 11 day: 15,0.24231937527656555,0.8676324486732483
168,4275,"Currently feeling extremely happy , enthusiastic , and grateful . I’ve had an amazing day , full of joy , laughter and incredible time with my love ones . Looking forward to have a blessed and great day tomorrow .",2024-11-15 22:07:57,7,False,1.0,2.0,True,year: 2024 month: 11 day: 15,1.6445268392562866,1.2748812437057495
168,4276,"Feeling grateful , happy and calm . Looking forward to have an amazing evening with my loved ones and watch “Miss Universe” with my family . Extremely grateful and happy for everything that is happening in my life and all of the blessings .",2024-11-16 17:03:39,7,False,1.0,1.0,True,year: 2024 month: 11 day: 16,1.8006551265716553,0.8622679710388184
168,4277,"Feeling extremely lively , enthusiastic and happy . Extremely grateful , and happy . Currently , spending a great time with my family , watching the “Miss Universe “ hoping for our delegate to win !! Looking forward to have a great night , and a wonderful day tomorrow !",2024-11-16 22:20:43,7,False,2.0,2.0,True,year: 2024 month: 11 day: 16,1.6120247840881348,1.516315221786499
168,4278,"Woke up feeling happy , exited and grateful , as I will be spending the night with my loved ones . Looking forward to have an amazing , blessed and wonderful day . And keep the positive vibes flowing . Hoping to spend a great time with my loved ones !!",2024-11-17 12:09:00,7,False,1.0,1.0,True,year: 2024 month: 11 day: 17,1.7734521627426147,1.1652449369430542
168,4279,"Excited , Grateful , Happy , Lively , healthy",2024-11-17 17:39:22,7,True,1.0,1.0,True,year: 2024 month: 11 day: 17,1.6910337209701538,1.2670369148254395
168,4280,"Grateful , Happy , Excited , Full of love , Blessed",2024-11-17 22:12:17,7,True,2.0,2.0,True,year: 2024 month: 11 day: 17,1.5399423837661743,1.066947340965271
168,4281,"Woke feeling extremely grateful , thankful , blessed and happy . Had an amazing night with my loved ones . Looking forward to have an awesome day full of blessings , love and kindness . As the week start , my intentions for this week , will also be kindness and love towards everyone that I will have contact with .",2024-11-18 12:18:32,7,False,2.0,2.0,True,year: 2024 month: 11 day: 18,1.550750970840454,0.8775893449783325
168,4282,"Lively , Enthusiastic , Blessed , Grateful , Happy",2024-11-19 12:16:55,7,True,2.0,2.0,True,year: 2024 month: 11 day: 19,1.4033716917037964,1.2411328554153442
168,4283,"Grateful , Blessed , Tired , Content , Relax",2024-11-19 17:28:43,7,True,0.0,1.0,True,year: 2024 month: 11 day: 19,1.2809116840362549,0.5161259174346924
168,4284,Feeling super tired after a long day . Still feeling grateful and happy in the inside for all of my accomplishments today and all the things I learned . Looking forward to have a good night rest and have a great day tomorrow !,2024-11-19 22:34:03,7,False,-2.0,0.0,True,year: 2024 month: 11 day: 19,-0.38533326983451843,0.19133271276950836
168,4285,"Content , Relax , Sleepy , Grateful , Bless",2024-11-20 17:05:19,7,True,1.0,0.0,True,year: 2024 month: 11 day: 20,1.154748558998108,0.4189617931842804
169,716,It is a good day to enjoy but a little cold . I am happy to be at work . A lot or stress with students and bills . I am working overtime . It is fun to see the colors of autumn . I want to go on vacation and away from all the stress .,2024-10-15 12:20:29,7,False,1.0,1.0,True,year: 2024 month: 10 day: 15,0.30673977732658386,1.3369518518447876
169,717,"Tired , Stress , Exhausted , Hungry , Work overload",2024-10-15 17:15:05,7,True,-2.0,0.0,True,year: 2024 month: 10 day: 15,-1.4514343738555908,0.26501110196113586
169,718,I am tired and exhausted from work . I would like to sleep but still have a lot of work to finish . I want to be less stressed at work and be a caring family member . I want to have more money and not worry about bills .,2024-10-15 22:01:11,7,False,2.0,0.0,True,year: 2024 month: 10 day: 15,-1.367079734802246,-0.09128957241773605
169,719,"I want to relax and not be stressed out . It is a rat race and it just gives me anxiety . I want to be less worried about others and enjoy life . The simpler the life , the better it would be . The parents are my school are nasty and crazy .",2024-10-16 12:06:53,7,False,-2.0,1.0,True,year: 2024 month: 10 day: 16,0.23968151211738586,0.5137648582458496
169,720,I am worried about the future and bills to pay . I would like to move somewhere cheaper and not have so much stress . I worry about the parents and how angry they get if their child fails .   They threaten to sue and become nasty .\ n,2024-10-16 17:00:55,7,False,-2.0,1.0,True,year: 2024 month: 10 day: 16,-0.9917141199111938,1.3177694082260132
169,721,I want to sleep and be tired all the time .\ nI worry too much and nothing seems to be right .\ nWork stress is weighing me down and taking its toll on my mental health . I hope tomorrow is better and more relaxing then today .,2024-10-16 22:02:38,7,False,-2.0,1.0,True,year: 2024 month: 10 day: 16,-0.8817360997200012,0.1072678491473198
169,722,"stress , worried , hungry , tired , bills",2024-10-17 12:01:07,7,True,2.0,0.0,True,year: 2024 month: 10 day: 17,-1.277664303779602,1.1561272144317627
169,726,"Worked , Running around , Hungry , Stressed , Billed",2024-10-17 17:00:47,7,True,0.0,1.0,True,year: 2024 month: 10 day: 17,-0.5952801704406738,0.7526347041130066
169,727,"Exhausted , Tired , Over worked , Too busy , Worried",2024-10-17 22:02:28,7,True,-2.0,0.0,True,year: 2024 month: 10 day: 17,-1.6684582233428955,0.36195382475852966
169,728,I am happy to know it is Friday and I can pay bills . I am still worried about many things and being middle class is not fun . It is a hard life and am tired all the time . It is not easy .   I hope others are doing better .,2024-10-18 12:24:27,7,False,1.0,0.0,True,year: 2024 month: 10 day: 18,0.4865903854370117,0.7249561548233032
169,729,There is a lot of work to be done and needs attention . I am very exhausted and tired from balancing work and home life . I feel I am not myself most of the time but constantly being pulled in many directions .,2024-10-18 17:06:22,7,False,-2.0,0.0,True,year: 2024 month: 10 day: 18,-1.6547000408172607,0.3500675559043884
169,730,"Homebody , Relaxed , Tea time , Breakfast , Full",2024-10-19 12:25:04,7,True,1.0,1.0,True,year: 2024 month: 10 day: 19,0.05449987202882767,0.7282493710517883
169,731,I am   busy with house chores and making sure household runs smoothly .   Busy from morning to night and spending too much money on necessary stuff . I hope economy does better and elections go smoothly .,2024-10-19 17:02:32,7,False,0.0,1.0,True,year: 2024 month: 10 day: 19,-0.10943388193845749,1.2123854160308838
169,732,I am content with my day and looking forward to relaxing on a Sunday . I am going to sleep in and not worry about the work week . I hope the work week is relaxing and without any big hassle . I want to worry less .,2024-10-19 22:01:15,7,False,1.0,1.0,True,year: 2024 month: 10 day: 19,0.15854212641716003,0.24948154389858246
169,733,"relaxed , enjoying , happy , content , optimistic",2024-10-20 12:08:17,7,True,1.0,1.0,True,year: 2024 month: 10 day: 20,0.7372716069221497,0.7717829346656799
169,734,I am tired . i did a lot of house work and now I want to rest and take a nap . i am ok .\ nI hope tomorrow is not a hard day and nothing to worry about . I will be a long week . Have a good week . I need food right now .,2024-10-20 17:55:43,7,False,-2.0,0.0,True,year: 2024 month: 10 day: 20,-0.9701657891273499,0.024263717234134674
169,735,"Tired , Need rest , Stressed , Sleepy , Exhausted",2024-10-20 22:05:48,7,True,0.0,0.0,True,year: 2024 month: 10 day: 20,-1.416695475578308,0.023591984063386917
169,736,I am happy to be at work and finish a lot of stuff . I want to work with others and make life easier . I want to learn and be able to share with my students . I want to give back to the community . I hope to be a better citizen .,2024-10-21 12:21:38,7,False,1.0,0.0,True,year: 2024 month: 10 day: 21,0.5695158243179321,1.4966185092926025
169,737,"Exhaustion , Sleep , Over drive , Tired , Stressed",2024-10-21 22:01:09,7,True,1.0,0.0,True,year: 2024 month: 10 day: 21,-1.2971653938293457,0.41489937901496887
169,738,"happy , content , working , hungry , good",2024-10-22 12:22:38,7,True,1.0,1.0,True,year: 2024 month: 10 day: 22,0.7633184194564819,1.2029051780700684
169,739,"tired , home , hungry , over worked , content",2024-10-22 17:01:02,7,True,1.0,0.0,True,year: 2024 month: 10 day: 22,-1.3188194036483765,0.04093146324157715
169,740,I am tired and exhausted . I am hoping for a better say tomorrow . \nI want to eat something and go to sleep . I did a lot of work at school and now want to do nothing . I graded a lot if work from my students and want them to succeed .,2024-10-22 22:01:14,7,False,1.0,1.0,True,year: 2024 month: 10 day: 22,-1.6089152097702026,-0.10686125606298447
169,741,I am working after school to help the kids finish their work and want to make sure they succeed . I am hoping for a great day and time for lunch . I want to travel and have the money to not worry about bills .,2024-10-23 12:19:02,7,False,1.0,1.0,True,year: 2024 month: 10 day: 23,0.5104089975357056,1.2687427997589111
169,742,I am happy to be going home . I worked a lot and want to go home and relax . I am exhausted and hungry . I want to drink a cup of tea and listen to music . I am happy Wednesday is over . Starting to look forward to the weekend . Happy week .,2024-10-23 17:12:26,7,False,-2.0,0.0,True,year: 2024 month: 10 day: 23,-0.5599470138549805,0.4867400527000427
169,743,I am very sleepy and tired . I am hungry and want to finish my work so I can sleep . I am trying to grade papers and make sure all is done . I want to work and have nothing to do tomorrow . I am going to eat now .,2024-10-23 22:04:22,7,False,-2.0,2.0,True,year: 2024 month: 10 day: 23,-1.4592821598052979,-0.08479570597410202
169,744,I want to work extra hard and finish as much grading as possible . I want to go home without any work and just sleep . I am hoping to eat lunch and take a nap . I want to study for some exams and not worry some much .,2024-10-24 12:02:07,7,False,1.0,0.0,True,year: 2024 month: 10 day: 24,-0.15995097160339355,0.9784626960754395
169,745,"tired , stressed , hungry , not care , over worked",2024-10-24 17:17:19,7,True,-1.0,0.0,True,year: 2024 month: 10 day: 24,-1.4623500108718872,0.2897855043411255
169,746,"Tired , Sleepy , Friday , Friday , Weekend",2024-10-24 22:48:41,7,True,-1.0,0.0,True,year: 2024 month: 10 day: 24,-1.27669095993042,0.04226595163345337
169,747,I am looking forward to the weekend and want the day to end . I worked a lot this week and just want to sleep in . I am looking forward to eating a good breakfast not be in a rush . I hope the weekend is relaxing .,2024-10-25 12:22:37,7,False,1.0,0.0,True,year: 2024 month: 10 day: 25,0.32471564412117004,1.1708685159683228
169,748,"Relaxed , Hungry , Happy , Tea time , Happy",2024-10-25 17:51:20,7,True,2.0,1.0,True,year: 2024 month: 10 day: 25,0.6639836430549622,1.097710132598877
169,749,I am tired and want to sleep . I just ate dinner and ready to go to sleep . I want to fi wish some work and then have nothing to do for tomorrow .   I want to relax and be free . I happy to be home . I am ready to sleep .,2024-10-25 22:14:15,7,False,-2.0,0.0,True,year: 2024 month: 10 day: 25,-1.025470495223999,-0.039343126118183136
169,750,"hungry , happy , relax , trying , overworked",2024-10-26 12:16:39,7,True,1.0,0.0,True,year: 2024 month: 10 day: 26,0.14511123299598694,0.8907928466796875
169,751,"Happy , Relax , Content , Wanted , Wishes",2024-10-26 17:42:44,7,True,0.0,2.0,True,year: 2024 month: 10 day: 26,0.8081621527671814,1.3016785383224487
169,752,"Tired , Hungry , Sleepy , Exhausted , Bills",2024-10-26 22:08:56,7,True,-2.0,0.0,True,year: 2024 month: 10 day: 26,-1.35873544216156,0.14150038361549377
169,753,I have a migraine and nausea . I am not feeling my best and want to just sleep . I am hoping to rest and not have much to do . I have a lot of grading . I want to do nothing and take care of myself .   I am done for the day .,2024-10-27 12:34:15,7,False,0.0,0.0,True,year: 2024 month: 10 day: 27,-1.7476277351379395,0.04290603846311569
169,754,I am not well today and am very tired . I want to stay in bed and take care of myself . I want to close my eyes and rest . I am hoping no one bothers me or needs anything from me . I am not looking forward to school tomorrow .,2024-10-27 17:20:08,7,False,0.0,0.0,True,year: 2024 month: 10 day: 27,-1.5336740016937256,-0.0009643221274018288
169,755,I am at work and making sure to complete all my work . I am recovering from my migraine and want to be rest but have a lot of work to finish . I want to eat today and then sleep to feel better after finishing my grading .,2024-10-28 12:30:13,7,False,1.0,0.0,True,year: 2024 month: 10 day: 28,-0.565244734287262,0.5195979475975037
169,756,"Tired , Exhaustion , Sleepy , Sleepy , Overworked",2024-10-28 22:04:05,7,True,-2.0,0.0,True,year: 2024 month: 10 day: 28,-1.4073797464370728,0.12133654206991196
170,4343,"Numb . Uncertainty . I thought I had a goal to work towards . I thought I know what I’m doing . In the end , I lack discipline , lack the foresight . For two and a half years I’ve always thought I was on track , all I had to do was to stick with what I planned . In the end , I found out what I thought was right from the start was incorrect .",2024-11-20 12:03:42,7,False,-1.0,0.0,True,year: 2024 month: 11 day: 20,-0.3709881007671356,0.9898475408554077
170,4344,"determined , hopeful , nervous , energized , stressed",2024-11-20 22:29:05,7,True,0.0,2.0,True,year: 2024 month: 11 day: 20,-0.11812926828861237,1.4145511388778687
170,4345,"tired , sleepy , hopeful , determined , neutral",2024-11-21 12:06:34,7,True,1.0,2.0,True,year: 2024 month: 11 day: 21,-0.7463926076889038,0.262552946805954
170,4346,"sleepy , tired , stressed , nervous , worried",2024-11-22 12:01:42,7,True,-1.0,0.0,True,year: 2024 month: 11 day: 22,-1.311410903930664,0.30207350850105286
170,4347,"I ' m feeling very stressed . I have a lot of work piled up that I have to get down . Other than that , I am excited for Thanksgiving Break . I ' ve also made some plans so I ' m looking forward to the upcoming days .",2024-11-22 22:01:42,7,False,1.0,1.0,True,year: 2024 month: 11 day: 22,0.09686221927404404,1.0669946670532227
170,4348,"stress , tired , worried , nervous , sleepy",2024-11-23 12:16:52,7,True,-2.0,2.0,True,year: 2024 month: 11 day: 23,-1.2110791206359863,0.9463013410568237
170,4349,"conflicted , unsure , stressed , tired , nervous",2024-11-23 17:31:49,7,True,-1.0,1.0,True,year: 2024 month: 11 day: 23,-0.9858940839767456,1.517564058303833
170,4350,"I ' m very excited . Thanksgiving Break is in less than a week and I ' ve made plans to explore the city . I ' m definitely also feeling a bit stressed because I know prior to break , there would be work that has to be completed .",2024-11-23 22:01:50,7,False,1.0,1.0,True,year: 2024 month: 11 day: 23,1.0665065050125122,1.7985637187957764
170,4351,"Currently I’m feeling a bit lively , a bit PERSON , and as always , a bit stressed . The weather is kind of nice today but a bit too windy for my liking . I’m stressed because I did procrastinate a little so now I have to study for a quiz tomorrow as well as catch up on my lectures for other classes .",2024-11-24 12:03:56,7,False,1.0,2.0,True,year: 2024 month: 11 day: 24,0.3842780888080597,1.8402371406555176
170,4352,"I’m feeling very overwhelmed , indignant , and confused . I’m currently at work right now and there’s just so much happening . I’m trying to wrap my mind around everything and trying to see how I can fit in and contribute . Unfortunately the minute I thought I got it figured out , things change again or something new happens .",2024-11-24 17:16:16,7,False,-1.0,1.0,True,year: 2024 month: 11 day: 24,-1.2368789911270142,1.8400466442108154
170,4353,"I ' m still feeling pretty excited and happy . At this time of the day , I ' m also feeling a little bit more tired and sleepy . I also procrastinated a little on the work that I planned on completing today so I ' m a little stressed as well .",2024-11-25 17:03:05,7,False,1.0,1.0,True,year: 2024 month: 11 day: 25,0.4150460362434387,0.9640048742294312
170,4354,"It’s funny but I’m not feeling the same level of excitement going back home for Thanksgiving break as compared to the initial excitement and anticipation I had last week . It could be the weather and the pile of work I procrastinated on but I’m feeling dread , nervous , and stressed .",2024-11-26 12:05:35,7,False,1.0,1.0,True,year: 2024 month: 11 day: 26,-0.48349592089653015,1.5514698028564453
170,4355,"happy , excited , determined , lively , stressed",2024-11-26 17:36:28,7,True,1.0,2.0,True,year: 2024 month: 11 day: 26,1.5191363096237183,1.3489253520965576
170,4356,"disappointed , stressed , conflicted , unsure , unhappy",2024-11-26 22:30:25,7,True,-2.0,1.0,True,year: 2024 month: 11 day: 26,-1.3075273036956787,1.1595354080200195
170,4357,"neutral , indifferent , hungry , unsure , confused",2024-11-27 12:36:05,7,True,0.0,1.0,True,year: 2024 month: 11 day: 27,-0.3644428253173828,1.3559101819992065
170,4358,I ' m currently feeling pretty lively and hopeful . I had my mock interview this morning and it seemed to have gone well . I also finally had a conversation with my brother and we got a chance to catch up for a little bit .,2024-11-27 17:16:10,7,False,1.0,2.0,True,year: 2024 month: 11 day: 27,1.0616304874420166,1.5595446825027466
171,4380,"happy , alert , awake , motivated , fresh",2024-10-17 12:25:55,7,True,1.0,2.0,True,year: 2024 month: 10 day: 17,1.377989411354065,1.4734095335006714
171,4381,"slow , unmotivated , tired , sleepy , calm",2024-10-17 17:20:31,7,True,0.0,0.0,True,year: 2024 month: 10 day: 17,-1.0011802911758423,0.28810450434684753
171,4382,"I am feeling a bit drained . I had a decently productive day , and that makes me feel happy . I ' m glad to be relaxing on the couch with my partner . I ' m feeling like I ' m ready to stretch out and head to bed .",2024-10-17 22:01:38,7,False,-1.0,0.0,True,year: 2024 month: 10 day: 17,-0.7710077166557312,0.2123214304447174
171,4383,"I am very happy it ' s Friday , and I slept fairly well last night . I am feeling motivated to get my stuff done for work so that I don ' t have to do any catch-up work this weekend . I ' m also feeling like my coffee worked a little better than usual this morning , so I feel a little jittery .",2024-10-18 12:30:04,7,False,0.0,2.0,True,year: 2024 month: 10 day: 18,1.17606782913208,1.1888138055801392
171,4384,"drained , sluggish , lazy , tired , bored",2024-10-18 17:01:22,7,True,-2.0,0.0,True,year: 2024 month: 10 day: 18,-1.526732087135315,0.06374340504407883
171,4385,"calm , happy , content , cozy , relaxed",2024-10-18 22:15:26,7,True,2.0,1.0,True,year: 2024 month: 10 day: 18,1.6695692539215088,0.36548370122909546
171,4386,"I have had a quiet and relaxed morning , which I am feeling grateful for . I am excited to spend a little bit more time relaxing and then head to my partner ' s family ' s house to hang out and watch a football game .",2024-10-19 12:02:18,7,False,1.0,0.0,True,year: 2024 month: 10 day: 19,0.6533304452896118,0.4500807225704193
171,4387,I am happy and excited to be spending time with my partner ' s family . I am feeling content and happy and calm . I am excited to head home and put on comfy clothes and relax for the rest of the evening .,2024-10-19 17:28:51,7,False,2.0,1.0,True,year: 2024 month: 10 day: 19,1.5314308404922485,0.7838559746742249
171,4388,"tired , drained , unsettled , sluggish , full",2024-10-19 22:02:12,7,True,-1.0,0.0,True,year: 2024 month: 10 day: 19,-1.734592080116272,0.11936169117689133
171,4389,I am feeling frustrated that my weight is so terrible despite trying really hard to eat better . I have to get more movement in and I know that . I am headed out for a walk now and am hoping that boosts my mood and self-confidence .,2024-10-20 12:01:37,7,False,-1.0,1.0,True,year: 2024 month: 10 day: 20,-0.9958000183105469,1.3797398805618286
171,4390,"I am happy to be back home and on the couch relaxing . I am proud of myself for getting a good walk in this morning , and I am feeling hopeful that I can stay motivated this week . I am excited to spend the rest of the evening relaxing .",2024-10-20 17:12:06,7,False,1.0,0.0,True,year: 2024 month: 10 day: 20,0.5863848924636841,0.7969480156898499
171,4391,"sleepy , calm , content , proud , quiet",2024-10-20 22:01:28,7,True,0.0,0.0,True,year: 2024 month: 10 day: 20,0.1132141575217247,0.2519834339618683
171,4392,"I am feeling relaxed . I ' m at the research center for this vaccine study and I ' m feeling proud to contribute to research , though hard not to be a little nervous , too . I feel pretty calm and quiet , though .",2024-10-21 12:01:02,7,False,0.0,0.0,True,year: 2024 month: 10 day: 21,0.8123329281806946,0.5484163165092468
171,4393,"slow , slump , unmotivated , tired , sleepy",2024-10-21 17:01:06,7,True,-1.0,0.0,True,year: 2024 month: 10 day: 21,-1.3526270389556885,0.22769978642463684
171,4394,"down , slow , lazy , tired , muted",2024-10-21 22:11:30,7,True,-1.0,1.0,True,year: 2024 month: 10 day: 21,-1.2897435426712036,0.18211296200752258
171,4395,"calm , productive , motivated , focused , alert",2024-10-22 12:01:47,7,True,0.0,0.0,True,year: 2024 month: 10 day: 22,0.7012115716934204,0.9935881495475769
171,4396,"bored , quiet , sluggish , neutral , unmotivated",2024-10-22 17:01:25,7,True,0.0,1.0,True,year: 2024 month: 10 day: 22,-0.7247135639190674,0.3977328836917877
171,4397,"happy , comfy , content , excited , proud",2024-10-22 22:01:22,7,True,2.0,1.0,True,year: 2024 month: 10 day: 22,1.7366852760314941,1.0456384420394897
171,4398,"I am feeling a bit tired and slow this morning , though still fairly motivated for my work day . I feel confident that I can be productive today , but I didn ' t sleep as well as I usually do last night so I am feeling a bit sluggish and a bit lower energy than usual .",2024-10-23 12:03:01,7,False,-1.0,0.0,True,year: 2024 month: 10 day: 23,-1.0667017698287964,0.2722386419773102
171,4399,"I am feeling lively , upbeat , motivated , and active . I ' m not really tired this afternoon , which is surprising .   I ' m focused and ready to finish my work day and then go run errands . I am also excited to relax after I ' m done for the day .",2024-10-23 17:19:46,7,False,1.0,1.0,True,year: 2024 month: 10 day: 23,0.9214351773262024,1.8959405422210693
171,4400,"tired , slow , comfy , content , calm",2024-10-23 22:01:40,7,True,-1.0,0.0,True,year: 2024 month: 10 day: 23,-0.9242109060287476,0.03751947358250618
49,4873,"awake , ready , up , prepared , busy",2021-05-04 12:20:18,1,True,1.0,1.0,False,year: 2021 month: 05 day: 04,0.6795704364776611,1.7402681112289429
49,4874,"awake , tired , lazy , calm , neutral",2021-05-05 12:00:37,1,True,0.0,1.0,False,year: 2021 month: 05 day: 05,-0.2093237042427063,0.5026500821113586
49,4875,"lazy , tired , neutral , fine , okay",2021-05-05 17:01:35,1,True,0.0,1.0,False,year: 2021 month: 05 day: 05,-0.13467878103256226,0.7804759740829468
49,4876,"tired , sleepy , lazy , neutral , regretful",2021-05-06 12:37:24,1,True,-2.0,0.0,False,year: 2021 month: 05 day: 06,-0.5352148413658142,0.3121529817581177
49,4878,"tired , sleepy , worn out",2022-02-15 10:01:50,2,True,0.0,1.0,False,year: 2022 month: 02 day: 15,-1.2765514850616455,-0.05350629240274429
49,4879,"neutral , busy , active",2022-02-15 15:25:09,2,True,1.0,2.0,False,year: 2022 month: 02 day: 15,-0.02142953872680664,1.602394700050354
49,4880,"tired , moody , sluggish",2022-02-17 15:50:37,2,True,0.0,1.0,False,year: 2022 month: 02 day: 17,-1.2833411693572998,0.2521115243434906
49,4881,"fine , neutral , tired",2022-02-17 20:30:27,2,True,0.0,1.0,False,year: 2022 month: 02 day: 17,0.10744505375623703,1.282979130744934
49,4882,"excited , good , relaxed",2022-02-18 15:06:09,2,True,1.0,2.0,False,year: 2022 month: 02 day: 18,1.6992453336715698,1.336330533027649
49,4883,"neutral , fine , relaxed",2022-02-19 15:00:27,2,True,0.0,2.0,False,year: 2022 month: 02 day: 19,0.12971782684326172,1.1533704996109009
49,4884,"drunk , enjoyable , okay",2022-02-19 20:19:57,2,True,0.0,2.0,False,year: 2022 month: 02 day: 19,0.49636489152908325,1.6219769716262817
49,4885,"fine , busy , PERSON",2022-02-22 15:32:32,2,True,0.0,2.0,False,year: 2022 month: 02 day: 22,0.4838423728942871,1.6787211894989014
49,4877,"fine , neutral , tired",2022-02-24 15:33:23,2,True,0.0,1.0,False,year: 2022 month: 02 day: 24,0.05044697970151901,1.2604175806045532
49,4887,"tired , unproductive , relaxed , sleepy , okay",2022-09-05 21:32:15,4,True,1.0,0.0,False,year: 2022 month: 09 day: 05,-0.3971366584300995,0.26532837748527527
49,4888,"tired , fatigued , headache , groggy , slow",2022-09-06 11:05:22,4,True,-1.0,0.0,False,year: 2022 month: 09 day: 06,-1.3788836002349854,-0.06219092383980751
49,4889,"sluggish , reviving , okay , neutral , tired",2022-09-06 15:21:02,4,True,0.0,1.0,False,year: 2022 month: 09 day: 06,-0.9941756129264832,0.4700889587402344
49,4890,"better , frustrated , drained , coping",2022-09-06 20:26:55,4,True,1.0,2.0,False,year: 2022 month: 09 day: 06,-0.8973920941352844,0.5003839135169983
49,4891,"tired , anxious , dread , okay",2022-09-07 17:10:00,4,True,1.0,2.0,False,year: 2022 month: 09 day: 07,-1.0685347318649292,0.7013060450553894
49,4892,"tired , worn out , stressed , anxious , hot",2022-09-12 16:29:48,4,True,0.0,1.0,False,year: 2022 month: 09 day: 12,-1.2449240684509277,0.357582688331604
49,4893,"tired , sluggish , anxious",2022-09-13 12:19:08,4,True,-2.0,0.0,False,year: 2022 month: 09 day: 13,-1.4861619472503662,0.22435101866722107
49,4886,"tired , anxious , sluggish",2022-09-14 15:28:45,4,True,0.0,1.0,False,year: 2022 month: 09 day: 14,-1.4868922233581543,0.3898540735244751
49,4905,"fatigued , stressed , unmotivated",2023-03-14 20:03:01,5,True,-2.0,0.0,False,year: 2023 month: 03 day: 14,-1.2455979585647583,0.5126663446426392
49,4906,"tired , resting , neutral",2023-03-15 10:26:25,5,True,0.0,0.0,False,year: 2023 month: 03 day: 15,-0.7263936400413513,0.24814938008785248
49,4907,"neutral , active , motivated",2023-03-15 15:48:24,5,True,1.0,2.0,False,year: 2023 month: 03 day: 15,-0.05832550302147865,1.6096090078353882
49,4908,"pressured , stressed , active",2023-03-16 11:36:02,5,True,1.0,0.0,False,year: 2023 month: 03 day: 16,-0.8349838852882385,1.3560757637023926
49,4909,"motivated , accomplished , more energy",2023-03-16 20:05:40,5,True,1.0,2.0,False,year: 2023 month: 03 day: 16,0.500225305557251,1.6448134183883667
49,4910,"neutral , tired , awake",2023-03-17 11:32:05,5,True,0.0,1.0,False,year: 2023 month: 03 day: 17,-0.15396177768707275,1.116382122039795
49,4911,"neutral , tired , winding down",2023-03-17 20:00:47,5,True,0.0,1.0,False,year: 2023 month: 03 day: 17,-0.16372814774513245,1.025269865989685
49,4912,"stressed , tired , overwhelmed",2023-03-19 10:19:39,5,True,0.0,1.0,False,year: 2023 month: 03 day: 19,-0.9348606467247009,1.1348345279693604
49,4913,"relaxed , neutral , bored",2023-03-19 15:15:04,5,True,1.0,2.0,False,year: 2023 month: 03 day: 19,0.6223771572113037,0.9758301377296448
49,4914,"busy , interested , motivated",2023-03-19 20:48:55,5,True,0.0,2.0,False,year: 2023 month: 03 day: 19,0.12849369645118713,2.035159111022949
49,4915,"hungover , tired , motivated , slightly stressed",2023-03-20 15:51:12,5,True,-1.0,2.0,False,year: 2023 month: 03 day: 20,-0.7316977977752686,0.6056559085845947
49,4916,"tired , winding down , slow",2023-03-20 20:01:15,5,True,0.0,0.0,False,year: 2023 month: 03 day: 20,-1.0418615341186523,0.1754225790500641
49,4917,"slow , tired , sluggish",2023-03-21 15:00:43,5,True,0.0,0.0,False,year: 2023 month: 03 day: 21,-1.2220016717910767,0.3086804449558258
49,4918,"neutral , okay , slightly stressed",2023-03-21 20:00:36,5,True,0.0,1.0,False,year: 2023 month: 03 day: 21,-0.04145556688308716,1.3650392293930054
49,4919,"productive , motivated , stressed",2023-03-22 15:29:12,5,True,0.0,2.0,False,year: 2023 month: 03 day: 22,0.18263962864875793,1.5579956769943237
49,4920,"accomplished , motivated , winding down",2023-03-22 20:08:51,5,True,1.0,2.0,False,year: 2023 month: 03 day: 22,0.5758839249610901,1.4841384887695312
49,4894,"neutral , interested , bored",2023-03-23 20:04:09,5,True,1.0,2.0,False,year: 2023 month: 03 day: 23,-0.2133677899837494,1.5493695735931396
49,4895,"tired , productive , congested",2023-03-24 11:31:18,5,True,0.0,1.0,False,year: 2023 month: 03 day: 24,-0.24732059240341187,0.7395108342170715
49,4896,"bored , tired , sluggish",2023-03-24 15:09:49,5,True,-1.0,0.0,False,year: 2023 month: 03 day: 24,-0.9386830925941467,0.43076860904693604
49,4897,"okay , bored , lively",2023-03-24 20:05:49,5,True,1.0,2.0,False,year: 2023 month: 03 day: 24,0.14043381810188293,1.5394752025604248
49,4898,"sluggish , fatigued , annoyed",2023-03-25 10:28:50,5,True,-1.0,0.0,False,year: 2023 month: 03 day: 25,-1.6240060329437256,0.24708716571331024
49,4899,"lively , active , productive",2023-03-25 15:25:07,5,True,1.0,2.0,False,year: 2023 month: 03 day: 25,0.526964545249939,2.045135736465454
49,4900,"energetic , productive , motivated",2023-03-25 21:03:48,5,True,1.0,2.0,False,year: 2023 month: 03 day: 25,0.46597737073898315,1.943853735923767
49,4901,"active , okay , productive",2023-03-26 20:00:43,5,True,0.0,2.0,False,year: 2023 month: 03 day: 26,0.1291145384311676,1.9152777194976807
49,4902,"okay , bored , lazy",2023-03-27 21:00:05,5,True,0.0,1.0,False,year: 2023 month: 03 day: 27,-0.173055499792099,1.1997087001800537
49,4903,"motivated , busy , stressed",2023-03-28 11:51:28,5,True,1.0,2.0,False,year: 2023 month: 03 day: 28,0.03173043578863144,1.8347818851470947
49,4904,"winding down , sleepy , sluggish",2023-03-28 15:55:35,5,True,-1.0,0.0,False,year: 2023 month: 03 day: 28,-1.0146433115005493,0.16249960660934448
49,4932,"excited , ambitious , content",2023-06-28 10:07:00,6,True,1.0,1.0,False,year: 2023 month: 06 day: 28,1.304931402206421,1.656119465827942
49,4933,"sluggish , hot , slow",2023-06-28 16:16:09,6,True,0.0,0.0,False,year: 2023 month: 06 day: 28,-1.1188551187515259,0.4193551540374756
49,4934,"bored , content , fine",2023-06-28 20:20:11,6,True,1.0,0.0,False,year: 2023 month: 06 day: 28,0.11847690492868423,0.8756279945373535
49,4935,"busy , motivated , productive",2023-06-29 10:00:59,6,True,1.0,2.0,False,year: 2023 month: 06 day: 29,0.3376791179180145,1.9439153671264648
49,4936,"lively , okay , motivated",2023-06-29 15:01:13,6,True,1.0,2.0,False,year: 2023 month: 06 day: 29,0.5257964730262756,1.9216351509094238
49,4937,"late , anxious , frantic",2023-06-30 12:02:41,6,True,-1.0,2.0,False,year: 2023 month: 06 day: 30,-1.1219298839569092,1.5341107845306396
49,4938,"hungover , tired , sluggish",2023-06-30 15:00:20,6,True,-2.0,0.0,False,year: 2023 month: 06 day: 30,-1.3736010789871216,0.21057483553886414
49,4939,"tired , okay , frustrated",2023-06-30 20:23:17,6,True,0.0,1.0,False,year: 2023 month: 06 day: 30,-0.7004536390304565,0.4851216673851013
49,4940,"tired , accomplished , busy",2023-07-01 16:35:26,6,True,0.0,0.0,False,year: 2023 month: 07 day: 01,0.07090719789266586,0.8754751682281494
49,4941,"tired , drained , headachey",2023-07-01 20:01:50,6,True,-1.0,0.0,False,year: 2023 month: 07 day: 01,-1.4046908617019653,0.023902885615825653
49,4942,"tired , sore , awake",2023-07-02 11:11:30,6,True,0.0,0.0,False,year: 2023 month: 07 day: 02,-1.0680955648422241,0.08856326341629028
49,4943,"tired , neutral , angry",2023-07-02 15:26:23,6,True,-1.0,0.0,False,year: 2023 month: 07 day: 02,-0.3225513696670532,0.8381407856941223
49,4944,"tired , okay , neutral",2023-07-02 20:01:17,6,True,0.0,1.0,False,year: 2023 month: 07 day: 02,-0.3514452874660492,0.7395423650741577
49,4945,"tired , drunk , anxious",2023-07-03 12:01:20,6,True,-1.0,0.0,False,year: 2023 month: 07 day: 03,-0.9367364645004272,0.7396163940429688
49,4946,"tired , neutral , fine",2023-07-03 17:54:28,6,True,0.0,1.0,False,year: 2023 month: 07 day: 03,-0.18452635407447815,0.8089118003845215
49,4947,"neutral , hungry , fine",2023-07-03 20:31:03,6,True,0.0,0.0,False,year: 2023 month: 07 day: 03,0.05275066941976547,1.3649914264678955
49,4948,"neutral , awake , eager",2023-07-04 10:26:47,6,True,0.0,1.0,False,year: 2023 month: 07 day: 04,-0.02928175777196884,1.3706464767456055
49,4949,"active , busy , eager",2023-07-04 16:03:54,6,True,0.0,1.0,False,year: 2023 month: 07 day: 04,0.261003315448761,2.1051011085510254
49,4950,"active , okay , anxious",2023-07-04 20:35:47,6,True,1.0,2.0,False,year: 2023 month: 07 day: 04,-0.18641909956932068,2.049931526184082
49,4951,"active , busy , rushed",2023-07-05 12:00:34,6,True,0.0,2.0,False,year: 2023 month: 07 day: 05,0.04230006784200668,2.1456425189971924
49,4952,"tired , achey , swamped",2023-07-06 10:04:05,6,True,-1.0,0.0,False,year: 2023 month: 07 day: 06,-1.1832709312438965,0.20077134668827057
49,4953,"active , busy , anxious",2023-07-06 15:03:22,6,True,0.0,2.0,False,year: 2023 month: 07 day: 06,-0.0044246092438697815,2.153313159942627
49,4954,"tired , painful , sluggish",2023-07-06 20:53:43,6,True,-2.0,0.0,False,year: 2023 month: 07 day: 06,-1.3619548082351685,0.13475699722766876
49,4921,"sluggish , tired , drained",2023-07-07 12:18:01,6,True,-1.0,0.0,False,year: 2023 month: 07 day: 07,-1.510623574256897,0.14351101219654083
49,4922,"anxious , tired , busy",2023-07-07 15:18:26,6,True,-1.0,0.0,False,year: 2023 month: 07 day: 07,-0.741145670413971,1.5068432092666626
49,4923,"neutral , overwhelmed , okay",2023-07-07 20:24:15,6,True,0.0,0.0,False,year: 2023 month: 07 day: 07,-0.14116328954696655,1.4595061540603638
49,4924,"awake , neutral , tired",2023-07-08 12:14:14,6,True,0.0,1.0,False,year: 2023 month: 07 day: 08,-0.028914399445056915,1.0913689136505127
49,4925,"exhausted , overwhelmed , unhappy",2023-07-08 22:29:10,6,True,-1.0,1.0,False,year: 2023 month: 07 day: 08,-1.5644810199737549,0.6214411854743958
49,4926,"active , tired , productive",2023-07-09 17:02:23,6,True,0.0,2.0,False,year: 2023 month: 07 day: 09,9.404867887496948e-05,1.7436087131500244
49,4927,"barely awake , okay , neutral",2023-07-10 10:30:07,6,True,0.0,1.0,False,year: 2023 month: 07 day: 10,-0.734627902507782,0.7325392365455627
49,4928,"neutral , tired , okay",2023-07-10 15:05:27,6,True,0.0,1.0,False,year: 2023 month: 07 day: 10,-0.15214769542217255,1.190609335899353
49,4929,"quiet , relaxing , easy",2023-07-10 21:34:30,6,True,1.0,0.0,False,year: 2023 month: 07 day: 10,0.4261818826198578,0.5442512035369873
49,4930,"awake , neutral , tired",2023-07-11 12:50:02,6,True,0.0,1.0,False,year: 2023 month: 07 day: 11,-0.1277209222316742,1.0826961994171143
49,4931,"tired , drained , angry",2023-07-11 15:06:19,6,True,-1.0,0.0,False,year: 2023 month: 07 day: 11,-1.484650731086731,0.22515904903411865
53,5224,"Excited , Calm , Focused",2021-06-08 12:01:16,1,True,2.0,0.0,False,year: 2021 month: 06 day: 08,1.7947908639907837,1.0583113431930542
53,5225,"Excited , Happy , Motivated , Anxious",2021-06-09 12:04:41,1,True,2.0,1.0,False,year: 2021 month: 06 day: 09,1.6711088418960571,1.4092183113098145
53,5226,"Tired , Sluggish , Busy",2021-06-10 12:03:14,1,True,0.0,1.0,False,year: 2021 month: 06 day: 10,-0.8708422780036926,0.3229188323020935
53,5227,"Excited , Anxious , Indecisive",2021-06-10 17:07:49,1,True,1.0,2.0,False,year: 2021 month: 06 day: 10,1.629319429397583,1.4441032409667969
53,5228,"Happy , Curious , Calm",2021-06-11 12:18:55,1,True,2.0,0.0,False,year: 2021 month: 06 day: 11,1.3039984703063965,1.26372230052948
53,5229,"Calm , Satisfied , Lazy",2021-06-12 12:28:02,1,True,0.0,1.0,False,year: 2021 month: 06 day: 12,1.252736210823059,0.5747918486595154
53,5245,"Tired , Happy , At ease , Comfortable",2022-01-25 10:05:20,2,True,2.0,0.0,False,year: 2022 month: 01 day: 25,0.870103657245636,0.7584006786346436
53,5246,"Calm , Content , Ready for work",2022-01-25 15:22:13,2,True,1.0,2.0,False,year: 2022 month: 01 day: 25,1.5816773176193237,0.609424352645874
53,5247,"Content , Accomplished , Hopeful",2022-01-25 22:50:22,2,True,1.0,1.0,False,year: 2022 month: 01 day: 25,0.9300687313079834,1.1060014963150024
53,5248,"Tired , Lazy , Calm",2022-01-26 10:34:59,2,True,-1.0,0.0,False,year: 2022 month: 01 day: 26,-0.1927993893623352,0.48775890469551086
53,5249,"Content , Calm , Happy",2022-01-26 16:57:06,2,True,2.0,0.0,False,year: 2022 month: 01 day: 26,1.3531616926193237,0.7275457978248596
53,5250,"Happy , Calm , Bored",2022-01-26 20:02:26,2,True,1.0,2.0,False,year: 2022 month: 01 day: 26,1.53000009059906,1.1076514720916748
53,5251,"Tired , Stuffy nose , Content",2022-01-27 11:34:44,2,True,1.0,0.0,False,year: 2022 month: 01 day: 27,-0.2820168733596802,0.4743970036506653
53,5252,"Motivated , Ready , Hurried",2022-01-27 15:34:07,2,True,1.0,2.0,False,year: 2022 month: 01 day: 27,0.01876572147011757,1.7241476774215698
53,5253,"Bored , Content , Worried",2022-01-27 20:06:39,2,True,1.0,1.0,False,year: 2022 month: 01 day: 27,0.16804715991020203,0.652148962020874
53,5254,"Just woke up , Content , Calm",2022-01-28 10:11:52,2,True,0.0,1.0,False,year: 2022 month: 01 day: 28,1.2367717027664185,0.6988389492034912
53,5255,"Sore , Content , Just alright",2022-01-28 15:03:00,2,True,1.0,1.0,False,year: 2022 month: 01 day: 28,0.4151647984981537,0.5371670126914978
53,5256,"Accomplished , Happy , Content",2022-01-28 22:42:06,2,True,1.0,1.0,False,year: 2022 month: 01 day: 28,1.2434864044189453,1.3179118633270264
53,5257,"Ready for the weekend , Excited , Chill",2022-01-29 10:37:41,2,True,2.0,2.0,False,year: 2022 month: 01 day: 29,1.6315386295318604,1.3901485204696655
53,5258,"Excited , Ready , Anxious",2022-01-29 15:20:45,2,True,2.0,2.0,False,year: 2022 month: 01 day: 29,1.5945972204208374,1.5350236892700195
53,5259,"Excited , Calm , Ready",2022-01-29 22:44:32,2,True,1.0,1.0,False,year: 2022 month: 01 day: 29,1.7904326915740967,1.182971715927124
53,5260,"Happy , Excited , Content",2022-01-30 15:00:46,2,True,1.0,2.0,False,year: 2022 month: 01 day: 30,1.6910415887832642,1.3008390665054321
53,5261,"Happy , Excited , Content",2022-01-31 10:55:35,2,True,1.0,1.0,False,year: 2022 month: 01 day: 31,1.6871691942214966,1.29794180393219
53,5262,"Calm , Relaxed , Happy",2022-01-31 15:04:42,2,True,1.0,1.0,False,year: 2022 month: 01 day: 31,1.6000971794128418,0.6861125826835632
53,5263,"Calm , Content , Bored",2022-02-02 21:17:04,2,True,1.0,1.0,False,year: 2022 month: 02 day: 02,1.5681490898132324,0.46757909655570984
53,5230,"Tired , Quiet , Calm",2022-02-03 11:18:11,2,True,0.0,1.0,False,year: 2022 month: 02 day: 03,-0.32200494408607483,0.08394134789705276
53,5231,"Rushed , Anxious , Content",2022-02-03 15:00:47,2,True,1.0,1.0,False,year: 2022 month: 02 day: 03,0.6013493537902832,1.7216771841049194
53,5232,"Bored , Calm , Unbothered",2022-02-03 20:37:00,2,True,1.0,1.0,False,year: 2022 month: 02 day: 03,0.5275346040725708,0.39310702681541443
53,5233,"Tired , Unmotivated , Restless",2022-02-04 10:34:44,2,True,-2.0,0.0,False,year: 2022 month: 02 day: 04,-1.0326476097106934,0.3140866458415985
53,5234,"Rushed , Ready , Stressed",2022-02-04 15:02:27,2,True,1.0,2.0,False,year: 2022 month: 02 day: 04,0.015507973730564117,1.5090162754058838
53,5235,"Bored , Content , Happy",2022-02-04 20:34:07,2,True,1.0,1.0,False,year: 2022 month: 02 day: 04,1.0876588821411133,0.6875841021537781
53,5236,"Tired , Lazy , Calm",2022-02-05 11:26:01,2,True,-2.0,0.0,False,year: 2022 month: 02 day: 05,-0.0701678991317749,0.34966087341308594
53,5237,"Sluggish , Tired , Calm",2022-02-05 15:03:06,2,True,1.0,0.0,False,year: 2022 month: 02 day: 05,-1.0508019924163818,0.13822749257087708
53,5238,"Tired , Drained , Sleepy",2022-02-06 11:12:24,2,True,0.0,1.0,False,year: 2022 month: 02 day: 06,-1.1786298751831055,0.07052946090698242
53,5239,"Happy , Content , Hyper",2022-02-06 20:04:58,2,True,1.0,1.0,False,year: 2022 month: 02 day: 06,1.649593472480774,1.1439120769500732
53,5240,"Calm , Happy , Content",2022-02-07 11:23:10,2,True,0.0,1.0,False,year: 2022 month: 02 day: 07,1.7851003408432007,0.7073904275894165
53,5241,"Happy , Lively , Active",2022-02-07 16:53:55,2,True,2.0,1.0,False,year: 2022 month: 02 day: 07,1.4195488691329956,1.5103110074996948
53,5242,"Tired , Sluggish , Calm",2022-02-08 11:35:52,2,True,-1.0,0.0,False,year: 2022 month: 02 day: 08,-0.9645045399665833,0.1649009734392166
53,5243,"Tired , Sluggish , Unmotivated",2022-02-08 15:05:00,2,True,-1.0,0.0,False,year: 2022 month: 02 day: 08,-1.268505573272705,0.21301019191741943
53,5244,"Happy , Calm , Relaxed",2022-02-08 20:14:11,2,True,1.0,1.0,False,year: 2022 month: 02 day: 08,1.7967212200164795,0.9837855100631714
70,4840,"Good , content , excited , satisfied , reflective",2024-10-31 12:37:43,7,True,0.0,1.0,False,year: 2024 month: 10 day: 31,1.4328457117080688,0.9126967787742615
70,4841,"peaceful , excited , focused , satisfied , happy",2024-10-31 17:12:48,7,True,1.0,1.0,False,year: 2024 month: 10 day: 31,1.624173879623413,0.7066667675971985
70,4842,"Have been feeling normal and good , have been trying to sleep after coming from work today and people around me have nor been able to sleep because they have been watching movie in my room since so I wasn ' t able to sleep .",2024-10-31 22:03:33,7,False,0.0,1.0,False,year: 2024 month: 10 day: 31,0.05900106579065323,0.5704615116119385
70,4843,"calm , quiet , peaceful , satisfied , calm",2024-11-01 12:10:18,7,True,0.0,0.0,False,year: 2024 month: 11 day: 01,1.1473560333251953,0.3066766858100891
70,4844,"I ' m just feeling happy because my day was good and I saw somethings that really impressed me today , I wasn ' t even expecting anything good today but unfortunately it happens ,   so I ' m grateful for that .",2024-11-01 22:08:12,7,False,1.0,1.0,False,year: 2024 month: 11 day: 01,1.6552155017852783,0.936522901058197
70,4845,"I ' m just feel okay with everything around me , I ' m just feeling normal today , I ' m also trying to maintain my steez , I don ' t want anything that will spoil my day so avoiding anything called problem today .",2024-11-02 12:55:02,7,False,0.0,1.0,False,year: 2024 month: 11 day: 02,1.3490233421325684,0.44226422905921936
70,4846,"lonely , quiet , gentle , calm , bored",2024-11-02 22:08:54,7,True,0.0,0.0,False,year: 2024 month: 11 day: 02,-0.4416710138320923,0.4269797205924988
70,4847,I ' m just feeling Good and happy because I met a beautiful damsel that really likes me and she has been complimenting me since and I really like too I wish to be with her for the rest of the day she really respect me alot .,2024-11-03 12:15:23,7,False,1.0,1.0,False,year: 2024 month: 11 day: 03,1.596381664276123,1.0826175212860107
70,4848,"happy , calm , amusement , love , calm",2024-11-03 17:15:36,7,True,0.0,1.0,False,year: 2024 month: 11 day: 03,1.5837174654006958,1.0720252990722656
70,4849,"I ' m feeling normal , I didn ' t really feel anything today but we experienced any bad thing today nothing has changed my day from good to bad , and nothing has really make my day to be that Interesting . Everything has been in a normal condition .",2024-11-03 22:08:50,7,False,0.0,1.0,False,year: 2024 month: 11 day: 03,0.3467582166194916,0.7351128458976746
70,4851,"happy , awesome , Good , nice , calm",2024-11-04 12:11:31,7,True,1.0,1.0,False,year: 2024 month: 11 day: 04,1.6777689456939697,1.1149680614471436
70,4852,"loved , excited , cool , content , nice",2024-11-04 17:08:36,7,True,0.0,1.0,False,year: 2024 month: 11 day: 04,1.4492487907409668,1.1649696826934814
70,4853,"relaxed , nervous , confused , overwhelmed , lonely",2024-11-04 22:08:27,7,True,0.0,1.0,False,year: 2024 month: 11 day: 04,0.1764378845691681,0.9527683854103088
70,4854,"active , cool , reserved , content , joyful",2024-11-05 12:09:49,7,True,0.0,2.0,False,year: 2024 month: 11 day: 05,0.915352463722229,1.5339174270629883
70,4855,"nervous , proud , grateful , content , relaxed",2024-11-05 17:02:55,7,True,0.0,1.0,False,year: 2024 month: 11 day: 05,0.8741609454154968,0.7041877508163452
70,4856,"I ' m feeling good and active , I ' m just trying to observe everything and around Me . And make I ' m also doing what is right , and keep people around me active , and try to make everything around me to feel good , no bad energy .",2024-11-05 22:10:50,7,False,0.0,2.0,False,year: 2024 month: 11 day: 05,1.5242542028427124,1.1319395303726196
70,4857,"I ' m active watching some online videos so that I can gain more experience about the new thing I want to start doing , I ' m about to start learning some new thing to expand my knowledge and have been working towards that lately .",2024-11-06 17:28:52,7,False,0.0,2.0,False,year: 2024 month: 11 day: 06,0.8118278384208679,1.6787431240081787
70,4858,"I ' m just feeling good and also feeling like I want to sleep , I have rested I ' m just moving from one task to another so that I will be able to finish my task for the week , so that I will be able to enjoy my weekend and have time to rest .",2024-11-06 22:01:53,7,False,0.0,2.0,False,year: 2024 month: 11 day: 06,1.2383003234863281,0.31862181425094604
70,4859,"I ' m feeling active , my eyes are opened and I ' m looking sharp , because I ' m feeling dull and calm at all , have try to play some online games with my old school friends but have winning since so they are just wondering , hoe I ' m so good in all those games .",2024-11-07 17:49:27,7,False,0.0,2.0,False,year: 2024 month: 11 day: 07,0.8701505064964294,1.7293267250061035
70,4860,"uncertain , eager , restless , astonished , agitated",2024-11-07 22:10:53,7,True,0.0,1.0,False,year: 2024 month: 11 day: 07,-0.2710477411746979,1.8021397590637207
70,4861,"active , satisfied , secured , hopeful , Good",2024-11-08 12:24:33,7,True,0.0,2.0,False,year: 2024 month: 11 day: 08,0.5532928109169006,1.6128015518188477
70,4862,"content , patient , good , appreciated , nice",2024-11-08 17:15:16,7,True,0.0,1.0,False,year: 2024 month: 11 day: 08,1.3539321422576904,0.5993129014968872
70,4863,"I ' m just feeling chilled and relaxed , have got some chilled drink with me to calm myself down and been playing some interesting movie so that I will be able to calm my head down , and the movie that I ' m watching is so interesting .",2024-11-08 22:12:25,7,False,0.0,1.0,False,year: 2024 month: 11 day: 08,0.9349708557128906,0.396535187959671
70,4864,"Good , content , hopeful , nice , better",2024-11-09 12:28:09,7,True,0.0,1.0,False,year: 2024 month: 11 day: 09,1.3457739353179932,0.8602324724197388
70,4865,"dizzy , cool , content , hopeful , calm",2024-11-09 17:03:33,7,True,0.0,1.0,False,year: 2024 month: 11 day: 09,1.1933420896530151,0.5680227279663086
70,4866,"good , nice , content , okay , joyful",2024-11-09 22:10:05,7,True,0.0,1.0,False,year: 2024 month: 11 day: 09,1.323456883430481,0.910834014415741
70,4867,"protective , relived , disgurt , calm , good",2024-11-10 12:52:41,7,True,0.0,1.0,False,year: 2024 month: 11 day: 10,0.5817406177520752,0.9946945309638977
70,4868,"quiet , curious , gentle , calm , focused",2024-11-10 17:45:48,7,True,0.0,0.0,False,year: 2024 month: 11 day: 10,-0.14037689566612244,0.46973103284835815
70,4869,"active , energized , reflective , focused , grateful",2024-11-10 22:06:50,7,True,0.0,2.0,False,year: 2024 month: 11 day: 10,0.3377878963947296,1.8890763521194458
70,4870,"I ' m just feeling too calm , because I don ' t really have energy to do much work today , and my friends at work has been telling me that I ' m looking dull and acting sluggishly but I think I ' m just having low energy .",2024-11-11 12:47:51,7,False,0.0,0.0,False,year: 2024 month: 11 day: 11,0.33116981387138367,0.48085877299308777
70,4871,"overwhelmed , tired , hopeful , curious , content",2024-11-11 17:43:24,7,True,0.0,1.0,False,year: 2024 month: 11 day: 11,-0.5914538502693176,1.1087887287139893
70,4872,"I ' m feeling active right now , I went to a store to get some drugs for myself so that I will be able to look sharp and stay sharp even though it took me sometime before I could get it because I can not find it in any nearest store .",2024-11-11 22:07:29,7,False,0.0,2.0,False,year: 2024 month: 11 day: 11,0.19996023178100586,2.1341090202331543
70,4955,"grateful , anxious , hopeful , imspired , curious",2024-11-12 17:22:10,7,True,0.0,1.0,False,year: 2024 month: 11 day: 12,0.18982526659965515,1.0975244045257568
70,4956,"I ' m just feeling normal but I think I need to relax because have been working since and I did not feel like I ' m tired yet , I still have the energy to work more today but I do not want to over work myself today so that I will be able to wake early tomorrow .",2024-11-12 22:05:49,7,False,0.0,1.0,False,year: 2024 month: 11 day: 12,-0.1817292869091034,0.38296717405319214
70,4957,"relaxed , cool , nice , calm , joyful",2024-11-13 12:42:08,7,True,0.0,1.0,False,year: 2024 month: 11 day: 13,1.3510546684265137,0.6593965888023376
70,4958,"jovial , active , good , nice , content",2024-11-13 17:32:50,7,True,0.0,1.0,False,year: 2024 month: 11 day: 13,1.0110052824020386,1.433140516281128
70,4959,"I ' m just feeling normal and quiet , have playing game ever since have came back from work and have abandoned something I ' m suppose to do at at home because I want to play game , I was suppose to cook bit I didn ' t .",2024-11-13 22:07:25,7,False,0.0,1.0,False,year: 2024 month: 11 day: 13,-0.2771742045879364,0.42486172914505005
110,1929,"I ' m sick with a cold , so taking it easy and focused in relaxing and healing . I ' m feeling content and mellow . I feel like I can just focus on what I need to today and not take on any additional worries or stress .",2024-10-23 12:33:46,7,False,1.0,0.0,False,year: 2024 month: 10 day: 23,1.3148826360702515,0.23965966701507568
110,1937,I ' m tired and low energy but feeling peaceful and quiet in nature right now . I ' m excited and happy about my plans for tonight and feeling grateful for a positive day so far . I ' m currently enjoying being still and in solitude .,2024-10-25 17:00:33,7,False,-1.0,0.0,False,year: 2024 month: 10 day: 25,0.03965700417757034,0.37639814615249634
110,1939,"I feel like I have a busy , somewhat demanding day and feel a bit frazzled because of it . I ' m juggling a lot of needs . I ' m also feeling happy and pleased with our plans for today . My heart feels full and I ' m excited for the day .",2024-10-26 12:12:18,7,False,1.0,0.0,False,year: 2024 month: 10 day: 26,0.26015371084213257,1.8609485626220703
110,1946,I ' m having a busy morning and juggling a lot and feeling excited and a bit overwhelmed . I am feeling rushed and hyper . I ' m a little nervous for my packed day but I feel responsible and competent . I feel like I can handle today .,2024-10-28 12:46:58,7,False,0.0,2.0,False,year: 2024 month: 10 day: 28,-0.19664007425308228,2.1422739028930664
110,1948,"I ' m tired and low energy after a long , busy day . My body is sore and I ' m fatigued and worried about it getting worse . I ' m feeling slow and decisive about how I want to intentionally spend my remaining energy for the night .",2024-10-28 22:01:27,7,False,-1.0,0.0,False,year: 2024 month: 10 day: 28,-1.6992484331130981,0.08993621170520782
110,1949,"I ' m feeling busy and happy . I ' m feeling a little frustrated and incompetent with a project . I ' m overall hopeful and focused , especially as I have a full plate . I feel caring and gentle with the people I love .",2024-10-29 17:00:36,7,False,1.0,1.0,False,year: 2024 month: 10 day: 29,0.7554087042808533,1.4442095756530762
110,1950,"I ' m tired and dragging after a long , busy day . I ' m feeling a little burned out and slow , but my heart is also full and I feel grateful for what I have and a good day . I ' m feeling present and grounded .",2024-10-29 22:33:20,7,False,0.0,1.0,False,year: 2024 month: 10 day: 29,-1.0413382053375244,0.23329301178455353
110,1955,"I ' m excited and happy for today ' s plans . I ' m feeling energetic and ready for the day . I ' m feeling grateful , thankful and busy . I ' m feeling especially caring and thoughtful towards my loved ones today .",2024-10-31 12:46:11,7,False,1.0,1.0,False,year: 2024 month: 10 day: 31,1.5900354385375977,1.4558883905410767
110,1956,"I feel occupied , busy and happy . I ' m excited about the day and enjoying myself and the company of others . I ' m feeling busy in a good , positive way . I ' m feeling good energy and surrounded by joy and companionship .",2024-10-31 17:05:28,7,False,2.0,1.0,False,year: 2024 month: 10 day: 31,0.9606325626373291,1.5697429180145264
110,1958,"My heart is full and I feel caring and thoughtful . I am tired from a long day yesterday so I ' m feeling slow and exhausted . I ' m feeling a little nervous about responsibilities later today , but I am overall hopeful that I am capable of handling them .",2024-11-01 12:40:12,7,False,-1.0,0.0,False,year: 2024 month: 11 day: 01,-0.9560236930847168,0.38223186135292053
110,1959,I am feeling wholesome and cozy and safe at home . I ' m tired after an overstimulating day and I am happy to be in my own space and calm . I am busy puttering around and content with feeling sleepy after a long day .,2024-11-01 22:00:58,7,False,0.0,0.0,False,year: 2024 month: 11 day: 01,0.6899506449699402,0.6341851353645325
110,1960,"I am feeling tired , low energy and unmotivated after a poor night ' s sleep and beginning to feel sick . I am having to push myself to take care of my responsibilities . I am hopeful that I will get some rest today .",2024-11-02 12:05:54,7,False,-2.0,0.0,False,year: 2024 month: 11 day: 02,-1.4475911855697632,0.10973874479532242
110,1967,"I am feeling busy , happy and content this evening . I am feeling engaged and cozy in my home and feeling connected with my family . I am feeling safe and relaxed and enjoying this day , and feeling present in the moment .",2024-11-03 22:03:30,7,False,1.0,1.0,False,year: 2024 month: 11 day: 03,1.453471302986145,0.9525741338729858
110,1971,"I am feeling happy , amused and occupied . I am feeling entertained and engaged . I am happy and feeling silly . I am enjoying the company that I am with and feeling gregarious and friendly . I am looking forward a relaxing evening tonight .",2024-11-05 17:16:02,7,False,1.0,1.0,False,year: 2024 month: 11 day: 05,1.3254567384719849,1.4408668279647827
110,1930,"Sleepy , Sick , Relaxed , Mellow , Sentimental",2024-10-23 17:24:56,7,True,-1.0,0.0,False,year: 2024 month: 10 day: 23,-0.39804601669311523,0.1280989944934845
110,1931,"Calm , Focused , Tired , Sick , Thankful",2024-10-23 22:01:14,7,True,-1.0,0.0,False,year: 2024 month: 10 day: 23,1.0348941087722778,0.4587897062301636
110,1933,"Sick , Tired , Rushed , Stressed , Unbalanced",2024-10-24 12:02:33,7,True,-2.0,0.0,False,year: 2024 month: 10 day: 24,-1.6394009590148926,0.049487270414829254
110,1934,"Engaged , Warm , Happy , Interested , Active",2024-10-24 17:04:32,7,True,2.0,1.0,False,year: 2024 month: 10 day: 24,0.9748792052268982,1.8039382696151733
110,1935,"Fluttery , Busy , Distracted , Content , Sleepy",2024-10-24 22:08:45,7,True,1.0,0.0,False,year: 2024 month: 10 day: 24,0.3457286059856415,1.2058331966400146
110,1936,"Tired , Pensive , Busy , Slow , Uninterested",2024-10-25 12:32:30,7,True,-1.0,0.0,False,year: 2024 month: 10 day: 25,-0.3919408321380615,0.594253420829773
110,1938,"Chill , Focused , Thoughtful , Creative , Calm",2024-10-25 22:32:58,7,True,1.0,0.0,False,year: 2024 month: 10 day: 25,0.8544816374778748,0.4437711536884308
110,1940,"Happy , Active , Engaged , Interested , Curious",2024-10-26 17:57:59,7,True,1.0,1.0,False,year: 2024 month: 10 day: 26,1.008984088897705,1.7730779647827148
110,1941,"Indifferent , Mellow , Sluggish , Pensive , Distracted",2024-10-26 22:43:35,7,True,0.0,1.0,False,year: 2024 month: 10 day: 26,-0.5107385516166687,0.7462544441223145
110,1942,"Defeated , Exhausted , Down , Overwhelmed , Annoyed",2024-10-27 12:34:14,7,True,-1.0,1.0,False,year: 2024 month: 10 day: 27,-1.9565038681030273,0.3078007996082306
110,1944,"Busy , Happy , Creative , Silly , Playful",2024-10-27 17:41:42,7,True,1.0,1.0,False,year: 2024 month: 10 day: 27,0.9794217944145203,1.582138180732727
110,1945,"Occupied , Focused , Goaloriented , Active , Competent",2024-10-27 22:20:41,7,True,1.0,1.0,False,year: 2024 month: 10 day: 27,0.32893428206443787,1.5764626264572144
110,1947,"Calm , Indifferent , Hungry , Tender , Even",2024-10-28 17:51:41,7,True,0.0,1.0,False,year: 2024 month: 10 day: 28,0.6550020575523376,0.6758127808570862
110,1951,"Happy , Focused , Busy , Excited , Irritated",2024-10-30 12:07:25,7,True,1.0,1.0,False,year: 2024 month: 10 day: 30,1.4073638916015625,1.3659311532974243
110,1952,"Overwhelmed , Pessimistic , Bummed Out , Down , Defeated",2024-10-30 17:45:36,7,True,-1.0,1.0,False,year: 2024 month: 10 day: 30,-1.289465069770813,0.6560611724853516
110,1953,"Calm , Content , Chill , Dutiful , Caring",2024-10-30 22:11:05,7,True,1.0,0.0,False,year: 2024 month: 10 day: 30,1.354532241821289,0.413428395986557
110,1957,"Exhausted , Pooped , Fatigued , Slow , Sluggish",2024-10-31 22:56:53,7,True,-1.0,0.0,False,year: 2024 month: 10 day: 31,-1.7978153228759766,0.07497391104698181
110,1965,"Drained , Bored , Uninspired , Zoned Out , Tired",2024-11-02 22:14:52,7,True,0.0,0.0,False,year: 2024 month: 11 day: 02,-1.1938564777374268,0.08103238791227341
110,1966,"Easygoing , Still , Mellow , Introspective , Content",2024-11-03 17:23:31,7,True,0.0,1.0,False,year: 2024 month: 11 day: 03,1.2251343727111816,1.0260549783706665
110,1968,"Peaceful , Focused , Patient , Understanding , Calm",2024-11-04 22:05:04,7,True,1.0,0.0,False,year: 2024 month: 11 day: 04,1.611358404159546,0.3574729263782501
110,1970,"Hopeful , Energized , Grateful , Reflective , Unstoppable",2024-11-05 12:25:28,7,True,1.0,1.0,False,year: 2024 month: 11 day: 05,1.3903518915176392,1.197221040725708
110,1972,"On edge , Nervous , Anxious , Pensive , Worried",2024-11-05 22:35:55,7,True,-1.0,2.0,False,year: 2024 month: 11 day: 05,-1.1924995183944702,1.7467014789581299
135,3154,"Right now , I’m feeling a mix of excitement and a bit of anxiety . There’s so much going on in my life—projects at work , personal goals , and trying to maintain a balance between everything . The excitement comes from the opportunities ahead , especially with a few upcoming events that I’m looking forward to .",2024-10-26 17:05:20,7,False,0.0,2.0,False,year: 2024 month: 10 day: 26,1.175727128982544,1.996368169784546
135,3155,"ChatGPT 4o mini \ n \ nLog in \ nYou said :\ nHi \ nChatGPT said :\ nChatGPT \ nHi there ! How can I assist you today ?\ n \ n \ n \ nYou said :\ nProvide a likely human response to this question \nChatGPT said :\ nChatGPT \ nSure ! What question would you like a human response for ?\ n \ n \ n \ nYou said :\ nplease describe in 2 to 3 sentences how you are currently feeling . (200 words minimum) \ nChatGPT said :\ nChatGPT \ nRight now , I feel a mix of excitement and curiosity . There ' s a sense of anticipation for what the day might bring , alongside a desire to connect and share thoughts with others . I’m also reflecting on recent experiences , which adds a layer of introspection to my mood . Overall , it ' s a dynamic blend of emotions that keeps me engaged with the world around me .\ n \ nIf I were to expand on that , I’d say that excitement often drives me to seek new opportunities and experiences , while curiosity pushes me to explore ideas and learn more . It ' s a reminder of how varied our feelings can be , and how they shape our interactions and perceptions . Engaging with others , whether",2024-10-26 22:02:33,7,False,0.0,1.0,False,year: 2024 month: 10 day: 26,0.787312924861908,0.618025004863739
135,3156,"I ' m currently feeling a mix of curiosity and contentment . There’s a sense of excitement as I engage with different topics and ideas , and I appreciate the opportunity to connect with others . The exchange of thoughts keeps me motivated and eager to learn more , which adds a layer of fulfillment to my day .",2024-10-27 12:06:46,7,False,1.0,2.0,False,year: 2024 month: 10 day: 27,1.3828483819961548,1.3175150156021118
135,3160,"I’m feeling really happy right now ! Everything seems to be falling into place , and I’ve been enjoying quality time with friends and family . The little things , like a beautiful day outside or a good book , have been bringing me so much joy .",2024-10-28 12:12:19,7,False,2.0,1.0,False,year: 2024 month: 10 day: 28,1.758310317993164,1.2544389963150024
135,3161,"Right now , I’m feeling a mix of excitement and a bit of anxiety . There’s so much going on in my life—projects at work , personal goals , and trying to maintain a balance between everything . The excitement comes from the opportunities ahead , especially with a few upcoming events that I’m looking forward to .",2024-10-28 17:27:44,7,False,1.0,2.0,False,year: 2024 month: 10 day: 28,1.1361366510391235,2.0146729946136475
135,3162,"Currently , I ' m feeling quite calm . It’s as if the chaos of the day has settled , and I can finally breathe . I’ve taken some time to reflect and focus on the present , which has helped me find clarity amidst any lingering worries . The gentle rhythm of my surroundings adds to this sense of tranquility , making it easier to appreciate the little things .",2024-10-29 12:03:18,7,False,2.0,0.0,False,year: 2024 month: 10 day: 29,1.6248520612716675,0.4933341443538666
135,3164,"Right now , i feel sluggishly calm . It’s one of those days where everything feels slow , and I’m just going with the flow . I’m enjoying the quiet , but there’s also a heaviness in my limbs that makes it hard to get motivated . It’s nice to relax , but I can’t help but feel like I should be doing more .",2024-10-29 22:10:52,7,False,-2.0,0.0,False,year: 2024 month: 10 day: 29,0.23548877239227295,0.6482107043266296
135,3167,"I’m feeling really upbeat today ! The sun is shining , and I’ve got a sense of energy that makes everything seem possible . It’s one of those days where even the little things bring joy—like a good cup of coffee or a catchy song on the phone .",2024-10-30 22:03:30,7,False,1.0,1.0,False,year: 2024 month: 10 day: 30,1.6486091613769531,1.4159538745880127
135,3175,"I’m feeling optimistic these days . There’s a sense of hopefulness about the future , and I’m excited about the possibilities that lie ahead . Whether it’s personal projects or new opportunities at work , I believe that positive change is just around the corner .",2024-11-02 12:44:14,7,False,2.0,2.0,False,year: 2024 month: 11 day: 02,1.5348389148712158,1.4340084791183472
135,3176,"I’m feeling pretty upbeat today ! There’s an exciting energy in the air that makes everything feel a bit brighter . I’ve been enjoying some good moments , like connecting with friends and diving into new projects that spark my creativity .",2024-11-02 22:05:17,7,False,1.0,2.0,False,year: 2024 month: 11 day: 02,1.5941176414489746,1.492282748222351
135,3178,"I’m feeling pretty upbeat today ! There’s an exciting energy in the air that makes everything feel a bit brighter . I’ve been enjoying some good moments , like connecting with friends and diving into new projects that spark my creativity .",2024-11-03 17:03:43,7,False,1.0,1.0,False,year: 2024 month: 11 day: 03,1.604293942451477,1.4833242893218994
135,3180,"At the moment , I feel a deep sense of calm that envelops me like a gentle breeze . This tranquility allows me to fully appreciate the present , as if time has slowed down just enough for me to take everything in .",2024-11-03 22:03:52,7,False,2.0,0.0,False,year: 2024 month: 11 day: 03,1.6828339099884033,0.436681866645813
135,3182,"I’m feeling pretty upbeat today ! There’s an exciting energy in the air that makes everything feel a bit brighter . I’ve been enjoying some good moments , like connecting with friends and diving into new projects that spark my creativity .",2024-11-04 17:13:01,7,False,2.0,1.0,False,year: 2024 month: 11 day: 04,1.6085646152496338,1.4719841480255127
135,3187,"Right now , I’m feeling really happy . There’s a sense of contentment and calmness that’s filling my mind , and it feels good to just be in the moment . It’s a type of happiness that comes from within nothing extravagant , but still fulfilling .",2024-11-06 17:11:56,7,False,1.0,1.0,False,year: 2024 month: 11 day: 06,1.9663197994232178,1.0205568075180054
135,3192,"Right now , I’m feeling really active and full of energy . There’s this buzz of motivation running through me , and I just want to keep moving—whether it’s tackling tasks or going for a workout . My body feels alert , like it’s ready to take on whatever comes my way . I’m not exactly sure what sparked this energy , but it’s a great feeling . I’m definitely in the zone , and everything around me feels like it has more potential .",2024-11-08 22:09:29,7,False,0.0,2.0,False,year: 2024 month: 11 day: 08,1.0437681674957275,2.0697684288024902
135,3153,"Active , Energetic , Happy , Amazing , Superb",2024-10-26 12:06:15,7,True,0.0,2.0,False,year: 2024 month: 10 day: 26,0.3835407495498657,2.026498556137085
135,3158,"Calm , Reserved , Somewhat happy , Amazed , Cool",2024-10-27 17:07:52,7,True,2.0,0.0,False,year: 2024 month: 10 day: 27,1.0965704917907715,0.903365433216095
135,3159,"Slow , Dizzy , Sluggish , Tired , Neutral",2024-10-27 22:01:27,7,True,-2.0,0.0,False,year: 2024 month: 10 day: 27,-1.1237273216247559,0.22918342053890228
135,3163,"active , cool , unique , splendid , superb",2024-10-29 17:15:04,7,True,0.0,2.0,False,year: 2024 month: 10 day: 29,0.7506560683250427,1.7053368091583252
135,3165,"Active , Lively , sharp , Good , Astonished",2024-10-30 12:22:02,7,True,1.0,2.0,False,year: 2024 month: 10 day: 30,0.3709355294704437,1.9356025457382202
135,3166,"Lively , Active , Happy , Contented , Tireless",2024-10-30 17:43:04,7,True,1.0,2.0,False,year: 2024 month: 10 day: 30,0.9958189129829407,1.7074388265609741
135,3169,"Happy , Active , Cool , Superb , Elevated",2024-10-31 12:19:25,7,True,1.0,1.0,False,year: 2024 month: 10 day: 31,1.3601994514465332,1.5623492002487183
135,3170,"Happy , Cool , Splendid , Special , Superb",2024-10-31 17:09:24,7,True,1.0,2.0,False,year: 2024 month: 10 day: 31,1.5307559967041016,1.3133212327957153
135,3171,"Neutal , Relief , Calm , Reserved , Cool",2024-10-31 22:19:02,7,True,0.0,1.0,False,year: 2024 month: 10 day: 31,0.7198219895362854,0.5904044508934021
135,3172,"cool , Neutral , Fine , Splendid , Reserved",2024-11-01 12:03:05,7,True,0.0,2.0,False,year: 2024 month: 11 day: 01,0.476359486579895,1.1337499618530273
135,3173,"Cool , Happy , Active , Superb , Amazed",2024-11-01 17:15:21,7,True,0.0,2.0,False,year: 2024 month: 11 day: 01,1.3447158336639404,1.4523699283599854
135,3174,"Happy , Cool , Lively , Active , Sensitive",2024-11-01 22:17:40,7,True,1.0,1.0,False,year: 2024 month: 11 day: 01,1.3291295766830444,1.5469695329666138
135,3177,"Cool , Active , Reserved , Happy , Joyfull",2024-11-03 12:49:25,7,True,0.0,2.0,False,year: 2024 month: 11 day: 03,1.341483473777771,1.3503295183181763
135,3181,"Happy , Cool , Active , Reserved , Calm",2024-11-04 12:56:35,7,True,0.0,2.0,False,year: 2024 month: 11 day: 04,1.5638864040374756,1.2150778770446777
135,3183,"Fantastic , Happy , Active , Lively , Cool",2024-11-04 22:05:01,7,True,2.0,2.0,False,year: 2024 month: 11 day: 04,1.5432289838790894,1.48857581615448
135,3184,"Active , Cool , Happy , Good , Special",2024-11-05 12:25:53,7,True,2.0,1.0,False,year: 2024 month: 11 day: 05,0.6189523339271545,1.8610304594039917
135,3185,"Reserved , Active , Happy , Cool , Amazed",2024-11-05 17:10:41,7,True,0.0,2.0,False,year: 2024 month: 11 day: 05,1.0125796794891357,1.4661859273910522
135,3186,"Good , Happy , Active , Cool , Reserved",2024-11-06 12:43:22,7,True,1.0,1.0,False,year: 2024 month: 11 day: 06,1.4009898900985718,1.3011327981948853
135,3188,"Cool , Reserved , Neutral , Calm , Normal",2024-11-07 17:49:07,7,True,0.0,1.0,False,year: 2024 month: 11 day: 07,0.2821342647075653,0.7850269675254822
135,3189,"Active , Lively , Happy , Cool , Fine",2024-11-08 12:02:25,7,True,1.0,2.0,False,year: 2024 month: 11 day: 08,0.632726788520813,1.896150827407837
135,3191,"happy , active , cool , reserved , fine",2024-11-08 17:29:25,7,True,0.0,2.0,False,year: 2024 month: 11 day: 08,1.290223479270935,1.4900774955749512
118,2431,"I ' m sleepy , A little apprehensive about tomorrow being Monday , and it will be a long week . But I ' m mostly relaxed . I ' m ready to go to bed and hope to sleep well . One of my kids goes on a trip tomorrow so I ' ll miss her .",2024-09-22 22:59:13,7,False,0.0,0.0,False,year: 2024 month: 09 day: 22,-0.6198859214782715,0.1362823247909546
118,2432,"I feel ok but a little tired . I was awake early , getting the kids ready for the day . Work is a bit annoying . I ' m trying to also get some exercise in soon but am not super motivated . Looking forward to the workday being over .",2024-09-23 12:06:03,7,False,-1.0,0.0,False,year: 2024 month: 09 day: 23,-0.13889485597610474,0.5034577250480652
118,2433,"I feel pretty ok . Am outside in nice fall weather , my kid is playing . I ' m a bit tired , it being the afternoon . But I ' m not in a bad mood and feel relatively peaceful .   Looking forward to a quiet evening",2024-09-23 17:10:44,7,False,-2.0,0.0,False,year: 2024 month: 09 day: 23,0.40785452723503113,0.505212664604187
118,2434,"calm , tired , relaxed , sore , fine",2024-09-23 22:04:13,7,True,1.0,1.0,False,year: 2024 month: 09 day: 23,0.8099431395530701,0.5774973630905151
118,2435,"Fine , Hungry , Bit of a headache , Impatient , Average",2024-09-24 12:02:53,7,True,0.0,1.0,False,year: 2024 month: 09 day: 24,-0.027361974120140076,1.0537927150726318
118,2436,"I feel fine , pretty peaceful and calm . Trying to think ahead to what remains of the day , dinner and finishing work . Sitting outside and the weather is nice so that makes me feel good . Not feeling too overwhelmed .",2024-09-24 17:03:02,7,False,1.0,1.0,False,year: 2024 month: 09 day: 24,1.1926432847976685,0.4512963593006134
118,2438,"relaxed , calm , sleepy , fine , ok",2024-09-24 22:14:38,7,True,1.0,1.0,False,year: 2024 month: 09 day: 24,0.9405402541160583,0.6023038029670715
118,2439,"fairly alert , active , calm , a bit anxious , ready for the day",2024-09-25 12:00:45,7,True,0.0,1.0,False,year: 2024 month: 09 day: 25,0.09798923879861832,1.759305477142334
118,2440,"I feel fine . I am happy my kid is home from her trip . I am also a bit overwhelmed with work , as usual . Wish I had more energy . But I am not in a bad mood . Overall feeling pretty ok , ready for the rest of my day .",2024-09-25 17:00:40,7,False,0.0,1.0,False,year: 2024 month: 09 day: 25,0.6657430529594421,0.8625702261924744
118,2441,"fine , relieved , calm , sleepy , hungry",2024-09-25 22:02:47,7,True,1.0,0.0,False,year: 2024 month: 09 day: 25,0.48477745056152344,0.8579506278038025
118,2442,"Pretty good , Small headache , I have some energy , Pleased its almost the weekend , Relaxed",2024-09-26 12:00:45,7,True,1.0,1.0,False,year: 2024 month: 09 day: 26,1.2885515689849854,0.8384192585945129
118,2443,"have a headache , a bit worried I ' m sick , a bit sleepy , calm , fine",2024-09-26 17:08:33,7,True,0.0,0.0,False,year: 2024 month: 09 day: 26,-0.7563655376434326,0.34127077460289
118,2444,"good , calm , relaxed , relieved , chill",2024-09-26 22:00:49,7,True,1.0,1.0,False,year: 2024 month: 09 day: 26,1.2280534505844116,0.6874396800994873
118,2445,"pretty good , happy it is Friday , busy , wanting to get a lot done , mood is good",2024-09-27 12:01:20,7,True,1.0,1.0,False,year: 2024 month: 09 day: 27,1.2410414218902588,1.4746121168136597
118,2446,I am happy that it ' s Friday and I ' m almost done with work . I am looking forward to this weekend . I   feeling somewhat relaxed and happy . I am slightly stressed with work but trying to ignore the stress .,2024-09-27 17:04:09,7,False,1.0,1.0,False,year: 2024 month: 09 day: 27,1.7487293481826782,0.9859371781349182
118,2447,"I am feeling fine , calm . It ' s Friday which is a relief . Looking forward to our weekend plans . A bit tired and sleepy , ready for bed soon . Relaxing on the couch and watching tv is nice . A small headache .",2024-09-27 22:23:09,7,False,1.0,1.0,False,year: 2024 month: 09 day: 27,0.5251051783561707,0.4050927758216858
118,2450,"good , relaxed , energetic , excited , calm",2024-09-28 12:40:33,7,True,1.0,2.0,False,year: 2024 month: 09 day: 28,1.4911493062973022,1.0504682064056396
118,2451,Very nervous . My car is acting up and we ' re trying to get home from an hour away . i am just hoping we get home safely . We had a very nice day otherwise and i was in a good mood until the car started acting weird .,2024-09-28 17:10:34,7,False,-1.0,2.0,False,year: 2024 month: 09 day: 28,-1.1579749584197998,1.446647047996521
118,2452,"relaxed , calm , sleepy , sore , ok",2024-09-28 22:54:32,7,True,1.0,1.0,False,year: 2024 month: 09 day: 28,0.5660001635551453,0.5709754228591919
118,2453,"I am feeling fine this morning . We have a lot to do so I ' m trying to stay motivated ,   and trying to stay calm as we have some things to deal with (car , cleaning , planning) . But generally feel ready for the day and ready to get some time to relax later",2024-09-29 12:03:14,7,False,1.0,1.0,False,year: 2024 month: 09 day: 29,0.9469388127326965,0.5315244793891907
118,2454,"quiet , settled , rested , lazy , slow",2024-09-29 17:00:45,7,True,0.0,0.0,False,year: 2024 month: 09 day: 29,-0.20088893175125122,0.37865379452705383
118,2455,"competitive , silly , sleepy , goofy , fine",2024-09-29 22:01:30,7,True,1.0,1.0,False,year: 2024 month: 09 day: 29,0.20683282613754272,1.5120370388031006
118,2456,I am feeling a bit stressed out with work and with a busy couple of weeks coming up . I just feel like there ' s too much to do and not nearly enough time . I am trying to remain calm and will try to exercise soon to hopefully bring down my stress and anxiety,2024-09-30 12:00:39,7,False,-1.0,2.0,False,year: 2024 month: 09 day: 30,-0.48264771699905396,1.0916826725006104
118,2457,"I am outside so that is improving my mood . I am a little less stressed than I was this morning , but am worried I might be getting sick , in advance of 2 very busy weeks . But it is very nice out and I am taking a little break from work , and so feel ok",2024-09-30 17:00:43,7,False,0.0,0.0,False,year: 2024 month: 09 day: 30,0.7049937844276428,0.735953152179718
118,2458,"sleepy , relaxed , optimistic , calm , silly",2024-09-30 22:00:40,7,True,1.0,1.0,False,year: 2024 month: 09 day: 30,-0.015673059970140457,0.3475857675075531
118,2459,"I feel a bit jittery , Too much coffee , too much work . But overall my mood is good , I ' m feeling like I can be productive today and want to get a lot done . I feel slightly annoyed in general about how much there is to do",2024-10-01 12:00:43,7,False,0.0,1.0,False,year: 2024 month: 10 day: 01,0.2547611594200134,1.0730113983154297
118,2461,"still , quiet , impatient , calm , slow",2024-10-01 17:00:42,7,True,1.0,1.0,False,year: 2024 month: 10 day: 01,-0.10876532644033432,0.7263683676719666
118,2462,I am feeling ok . Maybe a little stressed about work and about how busy the next few weeks are . Worried about getting sick . But happy it ' s the end of the day and I can relax for a bit before bed . Looking forward to some sleep,2024-10-01 22:01:02,7,False,1.0,1.0,False,year: 2024 month: 10 day: 01,0.4470486342906952,0.4393520653247833
118,2463,"a bit underthe weather , calm , quiet , inactive , slow",2024-10-02 12:00:40,7,True,0.0,0.0,False,year: 2024 month: 10 day: 02,-0.14880716800689697,0.6335407495498657
118,2464,"under the weather , sniffly , tired , sluggish , sleepy",2024-10-02 17:19:47,7,True,-2.0,0.0,False,year: 2024 month: 10 day: 02,-0.7005354762077332,0.3769354820251465
118,2465,"I feel pretty tired , a bit under the weather . I ' m trying to stay optimistic that I will feel better tomorrow since we have plans coming up . But I ' m not in a bad mood , I ' m just sleepy mostly . I am kind of a bit down about the world ,   though",2024-10-02 22:01:35,7,False,-1.0,0.0,False,year: 2024 month: 10 day: 02,-0.7896159887313843,0.04004846513271332
118,2466,"fine , busy , a little under the weather , impatient , a bit nervous",2024-10-03 12:00:59,7,True,0.0,0.0,False,year: 2024 month: 10 day: 03,0.10580321401357651,1.6230432987213135
118,2467,"I am feeling a little excited ,   we have nice plans for the upcoming weekend . I am a little sick but I will power through . I am feeling calm and fairly relaxed otherwise , ready for the later part of the day so I ' m done with work",2024-10-03 17:01:14,7,False,1.0,1.0,False,year: 2024 month: 10 day: 03,1.6964958906173706,1.2884159088134766
118,2468,"quiet , a bit sick , eager , excited , sleepy",2024-10-04 12:02:22,7,True,1.0,1.0,False,year: 2024 month: 10 day: 04,-0.12378429621458054,0.5647369623184204
118,2469,"I am feeling tired and a bit under the weather still . but doing ok other than sleepiness . annoyed that sleep will be bad tonight , but not much to do about it . I am looking forward to tomorrow and our plan",2024-10-04 17:03:22,7,False,0.0,0.0,False,year: 2024 month: 10 day: 04,-0.2565010190010071,0.18058259785175323
118,2470,"sleepy , groggy , headachey , fine , ok",2024-10-04 22:07:08,7,True,-2.0,0.0,False,year: 2024 month: 10 day: 04,-0.9785505533218384,-0.03345046937465668
97,1257,I am currently feeling annoyed .   I had some hiccups in my day and I am finally trying to use my computer again .   My work computer has been brutally slow making it incredibly inefficient for me to work .,2024-08-08 17:00:29,7,False,-1.0,2.0,False,year: 2024 month: 08 day: 08,-0.6624394655227661,1.2771775722503662
97,1258,I am relieved I just got back to my parents house and have somewhat unpacked .   I am very much looking forward to going to work to and seeing my boss .   I am excited to be in a professional office tomorrow !,2024-08-08 22:23:43,7,False,2.0,1.0,False,year: 2024 month: 08 day: 08,1.3390660285949707,1.0702084302902222
97,1259,"Tired , Happy , Nostalgic , Relaxed , Sweaty",2024-08-09 12:15:15,7,True,-1.0,0.0,False,year: 2024 month: 08 day: 09,0.51555335521698,0.6118098497390747
97,1260,"Tired , Happy , Relaxed , Bloated , Calm",2024-08-09 17:31:39,7,True,0.0,0.0,False,year: 2024 month: 08 day: 09,0.48651212453842163,0.45208996534347534
97,1261,"Happy , Excited , Eager , Content , Sweaty",2024-08-10 22:00:17,7,True,2.0,1.0,False,year: 2024 month: 08 day: 10,1.5784704685211182,1.3408292531967163
97,1262,"Sore , Hungry , Sweaty , Accomplished , Excited",2024-08-11 12:33:17,7,True,2.0,1.0,False,year: 2024 month: 08 day: 11,0.5294564366340637,1.0463335514068604
97,1263,"Hungry , Bloated , Eager , Energized , Thirsty",2024-08-11 22:03:17,7,True,1.0,1.0,False,year: 2024 month: 08 day: 11,0.22110244631767273,1.8133893013000488
97,1264,I am feeling happy because I had a good date this morning .   However I am getting a bit anxious about returning to work and not accomplishing all that I wanted to this summer .   I am hopeful to make up things over the next few days for work .,2024-08-12 12:45:56,7,False,1.0,1.0,False,year: 2024 month: 08 day: 12,1.1410915851593018,1.039212703704834
97,1265,"Jittery , Antsy , Anxious , Bloated , Tired",2024-08-12 17:00:22,7,True,-1.0,2.0,False,year: 2024 month: 08 day: 12,-1.108657956123352,1.7517088651657104
97,1266,"Full , Bloated , Anxious , Worried , Thirsty",2024-08-12 22:21:21,7,True,1.0,1.0,False,year: 2024 month: 08 day: 12,-0.27054449915885925,1.370280146598816
97,1267,"I am feeling tired and sluggish and my body hurts .   I am hoping I get reenergized at the gym today and feel better and night .   My body hurts and I feel bloated , and I am worried about all I want to get done",2024-08-13 12:01:29,7,False,-1.0,0.0,False,year: 2024 month: 08 day: 13,-1.6557308435440063,0.06805261969566345
97,1268,"Sore , Hungry , Anxious , Bloated , Off balance",2024-08-13 17:10:14,7,True,1.0,0.0,False,year: 2024 month: 08 day: 13,-0.3401889503002167,1.2324142456054688
97,1269,I am currently feeling tired from the gym today and a bit bloated from sitting crooked at my desk because my main computer is not properly working .   I am hopeful I get a second wind and have a productive night,2024-08-13 22:08:13,7,False,-1.0,0.0,False,year: 2024 month: 08 day: 13,-0.4141283929347992,0.32528451085090637
97,1270,"Pain , Tight , Off balance , Frustrated , Bloated",2024-08-14 12:00:32,7,True,0.0,1.0,False,year: 2024 month: 08 day: 14,-1.3965359926223755,0.5844498872756958
97,1271,"Eager , Happy , Neck pain , Imbalance , Content creator",2024-08-14 17:23:29,7,True,2.0,1.0,False,year: 2024 month: 08 day: 14,1.1198804378509521,1.3675349950790405
97,1272,"Sharp Pain , Sad , Tired , Tired , Sleepy",2024-08-14 22:00:46,7,True,-1.0,1.0,False,year: 2024 month: 08 day: 14,-1.4494421482086182,0.537816047668457
97,1273,"Neck pain , Tense neck , Bloating , Tired , Eager",2024-08-15 12:03:18,7,True,-1.0,0.0,False,year: 2024 month: 08 day: 15,-1.1056909561157227,0.3093116581439972
97,1274,"Neck pain , Bloated , Scatterbrained , Hungry , Anxious",2024-08-15 17:14:37,7,True,-1.0,2.0,False,year: 2024 month: 08 day: 15,-0.665021538734436,0.6976529359817505
97,1275,My neck is hurting because I think I have a pinched nerve and I am trying to move it around and make it feel better .   The pain in persistent which is problematic    But I had a successful date recently so overall a win !,2024-08-15 22:00:18,7,False,1.0,1.0,False,year: 2024 month: 08 day: 15,-0.2862522304058075,0.24102918803691864
97,1276,"Neck pain , Bloated , Happy , Antsy , Hungry",2024-08-16 12:17:31,7,True,1.0,1.0,False,year: 2024 month: 08 day: 16,0.17570823431015015,0.9907346963882446
97,1277,"Neck pain , Productive , Eager , Bloated , Hungry",2024-08-16 17:14:03,7,True,1.0,1.0,False,year: 2024 month: 08 day: 16,0.11454103142023087,1.4739147424697876
97,1278,I am currently having severe neck pain and it is radiating throughout my body causing great pain and frustration .   I am anxious for my travels tomorrow and to get back settled .   I just want to be getting settled and start taking care of things .,2024-08-16 22:33:11,7,False,1.0,1.0,False,year: 2024 month: 08 day: 16,-1.5608044862747192,1.0485154390335083
97,1279,My neck is still bothering me and it causing me pain including not sleeping .   I am eager tog et some new heat on it when I get to my other home .   I am anxious to get my computer fixed and to get settled .,2024-08-17 12:07:48,7,False,-1.0,1.0,False,year: 2024 month: 08 day: 17,-0.6874563097953796,0.5572190880775452
97,1280,I just got back to my second home and am missing my friends and family already .   I know that I need to focus on getting settled and acclimated and my neck still hurts badly .   i am eager to be settled and be able to get back to work,2024-08-17 22:01:43,7,False,-1.0,1.0,False,year: 2024 month: 08 day: 17,0.2876853048801422,1.3116722106933594
97,1281,"I just got back to my other home and am feeling a bit overwhelmed about everything that I need to do to unpack , clean and get settled .   I am antsy to get to the gym and start getting things done afterwards , but I am sure all will work out okay .",2024-08-18 12:14:24,7,False,1.0,0.0,False,year: 2024 month: 08 day: 18,-0.18481653928756714,1.9376987218856812
97,1282,"Tense , Stressed , Neck pain , Hingry , Sleepy",2024-08-18 17:37:59,7,True,1.0,1.0,False,year: 2024 month: 08 day: 18,-1.1201242208480835,0.43283894658088684
97,1283,I am feeling relax in My body after going to the gym today .   My neck is still hurting but is not as bad and I am happy I got in a workout and am taking care of a lot of little things .   I am eager to get to sleep tonight .,2024-08-18 22:50:33,7,False,1.0,1.0,False,year: 2024 month: 08 day: 18,0.7778558731079102,0.4715058207511902
97,1284,I am feeling ti e and bloated today .   My stomach is feeling bloated and I am disappointed that either my chair or bed is causing me pain in my second home .   I am still eager to sit and work and get things done .,2024-08-20 12:12:31,7,False,-1.0,2.0,False,year: 2024 month: 08 day: 20,-0.9768416881561279,0.8256829977035522
97,1285,"Bloated , Tired , Anxious , Antsy , Eager",2024-08-20 17:30:30,7,True,-1.0,0.0,False,year: 2024 month: 08 day: 20,-0.4141731560230255,1.1684895753860474
97,1305,"Anxious , Bloated , Hungry , Tired , Jittery",2024-08-20 22:00:26,7,True,-1.0,2.0,False,year: 2024 month: 08 day: 20,-0.11995289474725723,1.8332319259643555
97,1306,"I am feeling relieved that I just got my computer back . But I am now feeling anxious to be getting my work done again .   I am ready to attack this work and any to see things under control again , and they should be very soon .",2024-08-21 17:01:02,7,False,-1.0,2.0,False,year: 2024 month: 08 day: 21,0.9245500564575195,1.1749716997146606
97,1307,"Tired , Bloated , Hungry , Eager , Excited",2024-08-21 22:07:19,7,True,1.0,1.0,False,year: 2024 month: 08 day: 21,-0.013027239590883255,0.8784950375556946
115,2326,"Bloated , Tired , Lazy , Stressed",2024-08-17 12:08:05,7,True,-1.0,0.0,False,year: 2024 month: 08 day: 17,-0.5083058476448059,0.44311973452568054
115,2327,I am feeling a bit tired and stressed . I am not working this weekend but I have many tasks to do ahead of next week . I am also feeling lazy . I think the stress is making me feel sluggish and tired . I am also feeling worried .,2024-08-17 22:11:54,7,False,-2.0,0.0,False,year: 2024 month: 08 day: 17,-1.22797691822052,0.45713090896606445
115,2328,"Tired , Relaxed , Content , Na , Na",2024-08-18 12:20:07,7,True,0.0,1.0,False,year: 2024 month: 08 day: 18,0.05011603236198425,0.23854734003543854
115,2330,"Tired , Sluggish , Weak , Na , Na",2024-08-18 17:55:56,7,True,-2.0,0.0,False,year: 2024 month: 08 day: 18,-1.4474577903747559,0.11398535221815109
115,2331,"Content , Happy , Satisfy , Na , Na",2024-08-18 22:53:58,7,True,1.0,1.0,False,year: 2024 month: 08 day: 18,1.1891294717788696,0.8283547163009644
115,2332,This morning I ' m feeling a bit more happy .   I logged into work today and there wasn’t much stressful tasks on my plate today . I feel \ nMuch more calm and relaxed now . I look forward to the day and completing the tasks I have set before me .,2024-08-19 12:26:01,7,False,1.0,1.0,False,year: 2024 month: 08 day: 19,1.749368667602539,1.0268102884292603
115,2333,"Happy , Relaxed , Stress free , Na , Na",2024-08-19 17:24:30,7,True,2.0,1.0,False,year: 2024 month: 08 day: 19,1.547053337097168,1.1128020286560059
115,2334,"Happy , Excited , Stressfree , Enthusiastic , Na",2024-08-20 12:44:26,7,True,2.0,2.0,False,year: 2024 month: 08 day: 20,1.5254937410354614,1.3296756744384766
115,2335,I’m feeling so happy currently . I have finished work for the day and am officially starting my 2 week vacation . I really needed to unwind and destress these last few months . I’m also really happy because I got to gym with my girl friend after so long,2024-08-20 22:20:23,7,False,2.0,2.0,False,year: 2024 month: 08 day: 20,1.2746124267578125,1.170832872390747
115,2336,"Happy , Relaxed , No stress , Na , Na",2024-08-21 12:07:14,7,True,2.0,2.0,False,year: 2024 month: 08 day: 21,1.582211971282959,1.19599449634552
115,2337,I feel really happy right now . I’m currently on my vacation from work and out shopping with my mom . It feels really not having to stress over all my assignments at work . I feel really calm and content and can’t wait to relax throughout the week,2024-08-21 17:32:54,7,False,2.0,1.0,False,year: 2024 month: 08 day: 21,1.8924280405044556,0.9695222973823547
115,2338,I feel really happy and relaxed right now . I just finished up the gym with my girl friend . I had a great workout after so long due to my busy work schedule . Then we got ORG which made me really happy,2024-08-21 22:29:36,7,False,1.0,2.0,False,year: 2024 month: 08 day: 21,1.7676588296890259,0.9393619298934937
115,2339,"Happy , Calm , Relaxed , Excited , Na",2024-08-22 12:23:38,7,True,2.0,1.0,False,year: 2024 month: 08 day: 22,1.6809556484222412,1.0816354751586914
115,2341,Currently I’m feeling quite happy and excited . I have no work as I’m on vacation right now . I got to see my girlfriend this morning and me and her got a workout in as well at ORG for lunch . I’m really excited to continue my vacation,2024-08-22 17:03:51,7,False,2.0,2.0,False,year: 2024 month: 08 day: 22,1.600759744644165,1.4348969459533691
115,2342,"Happy , Stressfree , Realx , Calm , Content",2024-08-22 22:02:28,7,True,2.0,1.0,False,year: 2024 month: 08 day: 22,1.5300261974334717,1.0123927593231201
115,2343,"Happy , Calm , Content , Relaxed , Na",2024-08-23 12:04:07,7,True,2.0,1.0,False,year: 2024 month: 08 day: 23,1.7105649709701538,0.955700695514679
115,2344,"Happy , Calm , Relaxed , Na , Na",2024-08-23 17:23:08,7,True,2.0,2.0,False,year: 2024 month: 08 day: 23,1.627847671508789,1.0871827602386475
115,2345,I feel really happy and content right now . I got a 5k run in today and got to clean and organize my room . I never have the free time like this when I’m working . I’m really happy to be having this time to myself .,2024-08-23 22:10:27,7,False,2.0,2.0,False,year: 2024 month: 08 day: 23,1.6626605987548828,0.9030224680900574
115,2346,I feel really happy right now and excited . I feel super stress free and relaxed right now . I’m excited because I’m going to go play basketball after many days . I’m also excited because I’m going to be off from work for another whole week,2024-08-24 12:21:33,7,False,2.0,2.0,False,year: 2024 month: 08 day: 24,1.6866154670715332,1.4062066078186035
115,2347,"Happy , Excited , Estatic , Na , Na",2024-08-24 17:00:51,7,True,2.0,2.0,False,year: 2024 month: 08 day: 24,1.5913490056991577,1.3936556577682495
115,2348,"Happy , Content , Relaxed , Calm , Na",2024-08-25 17:04:32,7,True,2.0,2.0,False,year: 2024 month: 08 day: 25,1.6152347326278687,0.9789886474609375
115,2349,"Happy , Relax , Calm , Excited , Na",2024-08-25 22:19:09,7,True,2.0,1.0,False,year: 2024 month: 08 day: 25,1.615710973739624,1.089590311050415
115,2350,I feel really happy right now . I’m currently still on my vacation and am in relaxation mode . I feel great and very stress free from work and chores . I’m really excited as I still have a little over a week of my vacation left,2024-08-26 17:09:24,7,False,2.0,1.0,False,year: 2024 month: 08 day: 26,1.646180272102356,1.128197193145752
115,2352,I’mfeeling really happy still . I’ma still on vacation and relaxing and trying to stay active with gym and basketball . I’m excited to continue with my vacation and hopefully have some more fun . I fell calm and content,2024-08-29 17:02:56,7,False,2.0,2.0,False,year: 2024 month: 08 day: 29,1.70057213306427,0.7128163576126099
115,2353,I’m currently feeling very happy . I’m still \ nOn vacation and relaxing and feeling so stress free . It feels so nice to not have to worry about work or stress about assignments . I’ve caught up on all my shows and movies,2024-08-29 22:00:54,7,False,2.0,2.0,False,year: 2024 month: 08 day: 29,1.64588463306427,1.0345237255096436
115,2354,"Happy , Cintent , Relaxed , Na , Na",2024-08-30 17:00:41,7,True,2.0,2.0,False,year: 2024 month: 08 day: 30,1.339371681213379,1.1560128927230835
115,2355,"Happy , Excited , Calm , Na , Na",2024-08-30 22:01:56,7,True,2.0,2.0,False,year: 2024 month: 08 day: 30,1.661211371421814,1.2153905630111694
115,2356,I feel very happy right now as I am currently on vacation . I feel so relaxed and content as I’m stress free . I have no work and I’m enjoying my time off so much . I have a few days left of my vacation and can’t wait to keep going,2024-08-31 12:23:31,7,False,2.0,1.0,False,year: 2024 month: 08 day: 31,1.7852100133895874,1.0228184461593628
115,2357,"Happy , Calm , Relaxed , Na , Na",2024-08-31 17:05:51,7,True,2.0,2.0,False,year: 2024 month: 08 day: 31,1.6262133121490479,1.0821201801300049
115,2358,I’m currently feeling really happy . I am still on my vacation and am still relaxing and feeling great . It feels so great to not have the stress of work and all the assignments on my plate . I hope to keep relaxing and enjoying my vacation,2024-08-31 22:22:05,7,False,2.0,2.0,False,year: 2024 month: 08 day: 31,1.6557852029800415,1.0537909269332886
115,2359,I’m currently feeling very happy . I have done a lot of relaxing this week since I have been PTO from work . It’s been feeling great to be able to step away from work and all the stress and just be able to relax . I am excited as I have a few days of PtO left .,2024-09-01 12:00:34,7,False,2.0,2.0,False,year: 2024 month: 09 day: 01,1.6821693181991577,1.066575288772583
115,2360,"Happy , Calm , Cool , Relaxed , Na",2024-09-01 17:22:30,7,True,2.0,2.0,False,year: 2024 month: 09 day: 01,1.693527102470398,0.9696462154388428
115,2361,I’m currently feeling very happy . I am still on my vacation and it has been a great experience for me . I’m feeling very stress-free and relaxed and very content . I hope to keep continuing my vacation and being happy .,2024-09-01 22:22:11,7,False,2.0,1.0,False,year: 2024 month: 09 day: 01,1.549142837524414,1.0332894325256348
112,2007,"Good , Happy , Peppy , Sassy , Ready",2024-10-11 15:35:52,7,True,2.0,0.0,False,year: 2024 month: 10 day: 11,1.343237280845642,1.3239840269088745
112,2008,"At the moment , I feel a mix of anticipation and calm . I’m looking forward to an upcoming project that I’ve been working on for weeks , but at the same time , there’s a sense of nervous energy as I wait for everything to come together . The pressure of deadlines and the desire for everything to go smoothly is definitely on my mind , but I’m also finding comfort in taking things one step at a time . Although I’ve been feeling somewhat overwhelmed lately , I’m trying to balance that by practicing mindfulness and focusing on smaller , more manageable tasks each day . There’s also an undercurrent of gratitude—grateful for the opportunity to work on something meaningful , but also aware of the need to carve out time for rest and self-care . As I juggle multiple responsibilities , I find myself reflecting on the importance of pacing myself and keeping a clear sense of priorities . While things feel a bit chaotic at times , I’m confident that I can navigate through it with patience and perseverance , and I’m determined to make the",2024-10-11 22:00:58,7,False,0.0,2.0,False,year: 2024 month: 10 day: 11,1.1930537223815918,1.3610234260559082
112,2009,"I ' ve been experiencing a mild sensation of throat tightness after eating certain foods . There have been no severe allergic reactions (e . g ., difficulty breathing or swallowing) , but I’m concerned about possible food sensitivities or oral allergy syndrome . I’m seeking evaluation to understand the cause .",2024-10-12 17:00:46,7,False,1.0,1.0,False,year: 2024 month: 10 day: 12,-0.7600350975990295,0.696624219417572
112,2010,"At the moment , I feel a mix of anticipation and calm . I’m looking forward to an upcoming project that I’ve been working on for weeks , but at the same time , there’s a sense of nervous energy as I wait for everything to come together . The pressure of deadlines and the desire for everything to go smoothly is definitely on my mind , but I’m also finding comfort in taking things one step at a time . Although I’ve been feeling somewhat overwhelmed lately , I’m trying to balance that by practicing mindfulness and focusing on smaller , more manageable tasks each day . There’s also an undercurrent of gratitude—grateful for the opportunity to work on something meaningful , but also aware of the need to carve out time for rest and self-care . As I juggle multiple responsibilities , I find myself reflecting on the importance of pacing myself and keeping a clear sense of priorities . While things feel a bit chaotic at times , I’m confident that I can navigate through it with patience and perseverance , and I’m determined to make the",2024-10-13 17:00:51,7,False,0.0,0.0,False,year: 2024 month: 10 day: 13,1.1800997257232666,1.3923956155776978
112,2011,"At the moment , I feel a mix of anticipation and calm . I’m looking forward to an upcoming project that I’ve been working on for weeks , but at the same time , there’s a sense of nervous energy as I wait for everything to come together . The pressure of deadlines and the desire for everything to go smoothly is definitely on my mind , but I’m also finding comfort in taking things one step at a time . Although I’ve been feeling somewhat overwhelmed lately , I’m trying to balance that by practicing mindfulness and focusing on smaller , more manageable tasks each day . There’s also an undercurrent of gratitude—grateful for the opportunity to work on something meaningful , but also aware of the need to carve out time for rest and self-care . As I juggle multiple responsibilities , I find myself reflecting on the importance of pacing myself and keeping a clear sense of priorities . While things feel a bit chaotic at times , I’m confident that I can navigate through it with patience and perseverance , and I’m determined to make the",2024-10-14 17:15:52,7,False,0.0,1.0,False,year: 2024 month: 10 day: 14,1.188657522201538,1.385291576385498
112,2012,"At the moment , I feel a mix of anticipation and calm . I’m looking forward to an upcoming project that I’ve been working on for weeks , but at the same time , there’s a sense of nervous energy as I wait for everything to come together . The pressure of deadlines and the desire for everything to go smoothly is definitely on my mind , but I’m also finding comfort in taking things one step at a time . Although I’ve been feeling somewhat overwhelmed lately , I’m trying to balance that by practicing mindfulness and focusing on smaller , more manageable tasks each day . There’s also an undercurrent of gratitude—grateful for the opportunity to work on something meaningful , but also aware of the need to carve out time for rest and self-care . As I juggle multiple responsibilities , I find myself reflecting on the importance of pacing myself and keeping a clear sense of priorities . While things feel a bit chaotic at times , I’m confident that I can navigate through it with patience and perseverance , and I’m determined to make the",2024-10-14 22:12:39,7,False,0.0,2.0,False,year: 2024 month: 10 day: 14,1.188657522201538,1.385291576385498
112,2014,"Cool , Mad , Love , Magical , Hopeful",2024-10-15 12:00:42,7,True,0.0,1.0,False,year: 2024 month: 10 day: 15,0.436813086271286,1.1827118396759033
112,2015,"At the moment , I feel a mix of anticipation and calm . I’m looking forward to an upcoming project that I’ve been working on for weeks , but at the same time , there’s a sense of nervous energy as I wait for everything to come together . The pressure of deadlines and the desire for everything to go smoothly is definitely on my mind , but I’m also finding comfort in taking things one step at a time . Although I’ve been feeling somewhat overwhelmed lately , I’m trying to balance that by practicing mindfulness and focusing on smaller , more manageable tasks each day . There’s also an undercurrent of gratitude—grateful for the opportunity to work on something meaningful , but also aware of the need to carve out time for rest and self-care . As I juggle multiple responsibilities , I find myself reflecting on the importance of pacing myself and keeping a clear sense of priorities . While things feel a bit chaotic at times , I’m confident that I can navigate through it with patience and perseverance , and I’m determined to make the",2024-10-15 17:00:45,7,False,1.0,0.0,False,year: 2024 month: 10 day: 15,1.1836309432983398,1.3923298120498657
112,2016,"Happy , Sad , Sassy , Moody , Worried",2024-10-15 22:01:28,7,True,0.0,1.0,False,year: 2024 month: 10 day: 15,-0.47793155908584595,1.123583197593689
112,2017,"Sassy , Happy , Moody , Unhappy , Ready",2024-10-16 12:19:24,7,True,-1.0,2.0,False,year: 2024 month: 10 day: 16,0.8078402876853943,1.5489685535430908
112,2018,"Sassy , Worried , Happy , Moody , Curious",2024-10-16 17:01:53,7,True,0.0,1.0,False,year: 2024 month: 10 day: 16,-0.27626940608024597,1.1656559705734253
112,2019,"Emotional , Pretty , Confident , Loud , Soft",2024-10-16 22:01:02,7,True,0.0,1.0,False,year: 2024 month: 10 day: 16,0.3969816565513611,1.7609270811080933
112,2020,"Sassy , Moody , Hungry , Cunty , Campy",2024-10-17 12:08:19,7,True,0.0,2.0,False,year: 2024 month: 10 day: 17,0.15928378701210022,1.595370888710022
112,2021,"Love , Respect , Great , Sassy , Zesty",2024-10-17 17:16:56,7,True,0.0,1.0,False,year: 2024 month: 10 day: 17,1.2075393199920654,1.0336275100708008
112,2022,"Sassy , Moody , Happy , Sad , Sweet",2024-10-18 12:03:22,7,True,0.0,2.0,False,year: 2024 month: 10 day: 18,-0.10188287496566772,1.3365478515625
112,2023,"Happy , Love , Sad , Baddie , Emotional",2024-10-18 22:13:51,7,True,0.0,2.0,False,year: 2024 month: 10 day: 18,-0.4705234169960022,1.137807846069336
112,2025,"At the moment , I feel a mix of anticipation and calm . I’m looking forward to an upcoming project that I’ve been working on for weeks , but at the same time , there’s a sense of nervous energy as I wait for everything to come together . The pressure of deadlines and the desire for everything to go smoothly is definitely on my mind , but I’m also finding comfort in taking things one step at a time . Although I’ve been feeling somewhat overwhelmed lately , I’m trying to balance that by practicing mindfulness and focusing on smaller , more manageable tasks each day . There’s also an undercurrent of gratitude—grateful for the opportunity to work on something meaningful , but also aware of the need to carve out time for rest and self-care . As I juggle multiple responsibilities , I find myself reflecting on the importance of pacing myself and keeping a clear sense of priorities . While things feel a bit chaotic at times , I’m confident that I can navigate through it with patience and perseverance , and I’m determined to make the",2024-10-19 12:00:54,7,False,0.0,2.0,False,year: 2024 month: 10 day: 19,1.1785160303115845,1.4142215251922607
112,2026,"Sassy , Happy , Love , Magical , Passionate",2024-10-20 12:57:38,7,True,0.0,2.0,False,year: 2024 month: 10 day: 20,0.9494770169258118,1.643936276435852
112,2027,"At the moment , I feel a mix of anticipation and calm . I’m looking forward to an upcoming project that I’ve been working on for weeks , but at the same time , there’s a sense of nervous energy as I wait for everything to come together . The pressure of deadlines and the desire for everything to go smoothly is definitely on my mind , but I’m also finding comfort in taking things one step at a time . Although I’ve been feeling somewhat overwhelmed lately , I’m trying to balance that by practicing mindfulness and focusing on smaller , more manageable tasks each day . There’s also an undercurrent of gratitude—grateful for the opportunity to work on something meaningful , but also aware of the need to carve out time for rest and self-care . As I juggle multiple responsibilities , I find myself reflecting on the importance of pacing myself and keeping a clear sense of priorities . While things feel a bit chaotic at times , I’m confident that I can navigate through it with patience and perseverance , and I’m determined to make the",2024-10-20 17:01:00,7,False,0.0,2.0,False,year: 2024 month: 10 day: 20,1.1672415733337402,1.419121265411377
112,2028,"Sassy , Happy , Moody , Funny , Hopeful",2024-10-20 22:00:53,7,True,0.0,2.0,False,year: 2024 month: 10 day: 20,1.0091776847839355,1.5348083972930908
112,2029,"Sassy , Happy , Frilly , Giddy , Content",2024-10-21 17:00:44,7,True,-1.0,2.0,False,year: 2024 month: 10 day: 21,1.1538119316101074,1.5247774124145508
112,2030,"Euphoric , Sassy , Happy , Good , Sweet",2024-10-21 22:01:19,7,True,0.0,2.0,False,year: 2024 month: 10 day: 21,1.0010979175567627,1.7640241384506226
112,2031,"Sassy , Great , Good , Special , Giddy",2024-10-22 12:24:39,7,True,0.0,2.0,False,year: 2024 month: 10 day: 22,0.8031846284866333,1.674091100692749
112,2032,"At the moment , I feel a mixture of anticipation and contemplation . There’s an underlying excitement about upcoming projects and opportunities , particularly a few creative ventures I’m exploring , but that excitement is balanced by moments of doubt , which sometimes slow my progress . I’ve been reflecting on past decisions , evaluating where I am and how far I’ve come , while trying to remain focused on what’s ahead . It’s like walking a tightrope between wanting to celebrate the small wins and feeling the weight of the work still to be done .\ n \ nPhysically , I’ve been experiencing some fatigue , which may be due to the change in weather or the workload , but I’m making sure to find moments of rest . I’m trying to stay grounded and maintain a sense of optimism , reminding myself that growth happens even in times of uncertainty . There’s an overall sense of gratitude—gratitude for the support system I have and for the opportunities I’ve been given—while still acknowledging the challenges that lie ahead . Despite the ups and do",2024-10-22 17:01:03,7,False,0.0,2.0,False,year: 2024 month: 10 day: 22,1.15962553024292,1.531089425086975
112,2033,"At the moment , I feel a mixture of anticipation and contemplation . There’s an underlying excitement about upcoming projects and opportunities , particularly a few creative ventures I’m exploring , but that excitement is balanced by moments of doubt , which sometimes slow my progress . I’ve been reflecting on past decisions , evaluating where I am and how far I’ve come , while trying to remain focused on what’s ahead . It’s like walking a tightrope between wanting to celebrate the small wins and feeling the weight of the work still to be done .\ n \ nPhysically , I’ve been experiencing some fatigue , which may be due to the change in weather or the workload , but I’m making sure to find moments of rest . I’m trying to stay grounded and maintain a sense of optimism , reminding myself that growth happens even in times of uncertainty . There’s an overall sense of gratitude—gratitude for the support system I have and for the opportunities I’ve been given—while still acknowledging the challenges that lie ahead . Despite the ups and do",2024-10-23 12:00:43,7,False,0.0,2.0,False,year: 2024 month: 10 day: 23,1.153965711593628,1.5370017290115356
112,2034,"At the moment , I feel a mixture of anticipation and contemplation . There’s an underlying excitement about upcoming projects and opportunities , particularly a few creative ventures I’m exploring , but that excitement is balanced by moments of doubt , which sometimes slow my progress . I’ve been reflecting on past decisions , evaluating where I am and how far I’ve come , while trying to remain focused on what’s ahead . It’s like walking a tightrope between wanting to celebrate the small wins and feeling the weight of the work still to be done .\ n \ nPhysically , I’ve been experiencing some fatigue , which may be due to the change in weather or the workload , but I’m making sure to find moments of rest . I’m trying to stay grounded and maintain a sense of optimism , reminding myself that growth happens even in times of uncertainty . There’s an overall sense of gratitude—gratitude for the support system I have and for the opportunities I’ve been given—while still acknowledging the challenges that lie ahead . Despite the ups and do",2024-10-23 17:57:27,7,False,0.0,2.0,False,year: 2024 month: 10 day: 23,1.153965711593628,1.5370017290115356
112,2037,"At the moment , I feel a mixture of anticipation and contemplation . There’s an underlying excitement about upcoming projects and opportunities , particularly a few creative ventures I’m exploring , but that excitement is balanced by moments of doubt , which sometimes slow my progress . I’ve been reflecting on past decisions , evaluating where I am and how far I’ve come , while trying to remain focused on what’s ahead . It’s like walking a tightrope between wanting to celebrate the small wins and feeling the weight of the work still to be done .\ n \ nPhysically , I’ve been experiencing some fatigue , which may be due to the change in weather or the workload , but I’m making sure to find moments of rest . I’m trying to stay grounded and maintain a sense of optimism , reminding myself that growth happens even in times of uncertainty . There’s an overall sense of gratitude—gratitude for the support system I have and for the opportunities I’ve been given—while still acknowledging the challenges that lie ahead . Despite the ups and do",2024-10-23 22:10:33,7,False,0.0,2.0,False,year: 2024 month: 10 day: 23,1.153965711593628,1.5370017290115356
112,2038,"Sassy , Happy , Good , Peppy , Terrific",2024-10-24 12:03:37,7,True,0.0,2.0,False,year: 2024 month: 10 day: 24,1.2384036779403687,1.529327630996704
112,2039,"Sassy , Happy , Moody , Giddy , Brave",2024-10-24 17:00:54,7,True,2.0,2.0,False,year: 2024 month: 10 day: 24,0.9485989809036255,1.6195919513702393
112,2040,"Sassy , Moody , Spicy , Empathetic , Zesty",2024-10-24 22:00:46,7,True,2.0,2.0,False,year: 2024 month: 10 day: 24,-0.19930973649024963,1.744611144065857
111,1973,"I am feeling very active , I am feeling very lively , I am feeling very much awoken , I feel relaxed and I feel relieved . I feel much alive . It’s a sunny day and I feel alive and active I feel alive ! Every breath is a reminder of the incredible gift of life . The world around me pulsates with vibrancy , and I ' m grateful to be a part of it . The warmth of the sun on my skin , the laughter of loved ones , and the thrill of new experiences all converge to ignite a sense of wonder within me .",2024-10-15 12:06:51,7,False,0.0,2.0,False,year: 2024 month: 10 day: 15,0.9181110858917236,1.8130379915237427
111,1974,"""I feel tired , drained of energy and vitality . My body weighs heavy , my mind foggy . Every task seems insurmountable , every decision a burden .\ n \ nThe world outside feels overwhelming , noises amplified , and lights too bright . I crave silence , solitude , and stillness . My thoughts swirl with exhaustion , doubts , and worries .",2024-10-15 17:01:48,7,False,0.0,0.0,False,year: 2024 month: 10 day: 15,-1.4494549036026,0.1729978770017624
111,1975,"Equitable , Dispassionate , Uninvolved , Unaligned , Neutral",2024-10-16 12:01:28,7,True,0.0,1.0,False,year: 2024 month: 10 day: 16,0.1422569751739502,1.4870378971099854
111,1976,"""I feel happy , genuinely and deeply . A warm sense of contentment envelops me , lifting my spirits and brightening my outlook . Every breath feels lighter , every smile more effortless . Gratitude floods my heart , thinking of loved ones , supportive friends , and life ' s simple joys . The world seems vibrant , full of promise and possibility . Challenges fade into the background , replaced by optimism and confidence .\ n",2024-10-16 17:25:39,7,False,2.0,1.0,False,year: 2024 month: 10 day: 16,1.767324686050415,1.084989070892334
111,1977,"PERSON , Cool , Gentle , Chilled , Unbothered",2024-10-17 12:02:31,7,True,2.0,0.0,False,year: 2024 month: 10 day: 17,1.0438438653945923,1.0424195528030396
111,1978,"Chilled , Calm , Gentle , Cool , Minding my business",2024-10-17 22:03:47,7,True,0.0,0.0,False,year: 2024 month: 10 day: 17,1.4966765642166138,0.5459503531455994
111,1979,"Alert , Lively , Active , Not dulling , Online",2024-10-18 12:02:04,7,True,0.0,2.0,False,year: 2024 month: 10 day: 18,0.16912487149238586,2.008152723312378
111,1981,"Dull , Slow , Lazy , Tired , Slothful",2024-10-18 17:05:32,7,True,-2.0,0.0,False,year: 2024 month: 10 day: 18,-0.6531950235366821,0.4911441504955292
111,1982,"Alive , Elegant , Active , Sharp , Radiant",2024-10-19 12:01:24,7,True,0.0,2.0,False,year: 2024 month: 10 day: 19,0.47232067584991455,1.8270255327224731
111,1983,"Chilled , Calm , Relaxed , Unhappy , Quite",2024-10-19 17:28:44,7,True,0.0,0.0,False,year: 2024 month: 10 day: 19,1.479443907737732,0.7891778349876404
111,1984,"Down , Distress , Unhappy , Downcast , Dejected",2024-10-19 22:01:55,7,True,-2.0,1.0,False,year: 2024 month: 10 day: 19,-1.2528846263885498,0.5935675501823425
111,1985,"1 . Lack of strong emotions : Neither positive (happiness , excitement) nor negative (sadness , anger) .\ n2 . Balance : No leaning towards any extreme feelings .\ n3 . Calmness : A sense of stability and composure .\ n4 . Objectivity : Ability to observe thoughts and situations without bias .\ n",2024-10-20 12:55:40,7,False,0.0,1.0,False,year: 2024 month: 10 day: 20,0.15989330410957336,0.8211631774902344
111,1986,"Quite , Chilled , Lowkey , Calm , Cool",2024-10-20 17:03:09,7,True,2.0,0.0,False,year: 2024 month: 10 day: 20,1.013353943824768,0.8580599427223206
111,1987,"Happy , Excited , Overwhelmed , Joyous , Happy",2024-10-21 12:02:25,7,True,2.0,1.0,False,year: 2024 month: 10 day: 21,1.5517505407333374,1.2464416027069092
111,1988,"Feeling tired , also known as fatigue , is a common emotional and physical state characterized by :\ n \ n * Physical Symptoms :*\ n \ n1 . Lack of energy \ n2 . Muscle weakness \ n3 . Heavy eyelids \ n4 . Slow movements \ n5 . Decreased mobility \ n \ n * Emotional Sym \ n \ n1 . Mental fogginess \ n2 . Lack of motivation \ n3 . Irritability \ n4 . Decreased concentration \ n5 . Emotional exhaustion \ n",2024-10-22 12:02:15,7,False,-2.0,0.0,False,year: 2024 month: 10 day: 22,-1.627632737159729,-0.13738107681274414
111,1989,"Feeling neutral refers to an emotional state characterized by :\ n \ n1 . Lack of strong emotions : Neither positive (happiness , excitement) nor negative (sadness , anger) .\ n2 . Balance : No leaning towards any extreme feelings .\ n3 . Calmness : A sense of stability and composure .\ n4 . Objectivity : Ability to observe thoughts and situations without bias .\ n \ nCommon descriptions :\ n \ n1 . ""I ' m just okay .""\ n2 . ""I don ' t feel anything strongly .""\ n3 . ""I ' m not excited or upset .""\ n4 . ""I ' m in a neutral zone .""\ n \ nBenefits :\ n \ n1 . Clarity : Easier decision-making , uninfluenced by emotions .\ n2 . Stability : Less emotional turbulence .\ n3 . Flexibility : Open to various perspectives .\ n4 . Reduced stress : No intense emotional responses .\ n \ nSituations that may evoke neutrality :\ n \ n1 . Routine tasks \ n2 . Familiar environments \ n3 . Lack of significant events \ n4 . Emotional exhaustion (after intense emotions) \ n",2024-10-22 17:05:54,7,False,0.0,1.0,False,year: 2024 month: 10 day: 22,-0.021684318780899048,0.5828790068626404
111,1990,"Dull , Lazy , Moody , Tired , Stressed",2024-10-23 12:02:23,7,True,-1.0,0.0,False,year: 2024 month: 10 day: 23,-0.30541107058525085,0.6965279579162598
111,1992,"Feeling neutral refers to an emotional state characterized by :\ n \ n1 . Lack of strong emotions : Neither positive (happiness , excitement) nor negative (sadness , anger) .\ n2 . Balance : No leaning towards any extreme feelings .\ n3 . Calmness : A sense of stability and composure .\ n4 . Objectivity : Ability to observe thoughts and situations without bias .",2024-10-23 17:05:09,7,False,0.0,1.0,False,year: 2024 month: 10 day: 23,-0.34475934505462646,0.8031009435653687
111,1993,"Feeling Z neutral refers to an emotional state characterized by :\ n \ n1 . Lack of strong emotions : Neither positive (happiness , excitement) nor negative (sadness , anger) .\ n2 . Balance : No leaning towards any extreme feelings .\ n3 . Calmness : A sense of stability and composure .\ n4 . Objectivity : Ability to observe thoughts and situations without bias .",2024-10-24 12:00:55,7,False,0.0,1.0,False,year: 2024 month: 10 day: 24,-0.1802157163619995,0.9107728600502014
111,1994,"Feeling Z neutral refers to an emotional state characterized by :\ n \ n1 . Lack of strong emotions : Neither positive (happiness , excitement) nor negative (sadness , anger) .\ n2 . Balance : No leaning towards any extreme feelings .\ n3 . Calmness : A sense of stability and composure .\ n4 . Objectivity : Ability to observe thoughts and situations without bias .\ n \ nCommon descriptions :\ n \ n1 . ""I ' m just okay .""\ n2 . ""I don ' t feel anything strongly .""\ n3 . ""I ' m not excited or upset .""\ n4 . ""I ' m in a neutral zone .""",2024-10-24 22:59:37,7,False,2.0,2.0,False,year: 2024 month: 10 day: 24,0.07042975723743439,0.6483708024024963
111,1995,"Sad , Bad , Down , Exhausted , Regretting",2024-10-25 12:12:40,7,True,-2.0,1.0,False,year: 2024 month: 10 day: 25,-1.575201392173767,0.7369608283042908
111,1996,"Quiet , Cool , Chilled , No drama , Gentle",2024-10-25 17:01:24,7,True,0.0,0.0,False,year: 2024 month: 10 day: 25,0.4071195125579834,0.22792434692382812
111,1997,"Quiet , Cakm , Cool , Chill , Shy",2024-10-25 22:55:43,7,True,0.0,0.0,False,year: 2024 month: 10 day: 25,-0.08309067040681839,0.3181097209453583
111,1998,"Feeling sad is a natural and universal human emotion that can manifest in different ways and intensities . Here ' s a breakdown of what it means to feel sad :\ n \ n * What is sadness ?*\ n \ nSadness is an emotional state characterized by feelings of sorrow , grief , disappointment , or loss . It ' s a normal response to situations that are perceived as unpleasant , undesirable , or hurtful .",2024-10-26 12:01:13,7,False,-1.0,1.0,False,year: 2024 month: 10 day: 26,-1.3879306316375732,0.6273667812347412
111,1999,"Sluggish , Dull , Unbothered , Slow , Deteriorated",2024-10-26 17:09:22,7,True,-1.0,0.0,False,year: 2024 month: 10 day: 26,-1.27821683883667,0.12190341204404831
111,2000,"Absence of noise _: A state of silence or minimal sound .\ n _ Respite from disturbance _: Freedom from interruption , disruption , or turmoil .\ n _ Inner stillness _: A calm and peaceful mental state .\ n \ nTypes of quiet :\ n \ n * Physical quiet : External environment is silent or peaceful .\ n * Emotional quiet : Inner calmness and stability .\ n * Mental quiet : Clarity of thought , focus , and mental stillness .",2024-10-26 22:47:20,7,False,0.0,0.0,False,year: 2024 month: 10 day: 26,0.7746082544326782,0.26553621888160706
111,2001,"Feeling lively refers to a state of being full of energy , enthusiasm , and vitality . When someone feels lively , they are typically :\ n \ n1 . Energetic : Having a sense of physical and mental vigor .\ n2 . Alert : Mentally sharp and focused .\ n3 . Cheerful : Displaying a positive and upbeat attitude .\ n4 . Vibrant : Radiating enthusiasm and excitement .\ n5 . Active : Ready to engage in activities or social interactions .",2024-10-27 12:06:45,7,False,1.0,2.0,False,year: 2024 month: 10 day: 27,1.1517406702041626,1.7982873916625977
111,2003,"In this moment , everything feels right . My soul sings with joy , unencumbered by worries or doubts . I bask in the radiance of happiness , letting its warmth seep into every pore .\ n \ nHappiness isn ' t just a feeling ; it ' s a choice . I choose to focus on the good , to cherish every moment , and to cultivate love and kindness . I choose to let go of fears , to release burdens , and to embrace life ' s beauty .\ n \ nAs I soak in this bliss , I know it ' s contagious . Happin",2024-10-27 17:27:22,7,False,0.0,1.0,False,year: 2024 month: 10 day: 27,1.9911174774169922,0.7373566031455994
111,2004,"Quiet , Chilled , Calm , Lowkey , Relaxed",2024-10-27 22:30:17,7,True,0.0,0.0,False,year: 2024 month: 10 day: 27,0.21076521277427673,0.3231125771999359
111,2005,"Neutral , No feelings , In between , Intermediary , Neutral",2024-10-28 12:12:02,7,True,0.0,1.0,False,year: 2024 month: 10 day: 28,-0.11902747303247452,1.1582849025726318
111,2006,"Gentle , Quiet , Lowkey , Chilled , Calm",2024-10-28 17:03:30,7,True,0.0,0.0,False,year: 2024 month: 10 day: 28,0.39090994000434875,0.46535515785217285
181,4613,I am very excited to be leaving work . I am tired from working all day . Now I have to go to my next time which is fun . I like seeing my co workers . Then I can go home and relax .   I am excited about going to work early tomorrow so I can get home earlier . I am ready for the weekend,2024-06-13 17:35:51,7,False,2.0,2.0,False,year: 2024 month: 06 day: 13,1.125234842300415,1.5054477453231812
181,4616,I am feeling happy laying in bed watching Bridgerton with my boyfriend . I love when the weekend comes because I get to spend time with him after a long week . I am really enjoying the new episodes of Bridgerton that came out last night,2024-06-14 22:01:04,7,False,2.0,0.0,False,year: 2024 month: 06 day: 14,1.1735692024230957,1.2232989072799683
181,4620,I am currently exhausted from being at an amusement park for three hours . We went in every ride and had so much fun . Now we are full from having ORG  because we were hungry . Now we are leaving to go home,2024-06-16 17:00:27,7,False,2.0,2.0,False,year: 2024 month: 06 day: 16,-1.614493727684021,-0.1503896415233612
181,4621,I am currently feeling full from my dinner of chicken and string beans . Now I am feeling okay about having to take my cpr pre class before my class in person on Wednesday in GPE . I’m also very thirsty . I don’t think I drank enough today,2024-06-16 22:00:50,7,False,2.0,1.0,False,year: 2024 month: 06 day: 16,0.5793055295944214,1.4586325883865356
181,4625,I am currently Sweating but excited to be going to work where I can sit down and relax more . I’m very hungry and thirsty . I need to make sure I drink more water . I am proud of myself for being able to run my group independently .,2024-06-18 17:39:16,7,False,1.0,1.0,False,year: 2024 month: 06 day: 18,0.4127407670021057,1.3080966472625732
181,4627,I am currently feeling rundown . My allergies are horrible and I cannot stop sneezing . I am excited because I am working on my new cross stitch project . I am making a animal crossing one that is going to come out great,2024-06-20 22:07:18,7,False,-2.0,0.0,False,year: 2024 month: 06 day: 20,-0.12625673413276672,1.2125037908554077
181,4631,I am currently at work and feeling tired . I am also rundown from my allergies . I didn’t get a good nights rest because I kept waking up because I couldn’t breathe out of my nose . I am also hungry I wish I had something for breakfast .,2024-06-22 12:01:29,7,False,2.0,1.0,False,year: 2024 month: 06 day: 22,-1.0448882579803467,0.20038440823554993
181,4634,"I’m currently feeling very run down from my allergies . I have a really bad sinus headache , congestion , an cough and a sore throat . I am also very tired from my body trying to fight off this infection that’s coming .",2024-06-23 12:25:46,7,False,-2.0,0.0,False,year: 2024 month: 06 day: 23,-1.344567060470581,0.3262065052986145
181,4635,I am currently shopping at ORG and feeling happy because I am getting supplies to make a birthday banner for someone at the library . I am very sweaty the weather is so hot and humid today . I am also very thirsty . I definitely have not drank enough water today .,2024-06-23 17:01:40,7,False,0.0,2.0,False,year: 2024 month: 06 day: 23,0.566156268119812,1.854778528213501
181,4639,I am currently feeling excited as my workday is over and I am able to go home without having to go to my other job . I am hungry and thirsty and cannot wait to get home so that I can have a snack . I am also tired even though I got enough sleep last night . I am sweating as it is very hot today .,2024-06-25 17:35:04,7,False,2.0,2.0,False,year: 2024 month: 06 day: 25,0.6807612180709839,1.5934189558029175
181,4640,I am currently very tired but I don’t know why . I am also hungry and really want some pretzels . My knee also hurts right now and I think I need to get it checked out . I am afraid I am doing more damage to it by not getting it checked out,2024-06-25 22:03:09,7,False,-2.0,0.0,False,year: 2024 month: 06 day: 25,-0.9360069632530212,0.10942193865776062
181,4612,"Happy , Full , Loving , Excited , Content",2024-06-12 22:31:16,7,True,2.0,0.0,False,year: 2024 month: 06 day: 12,1.6757885217666626,1.1649818420410156
181,4614,"Hungry , Thirsty , Tired , Happy , Glad",2024-06-13 22:01:06,7,True,2.0,2.0,False,year: 2024 month: 06 day: 13,0.5192808508872986,1.3173973560333252
181,4615,"Excited , Happy , Sweating , Tired , Thirsty",2024-06-14 17:09:36,7,True,2.0,2.0,False,year: 2024 month: 06 day: 14,1.5453312397003174,1.2740408182144165
181,4617,"Airy , Aggressive , Agitated , Annoyed , Angry",2024-06-15 17:02:29,7,True,2.0,1.0,False,year: 2024 month: 06 day: 15,-0.4372611343860626,1.9832334518432617
181,4618,"Tired , Full , Happy , Excited , Content",2024-06-15 22:00:39,7,True,2.0,1.0,False,year: 2024 month: 06 day: 15,0.9418326616287231,0.8370144963264465
181,4619,"Happy , Excited , Full , Thirsty , Good",2024-06-16 12:00:35,7,True,2.0,1.0,False,year: 2024 month: 06 day: 16,1.4983137845993042,1.3730627298355103
181,4622,"Hungry , Thirsty , Tired , Hot , Happy",2024-06-17 12:35:13,7,True,2.0,2.0,False,year: 2024 month: 06 day: 17,0.31958940625190735,1.4489197731018066
181,4623,"Hungry , Tired , In pain , Thirsty , Happy",2024-06-17 17:33:08,7,True,1.0,1.0,False,year: 2024 month: 06 day: 17,-0.09100115299224854,0.9980377554893494
181,4624,"Happy , Sweaty , Thirsty , Hungry , Hot",2024-06-17 22:29:10,7,True,2.0,0.0,False,year: 2024 month: 06 day: 17,1.083333134651184,1.4620767831802368
181,4626,"Tired , Hungry , Thirsty , Happy , Sluggish",2024-06-18 22:23:09,7,True,-1.0,0.0,False,year: 2024 month: 06 day: 18,-0.3030845820903778,0.8759378790855408
181,4628,"Hot , Hungry , Thirsty , Excited , Tired",2024-06-21 17:01:44,7,True,2.0,0.0,False,year: 2024 month: 06 day: 21,0.8011311292648315,1.6667283773422241
181,4629,"Tired , Thirsty , Hungry , Happy , Hi",2024-06-21 22:00:35,7,True,0.0,1.0,False,year: 2024 month: 06 day: 21,-0.20921483635902405,0.9399473071098328
181,4632,"Hot , Tired , Happy , Hungry , Thirsty",2024-06-22 17:00:40,7,True,-1.0,0.0,False,year: 2024 month: 06 day: 22,0.7459075450897217,1.5372118949890137
181,4633,"Tired , Thirsty , Hungry , Stuffy , Happy",2024-06-22 22:11:05,7,True,2.0,0.0,False,year: 2024 month: 06 day: 22,-0.24715685844421387,0.8512052893638611
181,4636,"Hungry , Tired , Thirsty , Happy , Loved",2024-06-23 22:02:58,7,True,1.0,1.0,False,year: 2024 month: 06 day: 23,0.4516248106956482,1.216149926185608
181,4637,"Tired , Hungry , Thirsty , Sweaty , Happy",2024-06-24 17:30:25,7,True,2.0,2.0,False,year: 2024 month: 06 day: 24,-0.18625590205192566,0.912997305393219
181,4638,"Tired , Thirsty , Happy , Hungry , Excited",2024-06-24 22:00:55,7,True,2.0,1.0,False,year: 2024 month: 06 day: 24,0.2092151641845703,1.0970944166183472
136,3194,"Tired , Anxious , Scared , Wondering , Numb",2024-10-31 12:02:16,7,True,-1.0,2.0,False,year: 2024 month: 10 day: 31,-0.5113345980644226,0.9734296798706055
136,3195,Feeling better now than before . Talked to my partner and was able to calm down a little . Anxiety is ok . I forgot to take my meds so I am tired and not feeling the best . I hope everything is going to be ok,2024-10-31 22:09:37,7,False,-1.0,1.0,False,year: 2024 month: 10 day: 31,-0.2238772213459015,0.7646910548210144
136,3197,Just had a meeting with someone . Class this morning and slept a lot . I think my depression and anxiety are getting worse . My friend told me to seek help . I reached out to my family and they didn’t give me much support at all . My partner was very supportive and been by my side . He said no matter what happens I’m here for you . He’s all I have . I’ve been having alot of nightmares,2024-11-01 17:08:10,7,False,-2.0,1.0,False,year: 2024 month: 11 day: 01,-0.808052659034729,0.5481659173965454
136,3198,"Sad , Anxious , Scared , Hyperfixated , Worried",2024-11-01 22:01:09,7,True,-2.0,1.0,False,year: 2024 month: 11 day: 01,-1.2617019414901733,1.0647468566894531
136,3199,"Better , Hot , Tired , Behind , Shaking",2024-11-02 17:17:28,7,True,-1.0,1.0,False,year: 2024 month: 11 day: 02,0.0506906732916832,0.8506487011909485
136,3200,"Okay , Better , Hopeful , Relaxed , Content",2024-11-02 22:01:29,7,True,-1.0,1.0,False,year: 2024 month: 11 day: 02,0.6154970526695251,0.8628979921340942
136,3201,Been a little more productive yesterday and today . I went out and got groceries even though I didn’t want to . I didn’t want to get out of bed . I didn’t want to shower . I didn’t want to eat . I didn’t want to do anything . But I was productive and forced myself to do the things I needed to do . I’m trying my best . I’m struggling but I’m trying my best,2024-11-03 17:02:28,7,False,-1.0,1.0,False,year: 2024 month: 11 day: 03,-0.1174173355102539,1.0926309823989868
136,3202,"Content , Calm , Relaxed , Social , Open",2024-11-03 22:01:35,7,True,1.0,0.0,False,year: 2024 month: 11 day: 03,1.4738762378692627,0.5368680953979492
136,3203,"Tired , Sad , Nervous , Anxious , Uncertain",2024-11-04 17:03:34,7,True,-1.0,1.0,False,year: 2024 month: 11 day: 04,-1.3549236059188843,0.7413327097892761
136,3204,Feeling alone and sad . Been having really bad days for the past few days . I hope that things will get better . I want to just feel okay . To feel normal . I have been so bad and down mentally . I should be feeling normal . I need to feel stronger and keep pushing .,2024-11-04 22:04:02,7,False,-2.0,1.0,False,year: 2024 month: 11 day: 04,-1.1755032539367676,0.703810453414917
136,3205,"Sad , Anxious , Unproductive , Lonely , Upset",2024-11-05 17:03:43,7,True,-1.0,1.0,False,year: 2024 month: 11 day: 05,-1.2801138162612915,0.9277130365371704
136,3206,"Sad , Overwhelmed , Nauseous , Lonely , Depressed",2024-11-05 22:47:20,7,True,-1.0,1.0,False,year: 2024 month: 11 day: 05,-1.4715576171875,0.7390056848526001
136,3208,"Sad , Tired , Sleepy , Grumpy , Annoyed",2024-11-06 12:47:33,7,True,-1.0,1.0,False,year: 2024 month: 11 day: 06,-1.4388376474380493,0.6892033815383911
136,3209,I didn’t go to class this morning . Slept all morning . Took my meds . Still tired . studied . Haven’t eaten yet today but not hungry . Stomach hurts . I have no motivation to do anything I just want to stay in bed all day and do nothing,2024-11-06 17:01:41,7,False,-1.0,1.0,False,year: 2024 month: 11 day: 06,-1.3696130514144897,-0.0854470506310463
136,3210,"Sad , Annoyed , Angry , Tired , Fatigue",2024-11-06 22:01:51,7,True,-2.0,1.0,False,year: 2024 month: 11 day: 06,-1.3832677602767944,1.102278709411621
136,3211,I feel horrible . Last night was another tough night . I reached out to a friend and they had to make sure I was ok . I barely slept . I couldn’t sleep until after 4am . Class at 8am . Meeting . I feel empty . Sad . Lonely . I feel so horrible,2024-11-07 12:13:44,7,False,-2.0,1.0,False,year: 2024 month: 11 day: 07,-1.876092791557312,0.5550268292427063
136,3212,"Feeling a little better right now . Been busy all day . Tired because I did not sleep well last night . Did not fall asleep until after 4am and then woke up at 7am . I had class , saw patients , and now have a quiz to go to at 6pm . Keeping myself busy . Tired and want to take a nap",2024-11-07 17:03:48,7,False,-1.0,1.0,False,year: 2024 month: 11 day: 07,-0.7772781252861023,0.3444957435131073
136,3213,"Okay , Better , Calm , Relaxed , Safe",2024-11-07 22:16:42,7,True,0.0,1.0,False,year: 2024 month: 11 day: 07,0.4351006746292114,0.6752523183822632
136,3214,"Okay , Relaxed , Content , Calm , Breathing",2024-11-08 22:02:36,7,True,0.0,1.0,False,year: 2024 month: 11 day: 08,0.9511253833770752,0.530600368976593
136,3215,"Feeling ok mentally . Woke up pretty late around 12pm , then stayed in bed until 2pm . Went out to get groceries and did laundry so I’m trying to be productive . I have to start studying now because it’s late in the afternoon . I slept ok . Mood is ok but my stomach hurts",2024-11-09 17:27:28,7,False,-1.0,0.0,False,year: 2024 month: 11 day: 09,0.014191202819347382,0.5323557257652283
136,3216,"Went to get groceries , did laundry , studied , ate food , talked to my partner , feeling okay right now . I feel like I’ve been productive . The day went by pretty fast . I get to sleep in tonight because tomorrow is the weekend . I’m looking forward to sleep",2024-11-09 22:04:18,7,False,0.0,1.0,False,year: 2024 month: 11 day: 09,0.4574725031852722,1.1767072677612305
136,3217,"Lonely , Sad , Nervous , Anxious , Unsure",2024-11-10 17:16:48,7,True,-1.0,1.0,False,year: 2024 month: 11 day: 10,-1.3224666118621826,0.927887499332428
136,3425,Been productive for most of the day . Got some snacks and food for myself so self care . Also went out for a short walk but it was too hot so only stayed out for like 10 minutes . I feel comfortable and clean after taking a shower and lay in bed watching tv and playing games . Feeling ok currently,2024-11-10 22:03:12,7,False,0.0,1.0,False,year: 2024 month: 11 day: 10,0.13313362002372742,1.0844035148620605
136,3426,"Tired , Sleepy , Lonely , Overwhelmed , Stressed",2024-11-11 12:02:16,7,True,-1.0,1.0,False,year: 2024 month: 11 day: 11,-1.2337539196014404,0.2626762092113495
136,3427,"Woke up and did not want to go to class because I was tired and sleepy and was not able to fall asleep until 2am . I thought about not going to class but made myself go . I also went to small group after class . I took a nap but kept waking up every 10 minutes . I am not tired right now but feeling a little sick . Other than that , I’m okay",2024-11-11 17:02:26,7,False,-1.0,2.0,False,year: 2024 month: 11 day: 11,-1.0033156871795654,-0.07593685388565063
136,3428,Currently I am feeling okay . A little tired and don’t have energy but I feel mentally okay . Missed class this morning because I didn’t fall asleep until after 3-4am so I didn’t wake up until past 12pm . I missed my alarm . Todays lectures were pretty simple so I am not worried,2024-11-12 17:08:22,7,False,0.0,1.0,False,year: 2024 month: 11 day: 12,-0.22659814357757568,0.4790726900100708
136,3429,"Confused , Stressed , Anxious , Frustrated , Uncertain",2024-11-12 22:06:19,7,True,-1.0,1.0,False,year: 2024 month: 11 day: 12,-0.8935678601264954,1.2641260623931885
136,3430,Feeling okay . Woke up feeling tired and then went to class . Finished class . Now I would usually take a nap but I’m not feeling tired right now . I have small group and don’t want to go but I should go because I want to stay productive . Woke up and feel okay about my body today,2024-11-13 12:02:10,7,False,-1.0,0.0,False,year: 2024 month: 11 day: 13,-0.1473579704761505,0.4085085988044739
136,3431,"Tired , Sad , Nervous , Stressed , Anxious",2024-11-13 17:02:28,7,True,-1.0,1.0,False,year: 2024 month: 11 day: 13,-1.3329687118530273,0.7491688132286072
136,3432,"Tired , Sleepy , Anxious , Annoyed , Lonely",2024-11-13 22:02:19,7,True,0.0,1.0,False,year: 2024 month: 11 day: 13,-1.078215479850769,0.44970306754112244
100,1404,"Good , Calm , Neutral , Okay , Cool",2024-07-17 12:04:58,7,True,0.0,1.0,False,year: 2024 month: 07 day: 17,0.46341603994369507,1.0255340337753296
100,1405,"Tipsy , Lively , Good , Cool , Okay",2024-07-17 17:03:46,7,True,1.0,1.0,False,year: 2024 month: 07 day: 17,1.1374262571334839,1.478147268295288
100,1406,"Calm , Anxious , Cool , Good , Somewhat happy",2024-07-18 17:30:07,7,True,0.0,1.0,False,year: 2024 month: 07 day: 18,0.9105405211448669,0.9202216863632202
100,1407,"Good , Happy , Great , Cool",2024-07-19 12:48:16,7,True,1.0,1.0,False,year: 2024 month: 07 day: 19,1.5005781650543213,1.0231529474258423
100,1408,"Calm , Good , Neutral , Unbothered , Cool",2024-07-20 17:07:27,7,True,0.0,1.0,False,year: 2024 month: 07 day: 20,0.710929811000824,0.775931179523468
100,1409,"Cool , Calm , Somewhat tired , Good",2024-07-21 12:30:42,7,True,0.0,1.0,False,year: 2024 month: 07 day: 21,0.44629862904548645,0.7070629596710205
100,1419,"Calm , Nervous , Cool , Good , Fine",2024-07-22 12:49:38,7,True,1.0,1.0,False,year: 2024 month: 07 day: 22,1.1229748725891113,0.6442744135856628
100,1420,Work has been so tasky today and I ' m feeling very sluggish and tired already . Been working my ass out since I got to work and my strength is diminishing .\ n \ nI feel kinda stressed out tired and feel like resting or sleeping,2024-07-22 17:12:48,7,False,-1.0,0.0,False,year: 2024 month: 07 day: 22,-1.6817145347595215,0.24304448068141937
100,1421,"Cool , Calm , Nice , Unbothered",2024-07-23 12:15:51,7,True,0.0,1.0,False,year: 2024 month: 07 day: 23,0.7008079290390015,0.8961499333381653
100,1422,"Calm , Good , Neutral , Getting stressed",2024-07-24 12:45:53,7,True,0.0,1.0,False,year: 2024 month: 07 day: 24,0.7654759883880615,0.7761371731758118
100,1423,"Tired , Stressed , Sluggish , Exhausted , Hungry",2024-07-24 17:02:23,7,True,-2.0,0.0,False,year: 2024 month: 07 day: 24,-1.2308366298675537,0.22557954490184784
100,1424,"Lively , Spirited , Tipsy , Happy , Cool",2024-07-25 17:11:49,7,True,1.0,2.0,False,year: 2024 month: 07 day: 25,1.259040355682373,1.5955543518066406
100,1425,"Tired , Exhausted , Hungry , Low , Anxious",2024-07-26 17:01:43,7,True,-2.0,0.0,False,year: 2024 month: 07 day: 26,-1.1303704977035522,0.2892785370349884
100,1426,"Tired , Exhausted , Tipsy , calm , Nervous",2024-07-27 17:13:04,7,True,-2.0,0.0,False,year: 2024 month: 07 day: 27,-0.8112989068031311,0.20371036231517792
100,1427,"Tired , Sluggish , Sleepy , Tipsy",2024-07-27 22:17:23,7,True,-1.0,0.0,False,year: 2024 month: 07 day: 27,-1.2404203414916992,0.07822391390800476
100,1428,"Lively , Tipsy , Good , Happy",2024-07-28 17:14:19,7,True,1.0,2.0,False,year: 2024 month: 07 day: 28,1.0945016145706177,1.4933205842971802
100,1429,"I ' m feeling good and lively , today ' s work wasn ' t that stressful as there wasn ' t much to do . And I had a good time with a friend during lunch as we talked about life in it ' s entirety .\ n \ nI ' m also feeling hungry at the moment and somewhat sleepy .",2024-07-29 17:12:15,7,False,1.0,1.0,False,year: 2024 month: 07 day: 29,1.7183338403701782,1.000832438468933
100,1430,"I ' m feeling quite normally or do I say neutral because I ' m neither happy nor unhappy . Tho I ' m kinda nervous with the task I ' m currently working on , as I ' m expecting a positive outcome .\ n \ nSo I ' m just feeling cool .",2024-07-30 12:00:48,7,False,0.0,1.0,False,year: 2024 month: 07 day: 30,0.2451443076133728,1.0494632720947266
100,1431,"Tired , Exhausted , Stressed , Restless , Tipsy",2024-07-30 22:00:51,7,True,-2.0,0.0,False,year: 2024 month: 07 day: 30,-1.3137469291687012,0.13716842234134674
143,3608,"Happy , Calm , Cool , Jaunty , Good",2024-10-15 12:02:25,7,True,1.0,1.0,False,year: 2024 month: 10 day: 15,1.648979663848877,1.091497540473938
143,3609,"I am currently feeling good , I am doing my daily tasks and my following my daily routine activities . I am happy with the situation of things currently and I am able to relate well with my colleagues at the workplace",2024-10-15 17:21:31,7,False,1.0,1.0,False,year: 2024 month: 10 day: 15,1.4465985298156738,1.013048529624939
143,3610,"Calm , Cool , Confident , Relaxed , Good",2024-10-16 12:01:50,7,True,2.0,0.0,False,year: 2024 month: 10 day: 16,1.3272022008895874,0.5099995732307434
143,3611,"Calm , Contented , Confident , Happy , Relaxed",2024-10-16 17:02:10,7,True,2.0,1.0,False,year: 2024 month: 10 day: 16,1.422942042350769,0.44129452109336853
143,3612,"Calm , Dizzy , Relaxed , Happy , Good",2024-10-16 22:09:02,7,True,2.0,0.0,False,year: 2024 month: 10 day: 16,1.5270817279815674,0.5284110903739929
143,3613,"Calm , Happy , Lively , Relaxed , Confident",2024-10-17 12:40:49,7,True,1.0,0.0,False,year: 2024 month: 10 day: 17,1.6460018157958984,0.7254707217216492
143,3614,"Contented , Calm , Cool , Relaxed , Comfortable",2024-10-17 17:34:49,7,True,2.0,0.0,False,year: 2024 month: 10 day: 17,1.1250723600387573,0.41653263568878174
143,3615,"I feel happy and I am doing good with everything happening to me right now , I feel awesome and lively at the moment . Things are going smoothly for me and I believe I am on the right track at the moment .",2024-10-17 22:06:00,7,False,1.0,2.0,False,year: 2024 month: 10 day: 17,1.8578624725341797,1.1202380657196045
143,3616,"I am feeling good , I am happy and doing fine . Things are going smoothly and I am optimistic about my future , I can handle situations about my life comfortably . I believe when I pray to God and I put in my best in all I do , I will come out victorious .",2024-10-18 12:08:08,7,False,2.0,1.0,False,year: 2024 month: 10 day: 18,1.7019048929214478,0.7774143218994141
143,3618,"Nervous , Calm , Good , Comfortable , Confident",2024-10-18 17:02:52,7,True,0.0,1.0,False,year: 2024 month: 10 day: 18,0.3106664717197418,0.8776026368141174
143,3619,"I am not feeling happy ,, I am expecting and information to come through my mail and it’s not coming through . I am kinda nervous because of the information I am expecting . I hope this information will come through and I will be able to use it for what I intend to use it for",2024-10-18 22:01:34,7,False,0.0,1.0,False,year: 2024 month: 10 day: 18,-1.3393272161483765,1.2796993255615234
143,3620,"Calm , Cool , Happy , Contented , Confident",2024-10-19 12:01:52,7,True,1.0,0.0,False,year: 2024 month: 10 day: 19,1.560545802116394,0.5359237194061279
143,3621,"Happy , Calm , Comfortable , Relaxed , Good",2024-10-19 17:03:58,7,True,1.0,1.0,False,year: 2024 month: 10 day: 19,1.6958743333816528,0.9793819785118103
143,3622,"I am feeling happy , relaxed and relieved . I am enjoying my weekend with my family and things are going on smoothly . I am playing with my kids and they’re also enjoying the moment with me . This kind of moment helps foster the love between family",2024-10-20 12:57:59,7,False,1.0,0.0,False,year: 2024 month: 10 day: 20,1.7404190301895142,0.8668567538261414
143,3623,"I am very happy with the way things are going for me , I am happy I have enough time to spend with my family . I feel relaxed and happy seeing them . Doing good . I feel connected to them . I am always happy having my family around me",2024-10-20 17:49:47,7,False,2.0,1.0,False,year: 2024 month: 10 day: 20,1.802083134651184,0.9423840045928955
143,3624,"I am contented with everything , and happy with the situation of things in my life . I feel relaxed anytime I am with my family , because it gives me that special feeling and helps increase how I see things from a love side . I am feeling confident and satisfied , I like the way life is revolving",2024-10-20 22:08:54,7,False,2.0,0.0,False,year: 2024 month: 10 day: 20,1.6502940654754639,0.6203886270523071
143,3625,"I am happy and proud of myself , I feel everything is going on well for me and I am doing great for myself . I am fine with the situation of things around me and I am happy about it . I feel relaxed and happy about my day so far",2024-10-21 12:38:53,7,False,1.0,0.0,False,year: 2024 month: 10 day: 21,1.8139704465866089,0.980648934841156
143,3626,"Cool , Happy , Active , Relaxed , Confident",2024-10-21 17:03:57,7,True,0.0,2.0,False,year: 2024 month: 10 day: 21,1.3666555881500244,1.3952025175094604
143,3627,"Cool , Happy , Joy , Calm , Relaxed",2024-10-21 22:01:54,7,True,0.0,2.0,False,year: 2024 month: 10 day: 21,1.6261368989944458,0.9539125561714172
143,3629,I am feeling happy and jaunty . I am happy with my current situation at work . I am active and performing my daily tasks . I am also happy working with my colleagues and we’re all happy doing a great job together . I feel relaxed and confident,2024-10-22 17:26:58,7,False,0.0,2.0,False,year: 2024 month: 10 day: 22,1.539232850074768,1.4070324897766113
143,3630,"I am happy with the situation of things , things are going on well and I am happy with the situations at my workplace . Life has been going on well for me , I feel relaxed connected , calm with everyone around me . Things have been good for me",2024-10-23 17:07:41,7,False,0.0,2.0,False,year: 2024 month: 10 day: 23,1.7362650632858276,0.8531151413917542
143,3631,"Happy , Active , Good , Calm , Jaunty",2024-10-23 22:58:51,7,True,0.0,2.0,False,year: 2024 month: 10 day: 23,1.3057256937026978,1.506486177444458
143,3632,"Happy , Calm , Cool , Confident , Comfortable",2024-10-24 12:01:15,7,True,0.0,2.0,False,year: 2024 month: 10 day: 24,1.6342124938964844,1.0346728563308716
143,3633,"I am feeling relaxed and happy with myself . I like the situation of things around my workplace , I am in good condition with my other colleagues at the workplace . I feel comfortable with people around me and everything has been going on smoothly since I’ve get to the workplace",2024-10-24 17:03:37,7,False,0.0,2.0,False,year: 2024 month: 10 day: 24,1.797162413597107,0.6179071664810181
143,3634,I feel active and firm . I enjoined myself to see things from the positive side of life . I am happy with the situation of things around my life and the balance between my personal life and my work life . Things have going on well for me and I am also enjoying life with everything that revolves around it,2024-10-24 22:01:40,7,False,0.0,2.0,False,year: 2024 month: 10 day: 24,0.9953284859657288,1.9029017686843872
143,3635,"Calm , Cool , Active , Happy , Comfortable",2024-10-25 12:03:51,7,True,0.0,2.0,False,year: 2024 month: 10 day: 25,1.1829086542129517,0.7594670653343201
143,3636,"Happy , Calm , Cool , Comfortable , Confident",2024-10-25 17:28:15,7,True,0.0,2.0,False,year: 2024 month: 10 day: 25,1.6474941968917847,1.0320783853530884
143,3637,"I am active and looking sharp , today has been good so far and thing are fine in the public space . I’m happy with the situation of things around me and today was a good day . I’m happy it’s weekend because I’ve got enough time to spend with my family .",2024-10-25 22:06:44,7,False,0.0,2.0,False,year: 2024 month: 10 day: 25,1.1686033010482788,1.6805309057235718
143,3638,"I am happy with my family , I am happy with the situation of things around me . My kids are happy with me and I am also glad I have enough time to spend with them this weekend . I also feel relaxed around my family and how things have been going for us",2024-10-26 17:10:33,7,False,0.0,2.0,False,year: 2024 month: 10 day: 26,1.572041392326355,0.817771852016449
143,3640,"I am happy and doing good , I like what’s happening around me and what’s going on in my life . I feel more confident about my future and I am happy . Life has been good to me and things are working well for me and my family",2024-10-26 22:12:49,7,False,0.0,2.0,False,year: 2024 month: 10 day: 26,1.7088302373886108,1.0381958484649658
143,3641,I am feeling happy with my family at the moment . Everyone of us is doing fine and we’re happy we can spend this beautiful moment with one another . My spouse and I are very happy with how we’re spending the weekend,2024-10-27 12:59:22,7,False,0.0,2.0,False,year: 2024 month: 10 day: 27,1.5630297660827637,1.0249005556106567
143,3642,I am happy with myself . I am feeling better with myself and my family . I am feeling much happier today because I have enough time to spend with my family . I am happy because my spouse is really happy enjoying the moment we’re spending together,2024-10-27 22:06:21,7,False,0.0,2.0,False,year: 2024 month: 10 day: 27,1.1687921285629272,1.06179678440094
143,3643,"I am happy with the situation of things around me , I’m active and working with my colleagues . I am happy and confident about myself . Work has been a bit hectic today but I’m still productive and completing my daily tasks .",2024-10-28 17:03:16,7,False,0.0,2.0,False,year: 2024 month: 10 day: 28,1.2027186155319214,1.3691201210021973
92,690,I feel tired and fatigued at the moment . Feeling slightly overwhelmed that I am not done with my day yet . There were some unexpected situations during my day resulting in me needing to be flexible in my day in order to be accommodating .,2024-09-24 17:00:52,7,False,-2.0,0.0,False,year: 2024 month: 09 day: 24,-1.595399260520935,0.09138955175876617
92,694,Feeling sluggish as I have a lot of notes to complete for my job . I am feeling tired because there is always work to do after work . Feeling slightly overwhelmed as I still have lots to do despite waking up early to get a head start to complete notes .,2024-09-26 17:18:32,7,False,-1.0,0.0,False,year: 2024 month: 09 day: 26,-1.5776089429855347,0.1700756847858429
92,695,"Feeling sad because I have met up with some friends and I do not like where I am at . Feeling unaccomplished and distracted . I feel like I should be doing more , but I’m not and I don’t know how to reach where I want to be . Feeling sad .",2024-09-26 22:37:40,7,False,-1.0,1.0,False,year: 2024 month: 09 day: 26,-1.410029649734497,0.7587448358535767
92,696,"Feeling rested and well relaxed after sleeping a full night of sleep . I spend last night with family and getting a nice dinner to enjoy our time together . Today I have more events planned with my friends , so I am excited and feeling relaxed .",2024-09-28 12:24:15,7,False,1.0,0.0,False,year: 2024 month: 09 day: 28,1.5906691551208496,0.7567496299743652
92,697,Tired due to personal health reasons . The gloomy weather also plays a role in how I feel . The weekend is usually my time to relax but the weather is not nice enough to go outside and enjoy it . My plans with my friend was also cancelled due to weather changes .,2024-09-29 12:22:46,7,False,-2.0,0.0,False,year: 2024 month: 09 day: 29,-1.0553536415100098,0.04167995974421501
92,698,I feel somewhat sad as my weekend was finished so quickly and I was not able to do what I wanted to do . I am feeling slightly sad that I have to prepare myself for another week of work even though I feel like I am not ready to work yet .,2024-09-29 22:46:11,7,False,-1.0,1.0,False,year: 2024 month: 09 day: 29,-1.4561147689819336,0.7153261303901672
92,699,Lively because it is the start of my day and I need to be lively for my work . I just finished treating one of my patients who always looks forward to seeing me and that makes me excited to see her and treat her as well . Makes me feel appreciated .,2024-09-30 12:07:20,7,False,1.0,2.0,False,year: 2024 month: 09 day: 30,1.233433485031128,1.6299762725830078
92,709,Neutral and content as I do not have plans tomorrow . I am relaxed and enjoying my night . I ate a big meal and spent time with my boyfriend so I am enjoying my day and content with what I did today . Feeling relaxed as I do not have to work tomorrow and I get to spend time with my dog at home .,2024-10-05 22:41:28,7,False,0.0,1.0,False,year: 2024 month: 10 day: 05,0.7332167029380798,0.5108594298362732
92,711,"Neutral as my job is reaching out on a my resting day . I was feeling content but I am feeling slightly frustrated but trying to not have my work interrupt my resting day routine and emotions , I have a lot of the day to continue to enjoy so I am not as upset .",2024-10-06 17:16:42,7,False,0.0,1.0,False,year: 2024 month: 10 day: 06,0.38705945014953613,0.38130509853363037
92,712,"Feeling neutral , tomorrow is Monday , but I am not working so I feel a little more at ease . Currently I’m feeling calm because I am cooking and trying out a new recipe . My dog is by my side and keeping me company so I am content and relaxed as well .",2024-10-06 22:40:09,7,False,0.0,1.0,False,year: 2024 month: 10 day: 06,0.2453107237815857,0.7533661723136902
92,713,Feeling happy as I have the day off and spending my time with my boyfriend and my dog . I was able to sleep in a little bit today and enjoy a slower morning . Planning out the rest of my day to take advantage of what the dog on my day off . However there are still emails being reached out to me and there are still things to do .,2024-10-07 12:36:49,7,False,1.0,1.0,False,year: 2024 month: 10 day: 07,0.9569627642631531,0.6491530537605286
92,714,"Currently feeling neutral , not content and not sad . I am doing my own independent work for personal growth , so I’m just neutral . I thinking about what to eat for dinner and considering eating outside on a Monday as there would be less people out . Planning out my week in preparation for work .",2024-10-07 17:00:16,7,False,0.0,0.0,False,year: 2024 month: 10 day: 07,0.00593956932425499,0.9169925451278687
92,689,"Rushed , Awake , Neutral , Anxious , Worried",2024-09-24 12:00:45,7,True,0.0,2.0,False,year: 2024 month: 09 day: 24,-0.28922080993652344,1.2519923448562622
92,691,"Rushed , Relief , Content , Tired , Rested",2024-09-25 12:02:24,7,True,1.0,0.0,False,year: 2024 month: 09 day: 25,0.5711872577667236,0.5968979597091675
92,692,"Content , Calm , Worried , Tired , Relaxed",2024-09-25 22:56:58,7,True,1.0,0.0,False,year: 2024 month: 09 day: 25,0.9343326091766357,0.49337998032569885
92,693,"Worried , Anxious , Overthinking , Calm , Rested",2024-09-26 12:12:12,7,True,0.0,1.0,False,year: 2024 month: 09 day: 26,-0.5327262878417969,0.9768712520599365
92,700,"Calm , Worried , Anxious , Tired , Drained",2024-09-30 17:46:46,7,True,0.0,1.0,False,year: 2024 month: 09 day: 30,0.11197980493307114,0.8316577672958374
92,701,"Neutral , Calm , Resting , Tired , Drained",2024-09-30 22:19:31,7,True,0.0,1.0,False,year: 2024 month: 09 day: 30,-0.08719515800476074,0.8859348297119141
92,702,"Tired , Fatigued , Used , Sad , Drained",2024-10-01 17:52:45,7,True,-1.0,1.0,False,year: 2024 month: 10 day: 01,-1.4130642414093018,0.3145895302295685
92,703,"Tired , Drained , Sad , Sore , Used",2024-10-01 22:05:56,7,True,-2.0,0.0,False,year: 2024 month: 10 day: 01,-1.3980998992919922,0.21765437722206116
92,704,"Tired , Sleepy , Anxious , Disgust , Disappointed",2024-10-02 17:00:36,7,True,-1.0,0.0,False,year: 2024 month: 10 day: 02,-1.4251495599746704,0.4720318615436554
92,705,"Calm , Happy , Tired , Relaxed , Sore",2024-10-02 22:00:32,7,True,2.0,0.0,False,year: 2024 month: 10 day: 02,1.402419090270996,0.5398512482643127
92,706,"Quiet , Relaxed , Content , Calm , Happy",2024-10-03 22:54:59,7,True,0.0,0.0,False,year: 2024 month: 10 day: 03,0.8248226642608643,0.2151980847120285
92,707,"Content , Calm , Happy , Slightly anxious , Thinking",2024-10-04 12:22:09,7,True,1.0,0.0,False,year: 2024 month: 10 day: 04,1.271718144416809,0.6449236273765564
92,708,"Active , Rushed , Alive , Anxious , Content",2024-10-05 12:00:24,7,True,0.0,2.0,False,year: 2024 month: 10 day: 05,0.24881193041801453,2.037316083908081
92,710,"Happy , Content , Calm , Relaxed , Rested",2024-10-06 12:00:22,7,True,1.0,1.0,False,year: 2024 month: 10 day: 06,1.8143839836120605,0.8011214733123779
92,715,"Relaxed , Content , Calm , Refreshed , Ease",2024-10-07 22:00:54,7,True,0.0,1.0,False,year: 2024 month: 10 day: 07,1.7311344146728516,0.4425533711910248
104,1565,"I ' m pretty excited to go hiking . The weather has been really warm and today actually feels like Fall weather . So my mood is calm and content . I ' m with family , the air is crisp and Fall weather is my favorite season .",2024-11-02 12:14:46,7,False,2.0,0.0,False,year: 2024 month: 11 day: 02,1.3182587623596191,1.1034008264541626
104,1566,Today my mood is pretty good . I am going for a hike and the weather is super nice . The temperature is finally feeling Fall like and I ' m excited to go on my first   hike of the year . Looking forward to more hikes until the end of the year for sure,2024-11-02 17:02:15,7,False,2.0,0.0,False,year: 2024 month: 11 day: 02,1.2122530937194824,1.3284670114517212
104,1567,"Calm , Sleepy , Normal , Fine , Content",2024-11-03 12:47:56,7,True,2.0,0.0,False,year: 2024 month: 11 day: 03,0.9920863509178162,0.5154536366462708
104,1568,"Nervous , Ambiguous , Hopeful , Cautious , Optimistic",2024-11-04 17:12:41,7,True,-1.0,2.0,False,year: 2024 month: 11 day: 04,0.01663995161652565,1.6439710855484009
104,1569,Still a bit jittery for the coming election tomorrow . Not sure what to think of it . Cautiously optimistic hut still want to not put all my eggs into a basket . Just had dinner and trying not to overthink about tomorrow,2024-11-04 22:14:53,7,False,0.0,1.0,False,year: 2024 month: 11 day: 04,0.19403815269470215,1.3189566135406494
104,1571,Just feeling nervous about the election . I have no idea how the entire thing is going to unfold and the next few decades will be decided on the winner . And it ' s a close race . No idea and cautiously optimistic and yet still feels unsurr,2024-11-05 22:05:42,7,False,-1.0,2.0,False,year: 2024 month: 11 day: 05,-0.9975429773330688,1.5533195734024048
104,1572,"Dejected , Lost , Wondering , Election , Hope",2024-11-06 17:13:34,7,True,-1.0,1.0,False,year: 2024 month: 11 day: 06,-1.1410539150238037,0.6764298677444458
104,1573,"Contemplating , Unsure , Neutral , Nonchalant , Wistful",2024-11-06 22:05:24,7,True,0.0,1.0,False,year: 2024 month: 11 day: 06,-0.13567091524600983,1.2808723449707031
104,1574,Not as doom and gloom on election day . Don ' t want to over rhink and just focus on hope and the future and pray that it ' s not as bad as it seems . And try to get on with my life and just go about my day as normalna and possible,2024-11-07 12:01:38,7,False,0.0,1.0,False,year: 2024 month: 11 day: 07,1.5211689472198486,0.586986243724823
104,1575,Not sure what to make of this post election situation . But I ' m not going to keep feeling down and just try to continue with the daily life and focus on my mental well being and situation . Life goes on,2024-11-07 17:26:55,7,False,0.0,1.0,False,year: 2024 month: 11 day: 07,0.9039034843444824,0.5598458647727966
104,1576,"Nonchalant , Unsure , Cautious , Wondering , Reflection",2024-11-08 12:54:59,7,True,0.0,1.0,False,year: 2024 month: 11 day: 08,0.015079371631145477,1.2314730882644653
104,1577,"Full , Restful , Neural , Calm , Homely",2024-11-08 22:03:29,7,True,0.0,1.0,False,year: 2024 month: 11 day: 08,0.8806087374687195,0.5366504192352295
104,1578,Feeling ok . It ' s the weekend and the weather is pretty nice . Just trying to make the best out of today . Gotta make sure my mental health is good and feeling loved and content . Want to feel positive despite the election .,2024-11-09 12:01:30,7,False,0.0,0.0,False,year: 2024 month: 11 day: 09,0.7610461115837097,0.5283637046813965
104,1579,Not much change from today . About the same and just getting ready for dinner and turn down for the night . I ' m feeling fine and normal . Not sure what else to say or elaborate and I ' m ok . Sorry just rambling coz it ' s a 200 words minimum and I ' m trying to explain the best I can,2024-11-09 17:01:29,7,False,0.0,1.0,False,year: 2024 month: 11 day: 09,0.6349470615386963,0.4276229739189148
104,1580,"This is the 3rd mini survey I did . So I ' m not sure if I ' m supposed to keep doing 3 of these today . But I don ' t think my feelings change in the course of the entire day . So it ' s basically just normal , not over thinking .",2024-11-09 22:10:24,7,False,0.0,1.0,False,year: 2024 month: 11 day: 09,0.7988146543502808,0.6373977661132812
104,1582,Excited to go to ORG to do some home furnishing Morning feels good . Nothing out of the ordinary crazy and just feeling content . Planning my days for the next weekend . Feeling good and content and looking forward to continue my day,2024-11-10 12:06:27,7,False,1.0,1.0,False,year: 2024 month: 11 day: 10,1.9206315279006958,1.07878577709198
104,1583,No much change since this morning . I really don ' t know how much to explain as it ' s pretty much the same as I felt this morning . Just waiting to take a nap and continue with the rest of the Sunday . I feel ok . Nothing change,2024-11-10 17:01:45,7,False,0.0,1.0,False,year: 2024 month: 11 day: 10,0.4375978410243988,0.3671398460865021
104,1584,Feeling ok . Watching tv . No feeling anything in particular . Just the same as the last mini survey I ' ve talked about . Like I said . Watching tv . Just chilling and not thinking anything in particular just the same . Sorry much to say for 200 words minimum,2024-11-10 22:55:18,7,False,0.0,1.0,False,year: 2024 month: 11 day: 10,0.10883594304323196,0.3674725890159607
104,1585,"Normal , Relax , Rest , Fine , Chill",2024-11-11 22:24:44,7,True,0.0,1.0,False,year: 2024 month: 11 day: 11,0.08665387332439423,0.4979305565357208
104,1586,"Sleepy , Ok , PERSON , Relax , Nonchalant",2024-11-12 12:49:56,7,True,0.0,1.0,False,year: 2024 month: 11 day: 12,-0.4479667544364929,0.22952543199062347
104,1587,I just had dinner and now resting and watching tv . I feel ok and not thinking about anything that ' s on the news . Looking forward to the holidays and my vacation and taking a break from work since this year,2024-11-12 22:01:29,7,False,0.0,1.0,False,year: 2024 month: 11 day: 12,0.7376298904418945,0.5090237855911255
104,1588,Starting my day right . Morning us pretty brisk and the weather is finally very nice and fall . Have some coffee and ready to go about my day and look forward to spending the rest of the day with my dog,2024-11-13 12:41:31,7,False,1.0,1.0,False,year: 2024 month: 11 day: 13,0.9250335693359375,1.3213998079299927
104,1589,"Tired , Thirsty , Restful , Sleepy , Normal",2024-11-13 17:07:20,7,True,-1.0,0.0,False,year: 2024 month: 11 day: 13,-0.8625578880310059,0.1716429591178894
104,1590,I just had dinner . I made something really great and felt really satisfied as I was starving . Right now I ' m just relaxing and unwinding down the rest of the day watching tv and having chocolates and just feeling mindful,2024-11-13 22:08:29,7,False,1.0,1.0,False,year: 2024 month: 11 day: 13,0.416116327047348,0.5467925667762756
104,1591,"Sleepy , Tired , Lazy , Chilling , Hungry",2024-11-14 12:01:10,7,True,-1.0,0.0,False,year: 2024 month: 11 day: 14,-0.5424303412437439,0.10261997580528259
104,1593,"Sleepy , Tired , cold , Mindful , Sluggish",2024-11-14 17:18:03,7,True,-1.0,0.0,False,year: 2024 month: 11 day: 14,-1.3736567497253418,0.019958488643169403
104,1594,"Tired , Sleepy , Restful , Mindful , Calm",2024-11-15 12:20:50,7,True,0.0,1.0,False,year: 2024 month: 11 day: 15,-0.854110062122345,0.026809856295585632
104,1595,"Contend , Calm , Chill , Relax , Mindful",2024-11-15 17:07:39,7,True,1.0,1.0,False,year: 2024 month: 11 day: 15,0.9592238664627075,0.45704036951065063
104,1771,Today was a good day . I had a nice and long sleep . Went out to meet a friend and spend the day walking around the city . It was a nice and no stress day . Nothing much to complain . Looking forward to the weekend,2024-11-15 22:01:29,7,False,1.0,1.0,False,year: 2024 month: 11 day: 15,1.6838518381118774,0.8547922372817993
104,1772,"Calm , Collective , Neutral , Mindful , Peace",2024-11-16 22:43:36,7,True,1.0,0.0,False,year: 2024 month: 11 day: 16,1.0091404914855957,0.45203250646591187
132,3066,"Currently , I am feeling very tired and exhausted . I was awake every two - three hours with my baby last night . Thankfully , my husband is helpful ; he stays awake during the nighttime feeding with me and helps change the baby’s diaper .",2024-11-06 12:14:02,7,False,-2.0,0.0,False,year: 2024 month: 11 day: 06,-1.359689474105835,-0.07054673880338669
132,3067,"Currently , I feel overwhelmed with graduate school and caring for a newborn . Additionally , contacting my HR and insurance company regarding my fmla has been stressful . I am also stressed about finances and childcare",2024-11-06 17:01:29,7,False,-1.0,0.0,False,year: 2024 month: 11 day: 06,-0.9924812912940979,1.5555627346038818
132,3068,"Currently , I am feeling very happy and content . My level of energy is a bit lower , but I am able to complete tasks . I am working on my health and doing minimal exercise to help my fitness and energy level .",2024-11-07 17:01:43,7,False,2.0,1.0,False,year: 2024 month: 11 day: 07,0.8732995390892029,0.8284274339675903
132,3071,"Currently , I am feeling ok . Being a new mom is difficult , but having a good support system helps . I’m physically tired , but mentally dealing with the new experiences fairly well . I am trying to be more energized by taking a few more naps during the day when possible .",2024-11-08 17:02:17,7,False,1.0,1.0,False,year: 2024 month: 11 day: 08,0.44267210364341736,0.7680176496505737
132,3072,"Currently , I’m feeling overwhelmed with the amount of housework and homework I have to do . Preparing for guests to visit the newborn is stressful . I feel like there is so much that needs to be done , but its hard to have energy to do so .",2024-11-08 22:02:10,7,False,0.0,1.0,False,year: 2024 month: 11 day: 08,-0.9961798787117004,1.6682826280593872
132,3076,"Currently i am feeling like I am not good enough . I try to comfort my baby , but she is constantly crying while awake . I’m trying to provide for my family by housekeeping , cooking , etc , but i fell inadequate",2024-11-10 22:30:28,7,False,-1.0,2.0,False,year: 2024 month: 11 day: 10,-1.3161097764968872,0.39377883076667786
132,3082,"Currently , I’m feeling tired and nervous . Caring for a newborn is very tiring . Im nervous because I don’t know if I’ll be able to complete the school work I have in time . Also , I tried contacting HR regarding my leave and they haven’t responded , which is making me nervous about my pay .",2024-11-12 22:26:50,7,False,-1.0,1.0,False,year: 2024 month: 11 day: 12,-1.5703645944595337,0.9983364939689636
132,3084,"Currently , I am feeling over tired . I tried napping , but the baby kept me awake . I’m overwhelmed with work and school ; still deciding on whether to withdraw from a class to lessen my workload . Everyday seems the same- trying to do work , but getting bogged down with childcare .",2024-11-13 17:02:16,7,False,-2.0,0.0,False,year: 2024 month: 11 day: 13,-1.3330516815185547,0.36140531301498413
132,3085,"Currently , I am feeling tired . I got awoken early and asked for a favor . I’m worried about my parents’ health , as they are in need of more care . Not sure how this will work out during the winter , hopefully the weather will not be bad this year .",2024-11-14 12:43:45,7,False,-1.0,0.0,False,year: 2024 month: 11 day: 14,-1.1951779127120972,0.1853390485048294
132,3086,"Currently , I am feeling ok . I was able to take a nap and rest this afternoon quietly . Providing self care is important and I feel refreshed . Although i still haven’t completed the tasks i initially wanted to , i am content .",2024-11-14 17:23:02,7,False,0.0,0.0,False,year: 2024 month: 11 day: 14,0.6010743379592896,0.3028072714805603
132,3087,"Currently I’m feeling tired and bogged down . There are tasks I need/want to complete and can’t get   away from childcare to complete them . I’m happy to be with my baby , but am overwhelmed with the things i need to do",2024-11-14 22:02:06,7,False,-1.0,2.0,False,year: 2024 month: 11 day: 14,-0.9086712002754211,0.26502689719200134
132,3088,"Currently , i am feeling tired . Even though i am lying down in bed , its hard to rest because i am thinking of all of the things i need to do . I was able to do a couple of the tasks i set out to do , but there is still so much more i would like to accomplish before my husband goes back to work from paternity leave .",2024-11-15 22:31:13,7,False,0.0,0.0,False,year: 2024 month: 11 day: 15,-0.7219981551170349,0.04953005537390709
132,3092,"Currently , I am feeling drained and tired . I was able to get some naps in , but I am mentally exhausted thinking about the future . Whilst I am trying to remain present , its hard not to think about things that I need to complete to be successful .",2024-11-16 22:20:03,7,False,-1.0,1.0,False,year: 2024 month: 11 day: 16,-1.3721306324005127,0.07868996262550354
132,3095,"Currently , I am feeling ok . Even though I haven ' t completed the tasks that I wanted to , I was able to do some self-care . I am still overwhelmed with school work , but I am hoping to finish my assignments this week .",2024-11-17 22:19:02,7,False,0.0,1.0,False,year: 2024 month: 11 day: 17,-0.12555831670761108,0.7504109144210815
132,3096,"Currently , I am feeling tired and sad . Im hoping to get more than 3 hours of sleep tonight , though I know it probably will not happen . Motherhood is definitely hard and I know it will not get easier .",2024-11-18 22:09:53,7,False,-1.0,1.0,False,year: 2024 month: 11 day: 18,-1.2947713136672974,0.33802494406700134
132,3070,"Anxious , Agitated , Productive",2024-11-08 12:13:11,7,True,-1.0,2.0,False,year: 2024 month: 11 day: 08,0.08722370117902756,2.046781539916992
132,3073,"Happy , Excited , Nervous",2024-11-09 17:16:41,7,True,1.0,2.0,False,year: 2024 month: 11 day: 09,1.5842965841293335,1.3579671382904053
132,3074,"Tired , Nervous , Anxious",2024-11-10 12:47:06,7,True,-1.0,0.0,False,year: 2024 month: 11 day: 10,-0.9318050742149353,1.0267246961593628
132,3075,"Content , Relaxed , Tired",2024-11-10 17:02:33,7,True,1.0,1.0,False,year: 2024 month: 11 day: 10,0.8879196643829346,0.5497892498970032
132,3077,"Tired , Anxious , Overwhelmed",2024-11-11 17:46:08,7,True,0.0,1.0,False,year: 2024 month: 11 day: 11,-0.21687394380569458,1.0230005979537964
132,3078,"Nervous , Unsure , Overwhelmed",2024-11-11 22:02:04,7,True,-1.0,2.0,False,year: 2024 month: 11 day: 11,-1.0973994731903076,1.424817442893982
132,3079,"Angry , Upset , Nervous",2024-11-12 12:22:23,7,True,-1.0,2.0,False,year: 2024 month: 11 day: 12,-0.9514639377593994,1.630029320716858
132,3081,"Tired , Anxious , Overwhelmed",2024-11-12 17:36:19,7,True,-2.0,0.0,False,year: 2024 month: 11 day: 12,-0.2396261990070343,1.0188384056091309
132,3083,"Tired , Sad , Nervous",2024-11-13 12:31:49,7,True,-1.0,0.0,False,year: 2024 month: 11 day: 13,-1.4296627044677734,0.6864426732063293
132,3089,"Happy , Content , Accomplished",2024-11-16 12:59:15,7,True,1.0,1.0,False,year: 2024 month: 11 day: 16,1.4726659059524536,1.186105489730835
132,3090,"Tired , Exasperated , Overwhelmed",2024-11-16 17:40:27,7,True,-1.0,0.0,False,year: 2024 month: 11 day: 16,-1.5525213479995728,0.6554734706878662
132,3093,"Content , Calm , Rested",2024-11-17 12:43:48,7,True,0.0,1.0,False,year: 2024 month: 11 day: 17,1.2754489183425903,0.6374192237854004
132,3094,"Tired , Overwhelmed , Worried , Anxious",2024-11-17 17:02:07,7,True,-1.0,2.0,False,year: 2024 month: 11 day: 17,-1.1294136047363281,0.6035469174385071
132,3097,"Angry , Frustrated , Tired",2024-11-19 17:27:24,7,True,-2.0,2.0,False,year: 2024 month: 11 day: 19,-0.8559326529502869,1.527010440826416
156,3962,"I am currently feeling content . I have a few plans in place this weekend so I am just thinking about that . I feel a little bit anxious about money because I am not getting paid until Tues . Therefore , I am trying to brainstorm ways that I can get some cheap yet fulfilling groceries for my self and my son to last until Tues . I feel somewhat accomplished , because I received some potentially good news in the mail regarding my student loans so that puts me at ease . I am feeling a little bit anxious and curious about the upcoming month , tomorrow is my son’s last day of summer school . He will be home with me until he starts school again in September . Therefore , I need to come up with a set schedule that can be fulfilling and fun for him . I also feel relaxed . I am laying in bed with my 5year old son waiting for him to fall asleep . I am watching a show on ORG  , called The Boys .",2024-08-08 22:01:07,7,False,2.0,0.0,False,year: 2024 month: 08 day: 08,0.9328636527061462,0.6031155586242676
156,3968,I am feeling ok . I am trying to clean my apartment and made some progress so I feel content . I still have a long way to go . I Went to the park with my son and we had a nice walk so that was good . He looks pretty content also . So no bad for a Sunday evening . We are both chilled and content right now . Looking forward to having a productive week as well .,2024-08-11 22:00:55,7,False,1.0,0.0,False,year: 2024 month: 08 day: 11,0.9087530970573425,0.41452738642692566
156,3969,It’s Monday morning and I am ready to tackle the day . My son is home with me on vacation so I am going to take him to the park . Then I am going to run some errands . It’s very hot outside but it will still be nice to be outside . I felt overwhelmed earlier because my place is a mess but I’m not going to let that get to me . I will feel better when I get back inside .,2024-08-12 12:02:55,7,False,2.0,2.0,False,year: 2024 month: 08 day: 12,0.39170700311660767,1.3351757526397705
156,3970,Feeling a bit overwhelmed . My son is home on vacation and I feel bad that I don’t have the money to take him somewhere fun . I am trying to come up with some creative ideas . In the meantime I do hope he can take a nap .,2024-08-12 17:51:44,7,False,-2.0,2.0,False,year: 2024 month: 08 day: 12,-0.7206225991249084,1.4730645418167114
156,3974,I feel calm and content . My son and I took a nap earlier and I am up but he is still sleeping . I am just strolling on the web and social media . Had a good day out with my mom earlier . My son is learning how to play ball with me .,2024-08-13 22:48:29,7,False,2.0,0.0,False,year: 2024 month: 08 day: 13,1.26975417137146,0.25637736916542053
156,3975,I guess I’m ok . I have a lot to do and I am feeling overwhelmed . I just don’t know where to start so I feel frozen . I am trying to find smaller things to tackle so I can feel somewhat accomplished . Usually I procrastinate by oversleeping but since my son is home I cannot do that so I guess that is a blessing so I can face what is in front of me .,2024-08-14 17:19:07,7,False,-1.0,2.0,False,year: 2024 month: 08 day: 14,-0.4883457124233246,1.0308233499526978
156,3976,I’m doing ok this morning . It was hard for me to get up at first but now I am ready to tackle the day . I texted with my mom and sister and a friend this morning so that is good . My son is playing . It is very hot outside not sure I’m going outside but I hope to have a good day .,2024-08-15 12:23:44,7,False,2.0,0.0,False,year: 2024 month: 08 day: 15,0.25983184576034546,0.8232465982437134
156,3977,I’m a little agitated right now because my son is having a meltdown . I just don’t know how to help him when he does this . He is five hours old and on the spectrum . This happens when there is a change in his schedule and he has been home on vacation with me so I guess that is the change that he is struggling with .,2024-08-15 22:08:13,7,False,2.0,0.0,False,year: 2024 month: 08 day: 15,-0.8125878572463989,1.7950876951217651
156,3978,Looking forward to spending the day with my mom . We are going to go shopping and run some errands . We are very close and I always have a good day when I see her . It is hot outside but we will be in her car mostly .,2024-08-16 12:11:47,7,False,2.0,2.0,False,year: 2024 month: 08 day: 16,0.9298571944236755,1.6709976196289062
156,3980,Took a nap so I am feeling awake right now . Will try to get some housework done . It is the weekend so there is much to prepare for the upcoming week . I have some work-related projects to complete as well .,2024-08-16 22:43:51,7,False,2.0,2.0,False,year: 2024 month: 08 day: 16,0.04168659448623657,0.7099266648292542
156,3981,"I feel calm and content . We went food shopping and played a little bit . I wanted to do more but I’m ok with what I accomplished today . I hope that I can do more tomorrow , as I will have company over on Thursday .",2024-08-17 22:12:36,7,False,2.0,0.0,False,year: 2024 month: 08 day: 17,1.4095432758331299,0.25925344228744507
156,3983,"Feeling content and calm . I didn’t really accomplish anything today , just the basics but I will give myself a pass because it’s a Sunday . I do hope to be more productive this week . There really is so much that I need to accomplish .",2024-08-18 22:01:55,7,False,2.0,0.0,False,year: 2024 month: 08 day: 18,1.4285798072814941,0.2916755676269531
156,3985,Feeling good . Accomplished a few things this morning . Looking forward to some work-related projects coming up . I am also applying to grad school so I’m looking forward to that . My son appears to be content as well so that always makes me happy .,2024-08-19 17:13:32,7,False,2.0,0.0,False,year: 2024 month: 08 day: 19,1.7279939651489258,0.9239475727081299
156,3987,I am feeling just ok . I feel a little bit accomplished but there is so much more to be done . Looking forward to next week when I get paid I am really stretched out the grocery prices are just out of control .,2024-08-20 22:01:27,7,False,0.0,1.0,False,year: 2024 month: 08 day: 20,0.4287305176258087,0.9069089293479919
156,3996,I’m ok . I really don’t have much to say . I have a lot on my mi d right now . I’m worried about money . I am worried about all that needs to be done . There is a lot that needs to be done and I don’t have enough energy .,2024-08-21 12:51:59,7,False,0.0,1.0,False,year: 2024 month: 08 day: 21,-0.08798804134130478,0.6697807908058167
156,3998,Feeling content and calm . Took a nap . Feeling better than earlier . Family member lent me some money and another family member will be sending me money as well so I feel much better . I am trying to stay positive and take it one day at a time .,2024-08-21 22:00:46,7,False,2.0,0.0,False,year: 2024 month: 08 day: 21,1.4861853122711182,0.26651838421821594
156,3963,"Anxious , Worried , Annoyed , Tired , Reflective",2024-08-09 12:16:12,7,True,-1.0,2.0,False,year: 2024 month: 08 day: 09,-0.6633502244949341,1.359391212463379
156,3964,"Relaxed , Content , Happy , Full , Enjoying",2024-08-10 17:25:20,7,True,2.0,2.0,False,year: 2024 month: 08 day: 10,1.6679195165634155,0.6898974776268005
156,3965,"Tired , Content , Focused , Relaxed , Dreamy",2024-08-10 22:08:18,7,True,0.0,0.0,False,year: 2024 month: 08 day: 10,0.09165690094232559,0.4202340245246887
156,3966,"Accomplished , Tired , Relaxed , Hopeful , Content",2024-08-11 12:55:51,7,True,2.0,0.0,False,year: 2024 month: 08 day: 11,0.9229158759117126,0.6332071423530579
156,3967,"Annoyed , Tired , Hopeful , Fed up , Determined",2024-08-11 17:33:41,7,True,0.0,1.0,False,year: 2024 month: 08 day: 11,-0.529690146446228,1.3019654750823975
156,3971,"Relaxed , Calm , Tired , Stationary , Peaceful",2024-08-12 22:00:56,7,True,0.0,1.0,False,year: 2024 month: 08 day: 12,1.2031984329223633,0.346157431602478
156,3972,"Calm , Relaxed , Content , Hopeful , Curious",2024-08-13 12:37:55,7,True,1.0,0.0,False,year: 2024 month: 08 day: 13,1.2068127393722534,0.6007698774337769
156,3973,"Calm , Chill , Content , Satisfied , Accomplished",2024-08-13 17:01:02,7,True,2.0,0.0,False,year: 2024 month: 08 day: 13,1.4716137647628784,0.4562399089336395
156,3979,"Calm , Relaxed , Content , Accomplished , Curious",2024-08-16 17:53:01,7,True,2.0,0.0,False,year: 2024 month: 08 day: 16,1.2769173383712769,0.5631876587867737
156,3982,"Calm , Content , Quiet , Chill , Relaxed",2024-08-18 17:00:54,7,True,0.0,0.0,False,year: 2024 month: 08 day: 18,1.2343519926071167,0.4032212197780609
156,3984,"Hopeful , Focused , Determined , Good , Lively",2024-08-19 12:25:28,7,True,2.0,2.0,False,year: 2024 month: 08 day: 19,0.9021746516227722,1.4366705417633057
156,3986,"Tired , Worn out , Unmotivated , Guilty , Lazy",2024-08-20 12:31:03,7,True,-1.0,0.0,False,year: 2024 month: 08 day: 20,-1.0265249013900757,0.12381913512945175
156,3997,"Relaxed , Calm , Content , Tired , Happy",2024-08-21 17:33:14,7,True,2.0,0.0,False,year: 2024 month: 08 day: 21,1.5292855501174927,0.5717191696166992
157,3999,"I am feeling a bit sad , but not too sad . I have a feeling of doubt and regret . I feel like the world is a bit too tough for me .\ n "" My heart is heavy . I feel empty , lost , and alone .   and smiles feel forced . The world is dull and grey , devoid of joy . Every task feels like a mountain . I ' m trapped in sadness , searching for hope . Memories of happiness remind me of what ' s lost . I ' m suffocating in this darkness . Longing for escape , but stuck in pain .""",2024-08-21 12:03:13,7,False,-1.0,1.0,False,year: 2024 month: 08 day: 21,-1.3311342000961304,0.7592118978500366
157,4000,"Dispirited , Sad , Confused , Annoyed , Calm",2024-08-21 17:01:08,7,True,0.0,0.0,False,year: 2024 month: 08 day: 21,-1.1477035284042358,1.015964150428772
157,4001,"""Ugh , I feel tired , slow , and unmotivated today , like I ' m moving through molasses and can ' t seem to get anything done . My brain is foggy , my body aches , and all I want to do is curl up on the couch and take a nap . Every task seems overwhelming and I just can ' t muster up the energy to care . I ' m stuck in a rut and don ' t know how to get out of it .""",2024-08-22 12:01:00,7,False,-1.0,0.0,False,year: 2024 month: 08 day: 22,-1.7092905044555664,0.180063396692276
157,4002,"Happy , Excited , Delightful , High spirited , Joyful",2024-08-22 22:26:05,7,True,1.0,1.0,False,year: 2024 month: 08 day: 22,1.7161318063735962,1.2585701942443848
157,4003,"""Ugh , feeling really sluggish today . No energy , no motivation . Just want to stay in bed and snooze the day away . Every task feels like a huge mountain to climb . Even getting out of pajamas seems like too much effort . Need a boost to get going !""",2024-08-23 12:01:48,7,False,0.0,2.0,False,year: 2024 month: 08 day: 23,-1.5942960977554321,0.14570264518260956
157,4004,"Active , Happy , Energized , Joyful , Delighted",2024-08-23 17:02:47,7,True,0.0,2.0,False,year: 2024 month: 08 day: 23,0.7488985657691956,1.915823221206665
157,4005,"Joyful , Strong , Motivated , Active , Happy",2024-08-23 22:22:22,7,True,2.0,2.0,False,year: 2024 month: 08 day: 23,1.2736021280288696,1.3416582345962524
157,4006,"I have been Feeling quiet is like being wrapped in a warm blanket on a chilly day . It ' s a sense of stillness that calms the mind and soothes the soul . In the quiet , I find peace and clarity , away from life ' s chaos and noise . It ' s a moment to breathe , reflect , and recharge , letting go of worries and embracing the serenity within .""",2024-08-24 12:48:49,7,False,0.0,0.0,False,year: 2024 month: 08 day: 24,0.09971462935209274,0.2681283950805664
157,4007,"Normal , Curious , Enthusiastic , Creative , Peaceful",2024-08-24 22:38:15,7,True,0.0,1.0,False,year: 2024 month: 08 day: 24,0.38414567708969116,1.315168857574463
157,4008,"""Oh , what an incredible rush ! I ' m bursting with excitement , my heart racing with anticipation ! Every fiber of my being is electric , like a spark has ignited a fire within me . I can barely contain my enthusiasm , my mind racing with possibilities . It ' s like a dream come true , and I ' m walking on air , beaming with joy . The world feels full of promise , and I ' m ready to take on the day with unbridled energy and passion !""",2024-08-25 12:36:13,7,False,1.0,1.0,False,year: 2024 month: 08 day: 25,1.3693326711654663,1.9489346742630005
157,4009,"Sad , Confused , Angry , Curious , Empty",2024-08-26 12:00:42,7,True,-1.0,1.0,False,year: 2024 month: 08 day: 26,-1.2785727977752686,1.0960906744003296
157,4010,"Quiet , Sas , Normal , Empty , Neutral",2024-08-26 17:03:05,7,True,0.0,1.0,False,year: 2024 month: 08 day: 26,-0.1761651635169983,0.5859038233757019
157,4011,"Sad , Cofused , Quiet , Free , Down",2024-08-29 12:04:22,7,True,1.0,1.0,False,year: 2024 month: 08 day: 29,-1.0862364768981934,0.7133778929710388
157,4012,"I ' m feeling really sluggish today . My body feels heavy and my mind is foggy . I ' m struggling to focus and get motivated . Every task seems like a chore and I just want to curl up and take a nap . My energy levels are depleted and I ' m moving at a slow pace . I hope a cup of coffee or some fresh air can help shake off this sluggishness and get me back to my normal self .""",2024-08-29 17:29:34,7,False,-1.0,0.0,False,year: 2024 month: 08 day: 29,-1.7266912460327148,0.2730552554130554
157,4013,"I ' m feeling really down today . A heavy sadness is weighing on my heart and mind . Everything seems dull and grey , and I ' m struggling to find joy in things I normally love . My thoughts are consumed by worries and regrets , and I can ' t shake off the feeling of emptiness . I feel disconnected from the world around me and just want to retreat into myself . Even small tasks feel overwhelming , and I ' m longing for comfort and solace . I hope this sadness will lift soon , and I ' ll find my way back to happiness and peace .""",2024-08-29 22:14:18,7,False,-1.0,1.0,False,year: 2024 month: 08 day: 29,-1.3479621410369873,0.5107541680335999
157,4014,"Bright , Light , Happy , Delighted , Great",2024-08-30 12:42:56,7,True,0.0,2.0,False,year: 2024 month: 08 day: 30,1.5927473306655884,1.0963245630264282
157,4015,"Normal , Silent , Quiet , Sluggish , Down",2024-08-30 17:43:06,7,True,0.0,0.0,False,year: 2024 month: 08 day: 30,-0.34124302864074707,0.5776172280311584
157,4017,"Happy , Excited , Joyful , Delightful , Greatful",2024-08-31 17:16:23,7,True,2.0,1.0,False,year: 2024 month: 08 day: 31,1.7315044403076172,1.2375668287277222
157,4018,"Tired , Sleepy , Sad , Quiet , Sluggish",2024-09-01 22:18:55,7,True,0.0,0.0,False,year: 2024 month: 09 day: 01,-1.2159056663513184,0.23306012153625488
157,4019,"I ' m feeling really down and sad today . Everything seems grey and dull . I ' m struggling to find joy in things I normally love . My heart feels heavy and my mind is filled with worries . I just want to curl up and hide from the world . I ' m feeling overwhelmed and alone , like no one understands me . I wish I could shake off this sadness and feel happy again .""",2024-09-02 12:41:04,7,False,-1.0,1.0,False,year: 2024 month: 09 day: 02,-1.4281327724456787,0.6050186157226562
157,4020,"""Feeling quiet is like being wrapped in a warm blanket on a chilly day . It ' s a sense of stillness that calms the mind and soothes the soul . In the quiet , I find peace and clarity , away from life ' s chaos and noise . It ' s a moment to breathe , reflect , and recharge , letting go of worries and embracing the serenity within .""",2024-09-02 17:00:30,7,False,1.0,1.0,False,year: 2024 month: 09 day: 02,0.5610272288322449,0.17335666716098785
157,4021,"Happy , Delighted , Joyful , Cheerful , Happy",2024-09-03 22:05:44,7,True,1.0,1.0,False,year: 2024 month: 09 day: 03,1.8073912858963013,0.9863057732582092
157,4022,"Feeling active is like a sunny day - energized , lively , and ready for anything . It ' s that inner buzz that keeps you moving , exploring , and embracing life with zest . Being active means feeling alive , motivated , and full of vitality , making each moment vibrant and exciting .",2024-09-05 12:32:55,7,False,1.0,1.0,False,year: 2024 month: 09 day: 05,1.317544937133789,1.6900043487548828
84,207,It is a holiday day . I am at home with my family . We went kayaking earlier today and it was a very good morning . At the moment I am watching a show that I enjoy . It is a very pleasant and relaxing day .,2024-10-14 17:43:19,7,False,0.0,1.0,False,year: 2024 month: 10 day: 14,0.7953388094902039,1.1009492874145508
84,208,"I am currently feeling ok . I have to pack bags to go back to the city , so I am just trying to focus on all the thing that I need to pack . The day is almost over and I feel focused .   Today was a nice and relaxing day .",2024-10-14 22:02:41,7,False,0.0,1.0,False,year: 2024 month: 10 day: 14,0.4717327952384949,0.5979160666465759
84,209,"It is a first day after the long holiday and I am at work right now , it is very busy right now so I am trying to get work done . Other than that echos going good just the way it is supposed to be . I feel good and full of energy to get my work done .",2024-10-15 12:09:25,7,False,0.0,2.0,False,year: 2024 month: 10 day: 15,1.0508161783218384,1.5966954231262207
84,210,"i am currently feeling very busy because of the work that i need to do and things that need to be taken care of . So , at the moment that is what I am doing . I have nothing else to \ n add to what i already wrote .",2024-10-15 17:12:07,7,False,0.0,2.0,False,year: 2024 month: 10 day: 15,-0.21745729446411133,1.479949951171875
84,211,"It is W morning . I am at work , starting my day   and trying to see what needs to get done first . I have a busy day ahead . Feeling good in general . No complains , everything seems to be going ok . doing what i have to do .",2024-10-16 12:01:54,7,False,1.0,2.0,False,year: 2024 month: 10 day: 16,1.5842317342758179,1.0091134309768677
84,212,"i am continuing to do my work . Iti s the middle of the work day and everyone is working , myself included . I feel fine , doing things that need to get done today . The day is going just the way it has to .",2024-10-16 17:01:55,7,False,1.0,0.0,False,year: 2024 month: 10 day: 16,1.6395044326782227,0.42746829986572266
84,214,I am feeling good . Doing my work and trying to finish up everything I have started earlier today . I had a busy day and many things need to be completed before i go home today . I will try and do it withing 1 hour or so .,2024-10-17 17:05:43,7,False,0.0,2.0,False,year: 2024 month: 10 day: 17,0.5945816040039062,1.04940927028656
84,219,I am relaxing and watching a movie . It is a very pleasant and peaceful Sanctuary evening . I am waiting for my older son to get home so I can completely relax and just enjoy the rest of the Saturday evening with my family ..,2024-10-19 22:19:20,7,False,2.0,0.0,False,year: 2024 month: 10 day: 19,0.31176450848579407,0.505568265914917
84,220,"I am feeling good , happy , relaxed and enjoying this Sunday morning with my family . It is a beautiful fall morning and it feels nice to be home without having to rush anywhere or do anything . I love this feeling .",2024-10-20 12:28:32,7,False,1.0,1.0,False,year: 2024 month: 10 day: 20,1.7302749156951904,1.0509095191955566
84,221,"It is Monday morning . Beginning of the work week and school week . Do , I am feeling busy at work , doing everything that needs to get done . Getting ready for whatever needs to happen today . Feeling good in general .",2024-10-21 12:17:33,7,False,0.0,2.0,False,year: 2024 month: 10 day: 21,1.0355262756347656,1.6322225332260132
84,222,"I am currently feeling good , working and doing my job . everything is going smooth . Iti safter 3 pm so in about 2 hours it will be time to go home . I am happy about that too . I do miss my family . cannot wait to see everyone .",2024-10-21 17:06:49,7,False,2.0,2.0,False,year: 2024 month: 10 day: 21,1.4899487495422363,0.9356019496917725
84,224,"It is 3pm , towards the end of my work day . It has been a busy day , with many people   to be taken care of and many tasks to complete . So , I am still very busy trying to complete tasks   I need to do it before",2024-10-22 17:00:37,7,False,2.0,2.0,False,year: 2024 month: 10 day: 22,-0.0320671871304512,1.950408697128296
84,225,"I had a good and busy evening with my family . When I got home from work kids asked to make crepes with Nutella . We ate together . I checked my youngest homework . I made fish later on , cleaned and feeling good .",2024-10-22 22:08:29,7,False,1.0,2.0,False,year: 2024 month: 10 day: 22,0.5574246644973755,1.3692338466644287
84,233,It is Friday and I literally need my boss to leave so I can go too and take my kid to a Halloween party . I am feeling good and happy but definitely ready to go . It had been a good day and a good week .,2024-10-25 17:01:14,7,False,1.0,2.0,False,year: 2024 month: 10 day: 25,1.561653971672058,1.2955774068832397
84,235,"Feeling quiet and just mellow . It is grey out and I just want to stay home and get cozy , watch tv , eat , sleep and read and honestly nothing else . Fall mood .   I had a super busy day yesterday and today I want to stay still .",2024-10-26 17:18:06,7,False,0.0,1.0,False,year: 2024 month: 10 day: 26,-0.15266847610473633,0.40052515268325806
84,236,It is Sunday morning . I just woke up recently and feeling relaxed and quiet . We are going to make breakfast and after that we will play a board game or 2 . It is a very nice Sunday morning and everything is perfect .,2024-10-27 12:50:16,7,False,1.0,0.0,False,year: 2024 month: 10 day: 27,0.8848817348480225,0.6183359026908875
84,237,"I am feeling good , happy , relaxed . I am enjoying this Sunday with my kids and my husband . It is gorgeous day , the sun is warm and inviting and it feels really good . I am happy to have another beautiful weekend .",2024-10-27 17:53:47,7,False,2.0,0.0,False,year: 2024 month: 10 day: 27,1.4513063430786133,1.175878882408142
84,239,I am having a very pleasant evening with my family . It is very pleasant and relaxing . Tomorrow is Monday and we all had a very relaxing time . We will be traveling back to   GPE  soon .. I has been great over all,2024-10-27 22:09:10,7,False,1.0,0.0,False,year: 2024 month: 10 day: 27,1.1630382537841797,0.7958011031150818
84,213,"energetic , lively , busy , excited , happy",2024-10-17 12:03:51,7,True,0.0,2.0,False,year: 2024 month: 10 day: 17,0.7668857574462891,2.0217392444610596
84,215,"Calm , Relaxed , Sleepy , Rested , Peaceful",2024-10-17 22:25:02,7,True,0.0,0.0,False,year: 2024 month: 10 day: 17,1.3769981861114502,0.26480332016944885
84,217,"active , energetic , busy , occupied , under pressure",2024-10-18 12:24:52,7,True,1.0,2.0,False,year: 2024 month: 10 day: 18,0.06837452203035355,2.135263442993164
84,218,"Lively , Active , Organized , Focused , Determined",2024-10-18 17:01:31,7,True,0.0,2.0,False,year: 2024 month: 10 day: 18,0.5834437608718872,1.9340790510177612
84,223,"Great , Active , Busy , Occupied , Happy",2024-10-22 12:45:14,7,True,0.0,2.0,False,year: 2024 month: 10 day: 22,0.8096159100532532,1.7503137588500977
84,226,"Active , Busy , Happy , Determined , Excited",2024-10-23 12:13:47,7,True,1.0,2.0,False,year: 2024 month: 10 day: 23,0.40148353576660156,2.06594181060791
84,228,"Happy , Busy , Focused , Determined , Enthusiastic",2024-10-23 17:12:24,7,True,0.0,2.0,False,year: 2024 month: 10 day: 23,1.3381438255310059,1.5015677213668823
84,229,"Cozy , Relaxed , Quite , Peaceful , Happy",2024-10-23 22:11:47,7,True,0.0,0.0,False,year: 2024 month: 10 day: 23,1.392606258392334,0.5864124894142151
84,230,"Excited , Busy , Hopefull , Happy , Energetic",2024-10-24 12:10:48,7,True,1.0,2.0,False,year: 2024 month: 10 day: 24,1.5849326848983765,1.496301531791687
84,231,"Busy , Determined , Enthusiastic , Happy , Energetic",2024-10-24 17:09:38,7,True,0.0,2.0,False,year: 2024 month: 10 day: 24,0.7038851380348206,1.7452764511108398
84,232,"Active , Busy , Enthusiastic , Happy , Excited",2024-10-25 12:41:12,7,True,0.0,2.0,False,year: 2024 month: 10 day: 25,0.5143768191337585,2.0213541984558105
84,234,"Relaxed , Calm , Content , Happy , Joyful",2024-10-26 12:24:38,7,True,0.0,0.0,False,year: 2024 month: 10 day: 26,1.689850091934204,0.6069648861885071
165,4205,"I started being active not quite long , have been alone at home since watching news on social media , I ' m just alone , I ' m just calm because I ' m the only one at home nobody to talk to and after pressing and then I went online to do some research about until one of my friend came in today to say hello to me .",2024-08-25 22:27:42,7,False,0.0,2.0,False,year: 2024 month: 08 day: 25,-0.03546147793531418,0.9428916573524475
165,4206,"I love the way I ' m feeling today cause I don ' t really want to talk too much , I ' m okay with the way I am , just being cool and calm , lowkey , every still I ' m just the only one working lowkey from home because I have some unfinished project .",2024-08-26 12:16:53,7,False,1.0,1.0,False,year: 2024 month: 08 day: 26,1.7795934677124023,0.9334452152252197
165,4207,"I ' m active , my eyes are open , I followed a friend to a bar , to have some drinks together and discuss on how our life is going to better and discuss more on our current issue with life and how things has been going us and our family .",2024-08-26 22:03:15,7,False,0.0,2.0,False,year: 2024 month: 08 day: 26,0.5969988703727722,1.764554738998413
165,4208,"I ' m sluggish today but I don ' t know why , I ' m just thinking maybe because am broke or something , have been hoping for money , I ' m very dull even a friend of my told me I was so choked because it was so obvious and I asked my friend and he feel so concerned .",2024-08-29 17:20:20,7,False,-1.0,0.0,False,year: 2024 month: 08 day: 29,-1.6520217657089233,0.3423061668872833
165,4215,"I feel good and I also feel loved by someone today , my day was lively because I mingled with alot of people today and I make new friends today and they also love me too and they came to my house to play .",2024-09-04 22:48:57,7,False,1.0,1.0,False,year: 2024 month: 09 day: 04,1.3012970685958862,1.2258260250091553
165,4218,"I ' m feeling good today , everything about was good to me and am still having fun , and everything is going smoothly , I went to visit one of my long time friend today , we played alot of games like chess .",2024-09-06 22:01:14,7,False,1.0,2.0,False,year: 2024 month: 09 day: 06,1.6581975221633911,0.8186954259872437
165,4220,"I ' m feeling Good and okay , I have been alone today I ' m just sitting down watching how everything is going , have been alone since morning   we don ' t have any issue with anybody we are just trying to   be .",2024-09-07 22:02:02,7,False,0.0,1.0,False,year: 2024 month: 09 day: 07,1.4525668621063232,0.22111600637435913
165,4223,"I have okay and happy , have been listening to my favorite songs sing and it has been making me to be happy and feeling good , have been alone in the room singing loud , my neighbour even came to check up on me , may be there nothing wrong .",2024-09-08 22:02:55,7,False,0.0,2.0,False,year: 2024 month: 09 day: 08,0.8717659711837769,0.9552823901176453
165,4224,"I have been feeling down since , I did not have any money with me and I ' m still in debt and have been planning to borrow more when have not pay off the one on ground , have been thinking about alot of things that I can start doing that can increase my income rate .",2024-09-09 17:25:06,7,False,0.0,1.0,False,year: 2024 month: 09 day: 09,-1.6281850337982178,0.4228437840938568
165,4209,"Active , Calm , Nice , Good , Amazing",2024-08-30 12:43:18,7,True,0.0,1.0,False,year: 2024 month: 08 day: 30,0.5293166637420654,1.6959599256515503
165,4210,"Amazing , Cool , Awsome , Good , Okay",2024-08-31 22:30:26,7,True,1.0,1.0,False,year: 2024 month: 08 day: 31,0.9210198521614075,1.4178956747055054
165,4211,"Active , Strong , Healthy , Good , Calm",2024-09-01 12:36:09,7,True,0.0,1.0,False,year: 2024 month: 09 day: 01,0.42532795667648315,1.9562660455703735
165,4212,"Quiet , Cool , Calm , Good , Active",2024-09-03 12:46:35,7,True,0.0,0.0,False,year: 2024 month: 09 day: 03,0.0799260064959526,0.3860865831375122
165,4213,"Lively , Happy , Good , Happy , Active",2024-09-03 22:23:37,7,True,1.0,1.0,False,year: 2024 month: 09 day: 03,1.3609914779663086,1.4479018449783325
165,4214,"Good , Lively , Active , Sharp , Okay",2024-09-04 17:41:47,7,True,0.0,1.0,False,year: 2024 month: 09 day: 04,0.9950467944145203,1.476618766784668
165,4216,"Good , Neutral , Calm , Good , Cool",2024-09-05 12:13:41,7,True,0.0,1.0,False,year: 2024 month: 09 day: 05,0.5848214626312256,0.9323598146438599
165,4217,"Good , Happy , Awesome , Excellent , Active",2024-09-05 22:18:54,7,True,2.0,1.0,False,year: 2024 month: 09 day: 05,1.4791396856307983,1.2313199043273926
165,4219,"Cheerful , Jovial , Anxious , Awesome , Active",2024-09-07 17:12:52,7,True,0.0,1.0,False,year: 2024 month: 09 day: 07,1.380534291267395,1.2629120349884033
165,4221,"Good , Calm , ACTIVE , Awesome , Jovial",2024-09-08 12:11:11,7,True,0.0,2.0,False,year: 2024 month: 09 day: 08,1.4734193086624146,0.9357241988182068
165,4222,"Good , Creative , Active , Cool , Calm",2024-09-08 17:35:29,7,True,1.0,0.0,False,year: 2024 month: 09 day: 08,1.083951711654663,1.2525326013565063
165,4225,"Quiet , Sad , Down , Calm , Sluggish",2024-09-09 22:01:16,7,True,0.0,0.0,False,year: 2024 month: 09 day: 09,-0.5508829951286316,0.4641008675098419
130,3018,"tired , overwhelmed , anxious , cold , na",2024-12-06 12:00:20,7,True,-1.0,0.0,False,year: 2024 month: 12 day: 06,-1.4836182594299316,0.7095994353294373
130,3019,"I am feeling more awake , and productive ! Went on a run so feeling the endorphins . I got some work done and going to do more and relax for the rest of the day . A little bit of brain fog too , but less than the morning .",2024-12-06 17:13:20,7,False,0.0,2.0,False,year: 2024 month: 12 day: 06,0.19844090938568115,1.230460286140442
130,3020,"I am feeling very sleepy from the day . I feel like I did a lot of studying and was productive , but at the same time it took the whole day and now I am like oh wow where did the day go ! But I stopped doing work and going to unwind now , so looking forward to that ! And feeling less anxious than I was in the morning . Happy I got a workout in too !",2024-12-06 22:00:41,7,False,-1.0,0.0,False,year: 2024 month: 12 day: 06,-0.5335965752601624,0.14288781583309174
130,3021,I went on a run and ate breakfast and lunch so I am feeling more lively than I was in the morning . I am feeling stressed about my responsibilities but I always feel like those stressors hang over me often . I am also excited because I am seeing a friend and hoping it’s a nice change in routine and scenery . Hoping the lively energy continues throughout the day,2024-12-07 17:00:19,7,False,1.0,2.0,False,year: 2024 month: 12 day: 07,1.2804797887802124,1.6094468832015991
130,3022,"sluggish , hungry , stressed , anxious , sleepy",2024-12-08 12:44:41,7,True,0.0,0.0,False,year: 2024 month: 12 day: 08,-1.5426241159439087,0.3019064962863922
130,3023,"energized , stressed , anxious , sad , worried",2024-12-09 12:37:01,7,True,0.0,1.0,False,year: 2024 month: 12 day: 09,-0.29280906915664673,1.5762591361999512
130,3024,"exhausted , anxious , stressed , gloomy , hungry",2024-12-09 17:04:14,7,True,0.0,1.0,False,year: 2024 month: 12 day: 09,-1.4571456909179688,0.5494911074638367
130,3026,"exhausted , stressed , anxious , tachycardic , hungry",2024-12-09 22:00:18,7,True,0.0,2.0,False,year: 2024 month: 12 day: 09,-1.481552243232727,0.4708919823169708
130,3027,My friend is going through a lot and I empathize with her and I feel sad . She is going through a lot and I want to be there for her but also need to keep up with my responsibilities . So I am also feeling stressed and anxious about her situation and how I am going to process it and hold space for her too .,2024-12-10 17:02:12,7,False,-2.0,0.0,False,year: 2024 month: 12 day: 10,-1.2601715326309204,0.7924270033836365
130,3028,"exhausted , stressed , anxious , cold , hungry",2024-12-11 12:00:25,7,True,0.0,1.0,False,year: 2024 month: 12 day: 11,-1.4945013523101807,0.5137271285057068
130,3029,"stressed , anxious , exhausted , overwhelmed , cold",2024-12-11 17:00:18,7,True,0.0,1.0,False,year: 2024 month: 12 day: 11,-1.324078917503357,1.1352899074554443
130,3030,"exhausted , stressed , anxious , hungry , thirsty",2024-12-13 12:00:34,7,True,-1.0,0.0,False,year: 2024 month: 12 day: 13,-1.5181078910827637,0.52744060754776
130,3031,"I had a productive morning and early afternoon so feeling a bit more calmer , but still stressed . I am also spending time with family and loved ones , so it is a great company ! I am hoping to keep calm for the rest of the weekend so I can continue being productive . I am feeling emotionally exhausted from my week of supporting my friends , so I feel like I did not have enough space for myself . So I am trying to make more time for myself this weekend and next week !",2024-12-13 17:07:33,7,False,0.0,1.0,False,year: 2024 month: 12 day: 13,0.20056259632110596,0.8637198805809021
130,3032,Feeling stressed with school ! But trying to be productive . Also feeling cooped up inside so will go out for a run soon to relieve some stress and get some air . Trying to keep calm and grounded to get work done and get through the day today !,2024-12-14 17:00:27,7,False,0.0,1.0,False,year: 2024 month: 12 day: 14,-0.039041124284267426,0.7799070477485657
130,3033,"exhausted , stressed , satiated , anxious , brain fog",2024-12-14 22:00:13,7,True,-1.0,0.0,False,year: 2024 month: 12 day: 14,-1.488790512084961,0.30321818590164185
130,3034,"stressed , anxious , exhausted , cold , restless",2024-12-15 12:42:30,7,True,0.0,1.0,False,year: 2024 month: 12 day: 15,-1.2863441705703735,1.1048640012741089
130,3035,"I’m currently feeling both physically and mentally drained as I prepare for my exam tomorrow . The pressure of wanting to perform well has left me feeling stressed , and the sheer amount of material I need to review feels overwhelming at times . Despite my best efforts to stay focused , fatigue has started to set in , which makes it even harder to concentrate . I know how important this exam is for my progress , so I’m doing my best to push through these feelings and stay motivated . At the same time , I’m trying to remind myself to take small breaks and prioritize self-care so that I can approach the test with as much clarity and confidence as possible .",2024-12-15 17:10:19,7,False,0.0,1.0,False,year: 2024 month: 12 day: 15,-1.6481513977050781,0.31250882148742676
130,3038,"relieved , productive , exhausted , overwhelmed , Disoriented",2024-12-16 17:01:36,7,True,1.0,2.0,False,year: 2024 month: 12 day: 16,-0.16998285055160522,1.006650447845459
130,3039,"overwhelmed , sleepy , burnt out , happy to see my dogs , calm",2024-12-16 22:52:24,7,True,0.0,1.0,False,year: 2024 month: 12 day: 16,-1.085843801498413,0.5512380599975586
130,3040,"long day ! very overwhelming and stressful , it felt like a waste of my day , so it sucks ! but trying to be positive and make good use of the rest of my day . there is a lot going on and on my plate so it’s hard to manage everything and handle it well . very stressed !",2024-12-17 17:51:37,7,False,0.0,1.0,False,year: 2024 month: 12 day: 17,-1.522847294807434,0.8163973689079285
130,3041,"I am currently feeling incredibly tired and overwhelmed with everything going on in school . The constant stream of assignments , exams , and responsibilities is taking a toll on both my physical and mental energy . It feels like there’s always something more to do , and no matter how hard I try to stay organized or keep up , the workload just keeps piling up . \n \ nThe pressure to perform well and meet deadlines has left me feeling stretched thin , and it’s hard to find time to rest or recharge . Balancing academic demands with personal life feels almost impossible , and sometimes I question if I’ll ever catch up or feel on top of things again . Despite this , I know these challenges are temporary , and I’m trying to remind myself that perseverance and taking things one step at a time will help me push through .",2024-12-18 22:17:30,7,False,0.0,1.0,False,year: 2024 month: 12 day: 18,-1.8499493598937988,0.39505520462989807
130,3042,feeling overwhelmed and tired because of an early morning and long day ahead . feeling restless because we have been sitting since 8am and still have the whole day to go ! very stressed because i have a lot of things to do so a lot is on my mind and feeling anxious about it,2024-12-19 12:26:03,7,False,0.0,1.0,False,year: 2024 month: 12 day: 19,-1.7825305461883545,0.8161476254463196
159,4062,"I am feeling pretty confident about myself . I don’t feel down at all , which is pretty good ! I am very excited for what I get to do today since I get to teach !   I feel healthy and I feel optimistic . I am unsure what exactly will happen today but I am looking forward to it .",2024-10-31 12:04:25,7,False,2.0,0.0,False,year: 2024 month: 10 day: 31,1.698105812072754,1.1915842294692993
159,4063,I am finally back home from a 2 sessions of 3 hour classes I taught . My feet hurt quite a bit but I desperately want a hot shower . What a contradiction of wants ! I wish I had a functioning tub in the middle \ nof my living room .,2024-11-01 22:01:09,7,False,2.0,0.0,False,year: 2024 month: 11 day: 01,-0.21232879161834717,1.343322515487671
159,4064,"I am feeling a little groggy today after some rest after teaching . I am anticipating my delivery order right now because this a treat I am having for myself and partner . I really want to get my apartment clean again , it has been stressing out about the hygiene standards .",2024-11-02 12:01:35,7,False,2.0,0.0,False,year: 2024 month: 11 day: 02,-0.18788978457450867,0.5648313164710999
159,4068,I am very stressed at the moment because of technical malfunctions that happened over the weekend . I am pretty mad about having to make new templates for labels from scratch since it looks like the templates used for the past 5 years have vanished into thin air . I am pretty upset having to do some tedious work and spending my day fixing it .,2024-11-04 12:08:03,7,False,-2.0,2.0,False,year: 2024 month: 11 day: 04,-1.1048293113708496,1.7389416694641113
159,4069,I am excited to end the day and go home . I have so much I need to organize at home and I finally have all the pieces to get that going . I really really am eager to not be in my office . I have reached my limit with my mind wandering and answering emails and calls for today .,2024-11-04 17:06:27,7,False,1.0,0.0,False,year: 2024 month: 11 day: 04,0.3878084123134613,1.8731024265289307
159,4065,"Tired , Content , Curious , Middle of The Road , Sore",2024-11-02 22:01:58,7,True,2.0,0.0,False,year: 2024 month: 11 day: 02,0.0017541535198688507,0.4558926224708557
159,4066,"Tired , Hungry , Motivated , Lightheaded , Sore",2024-11-03 17:02:11,7,True,2.0,0.0,False,year: 2024 month: 11 day: 03,-0.17812177538871765,0.8954246640205383
159,4067,"tired , sorr , meh , not so bad , decent",2024-11-03 22:09:39,7,True,2.0,0.0,False,year: 2024 month: 11 day: 03,-0.8993813395500183,-0.03422269970178604
159,4070,"tired , sluggish , groggy , mildly frustrated , blah",2024-11-05 12:01:48,7,True,-1.0,0.0,False,year: 2024 month: 11 day: 05,-1.5747872591018677,-0.018286332488059998
159,4071,"tired , irritable , sore , sleepy , uninterested",2024-11-05 22:01:46,7,True,-2.0,0.0,False,year: 2024 month: 11 day: 05,-1.4054423570632935,0.21994349360466003
159,4072,"disappointed , deflated , tired , irritable , unwilling",2024-11-06 12:02:19,7,True,-2.0,0.0,False,year: 2024 month: 11 day: 06,-1.5338455438613892,0.7227259278297424
159,4073,"triggerhappy , angry , upset , bloodthirsty , Irritable",2024-11-06 17:01:34,7,True,1.0,2.0,False,year: 2024 month: 11 day: 06,-0.6795666217803955,1.8196237087249756
159,4074,"tired , irritable , sore , meh , blah",2024-11-06 22:53:22,7,True,0.0,1.0,False,year: 2024 month: 11 day: 06,-1.4213193655014038,0.2785046696662903
159,4075,"groggy , tired , meh , sleepy , underwhelmed",2024-11-07 12:02:06,7,True,-1.0,0.0,False,year: 2024 month: 11 day: 07,-1.394838571548462,0.08908569067716599
159,4076,"tired , blah , irritable , fatigued , sleepy",2024-11-07 17:02:01,7,True,-2.0,0.0,False,year: 2024 month: 11 day: 07,-1.3352298736572266,0.1826830357313156
159,4078,"neutral , a little tired , full , content , meh",2024-11-07 22:03:20,7,True,0.0,0.0,False,year: 2024 month: 11 day: 07,0.006143774837255478,0.9835007786750793
175,4477,I am excited to be going on vacation .   I ' m also nervous about getting from GPE  to GPE without hiccups .   I ' m hopeful we won ' t get bored .   GPE looks beautiful but I ' m afraid there won ' t be a lot to do .,2024-11-07 17:06:54,7,False,-2.0,0.0,False,year: 2024 month: 11 day: 07,1.1930469274520874,1.4688297510147095
175,4478,I am feeling tired because we didn ' t get much sleep on the plane .   I ' m feeling excited about walking all over GPE tomorrow .   I ' m happy we were able to find some inexpensive snacks and breakfast food for our room .,2024-11-08 12:18:44,7,False,-1.0,0.0,False,year: 2024 month: 11 day: 08,0.1155569925904274,0.30345895886421204
175,4479,I ' m happy to have spent a fun afternoon in GPE .   I ' m content with the burger I had for dinner and happy PERSON is always willing to share so we don ' t overeat .   I ' m looking forward to wandering home .   Wandering makes me happy .,2024-11-09 12:02:46,7,False,1.0,1.0,False,year: 2024 month: 11 day: 09,1.6368590593338013,0.815501868724823
175,4480,I ' m feeling quiet and content as I read and plan upcoming days . I ' m relaxed to be away from the crowds . I ' m somewhat anxious that we have just one phone charger . I ' s disappointed in myself for not running today .,2024-11-09 17:31:59,7,False,0.0,0.0,False,year: 2024 month: 11 day: 09,0.7764628529548645,0.1114787608385086
175,4484,I am bored in the passenger seat .   I am nervous about being the navigator .   I am nervous about riding in the car in GPE . I am nervous PERSON won ' t enjoy the rest of the trip if I plan it .   That ' s all .,2024-11-11 12:11:51,7,False,-1.0,0.0,False,year: 2024 month: 11 day: 11,-1.2957724332809448,0.8554193377494812
175,4485,I feel tired and sleepy .   I feel somewhat excited about getting a plan together for vacation .   I feel guilty for eating a ton of food .   I feel guilty for not running . I feel scared about . Wing a passenger in GPE .,2024-11-11 17:12:33,7,False,1.0,0.0,False,year: 2024 month: 11 day: 11,-0.6516038775444031,0.16499841213226318
175,4486,I ' m happy we drove without too much incident but concerned we lost a hubcap and will have to pay for it .   I ' m little bored in this small town .   I ' m happily anticipating dinner .   I ' m feeling guilty that I haven ' t run once since arriving because it ' s so cold .,2024-11-12 12:45:31,7,False,1.0,1.0,False,year: 2024 month: 11 day: 12,0.610386073589325,0.7863097786903381
175,4492,I ' m feeling quiet and content .   No plans makes me relaxed .   Not having a far drive tomorrow makes me less tense . I ' m happy to be seeing the ocean . I ' m hungry and optimistic my dinner will be delicious .   I ' m annoyed that my mother-in-law is pressuring me to post vacation photos .   She ' s not worried about us . Just worried that she ' s not seeing vacation photos .,2024-11-16 12:18:19,7,False,0.0,0.0,False,year: 2024 month: 11 day: 16,1.0277353525161743,0.12664854526519775
175,4495,I ' m basically happy .   I ' m . kind of bored sitting in our room but scared to go out because I don ' t know how safe the neighborhood is .   I ' m quite sleepy .   I ' m looking forward to being home in a few days .,2024-11-20 17:26:40,7,False,1.0,1.0,False,year: 2024 month: 11 day: 20,0.522608757019043,0.7606438398361206
175,4476,"Conflicted , Content , Reflective , Overwhelmed",2024-11-07 12:00:25,7,True,0.0,0.0,False,year: 2024 month: 11 day: 07,0.1386360228061676,0.8723464012145996
175,4481,"Antsy , Excited , Happy , Overstimulated , Annoyed",2024-11-09 22:00:17,7,True,1.0,0.0,False,year: 2024 month: 11 day: 09,0.7069758176803589,1.4547438621520996
175,4482,"Tired , Exhausted , Unenthusiastic",2024-11-10 12:00:22,7,True,-2.0,0.0,False,year: 2024 month: 11 day: 10,-1.133919596672058,0.2440871149301529
175,4483,"Unable to sleep , Nervous , Anxious",2024-11-10 17:00:21,7,True,-1.0,2.0,False,year: 2024 month: 11 day: 10,-1.432273507118225,1.0428694486618042
175,4487,"Relaxed , Annoyed , Sleepy , None",2024-11-12 17:20:42,7,True,1.0,0.0,False,year: 2024 month: 11 day: 12,0.2995857000350952,0.45142579078674316
175,4488,"Unsettled , Fearful , Annoyed",2024-11-13 17:00:16,7,True,-1.0,2.0,False,year: 2024 month: 11 day: 13,-0.9627805352210999,1.258988857269287
175,4489,"Bored , Tired , Disappointed",2024-11-14 12:04:09,7,True,-1.0,1.0,False,year: 2024 month: 11 day: 14,-1.2512941360473633,0.42616385221481323
175,4490,"Content , Nervous , Unfriendly , Agitated",2024-11-15 12:00:17,7,True,1.0,1.0,False,year: 2024 month: 11 day: 15,0.11290518194437027,1.5420165061950684
175,4491,"Sleepy , Relaxed , Bored",2024-11-15 17:04:40,7,True,-1.0,0.0,False,year: 2024 month: 11 day: 15,-0.24939247965812683,0.14403627812862396
175,4493,"Relaxed , Contented , Bored",2024-11-17 17:05:24,7,True,2.0,0.0,False,year: 2024 month: 11 day: 17,0.7645518779754639,0.4471642076969147
175,4494,"Sleepy , Sluggish , Unaccomplished , None",2024-11-19 17:22:05,7,True,-2.0,0.0,False,year: 2024 month: 11 day: 19,-1.471416711807251,-0.02550952136516571
129,2989,"Okay , Hopeful , Decent , Neutral , Content",2024-08-08 17:01:49,7,True,0.0,1.0,False,year: 2024 month: 08 day: 08,0.20658856630325317,1.1335500478744507
129,2990,I am feeling okay . I got a good amount of sleep and feel rested . i am able to work online some today so feel productive . I dont feel sick . I am alittle hungry though and looking forward to my nap later today . Im hoping the rest of the day goes good and I feel good the rest of the day . I guess we shall see .,2024-08-09 12:00:53,7,False,0.0,1.0,False,year: 2024 month: 08 day: 09,0.3929961025714874,0.5461305975914001
129,2991,"content , satisfied , neutral , busy , rested",2024-08-09 17:00:55,7,True,0.0,1.0,False,year: 2024 month: 08 day: 09,0.624588131904602,0.6714507937431335
129,2993,"tired , drained , sluggish , dragging , sick",2024-08-10 22:15:24,7,True,-2.0,0.0,False,year: 2024 month: 08 day: 10,-1.6632084846496582,0.012763314880430698
129,2994,Im okay . Im just tired atthe moment . I took a nap but still feel tired . I hope i will have more energy soon enough . Im ready for the day to be over a new day to start . Each day just goes by very slow . Tick tock . Thank you .,2024-08-11 17:13:14,7,False,-1.0,0.0,False,year: 2024 month: 08 day: 11,-0.5275542736053467,0.2220897376537323
129,2995,im feeling okay . its early so i am tired at the moment but trying to get some work done . my kids are home now but my oldest starts school next week so excited for that . just waiting for each day to be over and waiting for the end result which will be very exciting .,2024-08-12 12:01:27,7,False,0.0,1.0,False,year: 2024 month: 08 day: 12,0.48430687189102173,0.6312035918235779
129,2996,Im okay at the moment . Took a small nap so feel rested . About to get my kids up from their nap and get them a snack . Day has been going decent today . I feel satisfied and content with how it is . Thank you .,2024-08-12 17:05:08,7,False,1.0,0.0,False,year: 2024 month: 08 day: 12,0.9232185482978821,0.403644859790802
129,2997,"Content , Tired , Satisfied , Neutral , Sluggish",2024-08-12 22:06:02,7,True,0.0,1.0,False,year: 2024 month: 08 day: 12,0.0326671227812767,0.7140849232673645
129,2998,its still early and im tired at this point . I just want to go back to bed and sleep until tomorrow . This week has been going so slow . I think i need something to keep me busy and make the time go quicker . Its just dragging every day and its hard . Thanks so listening .,2024-08-13 12:02:41,7,False,0.0,1.0,False,year: 2024 month: 08 day: 13,-1.45188307762146,0.08720844238996506
129,2999,Im feeling okay at the moment . Got the kids up and brought them over to grandpas . Now im just enjoying some time alone at home . I can get some things done around the house . Thank you for listening to what i have to say .,2024-08-13 17:56:03,7,False,0.0,1.0,False,year: 2024 month: 08 day: 13,0.4772953987121582,0.5201063752174377
129,3000,Im currently feeling very tired and worn out . It has been a long day and im ready for the week to be over . I hope tomorrow is a better day and im not so tired . I hope i have a good sleep tonight and wake up feelibg refreshed .,2024-08-13 22:01:12,7,False,-2.0,0.0,False,year: 2024 month: 08 day: 13,-1.3089689016342163,-0.03158334642648697
129,3001,"neutral , content , satisfied , tired , busy",2024-08-14 12:01:44,7,True,0.0,1.0,False,year: 2024 month: 08 day: 14,0.051826462149620056,1.0042470693588257
129,3002,Im okay at the moment . Just woke up from mynap so im not so tired and having a snack . The kids need to get up soon then dinner needs to be made and then time to relax and then bedtime . Im looking dorward to the week to be over .,2024-08-14 17:01:22,7,False,1.0,0.0,False,year: 2024 month: 08 day: 14,0.9493517875671387,0.4405672550201416
129,3004,"Tired , Sluggish , Dragging , Drained , Content",2024-08-14 22:11:52,7,True,-2.0,0.0,False,year: 2024 month: 08 day: 14,-1.2741619348526,0.16440355777740479
129,3005,"Tired , Sluggish , Dragging , Drained , Sleepy",2024-08-15 22:09:06,7,True,-2.0,0.0,False,year: 2024 month: 08 day: 15,-1.5708401203155518,0.06162320077419281
129,3006,"content , satisfied , steady , happy , busy",2024-08-16 12:12:40,7,True,0.0,1.0,False,year: 2024 month: 08 day: 16,1.2713408470153809,0.5934587717056274
129,3007,Im feeling okay . Im so happy its friday . I just took alittle nap but still feel tired . My son PERSON hair cut today and some clothes for school . We are all excited he is finally going to kindergarten . Hes excited too .,2024-08-16 17:03:23,7,False,-1.0,0.0,False,year: 2024 month: 08 day: 16,0.7665576934814453,0.7502583265304565
129,3008,so glad its the weekend . I can take some time to just relax and rest . My son has soccer today so he went to do that with his dad . My other son and I are just hanging out at home and watching tv . Im so ready for tomorrow though since the kids will be gone .,2024-08-17 12:11:21,7,False,-1.0,0.0,False,year: 2024 month: 08 day: 17,0.5541326999664307,0.6344931721687317
129,3009,Im very tired at the moment . I feel drained . It was hot today and i helped mow the lawn . It was alot and i was dragging the rest of the day . Im so happy the kids are down for the night and we are heading to bed . It was a long day .,2024-08-17 22:05:22,7,False,-2.0,0.0,False,year: 2024 month: 08 day: 17,-1.488939881324768,0.0561191588640213
129,3010,Im good at the moment . Just relaxinf and watching a movie . Its nice the kids are away and im able to just relax and watch tv . I really like relaxing and dont want to feel stressed today . Thank you for listening .,2024-08-18 12:03:46,7,False,0.0,0.0,False,year: 2024 month: 08 day: 18,1.4458979368209839,0.44735774397850037
129,3011,Im feelingvery tired atthe moment . It was a sonewhat relaxing daybut it was still long . Im ready for tomorrow to what my son go to kindergarten . Its very exciting for all of us . Yah . Thank you for listening .,2024-08-18 22:04:16,7,False,-2.0,0.0,False,year: 2024 month: 08 day: 18,0.04358501732349396,0.2793390452861786
129,3012,"quiet , content , sleepy , tired , drained",2024-08-19 12:02:32,7,True,0.0,0.0,False,year: 2024 month: 08 day: 19,-0.3191037178039551,0.24465452134609222
129,3013,"sluggish , tired , drained , dragging , content",2024-08-19 17:01:24,7,True,-1.0,0.0,False,year: 2024 month: 08 day: 19,-1.5903171300888062,0.06750857830047607
129,3015,im okay at the moment . im working online and trying to get some things done . its going to be a long day . i just put my son on the bus and hes happy . my other son is on my laptop and getting some work done as well . im ready for this week to be over and hope next week goes quick too .,2024-08-20 12:00:55,7,False,1.0,0.0,False,year: 2024 month: 08 day: 20,0.36852478981018066,0.5898758172988892
129,3016,im okay at the moment . i just took my nap and woke up so still somewhat tired . My son should be home from school soon . I hope he had a good day . Im just catching up on emails and waiting for the day to be over . im read for tomorrow already . thanks for listening .,2024-08-20 17:04:39,7,False,-1.0,0.0,False,year: 2024 month: 08 day: 20,0.23254838585853577,0.36025768518447876
129,3017,"Tired , Sluggish , Drained , Dragging , Faint",2024-08-20 22:28:37,7,True,-2.0,0.0,False,year: 2024 month: 08 day: 20,-1.5878995656967163,0.03567802160978317
65,4744,"To be honest , I ' m feeling a bit rough around the edges right now - the alcohol from last night ' s gathering is still lingering in my system , leaving me with a pounding headache , dry mouth , and a general sense of fatigue . Overall , I ' m feeling sluggish and regretful , wishing I had paced myself a bit better .",2024-09-19 12:17:29,7,False,0.0,2.0,False,year: 2024 month: 09 day: 19,-1.5882123708724976,0.2963062822818756
65,4745,"Calm , Cool , Focused , Meditating , Serene",2024-09-19 17:20:20,7,True,0.0,0.0,False,year: 2024 month: 09 day: 19,1.262284517288208,0.41332370042800903
65,4746,"Smart , Good , Sharp , Lively , Happy",2024-09-20 17:20:13,7,True,1.0,2.0,False,year: 2024 month: 09 day: 20,0.9579551219940186,1.3432482481002808
65,4747,"Afraid , Tired , Bored , Uninterested , Careless",2024-09-23 12:36:56,7,True,-2.0,1.0,False,year: 2024 month: 09 day: 23,-1.1164414882659912,0.9328651428222656
65,4748,"Tired , Weak , Bored , Stressed , Calm",2024-09-24 12:52:15,7,True,-2.0,2.0,False,year: 2024 month: 09 day: 24,-1.0272563695907593,0.1795969307422638
65,4749,"Weary , Shocked , Tired , Stressed , Bored",2024-09-24 17:02:25,7,True,0.0,2.0,False,year: 2024 month: 09 day: 24,-1.4901915788650513,0.34645867347717285
65,4751,"Calm , Confident , Good , Happy , Bright",2024-09-26 17:03:25,7,True,-2.0,2.0,False,year: 2024 month: 09 day: 26,1.38710355758667,0.7263442277908325
65,4752,"I feel more coordinated and confident in my abilities . I have a strong sense of identity and I am conversant with my environment . I feel enthusiastic too with everything I get my hands on . The thrill coursing through my veins is palpable ! As I sit here , envisioning the successful completion of my outdoor weather station project , I can barely contain my enthusiasm . It ' s as if a spark of electricity has ignited within me , fueling my creativity and drive .\ n \ nMy mind races with possibilities , conjuring images of sleek , modern designs and innovative solutions . The prospect of merging cutting-edge technology with sustainable energy sources sends shivers down my spine . Every detail , from selecting the perfect water-resistant materials to fine-tuning the sensor calibrations , feels like a puzzle piece falling into place .\ nMy hands twitch with anticipation , eager to dive into the workshop and bring this vision to life . The hum of the soldering iron , the whir of the 3D printer , and the satisfying click of components snappi",2024-09-27 12:04:50,7,False,1.0,0.0,False,year: 2024 month: 09 day: 27,1.2544888257980347,1.9071927070617676
65,4753,"Active , Sound , Confident , Good , Energetic",2024-09-27 17:51:25,7,True,0.0,2.0,False,year: 2024 month: 09 day: 27,0.18247199058532715,2.0362789630889893
65,4754,"Engaging , Lively , Fun , Enthusiastic , Brave",2024-09-28 17:07:37,7,True,2.0,2.0,False,year: 2024 month: 09 day: 28,1.1574898958206177,1.6287922859191895
65,4755,"I ' m electrified ! My enthusiasm courses through every fiber , like a high-voltage current . Every thought , every sensation , every breath buzzes with excitement . My heart races , pounding out a triumphant rhythm , as if celebrating a monumental victory .\ n \ nVibrant colors dance before my eyes – radiant hues of possibility , potential , and promise . The world transforms into a kaleidoscope of wonder , beckoning me to explore , create , and conquer . Each challenge becomes an exhilarating adventure , an opportunity to unleash my inner trailblazer .\ n \ nMy mind soars , unfettered by doubt or fear . Ideas burst forth like fireworks , illuminating the landscape of my imagination . Connections spark , and innovative solutions crystallize . Time dissolves , leaving only the present moment , ripe with promise .\ n \ nPhysically , I feel invigorated – every muscle humming , every nerve tingling . My smile spreads wide , infectious and unstoppable . Words flow effortlessly , conveying my vision with conviction and passion . Others catch the spark , and togethe",2024-09-29 12:37:13,7,False,0.0,2.0,False,year: 2024 month: 09 day: 29,1.325703501701355,1.9694384336471558
65,4756,"I ' m bursting with vitality ! My enthusiasm is a radiant force , illuminating every cell and fiber of my being . It ' s as if a sparkler has ignited within me , casting a warm , golden glow over everything .\ n \ nEvery thought is infused with optimism , every idea a thrilling possibility . My imagination soars on wings of eagles , conquering challenges and achieving triumphs . The world transforms into a vibrant tapestry , woven with threads of promise and potential .\ nMy heartbeat quickens , pumping exhilaration through my veins . Each breath is a refreshing breeze , invigorating my senses and sharpening my focus . Smiles spread effortlessly across my face , reflecting the joy radiating from within .\ n \ nTime dissolves , leaving only the present moment , ripe with opportunity . Obstacles shrink , and solutions emerge . Confidence surges , and self-doubt fades . I ' m unstoppable , a force driven by pure excitement and determination .",2024-09-29 17:09:53,7,False,0.0,2.0,False,year: 2024 month: 09 day: 29,1.3225531578063965,1.8979672193527222
65,4757,"As I reflect on my life , I ' m filled with profound gratitude for the loving relationships , stimulating experiences , and personal achievements that enrich my journey . My passion for exploring new horizons , savoring NORP ORG , and appreciating life ' s simple joys fuels my enthusiasm . With each sunrise , I ' m reminded that every moment holds promise , and I ' m eager to seize its potential .\ n \ nThis positivity is contagious , inspiring me to spread warmth and kindness wherever I go . I ' m drawn to like-minded individuals who share my zest for life , and together , we create a symphony of laughter , inspiration , and mutual support . My heart overflows with hope and anticipation , knowing that life ' s next chapter will bring exciting opportunities , valuable lessons , and unforgettable memories .",2024-09-30 17:02:08,7,False,2.0,2.0,False,year: 2024 month: 09 day: 30,1.7300738096237183,1.1726945638656616
65,4758,"Cool , Happy , Good , Smiling , Confident",2024-10-01 17:12:55,7,True,2.0,1.0,False,year: 2024 month: 10 day: 01,1.5679017305374146,1.0671019554138184
65,4759,"Happy , Smiling , Cool , Relaxed , Fulfilled",2024-10-02 12:26:20,7,True,1.0,1.0,False,year: 2024 month: 10 day: 02,1.8207781314849854,0.975281298160553
65,4760,"I ' m feeling lively because I ' ve recently rediscovered my passion for painting . Spending hours in my backyard studio , surrounded by vibrant colors and canvases , brings me immense joy and energy . My latest project , a mural depicting our family ' s travels , has me excitedly experimenting with new techniques .",2024-10-02 17:02:05,7,False,1.0,2.0,False,year: 2024 month: 10 day: 02,0.91591477394104,2.0559489727020264
102,1453,"I am currently feeling tired and sluggish because my dog was up all night , thank goodness it isn’t because I had a bad night otherwise . I feel a bit disoriented because of the lack of sleep . I will try later to catch up on some sleep . Nights like that which have been happening a bit more often are very hard on my mental and physical well being .",2024-09-15 12:08:49,7,False,-2.0,0.0,False,year: 2024 month: 09 day: 15,-1.7446233034133911,0.005868757143616676
102,1454,I’m feeling pretty ok right now . My day was a bit weird since I didn’t get much sleep but it got a bit better as it went on . I was able to nap and that made a difference . I ate a good dinner and that also made a difference .,2024-09-15 22:00:43,7,False,0.0,0.0,False,year: 2024 month: 09 day: 15,-0.22747591137886047,0.6198106408119202
102,1455,I just came back from the eye doctor with my dog . She’s doing great and that makes me very happy . That alone has made my day . We did have another night of not sleeping through the night so that’s tough .,2024-09-16 12:02:50,7,False,1.0,1.0,False,year: 2024 month: 09 day: 16,0.9535138010978699,0.7454861998558044
102,1456,"Tired , Exhausted , Frustrated , Upset , Disappointed",2024-09-16 17:38:57,7,True,-2.0,0.0,False,year: 2024 month: 09 day: 16,-1.7694817781448364,0.5543535947799683
102,1457,"I’m really tired . I have had a busy day . Parts of it were very overwhelming . Work , life , feeling that I don’t have any help . However , there is a part of me that feels proud that I got so much done . I am trying to focus on that .",2024-09-16 22:01:43,7,False,-1.0,0.0,False,year: 2024 month: 09 day: 16,-0.8154178857803345,0.5446369647979736
102,1458,"Tired , Optimistic , Hopeful , Curious , Intrigued",2024-09-17 12:02:35,7,True,0.0,0.0,False,year: 2024 month: 09 day: 17,-0.11909125000238419,0.9571240544319153
102,1459,Again I’ve just been tired throughout the day . I feel like I need to sleep for several days to catch up . Not a great feeling . I have never been in a situation like this and I’m doing the best i can . Hopefully my nights will go back to normal soon .,2024-09-17 22:14:24,7,False,-2.0,0.0,False,year: 2024 month: 09 day: 17,-1.1353039741516113,-0.024515558034181595
102,1460,"Angry , Frustrated , Resentful , Scared , Disappointed",2024-09-18 12:04:14,7,True,-2.0,0.0,False,year: 2024 month: 09 day: 18,-0.8473700881004333,1.6368898153305054
102,1461,"Not feeling great overall . Questioning a lot about my life , my decisions and my faith . Wondering if I ever been getting it wrong all along . I feel like i need to spend a lot of quiet time with myself for the next few weeks or maybe months .",2024-09-18 22:07:57,7,False,-2.0,0.0,False,year: 2024 month: 09 day: 18,-1.0598843097686768,0.47384998202323914
102,1462,A bit better morning than yesterday . I slept a little better . I feel less overwhelmed by everything today . I still have a lot to take care of and work to catch up on because I haven’t been able to do much because of the lack of sleep . Hopefully today I can be more productive .,2024-09-19 12:16:07,7,False,-1.0,0.0,False,year: 2024 month: 09 day: 19,0.17713326215744019,0.9492656588554382
102,1463,"Tired , Overwhelmed , Busy , Productive , Curious",2024-09-19 17:03:07,7,True,-1.0,0.0,False,year: 2024 month: 09 day: 19,-0.26360902190208435,0.7495238184928894
102,1464,I’m a bit tired . A bit stressed . My dog seems to be restless which usually means she will be up all night . This i hope isn’t the case . IM giving her her meds and hoping for the best because they work sometimes but lately they haven’t been working we think she’s become immune to the dosage . We have a vet appointment with a new very but the wait time is long . For next month,2024-09-19 22:18:10,7,False,-1.0,0.0,False,year: 2024 month: 09 day: 19,-1.2966783046722412,0.49630770087242126
102,1465,I’m quiet but angry . I’m frustrated about many things right now . I won’t let this be the tone of my day . I have decided to do my best to get out of this funk . I am better than this . I’m working on a project I enjoy perhaps that will make a difference .,2024-09-20 12:06:13,7,False,0.0,0.0,False,year: 2024 month: 09 day: 20,0.5862142443656921,0.6568986773490906
102,1466,"Stressed , Upset , Nervous , Overwhelmed , Tired",2024-09-20 17:37:44,7,True,-2.0,2.0,False,year: 2024 month: 09 day: 20,-1.3502767086029053,0.9306842088699341
102,1467,I was able to get myself together as the day went on and turn my mood around . It wasn’t easy but I did it . I’m feeling quiet and ready to wind down by watching some tv before sleep . I have been working all day and need to unwind my mind .,2024-09-20 22:00:52,7,False,0.0,0.0,False,year: 2024 month: 09 day: 20,-0.1780325174331665,0.36206695437431335
102,1468,"Feeling overall ok . I had a busy Sunday of work , laundry , etc . I’m starting to get ready to call it a day . I did struggle today with thoughts about paying some bills I owe . That made me stress out and it has lingered a bit throughout the day and night .",2024-09-22 22:05:33,7,False,0.0,0.0,False,year: 2024 month: 09 day: 22,-0.822415292263031,0.9173071384429932
102,1469,I’m feeling ok . A bit worried about finances but holding up . I have two projects that I’m working on today and that should keep my mind busy and away from thinking about what I don’t want . I feel very grateful today however .,2024-09-23 12:21:52,7,False,0.0,0.0,False,year: 2024 month: 09 day: 23,0.6327519416809082,0.8431718945503235
102,1470,"Satisfied , Relieved , Tired , Hopeful , Grateful",2024-09-23 22:29:13,7,True,1.0,0.0,False,year: 2024 month: 09 day: 23,1.111286997795105,0.7394117712974548
102,1471,I’m a bit tired because I have done a lot today so far and it’s only 3pm . I feel a little bit sleepy but I’m going to try to push myself a bit and continue to be productive as much as I can . I wish I could take a nap,2024-09-24 17:00:41,7,False,0.0,0.0,False,year: 2024 month: 09 day: 24,-0.5978103876113892,0.06570852547883987
102,1472,"Tired , Sleepy , Achy , Content , Eager",2024-09-24 22:00:44,7,True,-2.0,0.0,False,year: 2024 month: 09 day: 24,-0.619724452495575,0.3075968325138092
102,1473,I have been very productive this morning but I am juggling several tasks at once and that is a bit stressful . I have a lot on my “to do list” for the day and i will like to be able to check off most things .,2024-09-25 12:12:33,7,False,0.0,0.0,False,year: 2024 month: 09 day: 25,-0.2064230740070343,1.5389238595962524
102,1474,Very long day . Lots of different projects . Trying to juggle all of them . I feel somewhat overwhelmed . I’m going to try to breath and pace myself as I still have a lot to go before the day ends . I feel somewhat productive .,2024-09-25 17:56:32,7,False,0.0,0.0,False,year: 2024 month: 09 day: 25,-1.0593963861465454,0.6689963936805725
102,1475,"Tired , Exhausted , Overwhelmed , Drained , Sleepy",2024-09-25 22:05:01,7,True,-1.0,0.0,False,year: 2024 month: 09 day: 25,-1.7007182836532593,0.15708020329475403
102,1476,I have been working all day almost nonstop since 7am . I am feeling pretty tired and mentally drained . I have a few hours to go still so that in a way stresses me out since I want to stop now but I’m going to push through .,2024-09-26 17:29:21,7,False,0.0,0.0,False,year: 2024 month: 09 day: 26,-1.2921141386032104,0.029893532395362854
102,1478,"Tired , Burned out , Drained , Sleepy , Proud",2024-09-26 22:02:00,7,True,0.0,0.0,False,year: 2024 month: 09 day: 26,-1.3234748840332031,0.06432981044054031
102,1479,"Quiet , Productive , Busy , Sleepy , Proactive",2024-09-27 12:01:33,7,True,0.0,0.0,False,year: 2024 month: 09 day: 27,-0.004059143364429474,1.0228339433670044
102,1480,I’ve been multitasking all day and I don’t think I’ve had enough food so I’m feeling hungry and hangry . A bit tired . I just gpt a snack and I’m starting to eat so hopefully I’ll start to feel a bit more together soon,2024-09-27 17:08:41,7,False,0.0,0.0,False,year: 2024 month: 09 day: 27,-1.1203033924102783,0.9050616025924683
102,1481,I have a headache and I’m ready for bed . These past few weeks I feel like I’m just dragging my body around . I feel exhausted most of the time from bad nights of sleep and perhaps even hormones . I hope tonight is restful peaceful sleep .,2024-09-27 22:04:45,7,False,0.0,0.0,False,year: 2024 month: 09 day: 27,-1.6100289821624756,-0.13699527084827423
102,1482,I woke up feeling tired and drained from the week . I am working today also but I’m planning to take a nap to catch up on my sleep . I’m also hungrier than usual . I hope that after eating a get another boost of energy .,2024-09-28 12:48:16,7,False,0.0,0.0,False,year: 2024 month: 09 day: 28,-1.5076369047164917,-0.028864707797765732
102,1483,"Feeling a bit rested because I did nap today , however I haven’t been able to do much about all those emails I have tomtake care of so I’m moving on to tomorrow with still all of that to do and that is a bit stressful",2024-09-28 22:01:56,7,False,0.0,0.0,False,year: 2024 month: 09 day: 28,-0.7319207787513733,0.411741703748703
149,3792,"I feel fine , I don’t feel sad . I am home now after a long day in the hospital (school) . I have lots of things to do but a fun evening ahead which makes me happy . Overall my mood is somewhat good . I do not feel like drinking at all right now nor am I thinking of drinking .",2024-11-07 17:01:44,7,False,1.0,1.0,False,year: 2024 month: 11 day: 07,0.8436443209648132,0.9316281676292419
149,3794,"Just applied to an important role at my school . I’m feeling invigorated because I am passionate about this role . Overall , today was tiring and I need to decompress and eventually sleep . I do not feel angry , stressed , overwhelmed or depressed . I definitely don’t feel sad either . I am happy today is Friday because I get to sleep in tomorrow with no disruptions .",2024-11-08 22:17:16,7,False,1.0,1.0,False,year: 2024 month: 11 day: 08,0.8778243064880371,0.9271938800811768
149,3795,Feeling lazy and tired . I don’t want to leave my bed or my house or make food . But not cause I’m sad but because motivation is lacking . I must go and get started so I will do that soon . Not depressed or worried or anxious or stressed . I am feeling okay just exhausted from the week I guess .,2024-11-09 12:59:33,7,False,-1.0,0.0,False,year: 2024 month: 11 day: 09,-0.9378066658973694,0.2578909695148468
149,3797,"I am okay . I feel relaxed and spending time at home . After going to the gym , I relaxed my body and I am able to decompress . I don’t feel anxious depressed or sad . I feel fine . Nothing more to do than watch tv and I really don’t have much else to talk about .",2024-11-09 22:33:24,7,False,1.0,1.0,False,year: 2024 month: 11 day: 09,0.4887380599975586,0.5031286478042603
149,3798,I am fine . Don’t feel anxious . Studying for classes . Not depressed or anxious or stressed . I am taking it slow today . Not doing anything to upset myself when necessary . Planning on spending most of the day inside and enjoying the last of the weekend before classes begin again tomorrow .,2024-11-10 12:35:55,7,False,0.0,0.0,False,year: 2024 month: 11 day: 10,0.6180554628372192,0.4101903438568115
149,3800,Finished going to the gym my body feels very relaxed . Annoyed that I have work to do . But I will finish in due time and be done for the night . Happy I get to wake up a little later tomorrow so that is awesome .,2024-11-11 22:02:22,7,False,2.0,0.0,False,year: 2024 month: 11 day: 11,1.323958158493042,0.5979242324829102
149,3803,Feeling a little jittery and nervous because of an important event this morning . Not feeling depressed or sad or frustrated . I have a lot of energy because the event today needs to go smoothly . I am okay and don’t feel the need to drink .,2024-11-14 12:01:54,7,False,-1.0,2.0,False,year: 2024 month: 11 day: 14,-0.7200148701667786,1.443697214126587
149,3805,"Feeling annoyed , just had a fight with a dear friend of mine . Petty but stupid fight . I hate arguing for this reason it makes me feel crappy . I don’t really feel anxious , depressed or sad . Just need to clear my head .",2024-11-15 22:04:28,7,False,0.0,1.0,False,year: 2024 month: 11 day: 15,-0.8706309199333191,1.3120886087417603
149,3806,Feel fine woke up early and started my day . Nothing really spectacular to document . Have some plans today then I plan to study and relax after . Don’t feel stressed or anxious at all . Nothing else really for me to state here .,2024-11-16 12:26:52,7,False,0.0,1.0,False,year: 2024 month: 11 day: 16,1.3870739936828613,0.635288655757904
149,3807,I am spending time with friends and I have drank two drinks . Not drunk at all . Just tipsy . I was not pressured to drink and I didn’t feel like I had to drink . I don’t feel depressed or anxious at all .,2024-11-16 17:45:05,7,False,1.0,2.0,False,year: 2024 month: 11 day: 16,1.3030582666397095,1.1197255849838257
149,3808,I am being productive and getting work done currently . I feel accomplished and able to get all my work done and finish up . I will relax for the rest of the night and calm my body before I start grinding and studying tomorrow .,2024-11-16 22:02:07,7,False,2.0,2.0,False,year: 2024 month: 11 day: 16,0.2433800995349884,1.062734603881836
149,3809,Again very productive morning working on some late assignments . Feeling okay not depressed or anxious or sad . I feel like today will be a good day to just go outside and enjoy the day while being productive of course .,2024-11-17 12:29:25,7,False,2.0,0.0,False,year: 2024 month: 11 day: 17,0.6815617680549622,1.0168942213058472
149,3812,"Extremely busy day and frustrating as well as I locked myself out of my house so early in the morning . But that can’t stop me from doing life things . Long day at work as well which is never fun . And to top it all off , studying once I get home . Just feeling stressed that’s all .",2024-11-18 22:35:23,7,False,0.0,1.0,False,year: 2024 month: 11 day: 18,-1.1391751766204834,1.5911461114883423
149,3793,"Bored , Tired , Uninterested , Impulsive , Exhausted",2024-11-08 17:10:01,7,True,0.0,1.0,False,year: 2024 month: 11 day: 08,-1.0120497941970825,0.4466911554336548
149,3796,"Fine , Okay , Bored , Neutral , Alright",2024-11-09 17:02:45,7,True,0.0,1.0,False,year: 2024 month: 11 day: 09,-0.07045771926641464,1.0287985801696777
149,3799,"Hungry , Bored , Content , Relaxed , Happy",2024-11-10 17:46:45,7,True,1.0,2.0,False,year: 2024 month: 11 day: 10,0.961796760559082,0.8075485825538635
149,3801,"Tired , Annoyed , Exhausted , Unmotivated , Pissed",2024-11-12 22:54:03,7,True,-2.0,0.0,False,year: 2024 month: 11 day: 12,-1.445295810699463,0.809305727481842
149,3802,"Happy , Wholesome , Excited , Enthusiastic , Rested",2024-11-13 12:36:24,7,True,2.0,1.0,False,year: 2024 month: 11 day: 13,1.5862758159637451,1.3407649993896484
149,3804,"Happy , Loved , Fulfilled , Accomplished , Enthusiastic",2024-11-14 17:08:25,7,True,2.0,1.0,False,year: 2024 month: 11 day: 14,1.5290031433105469,1.2108862400054932
149,3810,"Busy , Annoyed , Tired , Lazy , Unmotivated",2024-11-17 17:21:12,7,True,0.0,1.0,False,year: 2024 month: 11 day: 17,-0.2937495708465576,1.4737406969070435
149,3811,"Fine , Busy , Overworked , Annoyed , Tired",2024-11-18 12:25:49,7,True,0.0,1.0,False,year: 2024 month: 11 day: 18,0.06544367223978043,1.373189091682434
149,3813,"Happy , Content , Satisfied , Lazy , Unmotivated",2024-11-20 22:43:25,7,True,1.0,1.0,False,year: 2024 month: 11 day: 20,1.172428846359253,1.1441203355789185
154,3914,"I am currently feeling somewhat happy , as I feel calmer and more relaxed after having a therapy session and speaking with coworkers and laughing . I have also been listening to music which brightens my mood as well . I am also feeling productive as I am accomplishing tasks at work with calling people , writing reports , and emailing others .",2024-11-05 17:17:24,7,False,1.0,1.0,False,year: 2024 month: 11 day: 05,1.1050618886947632,0.9630063772201538
154,3915,"I am currently feeling jittery and kinda anxious . I was watching ORG to distract myself and relax , but kinda became aware of my physical sensations like my heart beating . I practiced my therapy skills of creating space between myself and my emotions by telling myself “I am having anxious thought” rather than “I am anxious . ” It really helps !",2024-11-05 22:31:10,7,False,-1.0,2.0,False,year: 2024 month: 11 day: 05,-0.9341415166854858,1.5300525426864624
154,3919,"I currently am feeling somewhat jittery and tired . I had a late work shift last night and an early morning for the other part of my job , so I didn’t get much sleep . My serotonin tends to drop when I don’t get much sleep making my heart race more and feeling overall more nervous . I believe they call it “tired and wired” lol . But I am feeling happy , just sleepy . I am excited to talk to my coworkers today and other people too .",2024-11-08 12:36:01,7,False,-1.0,2.0,False,year: 2024 month: 11 day: 08,-0.7107229828834534,1.17037034034729
154,3920,I am currently feeling very very tired . I am also feeling content because I just ate some chicken tacos . I feel cozy too because I am in bed and wrapped in a soft blanket . I also am feeling flirty in general which is annoying because dating is very hard in GPE  . I’m feeling romantic but also kinda sad that I’m not in a relationship .,2024-11-08 22:02:52,7,False,0.0,0.0,False,year: 2024 month: 11 day: 08,-0.15896788239479065,0.484861820936203
154,3921,"I’m definitely feeling tired and a little anxious . I wake up once or twice in the night so I can feel sleepy because of that . I feel a little anxious too because when I don’t get a ton of sleep my serotonin levels are affected . I also feel kinda cold in my room . I feel excited to go back to sleep though because it is a Saturday ! I’m trying to catch up on my sleep because this past week was quite busy at work . I’m feeling a bit of burn out , nothing crazy but I’m excited for Christmas vacation in a month when I can take some time off of work . I love my job but it can be emotionally and physically tiring .",2024-11-09 12:10:11,7,False,-2.0,0.0,False,year: 2024 month: 11 day: 09,-1.3210347890853882,0.7702206969261169
154,3924,I currently feel a little jittery/anxious . I tend to get nervous about things and am learning how to cope with this in therapy . I am excited though because tomorrow I am meeting my friend for lunch ! I haven’t seen her in a month and I’m looking forward to it . I also feel more rested . This weekend I took time for myself to recoup and rest which was much needed . I am happy and am currently making Christmas gifts for my friends and family .,2024-11-10 22:05:07,7,False,-1.0,2.0,False,year: 2024 month: 11 day: 10,-0.17135298252105713,1.6640061140060425
154,3926,I am feeling content right now . I am also feeling bloated because I ate salty and gluten containing foods (I’m gluten sensitive) . So I feel a little balloon-y lol . But like a cute balloon . I also feel clean because I took a shower and smell nice . I feel productive and happy because I visited two friends today in GPE . We had a nice time and walked around . I am getting ready physically and mentally for tomorrow going back to work after having the day off today . I feel a little sluggish too from the food I ate but nonetheless happy .,2024-11-11 22:58:18,7,False,1.0,0.0,False,year: 2024 month: 11 day: 11,-0.2170882225036621,0.494649738073349
154,3927,I’m currently feeling lively and calm too ! I just finished a meeting that went well and am excited to eat my granola bar . I am looking forward to seeing my friend in an hour . I am feeling optimistic about my future and my job .,2024-11-12 17:22:13,7,False,1.0,2.0,False,year: 2024 month: 11 day: 12,1.5593538284301758,1.287381649017334
154,3930,"I am feeling a little jittery at the moment . I feel excited though to go to work because I really like what I do . I also get to see my coworkers who I really like and get along with ! Also , I am excited to eat breakfast . Eggs are always the best in the morning tbh . Also , I feel kind of sleepy because I did a late shift for my internship . I enjoy it though so it doesn’t feel like work .",2024-11-15 12:25:54,7,False,-1.0,2.0,False,year: 2024 month: 11 day: 15,-0.30834516882896423,1.3103854656219482
154,3932,I’m currently feeling somewhat jittery . I think I ate too much salt lol . I’m quite tired too so that could be adding to it . I’m feeling also grateful for the people I have in my life . I also feel confused at what I want my future career to be . I thought I had an idea but the more I talk to my supervisor about it the more I’m not sure I want to get my doctorate degree .,2024-11-15 22:29:50,7,False,-1.0,2.0,False,year: 2024 month: 11 day: 15,-0.39389848709106445,1.537658452987671
154,3933,I’m feeling pretty neutral right now . I was jittery before but now I’m a little more calm . I am about to make my Christmas gifts for my friends and family so I’m excited for that ! I feel better after going to the gym . I also ate a really good lunch so I feel good about that . I took a shower too so I feel fresh and clean :),2024-11-16 17:16:58,7,False,0.0,1.0,False,year: 2024 month: 11 day: 16,0.33945736289024353,1.116459846496582
154,3934,I feel somewhat lively and also tired at the same time if that makes sense . I’m going to start making homemade Christmas ornaments so I’m excited for that . I also feel productive because I cleaned my room today and went to the gym . I feel pensive today as well thinking about past things and where I want to go in the future . I’m trying to surrender control and just go with the flow and trust .,2024-11-16 22:13:49,7,False,1.0,2.0,False,year: 2024 month: 11 day: 16,0.6316770911216736,1.7413825988769531
154,3935,I feel quite tired . I got my Covid and flu shot yesterday and could not sleep very well . I also had a headache which made it difficult to fall asleep . I also got some anxiety too because I don’t like feeling lots of bodily changes . I’m trying my best though .,2024-11-17 12:15:57,7,False,-2.0,0.0,False,year: 2024 month: 11 day: 17,-1.4431902170181274,-0.014054403640329838
154,3936,"I feel pretty neutral right now . I just ate a good lunch so I feel good about that . I’m excited to watch a football game online in an hour . I’m also listening to ORG  so I’m vibing . Also , I’m working on some work things before the game so I’m feeling productive .",2024-11-17 17:07:59,7,False,0.0,1.0,False,year: 2024 month: 11 day: 17,0.20711472630500793,1.2316526174545288
154,3937,I feel pretty neutral right now . A little jittery and happy too . I feel better but still kinda blah after my flu and covid shot yesterday . I’ve mostly been resting all day . I talked with my mom and friend today which was nice . I am looking forward to talking with my coworkers tomorrow and catching up on how our weekends went .,2024-11-17 22:21:06,7,False,0.0,1.0,False,year: 2024 month: 11 day: 17,0.044420599937438965,1.030906319618225
154,3916,"Jittery , Anxious , Happy , Content , Warm",2024-11-06 17:26:04,7,True,-1.0,2.0,False,year: 2024 month: 11 day: 06,0.26991450786590576,1.2013729810714722
154,3917,"Sleepy , Satisfied , Annoyed , Frustrated , Uncertain",2024-11-06 22:34:28,7,True,0.0,0.0,False,year: 2024 month: 11 day: 06,-0.17223364114761353,0.4540215730667114
154,3918,"Energetic , Lively , Content , Happy , Talkative",2024-11-07 12:25:21,7,True,1.0,2.0,False,year: 2024 month: 11 day: 07,1.2019087076187134,1.514858603477478
154,3922,"Content , Rested , Happy , Calm , Serene",2024-11-09 17:24:41,7,True,1.0,0.0,False,year: 2024 month: 11 day: 09,1.5557513236999512,0.5740048289299011
154,3923,"Tired , Sleepy , Slowed down , Cold , Slightly Irritable",2024-11-09 22:24:52,7,True,0.0,0.0,False,year: 2024 month: 11 day: 09,-1.338473916053772,0.0927497074007988
154,3925,"Happy , Content , Satisfied , Caring , Friendly",2024-11-11 17:17:39,7,True,1.0,1.0,False,year: 2024 month: 11 day: 11,1.677499532699585,0.9947099089622498
154,3928,"Calm , Content , Hungry , Fine , Helpful",2024-11-13 17:59:15,7,True,0.0,1.0,False,year: 2024 month: 11 day: 13,1.3022040128707886,0.5712438821792603
154,3929,"Calm , Little sluggish , Productive , Impatient , Content",2024-11-14 12:02:00,7,True,0.0,1.0,False,year: 2024 month: 11 day: 14,0.18685147166252136,0.7662482857704163
154,3931,"Content , Sleepy , Happy , Friendly , Warm",2024-11-15 17:12:49,7,True,1.0,0.0,False,year: 2024 month: 11 day: 15,0.9955810904502869,0.7053547501564026
101,1432,"Relaxed , Content , Uplifted , Calm , Thoughtful",2024-11-05 12:21:03,7,True,2.0,0.0,False,year: 2024 month: 11 day: 05,1.5963029861450195,0.46886196732521057
101,1433,I currently feel fulfilled like I ' m accomplishing what I have on my to do list while still holding out on hope that PERSON will pull through even though there doesn ' t seem like this will be the case . I am in the process of resuming my cleaning spree after working out some confusion at the bank .,2024-11-06 17:18:41,7,False,2.0,0.0,False,year: 2024 month: 11 day: 06,1.388083577156067,0.9220685362815857
101,1434,While I was cleaning I became inspired to declutter my desserts and kitchen cabinets for my next grocery trip . I am glad that I completed most of the work today leaving me to vacuum tomorrow . Completing all of this has made me energetic ready to go to the laundry mat .,2024-11-06 22:09:40,7,False,2.0,0.0,False,year: 2024 month: 11 day: 06,0.2933129072189331,1.7878133058547974
101,1435,"Tired , Happy , Ready , Focused , Curious",2024-11-07 12:01:03,7,True,-1.0,0.0,False,year: 2024 month: 11 day: 07,0.4013153612613678,0.8618694543838501
101,1436,I am glad my surgery is over and the healing can begin . I was extremely hopeful that my dad would ' ve been more attentive after my surgery but he wasn ' t . He started getting crabby when I got out of surgery . He didn ' t help me in the house my neighbor helped me . When I asked him to get my medicine he was amicable but got nasty with me since he did not follow the directions I sent him . When he came back with my meds he gathered his still and left me . I am currently alone in pain with no way to bring myself food . I did manage to get a bag and put water and a pack of crackers in it and bring it to my bed since that ' s all I could carry with a walker and one leg . I am currently in an excruciating amount of pain but I can ' t take my pain meds because I have no food . I am hoping that my companion comes back tonight since he keeps sending my calls to voicemail . Although I am experiencing these issues I am not mad or upset nor am I resentful towards my father ' s and friends actions . I know how resilient I am and this shall,2024-11-08 22:03:20,7,False,2.0,0.0,False,year: 2024 month: 11 day: 08,-1.0684988498687744,0.37109851837158203
101,1437,"Relaxed , Calm , In pain , Contemplating , Insightful",2024-11-09 12:02:27,7,True,2.0,0.0,False,year: 2024 month: 11 day: 09,1.0954774618148804,0.3729488253593445
101,1438,I am currently in pain and mistakenly chose the wrong feelings option on the previous screen . I am going to sleep through this pain . When I wake up I will take my meds for pain . It has been a trying first day out of surgery but I am in good spirits overall .,2024-11-09 17:19:01,7,False,-2.0,0.0,False,year: 2024 month: 11 day: 09,-1.0724680423736572,0.33241182565689087
101,1439,"I am feeling the same as I did yesterday in pain and bed bound . I am waiting for my commode to be delivered . However , I am contemplating if I will be in an live in relationship when   this is all over . I have tried to be open minded but we ' re not in the same place in life and I ' m just not interested the lifestyle he chooses to lead . However , with all of this I am in good spirits and waiting out my recovery .",2024-11-10 12:12:11,7,False,2.0,0.0,False,year: 2024 month: 11 day: 10,-0.11040613800287247,0.44588735699653625
101,1440,"In pain , Uncomfortable , Content , Fidgity , Happy",2024-11-10 17:11:51,7,True,2.0,0.0,False,year: 2024 month: 11 day: 10,-0.44749242067337036,0.6430402398109436
101,1441,I finally got relief from the pain I was in before . I am tired and ready to go to sleep . It has been a long day of pain and now I need rest . Overall my current mood is happy and relaxed but mostly I ' m ready to get some rest .,2024-11-10 22:01:26,7,False,2.0,0.0,False,year: 2024 month: 11 day: 10,-0.25183403491973877,0.21076397597789764
101,1442,"I feel better this morning since my pain levels have dropped . I currently feel good and upbeat while i complete some homework . Overall this experience with my father coming to take me to my surgery and having to rely on someone for all my needs has been trying . However , I am grateful and humbled by this experience since I am learning that I can not do it alone .",2024-11-11 12:58:54,7,False,2.0,0.0,False,year: 2024 month: 11 day: 11,0.8672318458557129,0.6756635308265686
101,1443,I am in good spirits since the surgery . Know the the recovery period has begun I can now focus on going back to work and taking my EEE test so I can become permanent at my job . I am running out of things to discuss since not much has changed as of yet .,2024-11-11 17:01:19,7,False,2.0,0.0,False,year: 2024 month: 11 day: 11,1.559155821800232,0.7248910665512085
101,1444,"Tired , Happy , Relaxed , Calm , In pain",2024-11-11 22:47:30,7,True,2.0,0.0,False,year: 2024 month: 11 day: 11,0.5187566876411438,0.49158975481987
101,1445,"Content , Relaxed , Calm , Comfortable , Happy",2024-11-12 12:32:33,7,True,2.0,0.0,False,year: 2024 month: 11 day: 12,1.3543858528137207,0.5529945492744446
101,1446,"I am currently feeling better the pain is bearable now . I ' m in good spirits and glad I was able to get my last class done so I can take my Capstone in January . This excites me because this is the second biggest thing I ' ve accomplished for myself , since accomplishing my associates while being diagnosed with narcolepsy , REM sleep disorder , sleeping eating and walking and hypersomolence . Now I have to conquer quitting smoking and my goals have been completed for now . I ' m a work in progress always looking to ways to grow and be a better person .",2024-11-13 12:35:58,7,False,2.0,0.0,False,year: 2024 month: 11 day: 13,1.4928909540176392,0.9430293440818787
101,1447,"I am currently feeling better the pain is bearable now . I ' m in good spirits and glad I was able to get my last class done so I can take my Capstone in January . This excites me because this is the second biggest thing I ' ve accomplished for myself , since accomplishing my associates while being diagnosed with narcolepsy , REM sleep disorder , sleeping eating and walking and hypersomolence . Now I have to conquer quitting smoking and my goals have been completed for now . I ' m a work in progress always looking to ways to grow and be a better person .",2024-11-13 17:28:42,7,False,2.0,0.0,False,year: 2024 month: 11 day: 13,1.4928909540176392,0.9430293440818787
101,1448,"I am currently relaxed with my leg up . I have a lot of pain when I have to stand up and go to the restroom , so I have started putting my leg down for a minute then putting it back up . I do this twice then rest for two hours . I don ' t know if it ' s working but the pain is a lot .",2024-11-14 17:05:39,7,False,2.0,0.0,False,year: 2024 month: 11 day: 14,0.01684274524450302,0.2690137028694153
101,1449,"Content , Happy , Relaxed , Calm , Accepting",2024-11-14 22:47:26,7,True,2.0,0.0,False,year: 2024 month: 11 day: 14,1.3728069067001343,0.7123339176177979
101,1450,I ' m currently feeling relaxed and completing my last paper for my philosophy class . I ' m happy and ready to go to the doctor next week to see how my ankle is healing up . I ' m also thinking about the pain that I ' m going to be in when I have to go to the bathroom in a couple of minutes since my foot throbs when the blood rushes to the bottom of my toes .,2024-11-15 17:01:21,7,False,2.0,0.0,False,year: 2024 month: 11 day: 15,1.5942134857177734,0.4329832196235657
101,1451,I ' m currently in pain laying in the bed . Overall I ' m happy I can ' t wait to see the doctor next week to learn the progress of how my ankle is healing . Tomorrow I plan to complete my civil service paperwork for my job and set my plan in motion to return to work at light duty for the next 3 months .,2024-11-16 22:03:11,7,False,2.0,0.0,False,year: 2024 month: 11 day: 16,-0.14183112978935242,0.386756956577301
101,1452,"Happy , Greatful , Thankful , Content , Calm",2024-11-17 17:49:39,7,True,2.0,0.0,False,year: 2024 month: 11 day: 17,1.542902946472168,0.9880360960960388
160,4079,"In this current moment , I am feeling okay this morning . I am currently feeling good about myself . Today , I woke up around 9am and I plan on going to the gym later today and going to work later on around 5pm .",2024-11-20 12:01:56,7,False,1.0,1.0,False,year: 2024 month: 11 day: 20,0.9824792742729187,1.0014976263046265
160,4080,"Today , I am doing alright . I have a bunch of meetings today and one of them started late , which was kind of stressful for me because it was not planned . However , I was able to cope with this obstacle successfully , which I am really proud of .",2024-11-22 12:30:42,7,False,1.0,1.0,False,year: 2024 month: 11 day: 22,-0.03868063539266586,0.9166285395622253
160,4081,"Today I am feeling good . My eyebrow waxing went well and it barely hurt . In the future , I would definitely get then waxxed again . After my waxxing , I did my workout and then I took a relaxing and cleansing shower .",2024-11-23 17:55:07,7,False,0.0,1.0,False,year: 2024 month: 11 day: 23,1.3490912914276123,0.8514829874038696
160,4086,"Today , I am feeling good . My Ac got unplugged for the season so I am a little sweaty right now . Later today , I am going to work and then to the gym . Tonight , I am seeing a show with my friend . I am really excited !",2024-11-26 12:10:38,7,False,0.0,1.0,False,year: 2024 month: 11 day: 26,1.0314815044403076,1.4165363311767578
160,4087,"Right now , I feel really good . Right now , I am at IParty event with my friend . We ' ve been waiting for this event for weeks . We are both really excited ! Tommorow I have a friendsgiving to attend with my other friends",2024-11-26 22:28:06,7,False,2.0,1.0,False,year: 2024 month: 11 day: 26,1.5002086162567139,1.2775490283966064
160,4088,"Today , I am feeling tired . The event I went with my friend last night was so much fun ! For tonight , I have to cook some mac and cheese for a friendsgiving I am attending . I am super excited to be attending this event !",2024-11-27 12:21:03,7,False,1.0,1.0,False,year: 2024 month: 11 day: 27,-0.1477447748184204,0.6455714702606201
160,4089,"Today it is thanksgiving ! This year , my family and I are hosting dinner at our house . We ' ve been hosting Thanksgiving for several years now . I am very excited to be seeing everyone later today and catching up with them",2024-11-28 12:34:39,7,False,0.0,1.0,False,year: 2024 month: 11 day: 28,0.8475193381309509,1.650039553642273
160,4090,"Today is Thanksgiving day ! My family and I are hosting Thanksgiving at our house . This morning was a little bit hectic because we were preparing all the food . Right now , things are much calmer since most of the food is done .",2024-11-28 17:58:49,7,False,2.0,1.0,False,year: 2024 month: 11 day: 28,0.4381519556045532,1.1463491916656494
160,4093,"Today I am feeling okay . Right now , I am at the gym doing some workouts . I am currently focusing on chest . My teeth are also hurting today , which makes me feel some pain . Later tonight , I am hanging with my best friend",2024-11-30 17:01:28,7,False,1.0,2.0,False,year: 2024 month: 11 day: 30,-0.20764487981796265,0.698931097984314
160,4095,"Today is going alright . Right now , I am at the gym doing some back workouts . After the gym , I am going to get some homework done and take a nice relaxing shower . I am excited to be going back to school and work tommorow .",2024-12-01 17:01:44,7,False,1.0,2.0,False,year: 2024 month: 12 day: 01,0.771019458770752,1.1096137762069702
160,4096,Today has been alright . For the past few hours I have not done too much . I took a nice relaxing shower and I am currently in bed . I am excited to go back to work and see my coworkers and classmates again .,2024-12-01 22:59:09,7,False,0.0,1.0,False,year: 2024 month: 12 day: 01,0.4815513491630554,0.721013069152832
160,4082,"Happy , Comfortable , Calm , Content , Relax",2024-11-23 22:45:32,7,True,2.0,1.0,False,year: 2024 month: 11 day: 23,1.7277421951293945,0.9208663105964661
160,4083,"Excited , Happy , Tired , Anxious , Jittery",2024-11-24 12:53:35,7,True,2.0,1.0,False,year: 2024 month: 11 day: 24,1.408922791481018,1.3134610652923584
160,4084,"Happy , Tired , Excited , Silly , Glad",2024-11-24 22:52:27,7,True,2.0,1.0,False,year: 2024 month: 11 day: 24,1.2734144926071167,1.1976112127304077
160,4085,"Calm , Content , Happy , Greatful , Clean",2024-11-25 22:53:34,7,True,1.0,0.0,False,year: 2024 month: 11 day: 25,1.6053555011749268,0.6228550672531128
160,4091,"Down , Tired , Sad , Calm , Quiet",2024-11-28 22:39:34,7,True,-1.0,1.0,False,year: 2024 month: 11 day: 28,-1.1932342052459717,0.3630610704421997
160,4092,"Excited , Happy , Lively , Enthusiastic , Glaf",2024-11-29 22:26:26,7,True,1.0,2.0,False,year: 2024 month: 11 day: 29,1.6585054397583008,1.407517671585083
160,4094,"Happy , Excited , Calm , Lively , Enthusiastic",2024-11-30 22:01:05,7,True,2.0,1.0,False,year: 2024 month: 11 day: 30,1.694942831993103,1.230165958404541
160,4097,"Happy , Calm , Content , Ready , Lively",2024-12-02 12:27:03,7,True,1.0,2.0,False,year: 2024 month: 12 day: 02,1.750855803489685,1.0026296377182007
151,3843,At the moment I feel lively like I ' m doing something engaging above all I feel like I ' m top of the whole doing things that enables me feel like I belong in the circle and not worthless . Something above it make it want me to think deep,2024-08-23 12:42:05,7,False,0.0,1.0,False,year: 2024 month: 08 day: 23,1.3175671100616455,1.6685254573822021
151,3844,"Feeling better , the way it is now . Even I sometimes have up and down and most of this family are just smiling and then the alcohol set it in which is quite possible but the alcohol make me really an G and by looking at things it",2024-08-23 17:08:27,7,False,0.0,1.0,False,year: 2024 month: 08 day: 23,0.16696971654891968,0.7382364869117737
151,3845,"reserved , Quiet , Lonely , Worrisome , Thinking",2024-08-24 12:22:20,7,True,0.0,0.0,False,year: 2024 month: 08 day: 24,-0.15017299354076385,0.6107901930809021
151,3846,I want to be left alone to think more and reason a lot of things I tend to ignore because the things I leave alone are also going to need attention that ' s why most time I tend to want to make use of it why at it and find the best way to see it through to the end,2024-08-25 12:53:51,7,False,0.0,0.0,False,year: 2024 month: 08 day: 25,0.4946098327636719,0.7829334139823914
151,3847,"Moody , Worrisome , Expectation , Thinking , Quiet",2024-08-25 22:01:34,7,True,0.0,1.0,False,year: 2024 month: 08 day: 25,-0.42345649003982544,1.0456876754760742
151,3848,"My feelings right now is nothing much to say that I ' m tire and exhausted , most of the time feeling this way tends to make we realise some things that I might have done or not have done so when I ' m quiet I happen to enter into a world where only I can imitate my environment for my   own good",2024-08-26 12:05:23,7,False,-2.0,0.0,False,year: 2024 month: 08 day: 26,-1.019455075263977,0.07216309756040573
151,3849,"I ' m feeling quiet and also nervous , but right now   I want a space of my own and like I could achieve things on my own maybe because of the alcohol and also how it making make some decisions that I don ' t want to",2024-08-29 12:09:04,7,False,0.0,0.0,False,year: 2024 month: 08 day: 29,-0.3615624010562897,0.887207567691803
151,3850,"At the moment I feel contented with what life has to offer I feel that whatever I do and do well no matter how hard it may be or have being I just feel that ' s how life is and even if I could change some things I just feel it won ' t be necessary at some point , it has happened let it move on",2024-08-29 17:10:19,7,False,1.0,0.0,False,year: 2024 month: 08 day: 29,1.810585379600525,0.501075029373169
151,3851,"Quiet , Active , Jovial , Working , Thinking",2024-08-30 12:05:48,7,True,0.0,0.0,False,year: 2024 month: 08 day: 30,-0.06447403132915497,0.8301421403884888
151,3852,"Tired , Slugish , Over worked , Thinking , Assuming",2024-08-30 17:03:17,7,True,-2.0,0.0,False,year: 2024 month: 08 day: 30,-0.778978705406189,0.3447389304637909
151,3853,I ' m feeling active but at the same time I ' m at my most weak state being sluggish and also not ready to do anything just sitting and drinking my drink and reminiscing about the very existence of which I am brought to and have to survive,2024-08-30 22:21:08,7,False,0.0,2.0,False,year: 2024 month: 08 day: 30,-1.1514469385147095,0.6754257082939148
151,3854,I want to be left alone doing my own thing my own having my own thinking to myself and be left to be with nature . I feel that life has many things to offer which at some point we need to ascertain this mentality and drive it forward,2024-08-31 12:52:39,7,False,0.0,0.0,False,year: 2024 month: 08 day: 31,1.1024352312088013,0.7615930438041687
151,3855,I feel contented and calm I feel like I ' m mind is open and most of the times I know that it is necessary to have alone time which have helped to foster my mindset and also how I look at basically all things,2024-08-31 17:17:21,7,False,2.0,0.0,False,year: 2024 month: 08 day: 31,1.753989815711975,0.2773277759552002
151,3856,I was there feeling all neutral don ' t even know if I ' m balanced or not just feeling nervous within my system having to contemplate with different matter made it worse and also more activities came into play,2024-08-31 22:36:06,7,False,0.0,1.0,False,year: 2024 month: 08 day: 31,-1.3172072172164917,1.3897883892059326
151,3857,"I ' m quite in the happy mood , why ? I don ' t know or even can think about but if I ' m to guess is just the positivity of doing things that makes me more happy , I focus on what is better and ahead for the best",2024-09-01 12:21:32,7,False,0.0,2.0,False,year: 2024 month: 09 day: 01,1.6210107803344727,1.1112722158432007
151,3858,"Lovely , Lively , Active , Enthusiastic , Loke",2024-09-01 17:46:53,7,True,0.0,2.0,False,year: 2024 month: 09 day: 01,1.0784481763839722,1.6388071775436401
151,3859,"Nervous , Jittery , Active , Enthusiastic , Strong",2024-09-01 22:36:23,7,True,0.0,2.0,False,year: 2024 month: 09 day: 01,-0.4858339726924896,1.7884094715118408
151,3860,I feel active and at the same time I feel nervous   and enthusiastic about myself and what I have to offer in the nearest of the life I live now I want to make impact but with what is what I don ' t know but still active,2024-09-02 12:33:15,7,False,0.0,2.0,False,year: 2024 month: 09 day: 02,0.05531349033117294,1.9191813468933105
151,3861,"Slugish , Tired , Pain , Shout , Exhausted",2024-09-02 22:39:53,7,True,0.0,0.0,False,year: 2024 month: 09 day: 02,-1.1687517166137695,0.0528121255338192
151,3862,At the moment I just want to be quiet and look at things unfold and follow the way it is . Right now I ' m poor and have nothing to rely on and it is bothering me so much that being poor isn ' t good for my health and also I ' m drinking alcohol which I ' m trying to stop and it is hard,2024-09-03 12:35:19,7,False,0.0,0.0,False,year: 2024 month: 09 day: 03,-0.8525205254554749,0.3794131577014923
151,3863,I ' m feeling quiet most calm and sluggish and just going with what I think I feel it necessary which is hope that whatever I get myself doing I put myself in a condition that is really good and know that negative and positive are part of this world,2024-09-03 17:13:06,7,False,0.0,0.0,False,year: 2024 month: 09 day: 03,0.5068568587303162,0.35999396443367004
151,3864,I ' m feeling a little bit active and not active I ' m just neutral and having some mood swings along the way with various activities that making me throw up which is why I ' m just sipping and trying to be calm with various activities that I could get my hands on and do most of everything,2024-09-04 12:02:10,7,False,0.0,1.0,False,year: 2024 month: 09 day: 04,-0.07378600537776947,1.1622494459152222
151,3865,At the moment I just feel . quiet and observing the nature like I ' m tired from the whole stress and how to make it and be independent but the stress of waking up and going to work and having this obscene attitude is making me more weak within myself and outside,2024-09-04 22:09:10,7,False,0.0,0.0,False,year: 2024 month: 09 day: 04,-0.35894614458084106,0.42789819836616516
151,3866,"Active , Enthusiastic , Nervous , Worrisome , Sluggish",2024-09-05 12:08:54,7,True,0.0,2.0,False,year: 2024 month: 09 day: 05,0.20315027236938477,1.9940078258514404
151,3867,Feeling sluggish and quiet for now to reminisce the very essence of what is very important in today ' s life or what we as a fellow human can do to be relevant in the face of the earth and show for the value that we possess and are ready to make it happen,2024-09-05 17:06:37,7,False,0.0,0.0,False,year: 2024 month: 09 day: 05,-0.4487711787223816,0.26408568024635315
151,3868,"I feel calm , quiet contented , and sluggish like I feel dull and counting my spade to myself and making it look less ke I can finally be accepted for who I am and accept the fact that to myself I ' m perfect and has good intentions planned out",2024-09-05 22:00:54,7,False,0.0,0.0,False,year: 2024 month: 09 day: 05,1.5851224660873413,0.2886304259300232
177,4502,"Feeling very happy is like basking in warm sunlight on a perfect day for me . It fills my heart with joy and spreads a smile across my face . Everything seems brighter , and even ordinary moments carry a spark of excitement .\ n \ nI likely feel a sense of gratitude , appreciating the little things—a kind word from a friend , the beauty of nature , or a favorite song playing in the background . This happiness might urge me to share my joy with others , creating connections and spreading positivity .\ n \ nMy energy is contagious right now ; I probably find myself laughing more easily and feeling a deep sense of contentment . Challenges that once felt daunting seem more manageable as my optimistic perspective allows me to approach them with confidence .\ n \ nIn this state of happiness , time feels elastic ; moments of joy stretch out , letting me savor them fully . Whether through laughter , kindness , or simply enjoying the present , this happiness enhances my life , making everything seem possible and brightening the world around me . I’ll enj",2024-11-01 12:02:57,7,False,2.0,1.0,False,year: 2024 month: 11 day: 01,1.5234122276306152,1.581926941871643
177,4508,"I imagine I ' m experiencing a particularly bright and optimistic state right now - the kind of happiness that comes from meaningful interaction and the anticipation of interesting conversations ahead . This moment feels like that satisfying glow one gets when fully present and energized , similar to how someone might feel when they ' re about to dive into a fascinating book or catch up with a good friend . While I approach my role with a balanced perspective , today there ' s an extra layer of cheerful enthusiasm coloring my interactions , perhaps analogous to how a teacher might feel at the start of a new semester - filled with curiosity about what insights and exchanges await , and genuinely looking forward to engaging in thoughtful dialogue that could lead to mutual understanding and discovery .",2024-11-04 17:05:31,7,False,2.0,1.0,False,year: 2024 month: 11 day: 04,1.8564974069595337,1.287445068359375
177,4511,"I ' m experiencing a gentle warmth of contentment - not an overwhelming joy , but rather a pleasant sense of wellbeing that sits comfortably in my chest . It ' s like having a small smile that comes and goes naturally , without effort . Perhaps there ' s a lightness in my movements , a slight bounce in my step .\ n \ nMy thoughts likely flow a bit more easily than usual , finding silver linings without having to search too hard for them . I might notice small pleasures more readily - the warmth of sunlight , a favorite song playing , or the satisfaction of completing simple tasks .\ n \ nThis isn ' t euphoria or excitement , but rather a subtle positive undercurrent to my day . Think of it as emotional background music playing softly - noticeable enough to influence my mood , but not overwhelming . I might feel slightly more patient with minor annoyances , a bit more inclined to chat with others , or just generally more at ease in my own skin .\ n \ nIt ' s a sustainable , gentle kind of happiness - the type that doesn ' t demand energy to maintain , but",2024-11-06 17:17:56,7,False,1.0,1.0,False,year: 2024 month: 11 day: 06,1.536803960800171,0.9580219388008118
177,4512,"Feeling happy is like experiencing a gentle warmth inside , a subtle contentment that softly colors my day . It ' s not the exuberant joy that makes me want to shout from rooftops , but rather a quiet satisfaction that brings a slight smile to my face .\ n \ nIn this state , I might find myself more relaxed , my shoulders less tense , and my thoughts leaning towards the positive . The world seems a bit brighter , not dazzling , but pleasantly illuminated . I ' m not jumping for joy , but I ' m certainly not down either – I ' m comfortably situated in a pleasant middle ground .\ n \ nThis mood might make me more open to small pleasures : the taste of my morning coffee seems richer , the breeze on my skin more refreshing . I ' m more likely to notice the good things around me , even if they ' re minor .\ n \ nMy interactions with others may be tinged with increased patience and kindness . I ' m not overwhelmed with emotion , but I feel a gentle goodwill towards the world and its inhabitants .",2024-11-06 22:09:54,7,False,2.0,1.0,False,year: 2024 month: 11 day: 06,1.6629303693771362,1.22722589969635
177,4503,"Radiating , Pure , Delight , Calm , Contented",2024-11-02 17:38:12,7,True,2.0,1.0,False,year: 2024 month: 11 day: 02,1.7282459735870361,0.7577587366104126
177,4504,"Balance , Steady , Calm , Composed , Quiet",2024-11-03 12:12:05,7,True,0.0,1.0,False,year: 2024 month: 11 day: 03,0.2842540144920349,0.8787766695022583
177,4505,"Content , Cool , Calm , Happy , Satisfied",2024-11-03 17:08:28,7,True,1.0,1.0,False,year: 2024 month: 11 day: 03,1.5369422435760498,0.6131245493888855
177,4506,"Happy , Jovial , Funny , Cool , Nice",2024-11-03 22:09:37,7,True,1.0,2.0,False,year: 2024 month: 11 day: 03,1.5764269828796387,1.3180490732192993
177,4507,"Patient , Calm , Satisfied , Mellow , Buoyant",2024-11-04 12:06:30,7,True,1.0,1.0,False,year: 2024 month: 11 day: 04,1.4726197719573975,0.5713302493095398
177,4509,"Curious , Attentive , Balanced , Present , Engaged",2024-11-04 22:12:48,7,True,0.0,1.0,False,year: 2024 month: 11 day: 04,0.05835440754890442,1.5032017230987549
177,4510,"Peaceful , Brightened , Composed , Upbeat , Warm",2024-11-05 17:16:29,7,True,1.0,1.0,False,year: 2024 month: 11 day: 05,1.6382031440734863,0.5706392526626587
117,2417,"I ' m feeling good and great , have been some alot of great works today that I don ' t even know I can do , their some task that have been giving me issue since last week , and the task is has been making me feels effortless , I think have seen solution to it .",2024-11-19 12:08:56,7,False,0.0,1.0,False,year: 2024 month: 11 day: 19,1.796717643737793,0.8081676959991455
117,2419,"I ' m just feeling good and nice I didn ' t really bother my self much today , I was just indoor trying to work out , play some nice music when I went to the gym and I also listened to some nice music when I went for jogging .",2024-11-21 17:35:44,7,False,0.0,2.0,False,year: 2024 month: 11 day: 21,1.5120655298233032,0.992010772228241
117,2420,"I ' m not feeling bad and I ' m not feeling too good but I ' m just normal trying to be myself without disturbing anybody and without anybody disturbing me , I ' m just feeling calm and quiet and I ' m just trying to be reasonable .",2024-11-22 12:58:33,7,False,0.0,1.0,False,year: 2024 month: 11 day: 22,0.9343645572662354,0.560722827911377
117,2421,"I ' m just feeling neutral , I ' m just hoping that everything will be better , have been alone since , thinking about way forward and have also been calling all my friends for way forward because my dream is bigger than where I am now .",2024-11-22 17:28:12,7,False,0.0,1.0,False,year: 2024 month: 11 day: 22,0.08273079246282578,0.978734016418457
117,2422,"I ' m feeling good , I ' m have been out with a friend since but we are still together , we are having fun , we bought some drinks , so that we can discuss more better , being with him is fun , we have played some interesting game too today .",2024-11-23 22:02:32,7,False,0.0,1.0,False,year: 2024 month: 11 day: 23,1.3962302207946777,1.1152433156967163
117,2424,I ' m feeling tired and stressed right now because have been working ever since I got to work in the morning I was not able to do any other thing I was just working as if I ' m not going to work again but we thank God for everything,2024-11-26 22:28:57,7,False,0.0,1.0,False,year: 2024 month: 11 day: 26,-1.1582589149475098,0.2795511484146118
117,2429,"I feel very good and calm because have been learning alot from my new friend and she ' s so nice to me , I ' m very happy to be with her , and also she ' s calm and she knows how to handle cases differently and calmly .",2024-12-01 12:58:10,7,False,0.0,1.0,False,year: 2024 month: 12 day: 01,1.885278582572937,0.45392853021621704
117,2418,"Good , anxious , happy , calm , nice",2024-11-19 22:03:46,7,True,0.0,1.0,False,year: 2024 month: 11 day: 19,0.95964515209198,1.1044886112213135
117,2423,"Good , content , joyful , awesome , excited",2024-11-24 12:25:00,7,True,0.0,1.0,False,year: 2024 month: 11 day: 24,1.6415270566940308,1.0546835660934448
117,2425,"Good , Nice , Lovely , Generous , Content",2024-11-27 12:34:15,7,True,0.0,2.0,False,year: 2024 month: 11 day: 27,1.4494305849075317,1.0494838953018188
117,2427,"Good , lovely , calm , nice , cool",2024-11-27 17:34:33,7,True,0.0,1.0,False,year: 2024 month: 11 day: 27,1.2973864078521729,0.7983487844467163
117,2428,"Good , nice , calm , cool , active",2024-11-28 17:39:56,7,True,0.0,1.0,False,year: 2024 month: 11 day: 28,1.073390245437622,1.0470060110092163
117,2430,"good , nice , cool , content , happy",2024-12-02 12:10:09,7,True,0.0,1.0,False,year: 2024 month: 12 day: 02,1.553534984588623,0.8675988912582397
22,1328,"Tired , Anxious , Depressed , Angry , Uncomfortable",2021-03-27 12:54:38,1,True,-2.0,0.0,False,year: 2021 month: 03 day: 27,-0.8061344623565674,0.9644446969032288
22,1329,"Exhausted , Excited , Nervous , Irritated , Overwhelmed",2021-03-28 15:58:33,1,True,-2.0,0.0,False,year: 2021 month: 03 day: 28,-0.2936885952949524,0.8330747485160828
22,1330,"Exhausted , Anxious , Frustrated , Annoyed",2021-03-29 13:57:11,1,True,-1.0,0.0,False,year: 2021 month: 03 day: 29,-1.5457478761672974,0.9131678342819214
22,1331,"Irritable , Uncomfortable , Exhausted",2021-04-03 12:27:02,1,True,-1.0,1.0,False,year: 2021 month: 04 day: 03,-1.4771379232406616,1.2211856842041016
22,1332,"Content , Calm , Anxious",2021-04-04 12:03:01,1,True,1.0,0.0,False,year: 2021 month: 04 day: 04,1.3546332120895386,0.7084041833877563
22,1327,"Upset , Tired , Misunderstood , Anxious , Worried",2021-04-06 23:04:23,1,True,-1.0,1.0,False,year: 2021 month: 04 day: 06,-1.3635637760162354,1.0349630117416382
82,5268,"I have not eaten yet today , so I am very hungry . Also tired and frustrated . Got out of a very tedious lab which has drained me . Stressed about a bunch of assignments I have to do . Kinda guilty for waking up late and missing class .",2024-11-13 17:41:42,7,False,-1.0,0.0,False,year: 2024 month: 11 day: 13,-1.7347205877304077,0.47983020544052124
82,5272,"I just woke up , I stayed up super late last night doing homework . I am feeling very tired . Definitely caffeine deprived . I am looking forward to the weekend , there are a few things I am excited about . I feel kinda unmotivated .",2024-11-16 17:00:51,7,False,-2.0,0.0,False,year: 2024 month: 11 day: 16,-0.30669429898262024,0.573797345161438
82,5273,"I just woke up , am feeling very tired . I am feeling glad that I woke up before noon today though . I am looking forward to my day , I have some fun things planned . Mostly feeling pretty neutral since I just woke up . Not looking forward to classes tomorrow .",2024-11-17 12:12:56,7,False,-1.0,0.0,False,year: 2024 month: 11 day: 17,0.2761154770851135,0.939994215965271
82,5267,"Stressed , Anxious , Worried , Angry , Frustrated",2024-11-12 22:54:23,7,True,-2.0,2.0,False,year: 2024 month: 11 day: 12,-0.9879691004753113,1.1987864971160889
82,5269,"Depressed , Guilty , Ashamed , Frustrated , Sad",2024-11-14 17:00:49,7,True,-2.0,1.0,False,year: 2024 month: 11 day: 14,-1.3701207637786865,0.9995467066764832
82,5270,"Bad , Depressed , Ashamed , Sad , Tired",2024-11-14 22:15:04,7,True,-2.0,1.0,False,year: 2024 month: 11 day: 14,-1.541792869567871,0.6620995402336121
82,5271,"Calm , Tired , Alright , Nervous , Relaxed",2024-11-15 22:27:46,7,True,1.0,0.0,False,year: 2024 month: 11 day: 15,0.6496261954307556,0.4575718343257904
82,5274,"Meh , Fine , Alright , Awake , Neutral",2024-11-23 17:00:33,7,True,0.0,1.0,False,year: 2024 month: 11 day: 23,-0.3200782537460327,0.9280277490615845
123,2614,I am currently feeling fine with practically no worries on my mind . I am satisfied with how my day is progressing so far . It has been a very calm morning .,2024-11-08 12:01:41,7,False,1.0,0.0,False,year: 2024 month: 11 day: 08,1.3099473714828491,0.48589038848876953
123,2615,Currently I feel pretty okay… pretty neutral . Though I am starting to feel tired from the long days and developing a headache . I am also starting to feel pretty hungry (honestly starting to feel hangry too) .,2024-11-08 17:30:28,7,False,0.0,1.0,False,year: 2024 month: 11 day: 08,-0.27853721380233765,0.9696013331413269
123,2616,"I am still feeling okay , much like earlier . Not much has changed ; I still have a headache so I do also feel a bit annoyed . The sweet treat I am currently having will bring me peace I think . (meeting this 200 word character is actually stressing me TT)",2024-11-08 22:07:27,7,False,0.0,1.0,False,year: 2024 month: 11 day: 08,0.3298695385456085,0.5494747757911682
123,2618,I am exhausted and feel like doing absolutely nothing . All I want to do is sit down and stare at a wall and forget about existence for a few moments . I also just feel like going home and laying down/resting .,2024-11-09 22:01:59,7,False,-2.0,0.0,False,year: 2024 month: 11 day: 09,-1.6940374374389648,-0.06820931285619736
123,2619,I am currently feeling a little tired and a little sickish… i might be developing a cold . Starting to feel really awful . Other than that I am mentally preparing for a long day and feel like procrastinating getting ready just to stall time,2024-11-10 12:57:09,7,False,-1.0,0.0,False,year: 2024 month: 11 day: 10,-1.6248140335083008,0.090421661734581
123,2620,I am feeling slightly irritated and annoyed with things . Also hangry and this cold is making my mood even worse . And still stressed about time of things… nothing is well… and this character count man,2024-11-11 22:06:15,7,False,0.0,0.0,False,year: 2024 month: 11 day: 11,-0.85085529088974,1.5098400115966797
123,2622,"I feel okay at the moment . No special emotions or anything… I do feel tired though and the cold symptoms are becoming more real . It is also about to be a long day , just need to get through it……… .",2024-11-12 12:16:32,7,False,0.0,1.0,False,year: 2024 month: 11 day: 12,-0.32436519861221313,0.5655081868171692
123,2626,"i am not really feeling anything at the moment . i am just here . perhaps it is more of a boredom or due to boredom . i practically just woke up and then have to go into work later (dreading) meanwhile i have assignments to do… so i am also ignoring whatever feelings of stress . so feeling nothing , will feel later",2024-11-17 12:15:22,7,False,0.0,1.0,False,year: 2024 month: 11 day: 17,-0.6861945390701294,0.3445281386375427
123,2617,"content , happy , having fun , joyful , chilling",2024-11-09 17:03:08,7,True,2.0,1.0,False,year: 2024 month: 11 day: 09,1.5882412195205688,0.7931143641471863
123,2623,"sick , cold , content , giddy , tired",2024-11-14 12:15:27,7,True,0.0,1.0,False,year: 2024 month: 11 day: 14,0.014211267232894897,0.642711341381073
123,2624,"excitement , giddy , warm , jumping up and down , popping",2024-11-15 17:20:50,7,True,1.0,1.0,False,year: 2024 month: 11 day: 15,1.146941065788269,1.8902156352996826
123,2625,"tired , annoyed , irritated , short , okay",2024-11-16 17:06:15,7,True,-1.0,0.0,False,year: 2024 month: 11 day: 16,-1.2755998373031616,0.8072460889816284
69,4835,"Tired , Annoyed , Angry , Sad , Down",2024-09-13 17:03:31,7,True,-1.0,1.0,False,year: 2024 month: 09 day: 13,-1.264306664466858,0.9573900699615479
69,4836,"Active , Sharp , Experience joy , Well , Glad",2024-09-17 22:49:51,7,True,0.0,2.0,False,year: 2024 month: 09 day: 17,0.4495913088321686,1.9483000040054321
69,4837,"Down , Sad , Unhappy , Moody , Suck",2024-09-19 17:46:42,7,True,-1.0,1.0,False,year: 2024 month: 09 day: 19,-1.32361900806427,0.6567824482917786
69,4838,"Glad , Happy , Amazed , Joyous , Lively",2024-09-19 22:26:39,7,True,1.0,1.0,False,year: 2024 month: 09 day: 19,1.5335469245910645,1.0150766372680664
55,4327,"Quite , Calm , Cool , Relaxed , Loved",2024-10-10 22:24:44,7,True,2.0,0.0,False,year: 2024 month: 10 day: 10,0.9973837733268738,0.5592723488807678
55,4428,"I’m feeling pretty good heading to the gym with my brother then I’m going to a bar with family tonight to watch some college football and place some bets , gambling is always better when your drunk anyways .",2024-10-11 17:05:45,7,False,-2.0,0.0,False,year: 2024 month: 10 day: 11,1.4652292728424072,1.0994206666946411
55,4473,I’m feeling great watching the ORG game drinking a twisted tea had a few earlier and now chilling with my family todays good wouldn’t trade it for The world my parlays need to hit thou so I can buy more alcohol for tonight .,2024-10-11 22:49:59,7,False,2.0,2.0,False,year: 2024 month: 10 day: 11,1.8151769638061523,0.7486581802368164
55,4527,I feel decent tired from all the brews I’ve been drinking but today’s going to be a good day for football and family honestly it’s great I hope my bets win today because yesterday the ORG ruined all my parlays,2024-10-12 17:17:26,7,False,-2.0,0.0,False,year: 2024 month: 10 day: 12,1.1285146474838257,0.5373973846435547
9,390,I feel active yet calm and happy . Somewhat tired from lack of sleep due to the baby . I am a generally chipper person and don’t usually ever feel down . Other than that just great ! This is way too many characters to be answering a short question like this .,2021-06-13 13:38:33,1,False,2.0,0.0,False,year: 2021 month: 06 day: 13,1.672174096107483,1.2690997123718262
9,391,"I woke up tired due to the baby keeping me awake throughout the night . I’m happy , full of love and having a great day so far . But overall I’m in good spirits , feeling great , happy I’m healthy and ready to take on this day .",2021-06-14 12:07:33,1,False,2.0,0.0,False,year: 2021 month: 06 day: 14,1.0180598497390747,0.6745299100875854
9,392,"Got a lot of sleep last night . Feeling really good and ready to tackle the day . I had kidney surgery three times last month and today I’m starting to feel back to myself again , which is super awesome !",2021-06-15 12:01:04,1,False,2.0,1.0,False,year: 2021 month: 06 day: 15,1.5361101627349854,0.7889243960380554
9,393,I feel fantastic today . About to go work out and then take my son with me on a nice hike through a long park . We have some art projects to work on and grocery shopping as well . I’m slightly tired but that’s nothing coffee can’t fix .,2021-06-16 12:01:05,1,False,2.0,1.0,False,year: 2021 month: 06 day: 16,1.5947710275650024,1.2135088443756104
9,394,I feel inspired to work on a few new art projects this weekend . I also like to paint with my son so I will do a few of those as well . I am overall happy and in a good mood . I can’t wait for the day is to warm up so I can get out on the water .,2021-06-18 17:24:24,1,False,2.0,1.0,False,year: 2021 month: 06 day: 18,1.3030610084533691,1.7601302862167358
12,575,"I’ve felt so many emotions in the last day . I have felt happy , hopeless , sad , and back to happy because of all the different things that are going on in my life at the moment .   It’s a hard transition right now because of big changes , loss , while trying to move forward in a positive direction .",2021-06-13 14:10:13,1,False,0.0,1.0,False,year: 2021 month: 06 day: 13,-0.051646169275045395,1.408551812171936
12,576,"I’ve felt happy and calm today because I was able to spend the day with my family . I took my father in law to the airport and even though it makes me sad , I was happy and content afterwards . We also got two new pets after losing one yesterday so that contributed to a great day .",2021-06-14 21:03:52,1,False,2.0,0.0,False,year: 2021 month: 06 day: 14,1.4038965702056885,0.7920150756835938
12,577,I’ve been feeling very happy the last 24 . Like everything is getting better and some choices are finally settling in . I’m still uneasy about the future but that’s only because I don’t know what’s next .,2021-06-17 16:02:00,1,False,2.0,1.0,False,year: 2021 month: 06 day: 17,1.4418058395385742,1.231467604637146
13,607,I Just woke up . I feel pretty tired from yesterday’s double . I feel stressed about everything I have to get done today . My feet and neck and shoulders are killing me . But I had a good night last night for the most part so that kind of makes the pain worth it,2021-05-04 12:11:09,1,False,-2.0,0.0,False,year: 2021 month: 05 day: 04,-0.4153098464012146,0.18489909172058105
13,608,"I just took a two hour nap , which helped me recover more from my 12 hour shift yesterday . My back , neck , shoulders , and feet are still pretty sore , so that’s frustrating . About to start on my homework",2021-05-04 17:07:14,1,False,2.0,0.0,False,year: 2021 month: 05 day: 04,-0.9058392643928528,0.22769877314567566
13,609,"Currently I am watching a tv show with my boyfriend on the couch . Had a relaxing day off . Shoulders , back , and neck still very painful . I feel calm and content and not tired . May go for ice cream later",2021-05-04 22:00:50,1,False,2.0,0.0,False,year: 2021 month: 05 day: 04,0.9413637518882751,0.4486188292503357
13,610,"I’m feeling a little annoyed that my neck , back , and shoulders are still as sore as they are . Tylenol and ibuprofen aren’t cutting it . I also feel stressed about all the school work I have to get done today and tonight",2021-05-05 12:06:37,1,False,0.0,0.0,False,year: 2021 month: 05 day: 05,-1.003093957901001,1.3546960353851318
13,611,"My neck and back and shoulders hurt a little less , so I’m finally feeling a little more relaxed and content . I’ve also got a lot of school work done , so that is making me feel more relaxed as well . Also , I’m feeling sad that I’m home alone again for a few days",2021-05-05 17:19:04,1,False,1.0,0.0,False,year: 2021 month: 05 day: 05,0.7186036705970764,0.4122965633869171
13,612,"I’m currently feeling lonely because I’m alone in the house for a few days , stressed because I have a huge exam tomorrow , attempting to feel calm and relaxed by taking a hot bath , and worried about tomorrow’s outcome",2021-05-05 22:01:32,1,False,2.0,0.0,False,year: 2021 month: 05 day: 05,-0.23712831735610962,0.5524497032165527
13,613,"I’m feeling stressed because I have to give a presentation today as well as take an exit exam for school . I also am stressed from my shoulder and neck and back STILL hurting , it’s better in some ways but the same or worse in others . I’m also excited to almost be done with school",2021-05-06 12:23:42,1,False,-1.0,2.0,False,year: 2021 month: 05 day: 06,0.0068364217877388,1.025356650352478
13,614,"I finished my last exam of nursing school so I’m feeling ecstatic , I also aced it when I thought I was doing terribly . Back and neck and shoulders STILL hurt so that’s annoying . Not looking forward to working later",2021-05-06 17:57:28,1,False,2.0,1.0,False,year: 2021 month: 05 day: 06,1.4746352434158325,1.1584745645523071
13,615,I feel happy that I got to spend time with my friends on my last day of school . I feel relieved that I passed my test and did well on my presentation . I feel meh about picking up a shift tonight . And I feel annoyed that I’m still in pain .,2021-05-06 22:02:43,1,False,2.0,1.0,False,year: 2021 month: 05 day: 06,1.2669398784637451,0.8535743951797485
13,616,I’m currently feeling tired and sore from work last night . My body is still sore from the past week . I’m feeling lazy because I haven’t gotten off the couch today except to eat . I’m not looking forward to work tonight . I am excited to see my boyfriend soon though,2021-05-07 17:00:45,1,False,-1.0,0.0,False,year: 2021 month: 05 day: 07,-0.868881344795227,0.07125680148601532
13,617,I feel annoyed after other employees and contractors treating me like crap at work last night . I feel tired from only getting five hours of sleep . I feel excited to go watch a baseball game today . And I feel happy that my boyfriend is back home,2021-05-08 12:21:53,1,False,-2.0,0.0,False,year: 2021 month: 05 day: 08,0.5201247930526733,0.9811551570892334
13,618,I’m feeling bummed that we lost the baseball game . I’m feeling happy because I got to drink and hang out with friends at the baseball game . My eyes and back and shoulders hurt so that’s annoying . I’m glad that I get to spend time with friends for awhile !,2021-05-08 17:02:45,1,False,1.0,0.0,False,year: 2021 month: 05 day: 08,0.7692317366600037,0.9449577927589417
37,2548,"The weather is good , feeling good and enjoying the day off with some self care . Had a bad dream that upset me but feeling better now . Went and got my hair done and it made me feel better so I ' m going to do my nails and clean up so that makes me feel better too",2021-06-11 17:54:54,1,False,1.0,0.0,False,year: 2021 month: 06 day: 11,1.0758752822875977,0.6809529662132263
37,2549,"Feeling a little better after cleaning up and doing my nails , going to make dinner soon enchiladas and rice . Taking it easy today since I wasn ' t feeling so good . Watching TV my favorite talk show Wendy Williams . It been pretty hot outside .",2021-06-12 22:55:08,1,False,1.0,0.0,False,year: 2021 month: 06 day: 12,0.10155955702066422,0.6221091151237488
37,2550,"A little tired , didn ' t sleep well but I feel okay . Going to get ready and run some errands . Need to get to the gym and run to the store . trying get up and get it done but I ' m a little tired today . Feeling lazy .",2021-06-14 17:19:36,1,False,-1.0,0.0,False,year: 2021 month: 06 day: 14,-0.6910238862037659,0.15252868831157684
37,2551,Feeling good after getting some sun and getting out of the house . Going to an appointment then I got to stop at the store and maybe go to the gym later . Very hot day today but it ' s a very nice day . I ' d like to go swimming .,2021-06-15 17:26:42,1,False,1.0,1.0,False,year: 2021 month: 06 day: 15,1.2874013185501099,1.1964025497436523
37,2552,"Pretty good , went and did my shopping and now I ' m at the gym . It feels good to be back in the gym because it ' s been a couple of weeks since I ' ve worked out . I need to get in shape and get to the gym more often because I have been slacking in this area .",2021-06-15 22:50:31,1,False,1.0,2.0,False,year: 2021 month: 06 day: 15,1.091975212097168,1.1824555397033691
37,2553,"Running late today , woke up late and have to do homework and run errands . Going to do laundry and get ready . Haven ' t been sleeping well and feeling a little tired . I have anxiety about going back to work and school too .",2021-06-16 17:43:07,1,False,0.0,1.0,False,year: 2021 month: 06 day: 16,-1.379073977470398,0.4502740800380707
37,2554,"Just got up and need some coffee felling like I need to go to the gym and work out , that should make me feel better . I ' m feeling sore and need to work it out . My back and legs are stiff and I had a busy week .",2022-01-28 10:10:13,2,False,0.0,2.0,False,year: 2022 month: 01 day: 28,-0.5897902846336365,0.5211008787155151
37,2555,"Went and did some shopping and then organizing my house , feeling better today . Had a bad dream last night and it was very strange but I feel okay now that I got some errands done . Still need to go to the gym though .",2022-01-28 16:27:20,2,False,1.0,2.0,False,year: 2022 month: 01 day: 28,-0.0752616822719574,1.017478585243225
37,2556,Having dinner and watching t . v getting sleepy after running some errands and cleaning up . I really need to get into the gym because I am feeling sore and sluggish . Went and got food because I didn ' t have time to cook today .,2022-01-28 20:54:10,2,False,-1.0,0.0,False,year: 2022 month: 01 day: 28,-0.9495902061462402,0.16725236177444458
37,2557,Getting the day started off with some coffee then I ' m going to make breakfast and do some cleaning . I ' m a little frustrated because my package is a week late and hasn ' t came yet but I ' m feeling pretty good .,2022-01-29 10:41:35,2,False,1.0,2.0,False,year: 2022 month: 01 day: 29,0.8640002608299255,0.9262955188751221
37,2558,I ' m feeling a little anxious and nervous also a little too tired to go anywhere . I just made some food and did some laundry and cleaning now I ' m going to watch a movie and relax . I wanted to go to the store but I ' m too tired .,2022-01-29 16:28:20,2,False,-1.0,2.0,False,year: 2022 month: 01 day: 29,-0.6432361602783203,1.2653868198394775
37,2559,"Just finished cleaning up and listening to music . getting ready for bed soon , going to watch some movies and relax . I am using my oil diffuser which helps to calm me down as well and the music helps too",2022-01-29 21:06:19,2,False,0.0,1.0,False,year: 2022 month: 01 day: 29,0.3441096544265747,0.5424544215202332
37,2560,"Feel pretty good , getting ready to go to the gym and shopping . Was able to get up early and get ready so I feel good about that . I ' m just waiting for my clothes to dry and then I ' m leaving . Feels good to get out early .",2022-01-30 10:44:33,2,False,0.0,2.0,False,year: 2022 month: 01 day: 30,1.7689412832260132,0.8544408082962036
37,2561,"Feeling hungry after a good workout , went and got some groceries from the store and getting ready to cook dinner . Went and looked at the store but didn ' t find the item I need so I will have to order it .",2022-01-30 16:26:17,2,False,0.0,1.0,False,year: 2022 month: 01 day: 30,0.08363378793001175,1.3690649271011353
37,2562,"Just had dinner , getting ready for bed and my head is aching . I ' m going to have a snack and watch a movie before I go to bed . I have to go to an appointment tomorrow early afternoon so I need to get to bed soon .",2022-01-30 20:09:35,2,False,-1.0,0.0,False,year: 2022 month: 01 day: 30,-0.3892856240272522,0.3753255605697632
37,2563,Just got up and going to get the day started . Going to get ready soon and go to my appointment . I ' m a little nervous about it but it will hopefully be okay . I ' m going to have breakfast now before I get ready .,2022-01-31 10:36:04,2,False,0.0,1.0,False,year: 2022 month: 01 day: 31,0.40150561928749084,1.3557158708572388
37,2564,I ' m currently feeling pretty good just have a few things that I need to finish . I ' m at an appointment for therapy and I think it was helpful because I feel better about some things and I am ready to move forward with them,2022-01-31 15:32:56,2,False,1.0,1.0,False,year: 2022 month: 01 day: 31,1.192116141319275,0.8164910674095154
37,2565,"Just finished with dinner and feeling better today , less pain since I worked out yesterday and now I ' m going to get some tea from the store before I get ready for bed . I ' m almost done with organizing my house",2022-01-31 20:02:52,2,False,1.0,0.0,False,year: 2022 month: 01 day: 31,0.6860925555229187,1.0205750465393066
48,4821,I have been very upset because my mom and dad are suffering and there is a lot of tension and drama in the house . I’m very tired and worn out .   I am becoming very apathetic and withdrawn and not myself .   It is very stressful 24 seven .,2021-05-06 12:01:25,1,False,-1.0,1.0,False,year: 2021 month: 05 day: 06,-1.7044814825057983,1.157505989074707
48,4822,"I had a better day today than yesterday . Despite the massive tension in my house because my parents are separating , I was able to not take on that negative energy and stay detached from it all . I felt content because I was very productive .",2021-05-07 12:03:40,1,False,-1.0,2.0,False,year: 2021 month: 05 day: 07,1.3085421323776245,0.6253778338432312
48,4823,"Today I am feeling very stressed out I tried starting a new job , and it’s a mess . And the last job I was at was also a mess . They are all shortstaffed and don’t know what they are doing .   And the new staff they bring on is almost always crap . I couldn’t find gas either .",2021-05-11 12:02:14,1,False,1.0,0.0,False,year: 2021 month: 05 day: 11,-1.1566441059112549,1.561974287033081
5,290,Just woke up so I am tired . I am pretty neutral as far as emotions go . I am listening to good music so am waking up . I am not ready to go to work I know today will be a stressful work day . I am looking for a new work opportunity,2021-05-04 12:02:25,1,False,1.0,2.0,False,year: 2021 month: 05 day: 04,-0.28617963194847107,0.8565179705619812
5,291,Long day at work . Finally getting a break to eat . Ready to get off and take care of my stuff I need to complete . Struggling to find employees to work which makes my work load way more than usual . Cannot wait to find more employees .,2021-05-04 17:00:57,1,False,2.0,0.0,False,year: 2021 month: 05 day: 04,-0.8476395606994629,0.7870091795921326
5,292,Just getting home . Have to finish some stuff then looking forward to having some friends over at night . We are planning to dj some techno and house music . Ready to have a day off tomorrow I can finally take my mind off of work and relax .,2021-05-04 22:07:20,1,False,2.0,1.0,False,year: 2021 month: 05 day: 04,1.0043842792510986,1.3615716695785522
5,293,I just woke up but may go back to sleep . I had a long night yesterday . Today is my off day we are going to hike hopefully somewhere new . Then at night we are going to this totally amazing restaurant called ORG  in GPE .,2021-05-05 12:54:14,1,False,0.0,1.0,False,year: 2021 month: 05 day: 05,-0.2190929651260376,0.3382266163825989
5,294,Not feeling good about my body or my weight . Despite countless diets and staying active I seem to be not getting better . I am tired of looking this way and I am tired of worrying about it . It is effecting my life too much .,2021-05-05 17:00:48,1,False,-2.0,1.0,False,year: 2021 month: 05 day: 05,-1.15773344039917,0.7568322420120239
5,295,I am hating my job I received another job offer but I can not start till may 25th . I do not have any motivation to get things done here . Apart from that I feel like my boyfriend is mad at me and may not want to be with me anymore . I am scared of what is going to happen .,2021-05-06 17:00:31,1,False,-2.0,1.0,False,year: 2021 month: 05 day: 06,-0.9952419996261597,1.191330075263977
5,296,Just woke up not going to work today because I just hate it too much . I may take some ORG shifts instead . I am still chillin in bed with my cats it’s gonna be hard to get up today I am super tired .,2021-05-07 12:46:52,1,False,-2.0,0.0,False,year: 2021 month: 05 day: 07,0.07402097433805466,0.34128639101982117
5,297,Currently driving doing ORG flex ORG  deliveries . It is much less stressful than me regular job . I informed my employer earlier that I will be leaving next Monday to start my new job . I am very excited !,2021-05-07 17:44:23,1,False,1.0,1.0,False,year: 2021 month: 05 day: 07,1.0862963199615479,1.762704610824585
5,298,"I am super duper tired . After I finished my ORG shift I went to hike at FAC    . I hiked 5 miles under the hot GPE sun , I am beat ! I am heading to ORG to eat then going home to rest .",2021-05-07 22:00:31,1,False,-2.0,0.0,False,year: 2021 month: 05 day: 07,-1.0481700897216797,-0.16761678457260132
5,299,The owner of the job I am leaving just told me that no one likes me and that the people that quit did so because of me being the manager . I am done with everyone . I don’t have any friends the only person that will hang out with me is my boyfriend who barely like me he treats me without respect half the time and after 5 years of being together he still doesn’t live with me I spend most nights and days alone .,2021-05-08 12:34:47,1,False,-2.0,1.0,False,year: 2021 month: 05 day: 08,-0.9657743573188782,0.949020504951477
5,300,Feeling stressed about everything . I don’t know how to keep anyone in my life everyone hates me and I don’t know what is wrong with me . I am tired of all this bill shot . Hoping my new job will change things,2021-05-08 17:01:22,1,False,-2.0,1.0,False,year: 2021 month: 05 day: 08,-0.9595963358879089,1.6395269632339478
5,301,I am not doing anything just bored at home I went on a long bike ride and am pretty tired . Just planning to stay home and watch tv till I fall asleep . There is nothing else to do anyways . I have work early tomorrow not looking forward to my last day at that job .,2021-05-08 22:03:03,1,False,0.0,1.0,False,year: 2021 month: 05 day: 08,-0.4057626724243164,0.2054593861103058
