user_id,text_id,text,timestamp,collection_phase,is_words,valence,arousal,is_seen_user,seen,valence_preds,arousal_preds
3,256,I ' m on my first day off of three and feeling pretty good . Just been lazy today and trying to clean the house here and there . I enjoy being home and spending time with my daughters ............\ nThey are both sleeping now so I ' m gonna watch some ORG haha \ n,2021-06-14 20:17:40,1,False,1.0,1.0,True,True,1.2844876050949097,0.2741745412349701
3,257,I have been feeling pretty good . Enjoying my last day off apparently . I got called in tomorrow to work a private party of 40 golfers . So that should be some pretty decent money I think . I also have a doctor ' s appointment in the am so that should be fun .,2021-06-15 19:12:56,1,False,1.0,1.0,True,True,1.2601649761199951,0.5486940741539001
3,258,"Feeling good today , just got back from a Dr ' s appointment .   Grabbed some burger king on the way home for me and my oldest daughter . It was surprisingly good for a change . Bartending a private party later tonight",2021-06-16 14:36:11,1,False,1.0,0.0,True,True,1.18265700340271,0.9733465313911438
3,249,Last night I bartended a private party of 45 golfers . They were alot of fun and I made some decent money . I ' ve been feeling pretty good regardless of this cold that won ' t seem to go \naway . But I work tonight and it should be busy so I ' m excited,2021-06-17 14:43:36,1,False,1.0,1.0,True,True,0.9501623511314392,0.8289381861686707
3,250,I ' ve been feeling pretty good except for the fact that I can ' t get enough sleep it seems . Im so tired when I wake up that I almost need a nap instantly .   I have work tonight again so maybe I can get a nap in before,2021-06-18 12:35:39,1,False,1.0,1.0,True,True,0.33263033628463745,0.17942272126674652
7,349,Last night I felt pretty high on life aftera good shift at work . I had a couple of light drinks after work . Today I have been really dragging and trying to find motivation and alertness . 200 character rule is silly .,2021-03-13 16:07:30,1,False,-1.0,0.0,True,True,0.24628879129886627,0.7017617225646973
7,350,I have been feeling generally extremely tired . I got a full night of sleep and did not have any drinks . Heading into work for a night shift now and still can ' t snap out of the foggy feeling . Why do you require 200 characters .,2021-03-14 17:46:14,1,False,-2.0,0.0,True,True,-0.8385017514228821,-0.1971939355134964
10,411,"Happy , Content , Relaxed , Calm , Tired",2021-06-12 12:10:12,1,True,2.0,0.0,True,True,1.8378870487213135,0.36944523453712463
10,412,"Quiet , Calm , Content , Happy , Tired",2021-06-12 22:00:42,1,True,2.0,0.0,True,True,1.7473293542861938,0.18364201486110687
10,413,"Tired , Content , Happy , Calm , Relaxed",2021-06-13 12:05:52,1,True,2.0,0.0,True,True,0.821983814239502,-0.06200088560581207
17,1090,"I am just getting up . I feel okay , a little tired/sluggish yet . I am fixing to start my schoolwork . And I have class today for about 5 hours . Lab for bio and chemistry . Hopefully I’ll continue to feel ok through the day .",2022-09-07 10:01:21,4,False,-1.0,0.0,True,True,-0.12781991064548492,0.7578670382499695
17,1091,"I am good/okay today . I just got out of class , and have another class to go to . I enjoy school , as long as i understand it . I’m hungry , hopefully i don’t start to feel sick because I’m hungry . I am still stressed about money . But it will work it w , somehow .",2022-09-07 15:18:55,4,False,2.0,0.0,True,True,1.3781665563583374,0.9278891682624817
17,1092,"I am hurting a little this evening . I don’t feel the best . I am still stressed about money . But I did get my rent and one of three things paid . So I have two left . It will work out somehow . Other than that , I am okay .",2022-09-07 20:37:50,4,False,2.0,0.0,True,True,-0.3522765636444092,0.6936609745025635
17,1093,"I am okay , king of tired today . I had to get up early for a dentist appt , I have some broken teeth that need to be fixed . I finally got into a dentist with a sliding pay scale . Yay me . Still stressed about money . I got three things to pay , before the twentieth . It will work out somehow .",2022-09-08 10:06:38,4,False,2.0,0.0,True,True,-1.0581802129745483,0.6640341877937317
17,1094,"I am very happy at the moment . I wanted a job at a particular restaurant , and they called me today for an interview . Yaaay . I hope it goes well . I can at least get my foot in the door . I’m so excited . She said everyone that I know there , that I’ve worked with before , gave me very high recommendations .",2022-09-08 15:06:05,4,False,2.0,1.0,True,True,1.6050587892532349,1.547872543334961
17,1095,"I am at work . I feel bad tonight . I have a headache . It has been such a good day until the headache . I got the new job , hired me on the spot due to others   recommendations of me . Made me feel good !! I hope I like it there , kind of nervous .",2022-09-08 20:13:35,4,False,1.0,0.0,True,True,-0.1587098389863968,1.2073179483413696
17,1096,"I am okay today . I do not feel the best , but I feel okay . I am a little tired , but I am excited to start my new job ! I just got hired , on the spot , yesterday . That made me feel really good . I am content . I am worried about money still . I hope I am not making a mistake .",2022-09-09 10:01:15,4,False,0.0,1.0,True,True,1.1996554136276245,0.8911895751953125
17,1097,"I am pretty good today . My stomach has not felt the best , besides that and being stressed about money , I am pretty good . I am on my way to work now . But I will be leaving there and starting my new job soon .",2022-09-09 15:08:03,4,False,2.0,0.0,True,True,1.068790078163147,0.6959338784217834
17,1098,"I am at work . It is a little busy , but not like usual . I have one of the worst sections again ! I will not make what others makes and I am sick of it ! I am so glad I am leaving this place !!! I will be glad when two weeks are up .",2022-09-09 20:05:49,4,False,1.0,0.0,True,True,-0.1170024424791336,1.294524073600769
17,1062,"I am at work . We will see how today goes . The last few shifts I have not really made anything . That is why I am leaving this place . I am stressed about money , and not making anything . I have stuff to pay and I’m getting worried that I will not be able to do it .",2022-09-10 10:21:34,4,False,2.0,0.0,True,True,-0.43472784757614136,0.7901601791381836
17,1063,"I feel good today . I am a little upset with work , again . I should have been able to pick where I was tonight , while others can , I guess I can not . I HATE the favoritism there . It is do not fair !! Anyway . I am still stressed out about money . I didn’t make any thing this morning except hourly , no tips at all . I am so mad !",2022-09-10 15:01:00,4,False,2.0,0.0,True,True,0.9392167329788208,0.898386538028717
17,1064,"I am ready to go home already . I’m tired . I hate working doubles , but I need the money so bad . I am stressed due to money . I have stuff to pay with not a lot coming in right now . That’s one of the reasons I’m switching jobs .",2022-09-10 20:03:17,4,False,1.0,0.0,True,True,-0.8767417073249817,0.6349623799324036
17,1065,"I am okay today . I am trying to do homework this morning as I start my new job today , just for training . I gave my two weeks at the other place , last day is the 24th of this month . That makes me happy ! That I do not have to deal with their Bull Shìt anymore . I am still stressed about money .",2022-09-11 11:04:12,4,False,1.0,1.0,True,True,0.15884846448898315,0.9936867356300354
17,1066,I am on the way to my new job . I am going to get some if the training done . So I am happy about that . I am still stressed about money . I am broke . I hate being broke . I have bills I need to pay . I am afraid I will not have enough to pay everything . I hate that feeling .,2022-09-11 15:05:52,4,False,2.0,1.0,True,True,0.15321798622608185,1.267776370048523
17,1067,"I am good . I am at my new job . It is a lot to learn ! A lot ! But I will get it . And I found out we have to wait for our tips , I do not like that at all . But maybe it will work out better that way . Who knows ?? Still stressed about money , but maybe that’ll be over soon too !!",2022-09-11 20:12:22,4,False,2.0,0.0,True,True,0.470153272151947,1.0083534717559814
17,1068,"I feel pretty good today . I am a little hungry , but besides that I am god this morning . I am off today , but I do have a doctors appointment and then class for three hours . But no work !! I am starting to really stress about money . I did not make hardly anything at work last week , really the last ten weeks .",2022-09-12 10:29:47,4,False,1.0,1.0,True,True,0.4983915090560913,0.847383439540863
17,1069,"I am okay . I feel okay . Pretty good actually today . I have gotten through my drs appointment and school for three hours , I have the evening off to work on school work . Study , whatever . But no work . I need to get as much as I can though tonight and tomorrow morning cause I’ll be busy the rest of the week with both jobs .",2022-09-12 15:39:14,4,False,2.0,0.0,True,True,1.0264991521835327,0.9575664401054382
17,1070,"I am starting to feel a little bad this evening . My legs are bothering me and I am super tired . I am ready to go to bed , but I have my grandson . I am still stressed about money . The 20th is getting closer and closer . I am getting worried .",2022-09-12 21:46:20,4,False,2.0,0.0,True,True,-0.15461423993110657,0.6378712058067322
17,1071,"I am doing school work and I have my grandson . He is two . So I am trying to Do it . I have to work this evening at my old job . Hopefully I make some money , because I sure need it to pay some bills . I do not know what to do about money right now . I am so stressed . I feel okay , just stressed .",2022-09-13 10:00:51,4,False,2.0,0.0,True,True,-0.7455971837043762,1.6369935274124146
17,1072,"I am feeling okay . Not the greatest , but I’m okay . I am just getting to work . I need to eat , so I came   in early . I hate looking at food and being hungry !! I am stressed about money , hopefully I make some tonight . I sure need it .",2022-09-13 15:00:48,4,False,2.0,0.0,True,True,0.14928893744945526,1.3678845167160034
17,1073,"I am at work . I do not feel very good . I have one table left and I have finished everything , except that table . I wish they would go so I could go home !! I am so tired tonight . I am so stressed . I just want to go home .",2022-09-13 21:25:14,4,False,-1.0,1.0,True,True,-0.574296772480011,1.2158699035644531
17,1074,"I had my first inspection today for my home , I was stressed about that because my boyfriend smokes in garage and we aren’t supposed to . But I think everything went okay . I am still stressed about money . My back is hurting today . I have class at 12 : 30 . I am trying to do schoolwork that I do not completely understand .",2022-09-14 10:49:33,4,False,1.0,0.0,True,True,0.4662472605705261,1.1066029071807861
17,1115,"I do not feel well at all . I am hurting very badly . My legs and my back . It has been for   several days now . I go to the dr I’m the morning . Other than that I’m ok I guess . Money could be better , but hopefully it will be soon .",2023-03-09 21:02:46,5,False,-2.0,0.0,True,True,-0.3572078347206116,0.6642786860466003
17,1116,"I am still hurting bad today . I am at a drs appointment at the moment . I have to with this evening . Not looking forward to that , but I do need the money . Not working for a month back in December really hurt me .",2023-03-10 10:07:24,5,False,-2.0,0.0,True,True,-0.122712641954422,0.9652289748191833
17,1117,"I feel okay at the moment , but I’m fixing to into work . I’m hungry , I need to eat really quick . Hopefully tonight goes well , I am not able to do a lot cause of hurting so bad the last few days . Mentally I am ok I guess . I’m not too stressed at the moment .",2023-03-10 15:12:57,5,False,0.0,1.0,True,True,0.3491883873939514,0.8670803904533386
17,1118,I was having a good night until someone took the wrong copy of their receipt . I worked for them and had to pay because of tip outs . That completely sucks . I don’t even feel like going this Shìt tonight ! And I get screwed ? Fuck that . I hate this Shìt sometimes .,2023-03-10 20:11:05,5,False,-1.0,1.0,True,True,-0.6010057330131531,0.6734557151794434
17,1119,"I feel okay this morning , hurting some still . I am working on schoolwork . I have to work this afternoon at 3 : 30 . Hopefully I will make some money , because I sure need it . I am content this morning . I’m not too stressed .",2023-03-11 10:03:54,5,False,1.0,1.0,True,True,0.5058342218399048,0.763846218585968
17,1120,"I feel okay I guess , my back is beginning to hurt pretty badly . My shift starts in 29 minutes , so I’m fixing to head to work . I am content , not super happy at the money cause of hurting , but I am good .",2023-03-11 15:01:14,5,False,0.0,1.0,True,True,0.6046999096870422,0.5682655572891235
17,1121,"I am okay tonight , still hurting , but the night has gone by quickly because I’ve been pretty busy . I do not feel good , but I need the money so   bad . I am still at work , I’m the bathroom stall at the moment filing this out . I am content , not stressed , and calm right now .",2023-03-11 20:05:38,5,False,2.0,0.0,True,True,-0.20729292929172516,0.8209763765335083
17,1122,"I am okay this morning . I am content , tested , not hurting too bad , and I have the day , and tomorrow off from work . Although , I do have schoolwork to do . My other half has to work , so I can concentrate on my school work today , for the most part anyway . I’m not stressed . I am working and making money .",2023-03-12 10:05:11,5,False,2.0,0.0,True,True,1.1385372877120972,0.5444710850715637
17,1123,"I am hurting bad again , so I am not feeling well . I need to take a test for school , but it’s is timed , 75 minutes . I don’t feel up to that right now .   But I’ll get it done . I’m very tired . But I am content . I am not happy happy , but I am okay . I am off from work , that is one thing . I can relax today , besides doing schoolwork .",2023-03-12 15:01:29,5,False,-2.0,0.0,True,True,-0.6396431922912598,0.37735214829444885
17,1124,"I am still doing schoolwork , but I have gotten a lot done today I think . I am caught up on everything I need to do and I am a little ahead as of right now . I just took a test and made a 94 . I have a 4 . 0 gpa this semester , so I’d say I am doing well in that aspect . I am content . Not sad , not stressed . I got money coming tomorrow and Wednesday , so that’s good and I’m off tomorrow again . Happy days",2023-03-12 20:01:10,5,False,0.0,1.0,True,True,1.2533231973648071,1.0000102519989014
17,1125,"I am okay this morning . I am hurting a little , but not too awful bad yet . I got my money from the school , my pell grant , so that’s good . I can post some bills and buy some new work shoes , as they are expensive . This makes me less stressed about money for sure .",2023-03-13 10:06:18,5,False,2.0,0.0,True,True,0.9631951451301575,0.607059895992279
17,1126,"I am good . I spent the Afternoon with my daughter , did a little shopping . Got my granddaughters birthday presents and some new work shoes . I needed them , my feet were killing Me at the end of my shift . I am content . I am good . Not stressed . I have a little money , that helps a lot . Plus I’m off today . Yay .",2023-03-13 15:01:00,5,False,2.0,0.0,True,True,1.3357280492782593,0.6414631605148315
17,1127,"I am content and calm this evening . I have been off today and yesterday from work , so I am rested , until tomorrow anyway . I work a double tomorrow . Not looking forward to that at all . But I an ok right now",2023-03-13 20:09:24,5,False,2.0,0.0,True,True,1.7906721830368042,0.2558217942714691
17,1128,I am okay . I just got to work so I do not have long to do this . I am okay though . I am in a pretty good mood I guess . Been up since early . I had to take my daughter to work . It’s going to be a good day .,2023-03-14 10:04:19,5,False,2.0,0.0,True,True,1.1350078582763672,1.1951442956924438
17,1129,"I am okay . I am good . I am in a good mood today . I made a little cash this morning but I’m walking out the door to go to my other job for this evening . Still serving , just a different place .   Anyhow , they are both money . I am having a pet good day",2023-03-14 15:02:45,5,False,1.0,1.0,True,True,0.8222461342811584,0.952944278717041
17,1130,"My feet hurt and I’m ready to go home . I spent 150 on non slip shoes that aren’ Are slipping every where . I am really upset about that . I am tired , but I am content . Other than that , I am good . I am ready to go home and go to bed .",2023-03-14 21:28:12,5,False,-2.0,0.0,True,True,-0.17387066781520844,0.6850306391716003
17,1131,"I am okay today , kind of hurting some . I just had three teeth fixed that have been broken for a while , so that is a good thing . I work later , not really looking forward to that , but like always I need the money . I am very happy about my teeth being fixed , as it hurt to eat before .",2023-03-15 10:51:53,5,False,1.0,0.0,True,True,0.4637411832809448,0.7444309592247009
17,1132,"I took my shoes back , after cleaning then really well . They took them back . I figured I would try and it worked , thankfully . I am fixing to leave to go to work . I an okay , I am hurting a little today . Other than that I a good though . Can not wait to get home and see   my man tonight , I am missing him today . I am content , happy , and calm .",2023-03-15 15:05:11,5,False,2.0,0.0,True,True,0.6070095896720886,1.1056610345840454
17,1133,"I am done at work , no more tables at the moment . But we have to stay and clean the floors , what fun for everyone ! I am ready to go home . I’m tired . I have to work all day tomorrow , and that is a lot on me . But I’ll be okay .",2023-03-15 20:12:55,5,False,1.0,0.0,True,True,0.4493514895439148,0.7344536185264587
17,1134,"I am running late this morning . I am on the way to work , but later by about 25 minutes . I had school work to do and had to run somewhere before work . Other than that I am good . I’m content and not stressed this morning . Making okay money again so that helps a lot . I’m just tired a lot between that and school too .",2023-03-16 10:19:30,5,False,2.0,0.0,True,True,0.051336973905563354,1.0032891035079956
17,1135,"I just got screwed out of $130 that I should   not babe have . That really makes me angry . I can’t drop crying and I’m so mad . I got the night off from work , which is cool . But I’m off tomorrow night as well , and I didn’t think about that . I could’ve worked this evening . I thought I was off next Saturday , but I was wrong . Great Shìt , huh ? lol",2023-03-16 15:22:38,5,False,-2.0,1.0,True,True,-1.045143961906433,1.0190881490707397
17,1136,"I am okay , now . I sure was bit earlier though . I was so upset . I do not have the money for someone to just charge me for an extra 135 . 00 . I just do not get it . Anyway , I paid most of it and a lot of other stuff today . At least I don’t have to worry with that .",2023-03-16 20:16:38,5,False,2.0,0.0,True,True,0.6802623271942139,0.5919025540351868
17,1137,"I content and okay this morning . I feel okay , so that helps a lot . I have to work this evening , but that’s fine too . They gave me the night off last night and I got to keep my grandson . So I got to see him and spend some time with him . That makes me happy , as long as he’s good . lol",2023-03-17 10:03:34,5,False,2.0,0.0,True,True,1.5583959817886353,0.5734243392944336
17,1138,"I am doing fine today . I feel okay . Got most of my bills paid now . I just got to work for   the evening . I hate serving , but I love the money I can make , so I guess it evens out . lol . Anyway , I hope it will be a good night .",2023-03-17 15:23:20,5,False,2.0,0.0,True,True,0.7099410891532898,0.6815037727355957
17,1139,"I have had one shitty night . It was supposed to be a good night !!! I hate life sometimes and I hate freaking people sometimes !! Sometimes I just feel like I don’t want to do this anymore . Not that I won’t , just feel like that . I’m very sad and angry . I’m calm , but angry .",2023-03-17 20:22:15,5,False,2.0,0.0,True,True,-1.6811782121658325,0.8194834589958191
17,1099,"I am off today . I feel okay today , so that is good . So far anyway . I have some school work to do , so that is what I am   working on now . Hopefully today will be a good day , especially after the night I had last night . It was a terrible night .",2023-03-18 10:09:09,5,False,0.0,1.0,True,True,0.9003709554672241,0.8770923614501953
17,1100,"I have waited my whole day . Sleeping on and off . I am just so tired . Exhausted is more like it . Other than that , I am good today . It’s my day off today . I am feeling good and I am okay . Have a great day whomever is ? this vv",2023-03-18 15:01:19,5,False,-2.0,0.0,True,True,-0.7088704705238342,0.027008667588233948
17,1101,"I have been so tired all day today . I have slept most of the day away . I haven’t gotten much school work done today and I needed to . I’ll have to get up early in morning and get done fine before work . Other than that I’m good . I’m not hurting too Bad today , so that is good .",2023-03-18 20:09:17,5,False,-2.0,0.0,True,True,-0.9130773544311523,-0.13240893185138702
17,1102,"I am okay right now , but I do have to work tonight . I have a lot of schoolwork to do , I should’ve done more yesterday , now I’m going to get behind or have a lot to do over the next few days . To top it off I read the wrong chapter in one class , so now I have to do that again . On top of working tonight . Uggghh . I’m content , quiet , calm at the moment .",2023-03-19 10:50:16,5,False,0.0,0.0,True,True,0.47082674503326416,0.47947755455970764
17,1103,"I am tired and don’t feel very good . I wish I didn’t have to with this evening . But I have to leave in like 10 minutes to head that way . I need the money , so I’ll go . We have bills to pay . Just life I guess . I’m just tired .",2023-03-19 15:01:28,5,False,-2.0,0.0,True,True,-1.5815740823745728,-0.002844929927960038
17,1104,"I am at work , trying to close down for the night . It was slow , but I still made 100 . Fortunately . One table even stiffed me tonight . That sucked . Other than that I’m okay , content and calm . I am fixing to go home , so that makes me happy . Yaaay",2023-03-19 20:40:18,5,False,2.0,0.0,True,True,-0.023968592286109924,0.6282513737678528
17,1105,"I am okay , content , calm , quiet . I am home alone , doing school work . I have all day with the exception of a mandatory meeting at work at 4 today , other than that I can concentrate on my schoolwork and get a lot done today . I feel okay today , so far anyway . I’m not stressed , not yet anyway lol .",2023-03-20 10:03:55,5,False,0.0,0.0,True,True,1.2676366567611694,0.4034806787967682
17,1106,"I am okay . I’ve been working on schoolwork all morning . But I have to leave soon to go to a 4 : 00 mandatory meeting at work . They are rolling out a new menu . At least we get to eat . For free . So we can try everything new if we like . That will be good at least . My back is hurting a little , but I’m okay mainly .",2023-03-20 15:02:37,5,False,0.0,1.0,True,True,0.7024975419044495,0.7554538249969482
17,1107,"I do not feel good . My back and legs are hurting . I just fell asleep because I was waiting on them to stop while laying down . It sucks , bad . But I will be okay , when am I not ?? I’m very quiet today . Very claim . Just tired .",2023-03-20 20:52:35,5,False,-2.0,0.0,True,True,-0.7839673161506653,0.3278370797634125
17,1108,"I just got to work . I hate working here two mornings a week . I like my evening job much better . But this is cash and the other is every two week . Anyway I’m ok , hurting a Little . I’m content . I’m calm . I’m quiet . Ready to get this over with",2023-03-21 10:01:07,5,False,0.0,1.0,True,True,-0.5628971457481384,0.6241611242294312
17,1109,"Hi to whoever is reading this . I can never think of anything so I just tell you how I am feeling . I am   okay . I feel okay . Hurting some , but mainly I’m okay . My bills are mainly paid , so I’m not stressing that at the moment . I don’t have a lot of money , but everything that needed to get paid is paid . That’s a good thing .",2023-03-21 15:00:59,5,False,1.0,1.0,True,True,0.5244842171669006,0.7183064818382263
17,1110,"Having a pretty good night so far . Started out hurting really bad , but that’s eased up some now . I do feel better , probably walked it off . I am ready to go home though . I’m tired . I am content , calm . A bit lively tonight . Have a great evening !!",2023-03-21 20:05:18,5,False,1.0,2.0,True,True,0.615342915058136,0.41071662306785583
17,1111,"You need more choices in how we feel , like aggravated being one ! I am so aggravated with my school work at the moment . Other than that I am okay I guess . I feel okay . Just trying to figure out an assignment for school and I don’t know what to do for it at all .",2023-03-22 10:09:22,5,False,-1.0,1.0,True,True,0.49965351819992065,1.2626949548721313
17,1112,"I am getting ready to leave to go to work . They just put in the app that 2 could have the night off , I wanted to reply so bad , but I need the money on my check and need it period . I have bills coming up . I am okay right now . Had a pretty good day so far . I got to see my daughter for a little bit , that’s always a good thing . Have a good day !!",2023-03-22 15:01:46,5,False,0.0,1.0,True,True,0.12623390555381775,1.3744046688079834
17,1113,"I just got done eating . I was supposed to work but it was really slow so I went home . Trying to work on schoolwork . I am I little tired , but I guess I am okay other than that . I do wish I has more energy .",2023-03-22 20:06:56,5,False,0.0,1.0,True,True,-0.18531610071659088,0.9919838905334473
17,1114,"I am pretty good this morning . I just got to work and I was late . I fell back to sleep , I did not mean to . I would not have come if I did not need the money . I do not like this place . But I am only here 2 days a week . So I will deal right now . Hello by the way !",2023-03-23 10:26:09,5,False,2.0,0.0,True,True,0.8839454054832458,0.7923567891120911
17,1155,"I just woke up . I feel ok . I have to work today . I am content , not really happy because I   just opened my eyes . I have about gotten my bills all caught up , so I’m not stressed out . I work in a few hours . From 1 : 00 until I get cut tonight . Not looking forward to that .",2023-06-25 10:45:16,6,False,1.0,0.0,True,True,0.7523972392082214,0.45886287093162537
17,1156,"I’m okay , pretty content/happy . I’m at   work , just happen to be on   break at the moment . I’m fixing to go back in though . I only had one table when I got there , then went on break . lol . What a waste of time ! That aggravated me ,   but it is what it is . I’m okay besides that , I feel okay today .",2023-06-25 15:00:53,6,False,1.0,1.0,True,True,1.688832402229309,0.45662403106689453
17,1157,"I feel bad right now . My stomach starting hurting really bad at work and I had to leave early . Thankfully they let me . They are good about that . I am content and calm , other than that . I’m not really stressed about money right now .",2023-06-25 20:06:59,6,False,0.0,1.0,True,True,0.6366415619850159,0.21137724816799164
17,1158,"I am up and alive ! I’m content and calm . I have the day off today , so I’m running some errands . I feel okay right now , so that’s good . I can relax today , no work . I go back to work tomorrow evening . That’s ok though , because I like the people I work with .",2023-06-26 10:07:11,6,False,2.0,0.0,True,True,1.6144622564315796,0.465599000453949
17,1159,"I am okay . I guess I feel okay , so that should mean I’m okay , right ? I’m not stressed about money . I am stressed about 2 of my grown children though . They have some health issues going on , and I can’t help but to worry about them . Other than that , I’m okay .",2023-06-26 15:15:31,6,False,-1.0,0.0,True,True,0.7506830096244812,0.5584610104560852
17,1160,"I do not feel the best tonight , I hate feeling bad . My legs hurt so bad . I absolutely HATE feeling like this . I guess I am stressed about my kids , their health , 2 of them anyway . I wish I was rich and could god what I could for them , but I barely scape by myself .",2023-06-26 20:04:15,6,False,-1.0,0.0,True,True,-0.3103959560394287,0.46618780493736267
17,1161,"I just had to pull my account Negative to post something my step daughter told me was paid already . So   I am stressed out about that . My stomach hurts . I don’t feel good right now . I am so sick of Shìt happening with my bills ! Last month we lost our Internet provider babies they said we were paying with faulty cards , that we didn’t own . We’ve only paid it with one card the whole time . It’s just ridiculous .",2023-06-27 10:04:34,6,False,-1.0,1.0,True,True,-0.09317202866077423,1.156528353691101
17,1162,"I am very tired today . I did not sleep well last night . Not I’m on the way to work , tired as hell . My stomach is hurting , o tried to get out of work , no such luck . Maybe it will be a good night anyway .",2023-06-27 15:06:40,6,False,-1.0,0.0,True,True,-1.4381815195083618,-0.11082009971141815
17,1163,"I am at work . I feel okay , just really tired today . I did not sleep well last night . I’m worried about 2 out of 5 of my children , their health . That doesn’t help me sleep well . I feel okay other than that I guess . I am ready to go home .",2023-06-27 20:23:49,6,False,1.0,0.0,True,True,-0.594756007194519,0.54597407579422
17,1164,"I am okay . I feel okay . Just tired . I have to work this evening , so I have the day off until 3 : 30 anyways . I get so tired of working , but you need money so what can you do ? But I get bored as hell not working too , so again , what can you do ?",2023-06-28 10:01:07,6,False,0.0,0.0,True,True,-0.2944566607475281,0.3621772527694702
17,1165,"I am on the way to work . I am running late . Because I am hungry . My stomach is hurting because I’m so hungry , so I just had to get something . I am okay today , not feeling too bad I guess , and that always helps .",2023-06-28 15:21:53,6,False,1.0,0.0,True,True,-0.08049153536558151,1.0907727479934692
17,1166,"I feel okay . I’m still at work . It’s been pretty slow , which definitely affects my money . I’m not hitting right now , so that’s a plus . I am ready to go home though . I’m really tired . About ready for bed , lol .",2023-06-28 20:19:43,6,False,2.0,0.0,True,True,0.24635930359363556,0.5649576783180237
17,1167,"I woke up late . Had to be at work at 11 , and woke up see 10 : 30 . I told you yesterday how tired I was . And I hate Thursdays . They are so slow at work . I need the money , so hopefully it’ll be busy . It if   nice out . I feel okay besides being tired .",2023-06-29 10:55:17,6,False,-1.0,0.0,True,True,-0.8540031313896179,0.583097517490387
17,1168,"I slept in , not on purpose , by accident , but I feel so much better today ! I’m not nearly as tired ! I am at work . Today has been okay . I’m not hurting yet today , so that’s   a good thing . Work has been okay today .",2023-06-29 15:01:46,6,False,1.0,2.0,True,True,0.6496127843856812,0.45223215222358704
17,1169,"I have had a good day . I haven’t been hurting too awfully bad . Work has been okay . The best part is I have felt okay , I am still tired , but not like I was . Thankfully . I am fixing to get off work , but I still have one table left at the moment . I am waiting on them to get done .",2023-06-29 20:13:17,6,False,1.0,2.0,True,True,1.0302058458328247,0.7354727387428284
17,1170,"My stomach is hurting this morning . Not feeling the best . But I have not been up long , so we will see how the day goes . My back and legs are hurting today . Maybe it’ll go away . I’m not too stressed at the moment . But that may come later . I don’t know . I’m getting too old to serve !!",2023-06-30 10:22:07,6,False,-1.0,0.0,True,True,-0.8505879044532776,0.2548661530017853
17,1171,"I’m at work , in the bathroom . I don’t have long . I have two tables and I’m waiting in drinks . I feel ok , although I didn’t this morning . I felt really bad . Thankfully I feel better now . I’m not too stressed , so that’sgood .",2023-06-30 16:06:17,6,False,1.0,2.0,True,True,0.4020928144454956,0.5170589089393616
17,1172,"I at work and my umph is wearing down . My energy is depleting . We still have 50 minutes until close , then side work , side work , side work !! I still feel okay , I’m just tired . Ready   to go home . Just to do it all day tomorrow .",2023-06-30 20:10:01,6,False,-1.0,0.0,True,True,-1.4570504426956177,-0.17157797515392303
17,1173,"Hi ! I just got out the shower , trying to get ready for work . I don’t feel the Need , but not the worst other . I guess I’m okay right now . I do not really want to work though , but I need the money so I go , every day but one day a week . I get tired , I’m almost 50 now . But you got to do what you got to do , right ? I’m not stressed at the moment .",2023-07-01 10:01:47,6,False,0.0,1.0,True,True,0.01906949281692505,0.9223065972328186
17,1174,"I am okay today . A little tired , and hurting a little , but I’m okay . I’m at work . Had to go to the bathroom . I’m still worried about my kids , but other than that I’m okay . Money is ok right now , bills are paid anyway .",2023-07-01 15:07:58,6,False,1.0,2.0,True,True,-0.06333614140748978,0.47824206948280334
17,1175,"I just got off work . I am very tired . I am on the way home now , thankfully . My feet hurt really bad . Other than that , I am okay . Still worried about my kids , not so much money at the moment . I will be glad you get home .",2023-07-01 20:57:02,6,False,-1.0,0.0,True,True,0.2842254042625427,0.5808850526809692
17,1176,"I am okay right now . I am still laying in bed at the moment , but I’ve been up and down for the last two hours . I am not hurting too bad at the moment . I have work in two   hours . Hopefully it’s busy , so I can make some money .",2023-07-02 10:00:56,6,False,0.0,1.0,True,True,0.32416123151779175,0.6632537245750427
17,1177,"I am very tired . My feet hurt really bad , so do my legs and I have a few hours left at work still . That sucks . I went in at 12 , not in on break . I am Tim to grab some food really quick . I do not feel very good today . I really don’t at all .",2023-07-02 15:07:19,6,False,-1.0,0.0,True,True,-1.5320733785629272,0.010782197117805481
17,1178,"I am on   the way home . I just got off work . I an do very tired . My head hurts from getting so hot . It is thumping right now . I will be glad to get home and just sit for a while . I an off tomorrow , thankfully .",2023-07-02 20:07:51,6,False,-2.0,0.0,True,True,-0.5556867718696594,0.526447594165802
17,1179,"Good morning . I feel okay this morning , so far . Today is my day off . I plan on going to get my grandson , my daughter , and we are going to my friends house to go to the pool for a bit . It should be fun . I do not ever do anything , so hopefully I’ll continue to feel ok .",2023-07-03 10:03:21,6,False,1.0,2.0,True,True,0.7007771730422974,1.0671720504760742
17,1180,"I did not end up going to the pool today with my grandson . I went and bought a bunch of stuff to take him and they would not let me . That was very disappointing for me , it upset me quite   badly . I guess that is life , he is not my child . I goes they do not trust me . I do not know . Anyway , I am tired today , but it’s my day off .",2023-07-03 15:00:54,6,False,0.0,2.0,True,True,-0.3802539110183716,0.8279224038124084
17,1181,"I have emailed y’all , with no reply . I am not going to continue to do this with no pay . I haven’t gotten any compensation yet , and I have by now usually . Please check into this . Other than that I’m fine .",2023-07-03 20:00:57,6,False,0.0,1.0,True,True,-0.30997300148010254,1.1506900787353516
17,1140,"I have not been up long . I do not feel the best . My stomach is hurting today . I just got out of the shower . Getting ready for work . You need to check into my payment , I haven’t got one yet . Please check into that for me . It’s beginning to stress me out .",2023-07-04 10:01:58,6,False,-1.0,0.0,True,True,-1.2576712369918823,0.7470712661743164
17,1141,"I am okay today . I am on break , I am   fixing to head back to work to finish out my shift . Why haven’ti gotten paid yet ??? That’s PERSON to stress   me out bad . I try so hard to do these for y’all and not miss one , but I’m not being compensated at all this time . Other than that , I am good today . Thank you",2023-07-04 15:06:47,6,False,0.0,1.0,True,True,0.6629583835601807,0.9045425057411194
17,1142,"Hello ! I want my money for doing this ! I have emailed y’all , no reply . I’ve put messages in here , no nothing . I need the money , that’s why I do this . I feel like Shìt . I’m hurting like hell . Go to hell",2023-07-04 21:49:44,6,False,-1.0,0.0,True,True,-0.5274684429168701,0.8708356022834778
17,1143,"Hello ! I feel like Shìt . That’s my honest answer in how I feel right now . They put me upstairs last night , and my hip is killing my this morning . It’s hard to walk . I work at 3 : 30 again today . Hopefully I’m not updated again ! I’m not really stressing , just hoping my check comes through today like it usually does , I’m not sure cause yesterday was a holiday . I need to post my rent today .",2023-07-05 10:03:43,6,False,-2.0,0.0,True,True,-0.38067370653152466,0.8087059855461121
17,1144,"I am still hurting . My hip , from climbing the stairs over and over again last night . It feels somewhat better , but it is still hurting . I am worried I won’t get my check in time to pay my rent in time . Which is today . Hopefully it comes through this evening where I can jump online and post it .",2023-07-05 15:02:15,6,False,-2.0,0.0,True,True,-1.3017462491989136,0.7523902654647827
17,1145,"I feel a lot better this evening than I did this morning . My hip isn’t hurting like it was , that’s for sure . I got my rent paid , I was also worried about that being on time . Thankfully it was . I hope . I am tired , but I do not work until 3 : 30 tomorrow evening yaaay .",2023-07-05 22:19:10,6,False,0.0,0.0,True,True,0.9696204662322998,0.3249777853488922
17,1146,"Hello . I still have not received any compensation for doing this . It is really starting to bother me , why am I doing this ?????\ nI feel okay , I’m just really tired . I’m so tired of being tired . And not feeling good . Is this all that getting older is ? Not feeling good ? Of course if I’m honest , I can’t remember the last time I did feel good .",2023-07-06 10:03:41,6,False,-1.0,0.0,True,True,-0.47058045864105225,0.9977359771728516
17,1147,"I am tired . I am also tired of feeling bad all the time . I am always tired , of course I’m not 20 anymore so I assume that has something to do with it . lol . I just get tired of feeling like this . Other than that , I hired I’m okay .",2023-07-06 15:22:26,6,False,-1.0,0.0,True,True,-1.2051485776901245,0.219415545463562
17,1148,"I am at work , I have an hour left to go , then sidework . Yay ! Not ! We have to scrub the floors tonight , so we will be here even later . I hate scrubbing the floors ! It sucks . My hip is feeling some better , thankfully . I could barely walk the other night",2023-07-06 20:06:03,6,False,1.0,0.0,True,True,-0.10554748773574829,1.2529624700546265
17,1149,"I finally got my money for doing these !! Thank you ! I am feeling ok this morning . I do not work until 3 : 30 , but I have to go get my daughter at 12 , then do some running around before then . I’m not really stressing about anything today . I’m not hurting , yet , so that’sa good thing .",2023-07-07 10:00:40,6,False,1.0,1.0,True,True,1.0451147556304932,0.7738490700721741
17,1150,"I’m starting to feel really tired and my legs are beginning to hurt .   My legs have hurt since I was a little girl . I don’t know why , but I hate it . It sucks bad . I’m not too stressed about anything . Although I would love not to go to work this evening .",2023-07-07 15:02:37,6,False,-1.0,0.0,True,True,-1.6332120895385742,0.15301524102687836
17,1151,I got off work early cause I was not feeling good . I’m so tired . And don’t feel very good today . I think I feel better tonight than I did this morning though . I was dragging around 3 : 00 . I am not stressed out . I’m okay in that department .,2023-07-07 20:01:30,6,False,-1.0,0.0,True,True,-1.7303072214126587,0.1704319417476654
17,1152,"I am feeling okay this morning I guess . I have to work at 12 , so I am fixing to get ready . I have to work until close , but hopefully it’ll be good money . Hopefully I stay feeling okay as well . I hate feeling bad . I’m not stressed at the moment , I am okay I’m that department .",2023-07-08 10:49:42,6,False,0.0,1.0,True,True,0.3369765281677246,0.964599609375
17,1153,"I am on break . I have to go back in just a few minutes . We only get 30-45 minutes break . I have just enough time to come home , sit for a few   and go back . I feel okay today . My hip is hurting some , but not too awful bad today . I’m not too stressed . Have a great day !!",2023-07-08 15:10:25,6,False,1.0,0.0,True,True,0.5272932052612305,0.7918645739555359
17,1154,"I am at work . I am cut , but still have tables . I am tired . But overall it’s been a price good day . My legs are beginning to ache some . I am ready to go home , but my tables and sidework . Have a great night !!!",2023-07-08 20:48:33,6,False,0.0,0.0,True,True,-0.6814653873443604,0.6945061683654785
18,1302,"Happy , Cheerful , Lucky , Inspired , Calm",2022-05-07 15:00:00,3,True,2.0,1.0,True,True,1.5634888410568237,0.8439380526542664
18,1303,"Content , Calm , At ease , Accepting , Excited",2022-05-08 12:20:00,3,True,1.0,0.0,True,True,1.5400394201278687,0.5193508863449097
18,1304,"Calm , Content , Happy , Guilty , At peace",2022-05-08 16:34:00,3,True,1.0,0.0,True,True,2.2222137451171875,0.17437352240085602
18,1286,"Content , Excited , Productive , Calm , At ease",2022-05-09 20:01:00,3,True,2.0,1.0,True,True,2.1684885025024414,0.7438283562660217
18,1287,"Content , At peace , Happy , Excited , Pleasant",2022-05-10 22:14:00,3,True,2.0,0.0,True,True,1.96678626537323,0.6297122240066528
18,1288,"Calm , Excited , Happy , Optimistic , Content",2022-05-12 17:44:00,3,True,2.0,0.0,True,True,2.2458086013793945,0.5621635913848877
18,1289,"Excited , Happy , Content , Stoked , Elated",2022-05-13 12:16:00,3,True,2.0,2.0,True,True,1.8929535150527954,1.2251975536346436
18,1290,"Happy , Calm , Excited , Content , Pumped",2022-05-13 17:37:00,3,True,2.0,1.0,True,True,2.0354933738708496,0.8498091101646423
18,1291,"Happy , Excited , Loved , Calm , Content",2022-05-13 20:00:00,3,True,2.0,1.0,True,True,2.0713868141174316,0.9537046551704407
19,1313,"Awake , Busy , Annoyed , Overwhelmed , Aggravated",2021-06-15 12:02:00,1,True,0.0,2.0,True,True,0.5755254626274109,1.2651022672653198
19,1314,"Busy , Annoyed , Too much to do , Not enough time , Tired",2021-06-16 13:05:21,1,True,0.0,1.0,True,True,0.5495657324790955,1.263791799545288
19,1315,"Overworked , Underpaid , Stressed out , Hungry , Thirsty",2021-06-17 12:08:12,1,True,0.0,1.0,True,True,-0.6879851222038269,0.4589794874191284
19,1316,"Hungover , Tired , Achy , Hot , Hungry",2021-06-18 12:03:18,1,True,-2.0,0.0,True,True,-0.6055564284324646,0.8458815217018127
20,1319,"Anxiety , Happy , Tired , Rested , Happy",2021-06-16 21:19:29,1,True,1.0,1.0,True,True,0.3134777545928955,0.8629326224327087
20,1320,"Happy , Tired , Full filled",2021-06-17 22:00:20,1,True,1.0,1.0,True,True,1.6716023683547974,1.0102760791778564
23,1348,I have felt pretty good . I did have to work last night but after two days off it was easier to get through it and it was a little busy . I was also able to hang out with a coworker so it helped me cut some of the stress away .,2021-05-16 14:15:31,1,False,1.0,1.0,True,True,1.6083158254623413,0.7054994702339172
23,1336,Good day off with the family . It makes it easier to relax when I can spend time with my kids instead of stressing about what’s going on at home . But it’s been a good day until I have to go back later to work fir the next 6 days .,2021-05-17 12:03:46,1,False,2.0,1.0,True,True,1.6438921689987183,0.4295424818992615
23,1337,"Again just work , I have a bunch of projects I’m doing at home right now so it’s tiering to work 10hrs and drive 2 hours , get up in the am and work on the house . Motivation is a big problem , especially in my advanced age , I sometimes need a day to relax .",2021-05-18 21:57:01,1,False,-1.0,0.0,True,True,0.31762248277664185,0.82280033826828
23,1338,"Tired , mostly just then end of the work week and I need to get through one more day . It gets tougher and tough to be customer facing all the time and pretend that you “care” when realistically we just want to make money . At work I just kinda shutdown , the same questions over and over again , you can only tell 10 people in a night that there is still food being cooked at 6 pm when the bar is full of people eating food .",2021-05-20 14:05:12,1,False,0.0,1.0,True,True,-0.49136537313461304,0.2992633879184723
23,1339,"Got through work last night ok because I have a few days off , but it makes it easier to know I don’t have to travel to and from work for a few days . Again it’s just been tough to get through the days when you work 6 days in a row with one day off in between .",2021-05-21 15:57:51,1,False,1.0,1.0,True,True,0.17122893035411835,0.614824116230011
23,1340,"You know sleep is super important , when I get time off , I usually go to bed by 11 or 12 and the kids get me up by 7-8am . I feel a lot better today than I did yesterday just because of a good night sleep and not having to stress about going to work .",2021-05-22 16:08:37,1,False,1.0,1.0,True,True,-0.14642366766929626,0.505349338054657
24,1415,"Tired , Sneezy , Grumpy , Hopeful , Sore",2021-06-12 12:06:08,1,True,0.0,1.0,True,True,0.17129094898700714,0.5421187281608582
24,1416,"Tired , Grumpy , Hot , Gross , Groggy",2021-06-12 17:13:01,1,True,0.0,1.0,True,True,-0.3587474226951599,0.5411567091941833
24,1417,"Tired , Hot , Lethergic , Calm , Grumpy",2021-06-13 12:50:55,1,True,2.0,0.0,True,True,0.09380099922418594,0.48131507635116577
24,1418,"Stressed , Tired , Hot , Hungry , Headachy",2021-06-13 17:49:45,1,True,1.0,0.0,True,True,0.04814620316028595,0.8116497993469238
25,1490,"I am a heart person . Trust me I feel every emotion and sometimes for no reason . If I have a feeling inside me , I let it out , and I be ready for whatever consequences or results that feeling will bring .",2021-06-11 17:59:23,1,False,2.0,1.0,True,True,0.43414074182510376,1.2617404460906982
25,1491,I’M LOOKING FORWARD TO THE END OF THE PANDEMIC .   I HOPE TO SEE ALL MY FRIENDS AND GO OUT DRINKING AGAIN .   BETTER WITH FRIENDS THAN DRINKING ALONE .   THIS PANDEMIC HAS MADE ME REALIZE HOD FRIENDS AND FAMILY ARE REALLY IMPORTANT .,2021-06-11 22:09:58,1,False,2.0,0.0,True,True,0.5438412427902222,0.8125960230827332
33,2209,"Sleepy , Tired , Sluggish , Neutral , Quite",2022-09-07 20:19:14,4,True,0.0,0.0,True,True,-0.5834011435508728,0.19776301085948944
33,2210,"Sleepy , Tired , Sluggish , Content , Quite",2022-09-08 11:12:01,4,True,-1.0,0.0,True,True,-0.5918746590614319,0.371865838766098
33,2211,"In pain , Jittery , Tired , Fatigued , Sleepy",2022-09-08 15:09:29,4,True,-2.0,2.0,True,True,-1.2374354600906372,0.6082226037979126
33,2212,"Tired , Sleepy , Irritated , Fatigued , Quite",2022-09-08 20:00:56,4,True,-2.0,0.0,True,True,-1.2870277166366577,0.2294456511735916
33,2213,"Sluggish , Tired , Fatigued , Sleepy , Annoyed",2022-09-09 10:09:37,4,True,-1.0,0.0,True,True,-1.8785825967788696,-0.05373041331768036
33,2214,"Irritated , Mad , Angry , Tired , Sleepy",2022-09-09 15:40:23,4,True,-2.0,0.0,True,True,-0.49928539991378784,1.4703298807144165
33,2215,"Sluggish , Tired , Sleepy , Irritated , Mad",2022-09-09 20:10:50,4,True,-1.0,0.0,True,True,-1.3776278495788574,0.01863338053226471
33,2176,"Quite , Sleepy , Sluggish , Content , Calm",2022-09-10 10:10:09,4,True,2.0,0.0,True,True,0.06157247722148895,0.5062975883483887
33,2177,"Quiet , Content , Calm , Neutral , Sleepy",2022-09-10 15:00:50,4,True,0.0,0.0,True,True,0.501916766166687,0.4358363747596741
33,2178,"Quiet , Content , Calm , Excited , Happy",2022-09-10 20:45:14,4,True,0.0,0.0,True,True,1.357164978981018,0.611057698726654
33,2179,"Neutral , Content , Quiet , Sleepy , Emotional",2022-09-11 10:48:19,4,True,0.0,1.0,True,True,0.19402164220809937,0.7659500241279602
33,2180,"Sleepy , Tired , Fatigued , In pain , Emotional",2022-09-11 15:00:50,4,True,-1.0,0.0,True,True,-1.0456280708312988,0.17314887046813965
33,2181,"Tired , Emotional , Sleepy , Content , Annoyed",2022-09-11 20:31:29,4,True,-2.0,0.0,True,True,-0.9941474795341492,0.28762951493263245
33,2182,"Annoyed , Mad , Irritated , Sleepy , Tired",2022-09-12 10:35:05,4,True,-2.0,0.0,True,True,-0.7050797343254089,0.7021340727806091
33,2183,"Annoyed , Mad , Irritated , Sluggish , Sleepy",2022-09-12 15:22:45,4,True,-2.0,0.0,True,True,-1.3400884866714478,0.42740678787231445
33,2184,"Tired , Sleepy , Irritated , Annoyed , Mad",2022-09-12 20:16:55,4,True,-2.0,0.0,True,True,-0.7219398617744446,0.055198878049850464
33,2185,"Sleepy , Tired , Annoyed , Irritated , Quiet",2022-09-13 10:32:43,4,True,0.0,1.0,True,True,0.12607477605342865,-0.03695027530193329
33,2186,"Sleepy , Tired , Quiet , Irritated , Annoyed",2022-09-13 15:39:33,4,True,-2.0,0.0,True,True,0.4096241593360901,0.02922479808330536
33,2187,"Sleepy , Quiet , Exhausted , Irritated , Annoyed",2022-09-13 20:01:50,4,True,-2.0,0.0,True,True,-0.29471921920776367,-0.2342572808265686
33,2188,"Tired , Sleepy , Sluggish , Quiet , Restless",2022-09-14 10:02:25,4,True,-1.0,0.0,True,True,-1.2358198165893555,-0.3622289001941681
33,2189,"Sleepy , Tired , Sluggish , Irritated , Annoyed",2022-09-14 15:00:33,4,True,-2.0,0.0,True,True,-0.6402831673622131,-0.10928110778331757
33,2190,"Sleepy , Tired , Mad , Annoyed , Exhausted",2022-09-14 21:48:03,4,True,-2.0,0.0,True,True,-0.16591383516788483,0.3444448411464691
33,2191,"Quiet , Sleepy , Tired , Neutral , Anxious",2022-09-15 10:03:38,4,True,0.0,1.0,True,True,0.426774263381958,0.2903546094894409
33,2192,"Sleepy , Tired , Irritated , Annoyed , Anxious",2022-09-15 15:02:36,4,True,-1.0,0.0,True,True,0.2595471739768982,0.6190081238746643
33,2233,"Anxious , Sleepy , Tired , Annoyed , Overwhelmed",2023-03-11 20:07:21,5,True,0.0,1.0,True,True,-0.8058781027793884,1.0477842092514038
33,2234,"Sluggish , Tired , Anxious , Jittery , Sleepy",2023-03-12 12:24:44,5,True,-2.0,0.0,True,True,-1.5734933614730835,0.40347039699554443
33,2235,"Sluggish , Tired , Content , Nervous , Anxious",2023-03-12 16:00:11,5,True,-1.0,0.0,True,True,-0.8311635851860046,0.7445142865180969
33,2236,"Tired , Sluggish , Anxious , Sleepy , Sad",2023-03-12 20:02:53,5,True,-1.0,0.0,True,True,-1.7638367414474487,0.01137380301952362
33,2237,"Sluggish , Tired , Sleepy , Annoyed , Anxious",2023-03-13 10:21:17,5,True,-2.0,0.0,True,True,-1.7901240587234497,0.13354608416557312
33,2238,"Tired , Sluggish , Sleepy , Anxious , Annoyed",2023-03-13 15:01:26,5,True,-2.0,0.0,True,True,-1.6772907972335815,-0.15753592550754547
33,2239,"Sluggish , Tired , Sleepy , Annoyed , Mad",2023-03-14 10:02:45,5,True,-2.0,0.0,True,True,-1.3868579864501953,0.0898161232471466
33,2240,"Tired , Annoyed , Sluggish , Sleepy , Anxious",2023-03-14 15:01:40,5,True,-2.0,0.0,True,True,-0.7632145285606384,0.8381847143173218
33,2241,"Tired , Sluggish , Sleepy , Content , Neutral",2023-03-14 20:01:01,5,True,-2.0,0.0,True,True,-0.3743135929107666,0.4819844663143158
33,2242,"Tired , Sleepy , Sluggish , Annoyed , Mad",2023-03-15 10:50:39,5,True,-2.0,0.0,True,True,-1.3107389211654663,0.016510695219039917
33,2243,"Sleepy , Tired , Anxious , Calm , Quite",2023-03-15 15:44:30,5,True,0.0,1.0,True,True,0.5261992812156677,0.36077386140823364
33,2244,"Quiet , Tired , Sleepy , Anxious , Annoyed",2023-03-15 20:01:23,5,True,0.0,0.0,True,True,0.5340030789375305,0.262846440076828
33,2245,"Sleepy , Angry , Annoyed , Anxious , Jittery",2023-03-16 10:01:16,5,True,-1.0,0.0,True,True,-0.2409156709909439,1.058113694190979
33,2246,"Sluggish , Tired , Angry , Annoyed , Mad",2023-03-16 15:01:26,5,True,-2.0,0.0,True,True,-1.814374327659607,0.1562110185623169
33,2247,"Tired , Sluggish , Aggravated , Mad , Annoyed",2023-03-16 20:02:45,5,True,-2.0,0.0,True,True,-1.6507426500320435,0.13178299367427826
33,2248,"Sleepy , Tired , Anxious , Jittery , Quiet",2023-03-17 10:01:19,5,True,0.0,0.0,True,True,-0.20306119322776794,0.5168958306312561
33,2249,"Quiet , Sleepy , Tired , Calm , Neutral",2023-03-17 16:34:53,5,True,0.0,1.0,True,True,0.30387258529663086,0.5806857943534851
33,2250,"Quiet , Anxious , Annoyed , Mad , Sleepy",2023-03-17 20:08:31,5,True,0.0,1.0,True,True,0.48825061321258545,0.9107799530029297
33,2251,"Tired , Sleepy , Sluggish , Anxious , Sad",2023-03-18 10:49:12,5,True,-2.0,0.0,True,True,-1.6001721620559692,-0.03979887068271637
33,2252,"Tired , Sleepy , Sad , Anxious , Annoyed",2023-03-18 15:06:00,5,True,-1.0,1.0,True,True,-1.3774346113204956,0.1895558089017868
33,2253,"Tired , Sluggish , Sleepy , Annoyed , Anxious",2023-03-18 21:11:42,5,True,-2.0,0.0,True,True,-1.804268717765808,-0.2233046144247055
33,2254,"Tired , Sluggish , Sleepy , Angry , Annoyed",2023-03-19 10:48:49,5,True,-2.0,0.0,True,True,-1.6358314752578735,0.05789601802825928
33,2255,"Sleepy , Tired , Anxious , Annoyed , Mad",2023-03-19 15:14:57,5,True,0.0,1.0,True,True,-0.13343891501426697,0.7905263304710388
33,2256,"Tired , Anxious , Sleepy , Jittery , Angry",2023-03-19 20:01:16,5,True,-2.0,0.0,True,True,-0.9318625926971436,0.7483267188072205
33,2216,"Tired , Sluggish , Anxious , Sleepy , Annoyed",2023-03-20 10:16:56,5,True,-2.0,0.0,True,True,-1.6373056173324585,0.30050522089004517
33,2217,"Sleepy , Annoyed , Tired , Mad , anxious",2023-03-20 15:01:45,5,True,0.0,1.0,True,True,-0.3080331087112427,0.6586033701896667
33,2218,"Tired , Sleepy , Quiet , Content , Calm",2023-03-20 22:58:44,5,True,0.0,0.0,True,True,1.0133652687072754,-0.1479196399450302
33,2219,"Sleepy , Tired , Annoyed , Mad , Angry",2023-03-21 10:05:51,5,True,-2.0,0.0,True,True,-0.3910667896270752,0.2544645369052887
33,2220,"Tired , Sleepy , Annoyed , Mad , Anxious",2023-03-21 15:22:30,5,True,-1.0,1.0,True,True,-0.44143903255462646,0.26970088481903076
33,2221,"Tired , Sluggish , Anxious , Annoyed , Jittery",2023-03-21 20:28:25,5,True,-2.0,0.0,True,True,-1.648597002029419,0.08588659018278122
33,2222,"Mad , Annoyed , Anxious , Tired , Sleepy",2023-03-22 10:01:19,5,True,-2.0,0.0,True,True,-0.8102796673774719,1.0340700149536133
33,2223,"Annoyed , Sluggish , Tired , Sleepy , Anxious",2023-03-22 15:01:07,5,True,-2.0,0.0,True,True,-1.615464210510254,0.38406598567962646
33,2224,"Annoyed , Mad , Anxious , Tired , Sleepy",2023-03-22 20:01:03,5,True,-2.0,0.0,True,True,-0.6219201683998108,0.9926398396492004
33,2225,"Annoyed , Mad , Sleepy , Tired , Sluggish",2023-03-23 10:31:45,5,True,-1.0,0.0,True,True,-1.0853866338729858,0.6618055701255798
33,2226,"Tired , Sluggish , Annoyed , Mad , Angry",2023-03-23 15:00:53,5,True,-2.0,0.0,True,True,-1.667611002922058,0.23049436509609222
33,2227,"Sluggish , Tired , Sleepy , Annoyed , Mad",2023-03-23 20:00:41,5,True,-2.0,0.0,True,True,-1.7014602422714233,0.02030639350414276
33,2228,"Sluggish , Tired , Sleepy , Anxious , Jittery",2023-03-24 10:08:30,5,True,-2.0,0.0,True,True,-1.6904562711715698,0.4218117296695709
33,2229,"Sleepy , Tired , Anxious , Jittery , Nervous",2023-03-24 15:00:54,5,True,-2.0,0.0,True,True,-0.7054963111877441,0.7775949239730835
33,2230,"Annoyed , Anxious , Jittery , Tired , Sluggish",2023-03-24 20:02:24,5,True,-2.0,0.0,True,True,-0.9898906350135803,1.3176604509353638
33,2231,"Anxious , Jittery , Nervous , Sluggish , Tired",2023-03-25 10:04:17,5,True,0.0,1.0,True,True,-0.9924746155738831,1.6005905866622925
33,2232,"Sluggish , Tired , Jittery , Sleepy , Annoyed",2023-03-25 15:44:35,5,True,-2.0,0.0,True,True,-1.4804906845092773,0.36947718262672424
33,2272,"Tired , Sluggish , Sleepy , Anxious , Sad",2023-06-29 10:15:01,6,True,0.0,1.0,True,True,-1.4718232154846191,0.36097803711891174
33,2273,"Sluggish , Tired , Anxious , Sad , Down",2023-06-29 15:03:34,6,True,-2.0,0.0,True,True,-1.4624074697494507,0.1585763394832611
33,2274,"Tired , Sluggish , Anxious , Sad , Annoyed",2023-06-29 20:00:50,6,True,-2.0,0.0,True,True,-1.1803516149520874,0.027177684009075165
33,2275,"Sleepy , Tired , Anxious , Uneasy , Annoyed",2023-06-30 10:27:54,6,True,-1.0,0.0,True,True,-1.0719605684280396,-0.09004312753677368
33,2276,"Annoyed , Tired , Sleepy , Anxious , Overwhelmed",2023-06-30 15:26:12,6,True,-2.0,2.0,True,True,-0.8571760058403015,0.5793800354003906
33,2277,"Tired , Sluggish , Annoyed , Mad , Sad",2023-06-30 20:07:11,6,True,-2.0,0.0,True,True,-1.613984227180481,0.03328346461057663
33,2278,"Sleepy , Quiet , Tired , Anxious , Sad",2023-07-01 10:50:51,6,True,0.0,1.0,True,True,0.7321629524230957,0.10804244875907898
33,2279,"Tired , Annoyed , Sluggish , Sleepy , Anxious",2023-07-01 15:06:12,6,True,-2.0,0.0,True,True,-1.5777854919433594,0.28304141759872437
33,2280,"Annoyed , Angry , Anxious , Sleepy , Tired",2023-07-01 20:00:55,6,True,-2.0,0.0,True,True,-0.6640467047691345,1.2443052530288696
33,2281,"Sleepy , Tired , Sluggish , Anxious , Sad",2023-07-02 10:06:39,6,True,-2.0,0.0,True,True,-0.7692449688911438,0.07126672565937042
33,2282,"Sleepy , Tired , Happy , Content , Quiet",2023-07-02 17:28:36,6,True,-2.0,0.0,True,True,0.9734134078025818,0.23255564272403717
33,2283,"Tired , Sleepy , Sluggish , Calm , Quiet",2023-07-02 20:14:13,6,True,-2.0,0.0,True,True,-0.7859757542610168,-0.24621997773647308
33,2284,"Sluggish , Tired , Sad , Sleepy , Foggy",2023-07-03 10:02:40,6,True,-2.0,0.0,True,True,-1.909374475479126,-0.22796814143657684
33,2285,"Sleepy , Tired , Annoyed , Sluggish , Angry",2023-07-03 15:03:08,6,True,-2.0,0.0,True,True,-0.18620118498802185,0.495563268661499
33,2286,"Tired , Sluggish , Sleepy , Sad , Anxious",2023-07-03 20:05:49,6,True,-2.0,0.0,True,True,-1.0996098518371582,0.34388643503189087
33,2287,"Tired , Sluggish , Sleepy , Quiet , Calm",2023-07-04 10:01:01,6,True,-2.0,0.0,True,True,-0.11971323192119598,-0.3325943648815155
33,2288,"Sleepy , Tired , Anxious , Sad , Jittery",2023-07-04 15:05:59,6,True,0.0,1.0,True,True,-0.021929964423179626,0.7363365292549133
33,2289,"Tired , Sluggish , Sleepy , Content , Quiet",2023-07-04 20:00:45,6,True,-2.0,0.0,True,True,-0.8933998346328735,-0.15850718319416046
33,2290,"Content , Calm , Tired , Sluggish , Sleepy",2023-07-05 10:16:39,6,True,0.0,1.0,True,True,0.7825989127159119,0.010839894413948059
33,2291,"Tired , Sluggish , Annoyed , Sleepy , Irritated",2023-07-05 15:04:09,6,True,-2.0,0.0,True,True,-1.190627932548523,0.011345237493515015
33,2292,"Quiet , Sleepy , Tired , Exhausted , Content",2023-07-05 20:49:04,6,True,0.0,0.0,True,True,0.751680314540863,-0.054344311356544495
33,2293,"Sad , Anxious , Nervous , Sluggish , Tired",2023-07-06 10:18:10,6,True,-1.0,1.0,True,True,-1.027774453163147,1.253502607345581
33,2294,"Tired , Sleepy , Sick , Sluggish , Quiet",2023-07-06 15:10:30,6,True,-2.0,0.0,True,True,-1.400020718574524,-0.06647536903619766
33,2295,"Sluggish , Miserable , Tired , Sleepy , Anxious",2023-07-06 20:25:03,6,True,-2.0,0.0,True,True,-1.7743953466415405,0.34386977553367615
33,2296,"Sick , Tired , Sleepy , Anxious , Sluggish",2023-07-07 10:41:59,6,True,-2.0,0.0,True,True,-1.702272891998291,-0.010982602834701538
33,2297,"Sick , Tired , Sluggish , Sleepy , Miserable",2023-07-07 15:03:27,6,True,-2.0,0.0,True,True,-1.8840347528457642,-0.14544400572776794
33,2298,"Miserable , Sad , Tired , Sleepy , Sluggish",2023-07-07 20:00:48,6,True,-2.0,0.0,True,True,-1.5623823404312134,0.3949986696243286
33,2257,"Sick , Miserable , Tired , Sluggish , Sleepy",2023-07-08 10:03:32,6,True,-2.0,0.0,True,True,-1.7772539854049683,-0.18126440048217773
33,2258,"Sick , Tired , Sluggish , Sleepy , Anxious",2023-07-08 16:19:53,6,True,-2.0,0.0,True,True,-2.056089401245117,0.0057632774114608765
33,2259,"Sick , Miserable , Tired , Sleepy , Anxious",2023-07-08 20:02:48,6,True,-2.0,0.0,True,True,-1.8881617784500122,0.31343644857406616
33,2260,"Sleepy , Tired , Sluggish , Sick , Anxious",2023-07-09 10:13:43,6,True,-2.0,0.0,True,True,-1.2252691984176636,0.05041158199310303
33,2261,"Tired , Sluggish , Annoyed , Sleepy , Sick",2023-07-09 15:16:08,6,True,-2.0,0.0,True,True,-1.7440470457077026,0.0046377032995224
33,2262,"Tired , Sluggish , Sleepy , Sick , Anxious",2023-07-09 20:29:20,6,True,-2.0,0.0,True,True,-1.7677911520004272,0.06628362834453583
33,2263,"Tired , Sleepy , Sluggish , Anxious , Irritated",2023-07-10 10:07:15,6,True,-2.0,0.0,True,True,-1.198257327079773,0.4340389668941498
33,2264,"Tired , Annoyed , Slow , Anxious , Sleepy",2023-07-10 15:26:12,6,True,-2.0,0.0,True,True,-1.3877185583114624,0.49883008003234863
33,2265,"Tired , Sleepy , Sluggish , In pain , Anxious",2023-07-10 20:04:52,6,True,-2.0,0.0,True,True,-1.5826586484909058,0.24918954074382782
33,2266,"Tired , Quiet , Sleepy , Anxious , Nervous",2023-07-11 10:36:43,6,True,0.0,1.0,True,True,0.3870466351509094,0.2837162911891937
33,2267,"Annoyed , Mad , Irritated , Anxious , Tired",2023-07-11 15:00:48,6,True,-2.0,0.0,True,True,-0.9883931279182434,1.4427143335342407
33,2268,"Drained , Tired , Sluggish , Sleepy , Anxious",2023-07-11 20:28:07,6,True,-2.0,0.0,True,True,-1.5611294507980347,-0.03619769215583801
33,2269,"Sleepy , Quiet , Calm , Tired , Slow",2023-07-12 10:07:25,6,True,0.0,1.0,True,True,0.9123633503913879,-0.13441716134548187
33,2270,"Exhausted , Sleepy , Tired , Sluggish , Slow",2023-07-12 15:38:04,6,True,-2.0,0.0,True,True,-1.8401652574539185,0.1412809044122696
33,2271,"Anxious , Irritated , Sluggish , Sleepy , Tired",2023-07-12 20:03:14,6,True,-2.0,0.0,True,True,-0.39136654138565063,1.5003759860992432
34,2367,I feel like I dont have enough time in my day . Work has been understaffed and busy which makes me feel agitated and like I ' m not fast enough or good at my job . I feel rushed and unaccomplished . I have no energy and don ' t want to deal with people .,2021-05-04 16:26:06,1,False,-1.0,0.0,True,True,-0.48235636949539185,0.870800793170929
35,2410,"Energetic , Happy , Bothered , Hungry , Annoyed",2021-03-27 12:00:36,1,True,1.0,2.0,True,True,1.232807993888855,1.0458284616470337
35,2411,"Bored , Productive , Curious , Bothered , Calm",2021-03-29 12:00:54,1,True,0.0,1.0,True,True,0.8154347538948059,1.3138407468795776
42,3830,I am off today . I had an early night with my kids after an amazing meal and some fun and games . I woke up early to overcast skies which was perfect for taking the dog for a long walk to get a cup of coffee and some breakfast . I ' m feeling calm and centered . My body has physically recovered from the weekend and I am finally re-hydrated and feeling rested .,2021-06-15 12:08:59,1,False,2.0,0.0,True,True,1.183535099029541,0.40621593594551086
42,3831,Today is my day off . I am spending the day with my family . I will not be answering anymore survey questions that require lengthy answers because it is taking me away from my family which is what helps my emotional stability .,2021-06-15 17:06:39,1,False,2.0,0.0,True,True,0.9667187333106995,0.5753023028373718
42,3832,With my family With my family With my family With my family With my family With my family With my family With my family With my family With my family With my family With my family With my family With my family With my family,2021-06-15 22:21:15,1,False,2.0,0.0,True,True,0.35035860538482666,0.8768970966339111
42,3833,"I ' ve just finished meditating . I need to clock . in at work in 75 minutes . I am feeling calm and centered , I ' ve properly hydrated and had a healthy meal and am ready for the physical stress of the night ahead . It ' s supposed to be slow which means I can focus on the guest experience that much more .",2021-06-16 17:16:04,1,False,2.0,0.0,True,True,1.1686898469924927,0.5245116353034973
43,3994,I am going in to work tonight . Not really looking forward to it . I am really hopping that the night goes by quickly so I can go home and sleep . I am pretty tired today . I am not really feeling like I can give 100 % tonight .,2021-06-15 17:26:31,1,False,0.0,1.0,True,True,0.4121025800704956,1.0303561687469482
43,3995,"Since I filled out the questionnaire on yesterday , I have been feeling a bit tired , sleepy sluggish and need to get some sleep . Last night at work was ok , I was busy . Customers were steady , so I never got to take a break .",2021-06-16 12:54:20,1,False,-2.0,0.0,True,True,-1.625152349472046,-0.009054910391569138
43,3988,"Yesterday was a better day as far as for how I was feeling . I went to a friends house and she put food on the grill . Got to relax a bit . Still feel really tired so I just want to go to sleep , but I cant I have too much to do .",2021-06-17 12:01:58,1,False,1.0,1.0,True,True,0.16724613308906555,0.0468171089887619
43,3989,In the past 24 hours I have been feeling a bit overwhelmed . I have a lot going on in my personal life dealing with another service industry entity and not understanding the level of service that they provided for me when I hired them for my big day .,2021-06-18 12:03:31,1,False,1.0,0.0,True,True,-0.743123471736908,0.8538200259208679
54,3540,I am feeling great I have enough time to interracial with friends via call which i am having a great time doing I get to talk about exciting things and fun I am also having amazing time with friends we get to speak about things that bound us,2024-10-14 12:31:30,7,False,1.0,1.0,True,True,1.5676698684692383,0.8224257826805115
54,3644,"Active , Very good , Excited , Calm , Happy",2024-10-14 17:02:02,7,True,2.0,0.0,True,True,1.4965280294418335,1.1989275217056274
54,3725,I feel alive and happy and I’m active at work having conversations with people and also talking about lo of things with my colleagues which is also making my day fun and very interesting Just left a conference call with my friends we get to check up on each other which actually make me feel secured knowing fully well I have friends who really cares about each other,2024-10-15 12:04:22,7,False,2.0,2.0,True,True,1.9945865869522095,1.2943087816238403
54,3834,I feel happy and delighted concerning my life . The joy can be noticed from my facial expression and mood . The way the environment whether makes me feel like someone that is renewed with hope . and ability .,2024-10-15 17:27:33,7,False,2.0,1.0,True,True,1.823511004447937,1.2295914888381958
54,3913,"Active , Good , Calm , Cool , Enthusiast",2024-10-16 12:04:02,7,True,2.0,0.0,True,True,1.7116012573242188,1.010800838470459
54,4016,I feel good got to meet with an old time friends and we dot to talk about soo many things and I also have good time playing video games an I did hang with friends and family and I am also excited to meet with friends,2024-10-16 17:06:42,7,False,1.0,2.0,True,True,1.0684101581573486,0.7883841395378113
54,4077,I feel very good and happy having interesting conversations with my colleagues at work we are also having fun and talking about why we find our work interesting and also talking about our weaknesses and strength and also our plans for the future,2024-10-17 12:47:32,7,False,2.0,1.0,True,True,2.018394947052002,0.9785140752792358
54,4164,Currently I feel good and happy and at the moment I’m having a wonderful time at work and it’s Friday and it’s weekend i just have this positive feeling I’m going to have a wonderful time with my kids and my wife so at the moment I’m just imagining how the weekend is going to be with my family,2024-10-18 12:26:20,7,False,1.0,1.0,True,True,1.8034335374832153,1.0552618503570557
54,4228,"Happy , Excited , Calm , Active , Cool",2024-10-18 17:56:41,7,True,2.0,2.0,True,True,1.531225323677063,1.0730146169662476
60,2588,Hi ! Having a mani n pedi done right now . So relaxing and peaceful .    Having such quiet time to meditate and reflect on the week and actually start planning for the week n weekend   hoping that next week will be a busier week than this week in relation to work,2024-07-26 17:01:57,7,False,2.0,0.0,True,True,1.5060971975326538,-0.06962646543979645
60,2599,"Relaxing , Accomplished , Fulfilled , Expecting , Relaxed",2024-07-26 22:07:45,7,True,2.0,0.0,True,True,1.7005562782287598,0.17992180585861206
60,2610,Happy Saturday —-beautiful day out . Super excited to get out there today . We r going to the FAC in GPE   .   Lots of walking to do history to see and admire . N structures to view and be in awe of .    Love the cloisters and the water views . Amazing spectacular !!! Enjoy this glorious day !,2024-07-27 12:01:16,7,False,2.0,0.0,True,True,1.522234559059143,1.1985632181167603
60,2621,Hi happy Saturday !   Just walked thru the museum absolutely amazing beautiful breathe taking .   Going to lunch in midtown . NORP food is what I want right now . Did lots of walking inside and outside . Feeling inspired and amazing,2024-07-27 17:01:03,7,False,2.0,0.0,True,True,1.088281512260437,0.6685905456542969
60,2632,"Fulfilled , Relaxed , Happy , Proud , Calm",2024-07-27 22:13:49,7,True,2.0,0.0,True,True,2.153372287750244,0.002429321175441146
60,2643,"Calm , Happy , Excited , Blessed , Content",2024-07-28 12:01:51,7,True,2.0,0.0,True,True,2.2726261615753174,0.4126570522785187
60,2655,"Happy , Excited , Thrilled , Fulfilled , Content",2024-07-28 17:16:02,7,True,2.0,0.0,True,True,1.6443372964859009,0.9862546324729919
60,2666,Hi happy Sunday . Feeling relaxed fulfilled and happy . Went to the ORG  game with my middle child . He took the railroad into GPE met me there and we went to see our favorite baseball team play and unfortunately lose . Although they lost we had a shaving time together bonding laughing n eating . FYI best lobster rolls at FAC  ever . $35 will get u one . Ouch . Great Sunday !,2024-07-28 22:02:23,7,False,2.0,0.0,True,True,1.283478856086731,0.5298328399658203
60,2870,"Happy , Content , Busy , Excited , Fulfilled",2024-07-29 12:00:35,7,True,2.0,0.0,True,True,1.5855594873428345,1.0235174894332886
60,2881,Happy Monday !   Feeling accomplished ! \n8 am went to LOC to pick up immunizations papers for my 3 college kids . Followed my getting a tire patched and ordering a new tire for my daughter . \nI also showed 2 rentals to a new client . Hoping he takes one of the rentals . \nMaybe more appointments later and maybe a yoga class later though . My day changes on a daily,2024-07-29 17:07:37,7,False,2.0,0.0,True,True,1.8124788999557495,0.3897849917411804
60,2891,"Fulfilled , Ready , Tired , Accomplished , Content",2024-07-29 22:01:07,7,True,2.0,0.0,True,True,1.6965668201446533,0.6658816337585449
60,2900,"Relaxed , Happy , Excited , Busy , Fulfilled",2024-07-30 12:02:20,7,True,2.0,0.0,True,True,2.164081573486328,0.6389068365097046
60,2911,Hi happy taco Tuesday !!! Feeling great rescued and accomplished !   Lots done and lots more to do !!! \nRunning to library in a bit and off to do errands . Banking food shopping and then off to cook dinner for my kids .   Also looking to get my daughters apartment ready in just a few weeks,2024-07-30 17:02:47,7,False,2.0,0.0,True,True,1.5663152933120728,0.7076674699783325
60,2922,"Fulfilled , Excited , Calm , Peaceful , Happy",2024-07-30 22:04:05,7,True,2.0,0.0,True,True,2.2062911987304688,0.5343760848045349
60,2933,Feeling great . Calm energized at the same time . Went to 6 am beach yoga . Amazing way to start the day . Followed by 8 am yoga at my studio .    Busy day ahead so happy began it with physical and mental practice,2024-07-31 12:00:34,7,False,2.0,0.0,True,True,2.1333439350128174,0.761186420917511
60,2940,Hi happy Wednesday . Feeling good . Accomplished still lots more to do .   Feeling like the week is flying by —cannot believe tomorrow is August —-summer is almost over . Kids back to college so much to do in the next 2-3 weeks . Will pace myself to get all done,2024-07-31 17:00:52,7,False,2.0,0.0,True,True,1.5183221101760864,0.4334292411804199
60,2942,"Content , Tired , Fulfilled , Expectant , Satisfied",2024-07-31 22:00:20,7,True,2.0,0.0,True,True,1.0557879209518433,0.7286470532417297
60,2952,"Calm , Content , Busy , Excited , Happy",2024-08-01 12:00:28,7,True,2.0,0.0,True,True,1.9678107500076294,0.6422811150550842
60,2953,Happy August first ! Feeling accomplished . 2 hours of yoga this morning so feeling physically and emotionally good . Had an appointment with a client today . Not a good match but feeling positive .   I absolutely need more clients and soon .   Hoping interest rates get lower and prices of homes do as well . Feeling hopefull,2024-08-01 17:00:53,7,False,2.0,0.0,True,True,1.64730703830719,0.6667683720588684
60,2959,"Accomplished , Fulfilled , Tired , Calm , Peaceful",2024-08-01 22:24:04,7,True,2.0,0.0,True,True,1.6051464080810547,0.38848891854286194
61,3069,"Tired , Annoyed , Sleepy , Happy , Furious",2024-08-11 22:00:48,7,True,2.0,0.0,True,True,0.2454703152179718,1.0172762870788574
61,3080,"Happy , Excited , Frustration , Annoyed , Sad",2024-08-12 12:56:20,7,True,2.0,0.0,True,True,1.6798971891403198,1.3044513463974
61,3091,"Tired , Annoyed , Furious , Boredom , Upset",2024-08-12 22:00:21,7,True,2.0,0.0,True,True,-1.5764786005020142,0.7876303791999817
61,3102,Right now I ' m feeling annoyed and anxious so much that I don ' t get time to myself everybody wants their needs taken care of off of you I have a person and I have my own needs and I need things taken care of as well So with that being said tomorrow appointments at then I ' m going to,2024-08-13 12:36:59,7,False,2.0,0.0,True,True,-0.6216121315956116,1.201844573020935
61,3113,Haven ' t woken up for my nap I ' m now going to cook lunch and pick up the kids and then come home and then read a book help the kids with homework feed the cats and wait on other truth now that I ' m in my chair I can relax and wait on the rest of the day today and and then cook later on a great meal,2024-08-13 17:00:26,7,False,2.0,0.0,True,True,0.21974189579486847,0.7307371497154236
61,3124,"Hot , Tired , Frustration , Worried , Scared",2024-08-14 12:05:47,7,True,2.0,0.0,True,True,-0.27136027812957764,1.0340235233306885
61,3136,Finally home . I can start cleaning the bathroom and mop in the hallway as well throwing up the trash I ' m clean and organized things . And then after that I will make a lunch and then I ' ll be able to relax,2024-08-15 12:39:44,7,False,2.0,0.0,True,True,0.8879215121269226,0.8800497651100159
61,3146,"Tired , Happy , Annoyed , Mad , Curious",2024-08-15 17:00:22,7,True,1.0,0.0,True,True,0.3804279565811157,0.926551878452301
61,3157,"Tired , Depress , Sad , Conflicted , Trapped",2024-08-15 22:22:08,7,True,2.0,0.0,True,True,-1.1760519742965698,0.7245411276817322
61,3168,"Happy , Hunger , Satisfied , Content , Enjoyment",2024-08-16 22:00:26,7,True,2.0,0.0,True,True,1.910764217376709,0.7338957786560059
64,4710,"Calm , Peaceful , Happy , Delightful , Grateful",2024-08-18 17:17:33,7,True,2.0,0.0,True,True,1.7087973356246948,0.5095744729042053
64,4711,Been feeling okay not sad not too happy \nThe fact that I have work and all of that is just stress \nIt’s time for bed and I’m stressed thinking of how the day will go and also how things will turn out \nIt’s abit fine but not too fine \nI’m also jovial and welcoming,2024-08-18 22:02:10,7,False,0.0,1.0,True,True,0.30813711881637573,0.7171928286552429
64,4712,"I’m somewhat contented because I have a couple of things on my mind \nAs it is a lot of stress on my mind and also drama here and there ,\nI feel tired and worried \nI feel contented too \nI feel anxious \nI feel worried too",2024-08-19 12:05:11,7,False,1.0,0.0,True,True,1.3780535459518433,0.4230453372001648
64,4713,"Thoughtful , Enjoying , Relaxed , Calm , Happy",2024-08-19 17:11:42,7,True,1.0,1.0,True,True,1.2578678131103516,0.6653377413749695
64,4714,I’m calm and down \nI’m actually not bad today wasn’t a rough day it was a stressful day the drama was just there so I feel stressed and unhappy and all of that \nI feel good but not entirely happy and all of that I’m just feeling grateful and all of that \nI feel much more better,2024-08-19 22:00:36,7,False,1.0,0.0,True,True,1.2990528345108032,0.048077940940856934
64,4716,"Excitement , Exceptional , Hot headed , Joyed , Calm",2024-08-20 12:16:52,7,True,2.0,1.0,True,True,1.0326329469680786,1.3693914413452148
64,4717,"Jiggy , Chill , Calm , Simple , Hungry",2024-08-20 17:06:05,7,True,2.0,0.0,True,True,0.13885028660297394,1.0347059965133667
64,4718,"Freaky , Fresh , Calm , Okay , Chilled",2024-08-21 12:42:50,7,True,1.0,0.0,True,True,0.6287529468536377,1.0393999814987183
64,4719,"I feel very demure , I feel happy words can’t even express how I’m feeling and all of that \nI have been good in recovery , I feel extra playful \nI feel like the world is on a different planet of excess joy from others \nI feel evolved and calm",2024-08-21 17:02:37,7,False,2.0,1.0,True,True,0.624140202999115,0.8069096207618713
64,4733,"I’m feeling contented , I’m calm and happy I’m feeling goosebumps and chills , I’m feeling a whole lots of drama and all of that \nI’m feeling a different vibes from wahala \nI’m feel happy and stress less \nI’m feeling highly recommended and highly motivated and appreciated",2024-08-21 22:04:35,7,False,2.0,0.0,True,True,1.35468590259552,0.45839405059814453
64,4734,"Feeling bright , Calm , Feeling relaxed , Left out , Hot tempared",2024-08-22 12:01:07,7,True,1.0,1.0,True,True,0.9331825971603394,0.46452590823173523
64,4735,"Sense of relief , Little work load , Overwhelming , Relaxed , Exceptional",2024-08-22 17:06:34,7,True,2.0,1.0,True,True,1.3025543689727783,0.5012413859367371
64,4736,"Relaxed , Sleepy , High , Restful , Dramatic",2024-08-22 22:00:52,7,True,2.0,0.0,True,True,0.4286532998085022,0.46515893936157227
64,4737,"Sexy , Happy , Calm , Extra , Extreme",2024-08-23 12:07:18,7,True,2.0,0.0,True,True,1.0844922065734863,1.1657698154449463
64,4738,"Joyful , Excited , Appreciated , Chill , Fly",2024-08-23 17:02:54,7,True,1.0,0.0,True,True,1.4738396406173706,1.2961863279342651
64,4740,"I’m feeling active , I’m sleepy too , I’m unhappy at the moment , I had a fight with with someone so I feel disappointed , I practically feel very stressed ,\nI’m feeling okay as well \nI’m abit traumatized and stressed out , I miss my babe and all",2024-08-23 22:08:04,7,False,0.0,2.0,True,True,-0.7394031882286072,0.8510342240333557
64,4741,"Sleepy , Cheesy , Calm , Soft , Hungry",2024-08-24 12:06:58,7,True,2.0,0.0,True,True,0.19831345975399017,0.5384252071380615
64,4742,"Funny , Chilled , Calm , Excited , Relaxed",2024-08-24 17:10:15,7,True,2.0,0.0,True,True,1.2773818969726562,1.0339759588241577
64,4743,"I feel jiggy , I feel calm and relaxed , I’m just everywhere \nNo much drama I feel good and all of PERSON \nThank y’all for him being there \ nI feel responsible \nI feel preservation or the house \ nSo everything is now drama and a lot of parental responsibility I feel very ready and all",2024-08-24 22:03:59,7,False,2.0,0.0,True,True,0.8810866475105286,0.8887933492660522
67,4806,I am currently feeling neutral I ' m at neither sad or happy I ' m just normal . I ' m playing some video games at the moment and later on I will eat something . After that I will be on my phone and then take a shower and then sleep,2024-11-08 22:44:10,7,False,0.0,1.0,True,True,0.18529532849788666,0.89878910779953
67,4807,"I currently feel tired it as   a very   long day yesterday I had to work a long shift and what I do is dishwashing and it ' s really tiring . Later on the day I wlll do some chores , be on my phone and eat and then take a bath and that ' s it",2024-11-10 17:00:36,7,False,0.0,1.0,True,True,-1.2464369535446167,0.024892091751098633
67,4808,"Calm , Relaxed , Happy , Neutral , Tired",2024-11-10 22:02:13,7,True,0.0,1.0,True,True,0.5281434059143066,0.42677587270736694
67,4809,I current feel neutral neither tired or happy or sad just neutral . Might do some laundry later help my mother out with some errands . Do online surveys do some research on how to make some extra cash . Later on I will eat and scroll through reels for a bit,2024-11-11 17:20:27,7,False,0.0,1.0,True,True,0.22982271015644073,0.9646875262260437
67,4810,Currently feel sleepy and tired had to go do something early in the morning and feel tired . Might take a little nap for now and then I will pick up my brother from school . Then when I get back home i will clean,2024-11-13 12:31:33,7,False,0.0,0.0,True,True,-1.3444257974624634,0.005354776978492737
67,4811,"Calm , Neutral , Relaxed , Normal , Happy",2024-11-14 17:17:42,7,True,0.0,1.0,True,True,0.7875624299049377,0.5426433682441711
67,4812,I currently feel neutral I don ' t feel happy or sad just normal . Currently I will eat something and then I will help my brother with homework and then I will take a quick shower and then I will scroll through my phone for a bit and then sleep,2024-11-14 22:50:11,7,False,0.0,1.0,True,True,-0.1037219911813736,0.7061687111854553
67,4813,"Calm , Relaxed , Happy , Neutral , Sleepy",2024-11-15 17:24:37,7,True,0.0,1.0,True,True,1.1039153337478638,0.2649115025997162
67,4815,I currently feel tired since I bought a tv from ORG and I went carrying it from GPE to where I live . It was heavy so I came a little fatigued from my hands and biceps . Later on I will take a quick bath and eat something,2024-11-15 22:34:20,7,False,0.0,1.0,True,True,-0.7651692628860474,0.4695086181163788
73,5022,"Neutral , Hopeful , Overwhelmed , Thoughtful , Expectant",2024-10-12 12:24:29,7,True,0.0,1.0,True,True,0.8103440403938293,1.0643413066864014
73,5023,"Tired , Exhausted , Hungry , Drained , Stressed",2024-10-12 22:06:33,7,True,0.0,1.0,True,True,-0.3995552659034729,0.3961355984210968
73,5024,"Quiet , Down , Unhappy , Thinking , Confused",2024-10-13 12:01:06,7,True,0.0,0.0,True,True,0.17794743180274963,0.46403542160987854
73,5025,I ' m feeling weak and tired \nI had a stressful day and it ' s been so for some time now \ nNowadays I work more than is required so that ' s the reason \nI ' m feeling weak and tired \nI had a stressful day and it ' s been so for some time now \ nNowadays I work more than is required so that ' s the reason,2024-10-13 17:14:01,7,False,0.0,0.0,True,True,-1.220666527748108,-0.33259057998657227
73,5026,"Sick , Tired , Stressed , Not happy , Not well",2024-10-15 17:11:51,7,True,-1.0,1.0,True,True,-1.1731544733047485,0.1290748566389084
73,5027,"Happy , Active , Lively , Strong , Excited",2024-10-16 12:02:11,7,True,0.0,1.0,True,True,1.8492618799209595,1.57571280002594
73,5028,"I ' m feeling tired after a long day \ nIt ' s been same all week , been feeling tired more often than usual \ nI work long hours so it ' s possibly why \ nI ' m feeling tired after a long day \ nIt ' s been same all week , been feeling tired more often than usual \ nI work long hours so it ' s possibly why \ nI ' m feeling tired after a long day \ nIt ' s been same all week , been feeling tired more often than usual \ nI work long hours so it ' s possibly why",2024-10-16 17:01:13,7,False,0.0,1.0,True,True,-1.8478641510009766,-0.3607874810695648
73,5029,"I ' m currently feeling a bit exhausted and a bit tired , was quit very about the situation \nI ' m currently feeling a bit exhausted and a bit tired , was quit very about the situatio \ nn \nI ' m currently feeling a bit exhausted and a bit tired , was quit very about the situation",2024-10-16 22:43:26,7,False,0.0,1.0,True,True,-1.9278172254562378,-0.3328506052494049
75,5062,"tired , faint , pain , unease , annoyed",2024-10-22 22:01:22,7,True,-2.0,0.0,True,True,-0.9868925213813782,0.2235877364873886
75,5063,"back pain , tired , restless , seldom , quiet",2024-10-23 12:01:02,7,True,-2.0,0.0,True,True,-1.1608816385269165,0.3841962516307831
75,5064,i had an emergency medical situation that required medical attention . i had pain that was intense and uncomfortable requiring the need for care . i am uncomfortable and want to rest . i will stay in bed and relax,2024-10-23 17:15:50,7,False,-1.0,0.0,True,True,-1.186799168586731,0.801436722278595
75,5065,"I am currently   feeling sick . i am experiencing extreme back pain that is resulting in restlessness , agitation .   the pain was a quick onset and is intensifying over the course of the day . i fewl as if i fell and   injured myself as i have no answers for the onset of the pain",2024-10-23 22:02:34,7,False,-2.0,0.0,True,True,-0.6237709522247314,0.7541103959083557
75,5066,i am still feeling sick . i am exhausted and tired at the current time . i am in bed resting and hoping to feel \ nbetter soon .    i am thinking that although work is rewarding getting sick from children is not the best,2024-10-24 12:00:24,7,False,-1.0,0.0,True,True,-1.7269784212112427,0.056702181696891785
75,5067,"tired , content , still , soft , placid",2024-10-24 17:00:36,7,True,0.0,0.0,True,True,0.6290678381919861,-0.21069887280464172
75,5068,"still , faint , faint , tired , silent",2024-10-24 22:22:52,7,True,0.0,0.0,True,True,-0.7748390436172485,0.5706939101219177
75,5069,i am currently feeling neutral . i am feeling a little better physically therefore it is improving my mood . i feel that my medical condition will improve and the pain will subside . it was an immediate onset and i am seeking out alternatives to have me rest .,2024-10-25 12:00:25,7,False,0.0,1.0,True,True,-0.16638875007629395,1.0030924081802368
75,5070,i am a little more content at this time as i am more rested and alert . the pain is decreasing and i have fewer symptoms . i am refreshed to know that family will be visiting tomorrow as children make me happy and content . i look forward to visitors and having a special time with them,2024-10-25 22:27:08,7,False,0.0,0.0,True,True,1.3709670305252075,1.020004391670227
75,5071,i am feeling extremely content at this time . i am able to relax / watch a television show of interest and feel at ease . i located my tens medical machine and my back pain has decreased . i wished i thought of this earlier . i have a solution to a dilemma and therefore content and calm,2024-10-26 22:00:58,7,False,2.0,0.0,True,True,1.5638995170593262,0.49578094482421875
75,5072,i am feeling content and calm on this Sunday morning .   I had a decent nights sleep and feel well rested .   I am experiencing decreased pain and the headache is not as intense .   i look forward to visitors on this day and will \ nplan accordingly .,2024-10-27 12:00:34,7,False,2.0,2.0,True,True,1.3928782939910889,0.6276623606681824
75,5073,I returned back to work today and have a light schedule .   i am looking forward to meeting with sites and planning for a rewarding experience . my activities for the day includes working on social emotional learning / feelings charts .,2024-10-28 12:01:18,7,False,2.0,0.0,True,True,0.789563775062561,1.2731767892837524
75,5074,"sleepy , tired , exhausted , fatigue , lethargic",2024-10-28 22:38:04,7,True,0.0,0.0,True,True,-1.8519476652145386,-0.40161052346229553
75,5075,"fatigue , tired , bored , sick , feverish",2024-10-29 17:03:07,7,True,-1.0,0.0,True,True,-1.2643237113952637,0.02785639464855194
75,5076,"quiet , tired , content , restless , poised",2024-10-30 22:05:31,7,True,0.0,0.0,True,True,0.3542592525482178,0.3013826906681061
80,5193,"Dynamic , Vibrant , Tired , Stressed , Convinced",2024-08-22 17:15:20,7,True,0.0,1.0,True,True,0.6627439856529236,1.5581943988800049
80,5194,"Energetic , Capable , Smiley , Encouraging , Determined",2024-08-22 22:26:27,7,True,0.0,2.0,True,True,0.5211465358734131,1.3935595750808716
80,5195,"Stressed , Disturbed , Distress , Confused , Tired",2024-08-23 12:14:29,7,True,0.0,1.0,True,True,-0.8906602263450623,0.9243806004524231
80,5196,"Irritated , Annoyed , Weak , Disappointed , Sluggish",2024-08-23 17:09:48,7,True,-1.0,1.0,True,True,-0.6172682642936707,0.8090873956680298
80,5197,"Vibrant , Energetic , Dynamic , Motivated , Convinced",2024-08-23 22:25:44,7,True,1.0,1.0,True,True,0.7982974052429199,1.8117645978927612
80,5198,"Fun , Happy , Determined , Vibrant , Steady",2024-08-24 12:14:11,7,True,0.0,2.0,True,True,1.3606297969818115,1.1230460405349731
80,5199,Feeling bored stressed like all is about to end in a dark and unfair situation mood switching from opposite phase disappointed that fair goals are met for the day and not having adequate fun to ignite the day .,2024-08-24 17:37:10,7,False,-1.0,1.0,True,True,-1.114056944847107,0.7525377869606018
80,5200,"A neutral feeling is a calm and balanced state , free from strong emotions or biases . It ' s a midpoint between positive and negative , where neither excitement nor sadness dominates . Imagine a still pond , reflecting the surroundings without a ripple . Neutral feelings bring clarity , and stability , like a steady heartbeat .",2024-08-25 12:09:17,7,False,0.0,1.0,True,True,1.0049928426742554,0.5084821581840515
80,5201,"Calm , Reversed , Still , Grateful , Grieved",2024-08-25 17:21:55,7,True,-2.0,0.0,True,True,0.805204451084137,0.7323915362358093
80,5202,"A quiet feeling is a peaceful and serene state , characterized by stillness and calmness . It ' s a sense of gentle hush , where thoughts and emotions are subdued , and the mind is tranquil . Imagine a snowflakes ' gentle fall , or a soft misty dawn , where the world is muffled and slow . Quiet feelings bring a sense of refuge , comfort , and contemplation , like a warm embrace that soothes the soul . In this state , the world ' s noise and chaos fade away , leaving only a sense of gentle quietude .",2024-08-25 22:13:29,7,False,0.0,0.0,True,True,1.1646662950515747,0.14377103745937347
80,5203,"Calm , Perplexed , Reserved , Determined , Vibrant",2024-08-26 12:59:44,7,True,0.0,0.0,True,True,0.6546207070350647,0.6524706482887268
80,5204,"A neutral feeling is a calm and balanced state , free from strong emotions . It ' s a midpoint between positive and negative , where neither excitement nor sadness dominates . Thoughts and feelings are acknowledged without judgment , like a still pond reflecting the surroundings . Neutral feelings bring clarity , objectivity , and stability , like a steady heartbeat . No strong attachment or reaction , just a sense of ""being "" without bias . It ' s a state of emotional equilibrium , where one observes life without taking sides , like a witness to the present moment .",2024-08-26 17:39:14,7,False,0.0,1.0,True,True,1.8950351476669312,0.654599130153656
80,5205,"Vibrant , Hearty , Grateful , Optimistic , Determined",2024-08-29 17:01:43,7,True,0.0,2.0,True,True,1.0154969692230225,1.277984619140625
80,5206,"Perplexed , Vibrant , Dynamic , Optimistic , Determined",2024-08-29 22:41:33,7,True,0.0,2.0,True,True,0.1836443543434143,1.164054274559021
89,571,I feel happy and lively even thought I got some kind of bad news today . But that bad news doesn’t define me and I’m having too great of a day so I feel great ! I feel content and full of happiness . My muscles feel good from finishing my workout too . I do feel hungry though .,2024-08-19 17:04:31,7,False,2.0,2.0,True,True,1.5159579515457153,0.9468764662742615
89,572,"Tired , Sluggish , Ok , Sore , Hungry",2024-08-20 12:52:24,7,True,-1.0,0.0,True,True,-1.0629805326461792,0.4351954162120819
89,573,"I’m currently feeling less tired but still tired . My eyes feel a little heavy and my back a little sore . I feel a little crampy (period cramps) . I feel a little lazy today also . But that’s it , that’s basically how I’m feeling .",2024-08-20 17:13:00,7,False,-1.0,0.0,True,True,-0.6237003207206726,-0.02463924139738083
89,574,"I am feeling good . I feel lively and excited and happy . I feel a little sore but not too crazy . Overall , I am better now than I was earlier today . That’s basically how I’m feeling today at this very moment .",2024-08-20 22:06:49,7,False,0.0,2.0,True,True,1.4635409116744995,0.7292895913124084
89,579,"I feel active , lively , but slightly tired . My eyes mainly feel a little tired . I am pretty energetic though . I also feel excited and a little nervous . I also feel angsty . That’s basically it how I’m feeling at the moment .",2024-08-21 12:39:01,7,False,0.0,2.0,True,True,0.5763808488845825,1.5596610307693481
89,580,I’m feeling tired right now and somewhat emotionally drained . My eyes are definitely tired and I’m trying to stay focused . My top body feels sore (from working out) and I feel like I was to sleep . That is basically how I am feeling .,2024-08-21 17:35:51,7,False,-1.0,0.0,True,True,-1.6212061643600464,-0.23176886141300201
89,581,"I feel tired today since I went to bed late last night . I also feel sluggish and a little defeated . My brain feels fuzzy , but I’m trying to get out of it so I can be productive today . I also feel somewhat emotionally drained and a little stressed .",2024-08-23 12:47:21,7,False,0.0,0.0,True,True,-1.709241509437561,-0.0940447747707367
89,582,"Nervous , Thoughtful , Nervous , Stressed , Ignorant",2024-08-23 22:37:59,7,True,0.0,1.0,True,True,-0.825363278388977,1.400431752204895
89,583,"Meh , Stressed , Unmotivated , Unfocused , Drained",2024-08-24 12:44:12,7,True,0.0,1.0,True,True,-0.6582888960838318,0.36622658371925354
89,584,"Sluggish , Tired , Drained , Defeated , Nervous",2024-08-24 22:07:43,7,True,-2.0,0.0,True,True,-1.7202953100204468,-0.35629844665527344
89,585,"Content , Excited , Slightly nervous , Active , Determined",2024-08-25 17:30:31,7,True,0.0,2.0,True,True,0.7693497538566589,1.5815798044204712
89,586,"Nervous , Tired , Hungry , Frustrated , Defeated",2024-08-26 17:50:44,7,True,-1.0,2.0,True,True,0.05898873507976532,1.0300157070159912
89,587,"Tired , Exhausted , Hungry , Happy , Intrigued",2024-08-29 22:10:23,7,True,-2.0,0.0,True,True,0.8086904883384705,0.9112423062324524
94,970,"Cool , Calm , Lowkey , Normal , Gentle",2024-11-13 12:05:15,7,True,2.0,0.0,True,True,0.834151566028595,0.36157241463661194
94,971,"Sluggish , Tired , Down , Depressed , Low",2024-11-13 17:17:46,7,True,-2.0,0.0,True,True,-1.7568243741989136,-0.061975300312042236
94,1182,"normal to have an ""off "" day or two where you don ' t feel like yourself . If you ' re feeling ""off "" or ""weird "" for more than a couple of days , you can try to reflect on what ' s going on and ask yourself some non-judgmental questions . \n",2024-11-13 22:04:54,7,False,0.0,0.0,True,True,-0.058267802000045776,0.6799160838127136
94,1183,"Sad , Down , Low , Not happy , Depressed",2024-11-14 12:01:59,7,True,-2.0,1.0,True,True,-1.3620588779449463,0.6512206792831421
94,1184,"Quite , Calm , Lowkey , Chilled , Unbothered",2024-11-14 17:32:41,7,True,0.0,0.0,True,True,0.9863829016685486,0.6336994767189026
94,1185,"There are many reasons why you might feel ""off "" or ""weird "" from time to time , including : \nA symptom of depression that can make you feel empty , discouraged , isolated , or unfocused . You might feel like you ' re going through the motions and can ' t connect to your environment",2024-11-15 12:09:22,7,False,0.0,0.0,True,True,-0.8889493346214294,0.7539053559303284
94,1186,"Active , Alive , Energetic , Online , Active",2024-11-15 17:19:13,7,True,0.0,2.0,True,True,0.6995553374290466,1.465074896812439
94,1187,"Feeling calm and quiet "" means experiencing a state of inner peace and serenity , where there is a lack of agitation , disturbance , or excitement , essentially a feeling of tranquility and stillness , like a peaceful moment with minimal external stimuli ; it implies a sense of being relaxed and composed , both mentally and physically",2024-11-16 12:04:43,7,False,2.0,0.0,True,True,1.7381937503814697,0.19352297484874725
94,1188,"Calm , Gentle , Dull , Down , Lowkey",2024-11-16 17:12:38,7,True,2.0,0.0,True,True,1.1654822826385498,0.27894657850265503
94,1189,"saying that expresses a lack of strong emotion or opinion on a particular matter , often conveying a sense of detachment or indifference ; a common example is ""If you are neutral in situations of injustice , you have chosen the side of the oppressor ,"" which highlights that remaining neutral in the face of wrongdoing can be interpreted as supporting the unjust side .",2024-11-17 12:09:21,7,False,0.0,1.0,True,True,-0.18502485752105713,0.8221591114997864
94,1190,"Happy , Cheerful , Jovial , Joyous , Jollyful",2024-11-17 17:38:30,7,True,2.0,1.0,True,True,1.756537675857544,1.4335662126541138
94,1191,"Enthusiasm is related to other words like playfulness , inventiveness , optimism , zest , and high energy . The word enthusiasm comes from the NORP word enthousiasmos , which comes from enthou , meaning ""possessed by a god , inspired "". It was originally used in a derogatory sense to describe excessive religious zeal",2024-11-18 12:32:00,7,False,2.0,2.0,True,True,0.8384984135627747,1.4648607969284058
94,1192,"Slow , Dull , Moody , Down , Depressed",2024-11-18 22:53:59,7,True,-1.0,0.0,True,True,-1.0114022493362427,0.677148699760437
94,1193,"Neutral feelings can be normal , and they can occur alongside positive or negative emotions . For example , a parent might feel neutral about going to the park with their child , but also feel happy because their child wants to spend time with them .",2024-11-19 12:08:06,7,False,0.0,1.0,True,True,0.4739950895309448,0.8702749609947205
94,1194,"Calmness can soothe negative emotions like anxiety , stress , anger , and frustration . It can also encourage other emotional habits Feeling calm is a psychological state of peace and quiet , where you feel at ease and free from anxiety , stress , and tension",2024-11-19 17:18:38,7,False,2.0,0.0,True,True,0.5802821516990662,0.4587853252887726
99,1390,"Tired , Bored , Drained , Confused , Pensive",2024-11-12 22:23:00,7,True,0.0,1.0,True,True,-1.3980883359909058,0.020916134119033813
99,1391,"Had another doctors appointment this morning , always nerve wracking , also had too much coffee . I have two interviews today so that is not helping with the nerves . Otherwise I am excited for the outcome of my meetings/interviews today and to be done with my doctors appointments .",2024-11-13 12:02:17,7,False,-2.0,2.0,True,True,-0.7919309735298157,0.7767860889434814
99,1392,I am calm because I ate and am sitting by the fire relaxing . I am thinking about my appointment tomorrow which makes me slightly anxious . I am feeling excited because I got another job interview for one that I am excited about .,2024-11-13 22:02:32,7,False,0.0,1.0,True,True,0.867893397808075,0.572670578956604
99,1393,I am feeling tired because I had to get up for the doctors again but am happy because my treatment is almost done . I am grateful for the breakfast that I just had and because my mentor agreed to write me a letter of rec . this makes me a little nervous because it means I need to get started on PhD apps !,2024-11-14 12:01:01,7,False,0.0,0.0,True,True,0.2711273431777954,0.29644331336021423
99,1394,I am feeling chill because I’m home by the fire and got responses to important emails . I am still waiting to hear about my medical stuff so I am a little nervous about that . I had a stressful afternoon so I am decompressing .,2024-11-14 22:17:51,7,False,0.0,0.0,True,True,0.7570003867149353,0.5228246450424194
99,1395,"Chill , Tired , Anxious , Full , Unmotivated",2024-11-15 12:32:34,7,True,-2.0,0.0,True,True,0.37368327379226685,0.8107325434684753
99,1396,"I’m very hungry right now and stressed because I have to give myself a shot at 2 in the morning to prep for a surgery so I am already getting anxious for that . Otherwise I am trying to relax , I had a productive day .",2024-11-15 22:01:23,7,False,-2.0,0.0,True,True,-0.46689867973327637,1.4135006666183472
99,1397,I am very tired because I had to stay up to administer my shots at 2 am and then couldn’t sleep . I am feeling nervous for my procedure tomorrow but excited to be done with the process . I am more relaxed because it’s the weekend .,2024-11-16 12:01:08,7,False,-2.0,0.0,True,True,-0.602556049823761,0.4472249150276184
99,1398,Still feeling very tired and unmotivated which is frustrating because I have a lot to get done ! I am drained and just want to stay in bed but I am trying to convince myself to go on a walk . I just feel lazy and uncomfortable .,2024-11-16 17:02:17,7,False,-2.0,0.0,True,True,-0.8747346997261047,0.022812463343143463
99,1399,I am nervous and anxious because I have surgery today . I am glad to almost be done with it but I have never had surgery before so I’m a little scared . I am hopeful that everything will go well . I am feeling supported by family .,2024-11-17 12:01:13,7,False,-2.0,2.0,True,True,-0.7254143357276917,1.664354920387268
99,1400,"Tired , Unmotivated , Uncomfortable , Sluggish , Quiet",2024-11-18 12:50:49,7,True,-1.0,0.0,True,True,-0.763368546962738,0.41863763332366943
99,1401,I am feeling pretty productive today but quite stressed by all I have to do . I am still feeling a little inactive because of my procedure and want to be more active . I am also getting a little anxious about the holidays because I just made some plans .,2024-11-19 17:21:11,7,False,0.0,2.0,True,True,0.5073790550231934,1.0579017400741577
99,1402,"Calm , Chill , Sluggish , Frustrated , Bored",2024-11-19 22:05:24,7,True,2.0,0.0,True,True,-0.0850357636809349,-0.009897366166114807
99,1403,"Bored , Chill , Thoughtful , Tired , Relaxed",2024-11-20 17:43:12,7,True,0.0,1.0,True,True,0.6675323247909546,0.8246177434921265
105,1796,"Tired , Anxious , Grateful , Neutral , Content",2024-11-20 12:00:52,7,True,-2.0,0.0,True,True,0.26307421922683716,0.9673673510551453
105,1798,Not the best right now . Financial issues becoming stress in the family living off a 1 person income . Also tired since only slept for about 2 hours so hopefully my next nap is soon . I am thankful for my kids they are my true motivation .,2024-11-20 17:00:52,7,False,-2.0,2.0,True,True,-0.30245649814605713,0.4518813490867615
105,1799,"Sluggish , Pain , Tired , Overwhelmed , Content",2024-11-20 22:56:11,7,True,-2.0,0.0,True,True,-1.4340651035308838,0.20656517148017883
105,1800,Today I am not feeling the most comfortable and confident about the future . Hardships in my personal life are starting to make me more nervous today and hoping that will pass . I am tired because of my night shift but hard time falling asleep at the moment . Soon I will be more comfortable but I know hard times pass .,2024-11-21 12:00:52,7,False,-2.0,0.0,True,True,-0.5874239802360535,0.9639968872070312
105,1801,Could be better . I feel well rested but still stressing . Hoping that this feeling will go away but will take it one day at a time . I am hungry since I just woke up and need to eat . Also looking forward to something with my family that’s coming soon so can’t wait for that .,2024-11-21 17:05:28,7,False,-2.0,0.0,True,True,0.7498214840888977,0.6707804203033447
105,1802,I am tired and have a headache . I am getting hungry because I didn’t have breakfast but not sure what to eat . I am sluggish from the lack of sleep but will be taking a nap soon . I am hopeful for the future because if I don’t then negativity drown my thought .,2024-11-22 17:00:48,7,False,-1.0,1.0,True,True,-1.112716794013977,-0.21952468156814575
105,1803,Tired and sluggish since I just woke up but lazy as well . Not in the mood to get up to cook but need to start making dinner . Not really excited about work tonight but at least I have my days off ahead to look forward to . Those are my relaxing nights since I can sleep in my own bed . Happy to be spending time with family soon .,2024-11-22 22:01:05,7,False,-1.0,0.0,True,True,-1.4478784799575806,-0.19674836099147797
105,1815,"Tired , Uncertain , Neutral , Unsure , Confused",2024-11-23 12:07:57,7,True,-2.0,0.0,True,True,-0.34524762630462646,0.6348788738250732
105,1816,I am currently starving since I haven’t eaten and been up for a while . Got no sleep this morning since my daughter got up to early so running on a hour of sleep . Hopefully I’ll be able to rest fine when I can sleep but will be doing that soon . I am ok because of exhaustion so can’t tell you how my emotions are because of tiredness .,2024-11-23 17:12:44,7,False,-1.0,2.0,True,True,-0.6291994452476501,0.5634627938270569
105,1817,Jittery this morning since I did not get a good nights sleep . Happy to see my family today for my brothers birthday so we will be having fun together . Nervous to pay a bill to lose my WiFi but will be able to still enjoy my time . Also happy to know my family will be together to celebrate thanksgiving .,2024-11-24 12:06:04,7,False,-1.0,2.0,True,True,0.4515531063079834,1.4747980833053589
105,1818,"Neutral , Uncomfortable , Uncertain , Sluggish , Pain",2024-11-25 12:10:39,7,True,0.0,1.0,True,True,-0.19557730853557587,0.7685323357582092
105,1820,"Tired , Unmotivated , Neutral , Content , Lazy",2024-11-25 22:34:54,7,True,-2.0,0.0,True,True,-0.8626144528388977,0.3233228325843811
105,1821,"Thirsty , Tired , Hungry , Annoyed , Pain",2024-11-26 17:20:42,7,True,0.0,1.0,True,True,-0.6512563824653625,0.7555326819419861
106,1832,"Upset , Resentful , Emotional , Unhappy , Frustrated",2024-10-20 12:40:12,7,True,-2.0,1.0,True,True,0.1691647171974182,1.4731603860855103
106,1833,"I feel very overwhelmed from the last couple of days . I’m more calmed down now , but not completely relaxed . I feel a bit hopeless about the problems I’m facing but am trying to distract myself by doing things I enjoy .",2024-10-21 12:00:40,7,False,0.0,1.0,True,True,-1.0210309028625488,0.9502280354499817
106,1834,"Annoyed , Irritated , Angry , Frustrated , Confused",2024-10-21 22:27:11,7,True,-1.0,2.0,True,True,-0.3894084095954895,1.5349265336990356
106,1835,"Mild , Congested , Ambivalent , Tired , Sleepy",2024-10-22 12:32:44,7,True,1.0,0.0,True,True,0.19157642126083374,0.48824748396873474
106,1836,"I’m feeling less sick and more energetic . I’m still stressed and uneasy , but less so than I have been recently . I’ve been distracting myself by doing things I enjoy and that’s helped me feel better . I’m hopeful that my mood will improve .",2024-10-22 22:04:59,7,False,0.0,1.0,True,True,0.20438483357429504,0.8871942162513733
106,1837,"I’m in a better mood than I have been lately . I feel energetic and positive . While I am still stressed and uneasy , I have found comfort in spending time with others . I feel more motivated to do things I enjoy and leave my house besides going to work .",2024-10-23 12:11:48,7,False,1.0,0.0,True,True,0.8131484389305115,0.784853994846344
106,1838,"I’m still sick . My symptoms feel like they’re improving , but earlier I had a coughing fit that was irritating and painful . I’m going to go to sleep soon so I’m looking forward to that . I feel lonely and tired . I miss a lot of people who used to be in my life that are hard to keep in touch with .",2024-10-23 22:07:23,7,False,0.0,1.0,True,True,-1.250914216041565,0.6134515404701233
106,1839,I’m looking forward to the weekend . I have fun plans and that’s helping improve my mood . I’m still sick and I’m really tired but I don’t feel bothered by anything . I think today will be a good day and that has put me in a good mood .,2024-10-24 12:31:06,7,False,1.0,0.0,True,True,0.7499982118606567,0.9197977185249329
107,1859,I had a lot of trouble falling asleep last night . I tried everything I could think of to help me fall asleep but none of it worked . So now I am very tired and my heart is beating very fast (possibly due to anxiety) .,2024-08-11 12:00:46,7,False,-2.0,0.0,True,True,-1.5295600891113281,0.6493223905563354
107,1860,"I went out to get some coffee and food with a friend . We had a good chat . But for reasons unknown even to me , I started to feel really down after we parted ways . Now I am sitting in my room and crying . I hate my life and I hate myself .",2024-08-11 17:00:34,7,False,-2.0,1.0,True,True,-1.240673542022705,0.8570258617401123
107,1861,"I was feeling intense emotions earlier , so I journaled about all those complicated feelings . I am feeling calmer now . I understand that I am going through a very difficult time , and I need to be extra kind and patient with myself . I have survived worse in the past , and I will get through this too .",2024-08-11 22:07:02,7,False,-1.0,1.0,True,True,-0.38020896911621094,1.1939564943313599
107,1863,"Tired , Lethargic , Mellow , Chill , Easygoing",2024-08-12 12:00:35,7,True,0.0,0.0,True,True,-0.6413118243217468,0.24981056153774261
107,1864,"I am feeling kind of stuck . On one hand , I am too tired to do the things I want to do , so I feel stressed out about it which causes me to not sleep well at night , which in turn results in me feeling tired during the day and it has become this vicious cycle . I understand that I need to be gentle with myself but I also do not want to use that as an excuse to forgo my responsibilities .",2024-08-12 17:05:54,7,False,-1.0,0.0,True,True,-1.4369083642959595,0.5093573927879333
107,1865,"After taking a two-hour nap , I finally felt more energetic . I accomplished a lot of chores and some tasks related to work . Although my sadness did not go away , I did not let it stop me from doing things and taking care of myself .",2024-08-12 22:11:59,7,False,0.0,1.0,True,True,0.5786740183830261,0.646985650062561
107,1866,"I had a lot of trouble falling asleep last night . I think it was because I had too much tea and took a nap in the afternoon . So I am feeling very tired this morning . Also , I have 3 interviews tomorrow which I am very nervous about .",2024-08-13 12:13:28,7,False,-1.0,0.0,True,True,-1.3661754131317139,0.5856009125709534
107,1867,"Tired , Drained , Numb , Lost , Sad",2024-08-13 17:07:37,7,True,-2.0,0.0,True,True,-1.8440057039260864,0.01001720130443573
107,1868,"Sad , Down , Numb , Tired , Lonely",2024-08-13 22:00:39,7,True,-1.0,1.0,True,True,-1.238756537437439,0.5865301489830017
107,1869,"Content , Motivated , Ok , Productive , Supported",2024-08-14 17:44:17,7,True,1.0,0.0,True,True,1.0749082565307617,1.3908063173294067
107,1870,"After a long day , I am hanging out with some friends . It is nice to be in the company of people who have a good sense of humor and support me . I feel better now even though it was a rough day for me otherwise . So that was good .",2024-08-14 22:03:29,7,False,0.0,1.0,True,True,0.7989699840545654,1.1432623863220215
107,1871,I am feeling extremely exhausted . I just took a two-hour nap and am still feeling tired . I tried to push myself to get up and do something but I just feel like I am going to fall asleep at any given moment .,2024-08-15 17:05:44,7,False,-2.0,0.0,True,True,-1.148222804069519,-0.007552787661552429
107,1872,"Tired , Motivated , Content , Cozy , Connected",2024-08-16 12:01:59,7,True,0.0,0.0,True,True,-0.2570496201515198,0.8085174560546875
107,1874,I am feeling a mix of emotions right now : a little bit overwhelmed by all the things that I have to do ; sad about my current life situation ; and stressed out about my job search and starting my own business .,2024-08-16 17:09:43,7,False,-1.0,1.0,True,True,-1.018776297569275,1.0499976873397827
107,1875,"Sluggish , Drained , Numb , Pessimistic , Lonely",2024-08-16 22:01:36,7,True,-2.0,0.0,True,True,-1.7761439085006714,0.061832062900066376
107,1876,"Active , Motivated , Productive , Tired , Sleepy",2024-08-17 12:01:29,7,True,0.0,2.0,True,True,0.5690760016441345,1.462894082069397
107,1877,"Sad , Down , Tired , Lethargic , Lonely",2024-08-17 22:21:37,7,True,-1.0,1.0,True,True,-1.2078675031661987,0.6893698573112488
119,2478,"Happy , Thirsty , Content , Lazy , Glad",2024-10-20 22:01:51,7,True,2.0,2.0,True,True,1.2838903665542603,0.7614303231239319
119,2479,"Okay , Chill , Happy , Comfortable , Nice",2024-10-21 22:01:00,7,True,0.0,1.0,True,True,1.4032081365585327,0.5748741626739502
119,2480,"Nervous , Hungry , Tired , Excited , Calm",2024-10-24 17:26:33,7,True,-1.0,2.0,True,True,0.2503416836261749,1.1862891912460327
119,2481,"I feel like crying a bit , and maybe alot . My ear is hurting and i’ve been more sensitive with the wind as it hits my ear . It doesn’t help when there’s an instrument by in my ear constantly for marching band .",2024-10-25 17:13:50,7,False,-1.0,1.0,True,True,-1.2540112733840942,0.9069892764091492
119,2483,"Quiet , Hungry , Longing , Tired , Cold",2024-10-28 22:00:44,7,True,0.0,0.0,True,True,-0.014043577015399933,0.43336763978004456
120,2510,"I am content and calm after having a great day . I am ready to relax and wind down for the night . I am excited for tomorrow to come and am anticipating a very light , easy day at work + plans with friends .",2024-11-07 22:48:34,7,False,2.0,0.0,True,True,1.219914436340332,0.3433004319667816
120,2511,"sluggish , tired , excited , content , thoughtful",2024-11-08 12:46:36,7,True,-2.0,0.0,True,True,0.048884809017181396,0.21151293814182281
120,2513,"content , calm , reflective , grateful , cheerful",2024-11-08 22:38:18,7,True,2.0,0.0,True,True,1.6232351064682007,0.6741514205932617
120,2514,"quiet , exhausted , drained , sleepy , satisfied",2024-11-09 22:54:45,7,True,0.0,0.0,True,True,0.09325158596038818,0.05089914798736572
120,2515,"sluggish , tired , annoyed , dissatisfied , questioning",2024-11-10 12:26:28,7,True,-1.0,0.0,True,True,-1.1595683097839355,0.2605525255203247
120,2516,I am happy because I found out today is a national holiday and therefore I don ' t have to work since it ' s a company holiday too . I am excited because I now have time to complete errands and enjoy the downtime with my family . I am pondering what I can do today for fun .,2024-11-11 12:53:21,7,False,1.0,1.0,True,True,1.1869155168533325,1.1760114431381226
120,2517,"quiet , satiated , content , tired , sleepy",2024-11-11 22:02:09,7,True,0.0,0.0,True,True,0.40136492252349854,0.09798610210418701
120,2518,"sluggish , tired , drained , sleepy , concerned",2024-11-12 22:02:01,7,True,-2.0,0.0,True,True,-1.0008500814437866,0.21563024818897247
120,2519,"jittery , nervous , on edge , stressed , annoyed",2024-11-13 12:44:14,7,True,-2.0,2.0,True,True,-0.717607319355011,1.7017489671707153
120,2520,"confused , sluggish , tired , annoyed , irritated",2024-11-13 17:23:11,7,True,-1.0,0.0,True,True,-1.20674467086792,0.5500580072402954
120,2521,"neutral , calm , collected , content , relaxed",2024-11-13 22:02:01,7,True,0.0,1.0,True,True,1.1447674036026,0.28895774483680725
120,2522,I am feeling content having finished up a tough work week . I am feeling happy having met up with friends .   I am feeling quiet as I decompress through meditation and relaxing yoga . I am feeling tired as I go through my nightly routine,2024-11-15 22:07:03,7,False,2.0,0.0,True,True,1.2741369009017944,0.1870868057012558
122,2601,"Calm , Neutral , Fine , Bored , Tire",2024-09-05 12:06:15,7,True,0.0,1.0,True,True,0.8335304260253906,0.7272084355354309
122,2602,"I am currently feeling okay right now . It is getting late in the afternoon for this workday , and I feel like the day is going by quite slowly . I am a bit tired , maybe a little bored , and am looking forward to attending a local baseball game tonight . It should be a fun time .",2024-09-05 17:06:05,7,False,1.0,1.0,True,True,0.10430154204368591,0.6271841526031494
122,2603,"Content , Calm , Relaxed , Happy , Joyful",2024-09-05 22:55:03,7,True,2.0,0.0,True,True,1.8302820920944214,0.1156449168920517
122,2604,"Okay , Fine , Neutral , Unemotional , Blank",2024-09-06 17:15:22,7,True,0.0,1.0,True,True,0.44787758588790894,0.770762026309967
122,2605,"Calm , Okay , Content , Fine , Happy",2024-09-07 17:09:15,7,True,0.0,1.0,True,True,1.903311848640442,0.3700253665447235
122,2606,"I am feeling fairly good right now because it is Saturday night and I am home and just relaxing . We had some family visiting our home earlier today , which was an enjoyable experience . I am very excited for the upcoming start of the ORG football season , which begins tomorrow at 10AM",2024-09-07 22:05:13,7,False,1.0,1.0,True,True,0.9214370846748352,0.6197490096092224
122,2607,"Happy , Joyful , Great , Good , Content",2024-09-08 17:01:17,7,True,1.0,1.0,True,True,2.076775550842285,1.0497806072235107
122,2608,"Okay , Fine , Neutral , Blank , Meh",2024-09-08 22:27:30,7,True,0.0,1.0,True,True,0.40787774324417114,0.6620041131973267
122,2609,"Active , Alert , Productive , Caffeinated , Good",2024-09-09 12:06:58,7,True,0.0,2.0,True,True,0.8107351064682007,1.6287745237350464
122,2611,"I am currently feeling okay at the moment . I am almost done with today ' s workday (on Tuesday September 10th) and I am pretty glad that this day is nearly over . I am feeling just a little bit stressed , but more so tired",2024-09-10 17:10:58,7,False,0.0,1.0,True,True,0.8451026678085327,0.42373305559158325
122,2612,"I am feeling okay right now . It is almost the end of today ' s workday , and I had a few stressful moments earlier today in which my manager learned of some mistakes I had made on one of my analyses . I do not think it is going to turn into a big deal in the future , but it did make me a bit upset in the moment .",2024-09-11 17:10:09,7,False,0.0,1.0,True,True,-0.04507865011692047,0.8931092619895935
122,2613,"It is currently Wednesday evening at 8 : 17PM , and I am feeling fairly happy right now . My wife and I finished dinner and are next going to look for something entertaining to watch on ORG or ORG . I am also glad that the hot weather is over and we are back to normal GPE  weather .",2024-09-11 22:17:13,7,False,1.0,1.0,True,True,1.6315616369247437,0.7497394680976868
127,2926,"Today , I feel neutral . It’s like I’m just hanging out in this middle zone where nothing’s super exciting , but nothing’s really bothering me either . I’m not overly happy or sad , just kind of ... there . It’s like when you’re listening to a song that’s just okay ; you’re not skipping it , but you’re not jamming out to it either . \nI’m just going through the day without any big highs or lows . I’m not super pumped to do anything , but I’m not dreading anything either . It’s almost like I’m just on autopilot , letting things happen without getting too wrapped up in them . It feels kind of chill , like a break from all the usual ups and downs .",2024-09-24 12:26:12,7,False,0.0,1.0,True,True,-0.09816975891590118,0.5230614542961121
127,2927,"I ' m really happy right now because everything in my life feels like it’s going in the right direction . I’m surrounded by people who make me smile and support me , and that makes a huge difference . It’s like every day brings something good , even if it’s just enjoying a nice walk or hanging out with friends . \nI’ve had some tough times , but those moments make me appreciate this happiness even more . Now , I feel more confident , and I’m learning to just go with the flow . I’ve realized that even the small things , like listening to my favorite music or having a good meal , can bring a lot of joy . This happiness makes me feel lighter , more positive , and excited for what’s next .",2024-09-24 17:00:41,7,False,1.0,2.0,True,True,1.9519599676132202,1.462591290473938
127,2928,"Today , I feel really sad . Everything just feels heavier than usual , and it’s like nothing makes sense . I woke up hoping it would be a good day , but it’s just hard to shake off this feeling . The things that used to make me smile don’t feel the same , and it’s tough to find any motivation .\ n \ nI’m trying to stay positive , but it’s like my mind is stuck on everything that’s wrong . I know I’m not the only one who feels this way , but it still feels lonely . I wish I could snap out of it and feel better , but today , it’s just not that easy . For now , I’m just letting myself feel what I feel , hoping tomorrow will be different .",2024-09-25 12:02:56,7,False,-2.0,1.0,True,True,-1.4480706453323364,0.7266904711723328
127,2929,"Today , I feel pretty neutral . It’s like I’m just going through the day without feeling super happy or really sad . I’m not excited about anything , but I’m not upset either . It’s just one of those days where everything feels kind of average , like I’m just here and things are happening around me . Nothing is really bothering me , but nothing is making me feel great either . It’s a bit like coasting , where I’m just moving along with whatever’s happening without getting too caught up in it . It’s not a bad feeling , just kind of calm and chill , like I’m in the middle , not leaning one way or the other .",2024-09-25 17:01:48,7,False,0.0,1.0,True,True,0.37395864725112915,0.3039034605026245
127,2930,"Happy , Sad , Mad , Content , Glad",2024-09-25 22:04:50,7,True,-1.0,2.0,True,True,1.1677422523498535,0.9871602058410645
127,2931,"Right now , I ' m feeling really jittery , like I’ve had way too much caffeine . My hands are kind of shaky , and I feel restless , like I just can’t sit still . It’s like my mind is racing with a bunch of thoughts all at once , and it’s making it hard to concentrate . My heart feels like it’s beating a bit faster , and it’s giving me this nervous , uneasy feeling . It’s almost like I’m excited or anxious , but I’m not really sure why . I just feel all this energy inside me , and it’s hard to calm down . This jittery feeling makes me want to move around , but at the same time , it’s kind of frustrating because I just want to feel normal and relaxed again . It’s like I need to take a deep breath and chill , but my body and mind just won’t let me right now .",2024-09-26 12:21:35,7,False,-1.0,1.0,True,True,-0.5512146353721619,1.8987292051315308
127,2932,"Today , I’m feeling pretty neutral . It’s one of those days where nothing seems to be too exciting or too upsetting . I’m just kind of going through the motions , getting things done as usual . There’s no real sense of happiness or sadness ; everything just feels like it ' s on a flat line . It’s not like I’m having a bad day or anything , but I wouldn’t say it’s a great day either . It’s just… a day . Sometimes , it feels like life is on autopilot , and today’s definitely one of those times . I’m not really focused on anything special , and nothing around me is really catching my attention . It’s like I’m stuck in the middle , just coasting along without any big highs or lows . Maybe tomorrow will bring something different , but for now , I’m just okay with things being this way . It’s actually kind of nice not to have any extreme emotions taking over . Sometimes , being neutral is just the break you need before things pick up again . So , I’ll just keep going , taking things one step at a time , and see where this day takes me .",2024-09-26 17:31:47,7,False,0.0,1.0,True,True,-0.15216252207756042,0.3822748064994812
127,2934,"happy , estatic , relaxed , content , blessed",2024-09-27 12:05:55,7,True,2.0,1.0,True,True,2.3448495864868164,0.3059315085411072
127,2935,"glad , mad , sad , happy , tired",2024-09-27 17:25:24,7,True,2.0,1.0,True,True,0.7472801804542542,1.1949536800384521
127,2936,"Right now , I ' m feeling really jittery , like I’ve had way too much caffeine . My hands are kind of shaky , and I feel restless , like I just can’t sit still . It’s like my mind is racing with a bunch of thoughts all at once , and it’s making it hard to concentrate . My heart feels like it’s beating a bit faster , and it’s giving me this nervous , uneasy feeling . It’s almost like I’m excited or anxious , but I’m not really sure why . I just feel all this energy inside me , and it’s hard to calm down . This jittery feeling makes me want to move around , but at the same time , it’s kind of frustrating because I just want to feel normal and relaxed again . It’s like I need to take a deep breath and chill , but my body and mind just won’t let me right now .",2024-09-27 22:31:42,7,False,-1.0,0.0,True,True,-0.6489959359169006,1.8543535470962524
127,2937,"Live , Happy , Blessed , Content , Estatic",2024-09-28 12:50:41,7,True,2.0,2.0,True,True,1.7265751361846924,0.48999708890914917
127,2938,"Sad , Mad , Glad , Content , Upset",2024-09-28 17:01:10,7,True,0.0,1.0,True,True,0.13464298844337463,1.1208504438400269
127,2939,"Today , I feel full of energy and excitement . I woke up refreshed , and everything seems brighter . I’m moving with a bounce in my step , and even simple things are making me smile . It’s a day where I feel ready to take on anything , enjoying every moment with enthusiasm .",2024-09-28 22:47:35,7,False,2.0,2.0,True,True,1.5381319522857666,1.135535478591919
133,3110,"Happy , Existed , Delightful , Comfortable , Loved",2024-09-18 17:13:59,7,True,0.0,2.0,True,True,1.6179877519607544,0.9852887988090515
133,3111,"Right now , I’m feeling a deep sense of happiness that seems to permeate every part of my day . It’s that kind of joy where everything feels a little brighter , and even the smallest moments bring a smile to my face . Whether it’s a chat with a friend , a quiet moment with a book , or just the pleasure of a sunny day , I’m savoring it all .",2024-09-18 22:06:35,7,False,1.0,1.0,True,True,1.8494592905044556,1.2432329654693604
133,3112,"Happy , Delightful , Loved , Wonderful , Great",2024-09-19 12:01:27,7,True,1.0,1.0,True,True,1.6634037494659424,1.105049967765808
133,3114,"Right now , I ' m feeling pretty hopeful and motivated , to be honest . I reached out for help with singing , which is something I ' m really passionate about , and I ' m excited to see some improvement . There ' s this sense of anticipation building up inside me , like I ' m on the verge of unlocking a new level of self-expression . My mind is buzzing with the possibilities - imagining myself belting out my favorite tunes with confidence , connecting with others through music , and maybe even discovering a newfound talent . It ' s like a spark has been lit , and I ' m eager to fan the flames . I ' m also feeling a tad nervous , wondering if I ' ll be able to overcome my vocal limitations , but mostly I ' m just ready to dive in , learn , and have fun with the process .\ n",2024-09-19 17:00:43,7,False,1.0,1.0,True,True,1.2079557180404663,1.5958361625671387
133,3115,"Happy , Delightful , Grateful , Loved , Graceful",2024-09-20 12:01:35,7,True,2.0,1.0,True,True,2.0688862800598145,0.7080072164535522
133,3116,"Happy , Grateful , Delightful , Hopefull , Loved",2024-09-20 17:15:06,7,True,1.0,1.0,True,True,1.7057700157165527,0.7502390146255493
133,3117,"Delightful , Grateful , Happy , Loved , Excited",2024-09-22 22:00:44,7,True,0.0,1.0,True,True,2.397786855697632,0.6827351450920105
133,3118,"Happy , Delightful , Excited , Loved , Grateful",2024-09-23 12:03:23,7,True,0.0,1.0,True,True,1.78960382938385,1.0083551406860352
133,3119,"I feel like I’m juggling a million thoughts at once , and it ' s exhausting . Some days , it’s hard to find my focus , and everything just seems to blur together . I really need a moment to pause and regroup , you know . But I feels better",2024-09-23 17:40:12,7,False,-1.0,1.0,True,True,-1.872939944267273,0.9367861747741699
133,3120,"Excited , Happy , Delightful , Grateful , Loved",2024-09-24 22:59:31,7,True,0.0,1.0,True,True,1.8624416589736938,1.1821383237838745
133,3121,"Moody , Delightful , Grateful , Okay , Loved",2024-09-25 12:03:05,7,True,0.0,1.0,True,True,0.5420283675193787,0.8035901188850403
134,3139,"Excited , Nervous , Anxious , Happy , Active",2024-10-23 17:03:57,7,True,1.0,2.0,True,True,0.9728144407272339,1.7365320920944214
134,3140,"Happy , Rested , Excited , Enthuiastic , Lively",2024-10-24 12:01:06,7,True,1.0,2.0,True,True,1.4419342279434204,1.5746368169784546
134,3141,I am feeling frustrated because I had to go to the doctor for a checkup today when I didn ' t want to . I made a weird comment that made me feel ashamed . I felt weird and strange today . And I have homework due soon .,2024-10-24 22:11:34,7,False,0.0,1.0,True,True,-0.7403967976570129,0.9066645503044128
134,3142,"Anxious , Fearful , Awful , Sad , Nervous",2024-10-25 12:01:09,7,True,-2.0,2.0,True,True,-0.9477382302284241,1.5958348512649536
134,3143,"Groggy , Anxious , Nervous , Sad , Weird",2024-10-26 17:00:52,7,True,-1.0,0.0,True,True,-0.18056629598140717,1.2309240102767944
134,3144,I am feeling horrible because I laid in bed all day . I really need to do my math homework but I haven ' t which makes me feel useless . I want to go to sleep but never wake up again . I am a failure . I hate being a failure .,2024-10-27 17:50:24,7,False,-2.0,0.0,True,True,-1.0271469354629517,0.22239308059215546
134,3145,I did not get out of bed until 6 P . M . today which made me feel useless . My friend could have helped me with my math homework but instead I wanted to be a piece of shit and now I ' m forced to do it alone by myself . I wish I wasn ' t a lethargic idiot all the time .,2024-10-27 22:05:03,7,False,-2.0,0.0,True,True,-0.7454922199249268,0.5680570602416992
134,3147,"Forgetful , Anxious , Needy , Weary , Stupid",2024-10-28 12:39:01,7,True,-2.0,0.0,True,True,-0.20408207178115845,1.1813536882400513
134,3148,"I feel awkward and stupid because I accidentally bumped into someone ' s rear mirror and they said ""What The Fuck "" to me . I didn ' t mean to . It made me feel like shit . I feel terrible and useless . I also was late to math class today .",2024-10-28 17:02:18,7,False,0.0,0.0,True,True,-0.8990232348442078,0.48318344354629517
134,3149,"I am okay . I have to do a JavaScript assignment which I ' m dreading because I really don ' t want to do any work right now . I feel really useless because I did not go to math class today which makes me feel awful . I did get checkers though , however I overate , which made me feel awful .",2024-10-28 22:02:43,7,False,-2.0,0.0,True,True,0.5057129859924316,0.7008237242698669
134,3150,I slept through both of my alarms which made me feel awful about myself . I ended up getting a school late now I ' m sitting in the parking lot and I feel like a failure . I went to bed early and this still happened . I feel bad .,2024-10-29 12:26:17,7,False,-2.0,0.0,True,True,-0.984714686870575,0.1967424750328064
134,3151,"I am very loopy today . Also , I missed math class today . Not all of it though , better than nothing ! I felt very anxious today , like I was going to die . But it went away ! I hope things get better . I ' m looking forward to going home .",2024-10-29 17:02:47,7,False,1.0,1.0,True,True,-0.4504222273826599,1.3221627473831177
134,3152,I am feeling useless because I was late to Math Class today . I did not feel good today . I was anxious today because I took an edible and it kicked in 2 hours later as a full blown panic attack . I also binge ate .,2024-10-29 22:00:48,7,False,-2.0,0.0,True,True,-1.5206588506698608,0.20268012583255768
139,3509,"I ' m more confident , outgoing and willing to engage . Mood swings might lurk , but overall , I ' m feeling uplifted . My thoughts flow freely , though clarity takes a hit , I ' m feeling somewhat relaxed and calm , with a gentle sense of euphoria washing over me . My worries seem to fade away , replaced by a carefree attitude and increased sociability .",2024-11-19 17:38:25,7,False,1.0,0.0,True,True,1.3420554399490356,1.1215771436691284
139,3510,"Happy , Active , Lively , Cool , Calm",2024-11-19 22:03:53,7,True,1.0,1.0,True,True,1.6637284755706787,1.4810686111450195
139,3511,"I currently feel enveloped in relaxation , with a soothing calmness spreading throughout my body . My mind unwinds , shedding worries and inhibitions , as a warm sense of euphoria takes hold . my worries seems fade away , replaced by I don’t care attitude",2024-11-20 12:10:43,7,False,1.0,0.0,True,True,1.3204351663589478,0.632107138633728
139,3512,"Happy , Lively , Excited , Cool , Calm",2024-11-20 17:02:36,7,True,2.0,1.0,True,True,1.361067295074463,1.3979079723358154
139,3513,"My senses are slightly dulled , coordination requires focus , and reactions slow . Mild dizziness and numbness creep in .\ nEmotions swing toward increased confidence , sociability and joy . Mood swings are possible .\ nThought clarity decreases , focus blurs and judgment becomes slightly impaired .\ n",2024-11-20 22:02:27,7,False,1.0,1.0,True,True,-0.8153236508369446,1.0957635641098022
139,3515,"Reserved , Serene , Anxious , Calm , Happy",2024-11-21 12:01:58,7,True,0.0,1.0,True,True,0.7586591243743896,1.1267449855804443
139,3516,"Relaxed , Calm , Cool , Neutral , Serene",2024-11-21 17:03:48,7,True,0.0,1.0,True,True,0.8595076203346252,0.32019680738449097
139,3517,"I ' m feeling delightfully buzzed , with a pleasant haze enveloping my thoughts and a warm , tingling sensation coursing through my body . My worries have melted away , replaced by a carefree euphoria that ' s making me giggle more easily and connect with those around me on a deeper level .\ n",2024-11-21 22:02:22,7,False,0.0,2.0,True,True,1.8525334596633911,0.8160032629966736
139,3518,"Calm , Relaxed , Delightful , Chilled , Gentle",2024-11-22 12:03:30,7,True,2.0,0.0,True,True,1.7354785203933716,0.4541034400463104
139,3519,"Calm , Relief , Content , Cool , Happy",2024-11-22 17:28:18,7,True,1.0,0.0,True,True,1.8293737173080444,0.42018386721611023
139,3520,"Vibrant , Warm , Carefree , Cool , Quiet",2024-11-22 22:04:19,7,True,0.0,1.0,True,True,1.6942857503890991,0.7796379923820496
139,3521,"\nI ' m feeling utterly intoxicated , with a swirling vortex of thoughts and sensations that ' s making it challenging to focus or think clearly . My body feels heavy and uncoordinated , as if my limbs are disconnected from my brain . The room around me is spinning , and I ' m struggling to maintain my balance .\ n",2024-11-23 12:39:44,7,False,-1.0,1.0,True,True,-0.9142563939094543,0.9232580065727234
139,3522,"I feel my cognitive faculties rapidly deteriorating , like a ship losing anchor in a stormy sea . My thoughts are disjointed and fragmented , making it difficult to articulate coherent sentences or follow conversations . The world around me has become distorted , with colors blurring together and sounds becoming muffled .\ n",2024-11-23 17:04:54,7,False,-1.0,1.0,True,True,-1.423978328704834,0.726833701133728
139,3523,"Anxious , Stressed , Tired , Hopeless , Calm",2024-11-23 22:03:11,7,True,0.0,1.0,True,True,-0.4634133577346802,1.2244384288787842
139,3524,"I ' m experiencing a loss of motor control , with my limbs feeling like lead weights that refuse to obey my brain ' s commands . My vision is blurry , and my sense of balance is severely impaired , making every step a precarious adventure . The room ' s spinning , and I ' m clinging to whatever solid object I can find to prevent myself from toppling over .\ n",2024-11-24 12:16:26,7,False,0.0,1.0,True,True,-1.510180115699768,1.071948528289795
139,3526,"Calm , Observant , Quiet , Dull , Reserved",2024-11-24 17:02:42,7,True,0.0,1.0,True,True,0.6563389897346497,0.31048843264579773
139,3527,"Calm , Content , Quiet , Reserved , Cool",2024-11-25 12:23:11,7,True,2.0,0.0,True,True,1.0676931142807007,0.39773544669151306
139,3528,"I ' m feeling rather chill and relaxed , like the tension in my body has dissipated , leaving me with a warm , fuzzy sensation . My thoughts are still clear , but my mind has shifted gears , and I ' m now cruising at a leisurely pace , enjoying the gentle buzz . The gentle warmth spreading through my veins is soothing , calming my nervous system and quieting my racing thoughts .\ n",2024-11-25 17:34:10,7,False,1.0,1.0,True,True,1.3453234434127808,0.5034894347190857
139,3529,"I notice my muscles unwinding , releasing the pent-up stress and anxiety of the day . The gentle warmth spreading through my veins is soothing , calming my nervous system and quieting my racing thoughts . My senses remain sharp , but my perception has softened , allowing me to view the world with a more relaxed , laid-back attitude .\ n",2024-11-25 22:02:50,7,False,2.0,0.0,True,True,-0.0027061551809310913,1.047054648399353
140,3554,The reason that I feel the way that I do is because I have had an long and tiring day so far but even though I was able to do that that I was able to take an moment to myself and I was able to be thankful for what I do have .,2024-08-15 17:13:41,7,False,0.0,1.0,True,True,0.31466251611709595,0.4762338101863861
140,3555,The way that I am feeling right now would be tired . The reason that I would say this is because for me it has been an long day for me and I also have been sore but overall i would say that it still has been an good day .   Also I enjoy that I have been able to spend time with family today,2024-08-15 22:21:52,7,False,-2.0,0.0,True,True,0.03610009700059891,0.28907737135887146
140,3556,"Peace , Good , Fine , Decent , Happy",2024-08-16 12:07:51,7,True,2.0,0.0,True,True,1.626359462738037,0.11930464208126068
140,3557,I would say the way that I am feeling right now is because I am tired . The reason that I say I am tired is because it had been an day when I had long days so that was something that had made me tire .,2024-08-16 17:00:57,7,False,0.0,1.0,True,True,-1.3790384531021118,-0.05904321372509003
140,3558,The reason that I feel calm is because I got to the end of my day where I am able to relax more now and also probley be able to watch an movie . Also another reason that I feel this way is because I had an pretty good day today .,2024-08-16 22:03:57,7,False,2.0,0.0,True,True,1.3242648839950562,0.19407053291797638
140,3559,"Good , Happy , Peaceful , Na , Na",2024-08-17 12:03:34,7,True,2.0,0.0,True,True,1.7603144645690918,0.36333805322647095
140,3560,"Good , Happy , Peaceful , Content , Na",2024-08-17 22:08:29,7,True,2.0,0.0,True,True,2.095996856689453,0.314870148897171
140,3561,"Calm , Good , Peaceful , Relaxed , Na",2024-08-18 17:11:49,7,True,0.0,1.0,True,True,1.6656824350357056,0.10592268407344818
140,3562,I would say the way that I am feeling is tired and also stressed out . The reason that I am saying this is because the stove went out so that is making it an long and also tiring day . Also the reason for this is because it had put me into further debt then I had wanted to be .,2024-08-18 22:02:35,7,False,-2.0,0.0,True,True,-1.4085084199905396,0.28968262672424316
140,3564,The way that I am feeling is tired right now and the reason for that is because it is cooler weather outside instead of it being hot outside . Also because of rhe weather that is something that also is making me happy also .,2024-08-19 12:01:24,7,False,-2.0,0.0,True,True,-0.11086194217205048,0.038538917899131775
140,3565,"Good , Fine , Intriguing , Calm , Happy",2024-08-19 17:09:51,7,True,2.0,0.0,True,True,1.5234209299087524,0.3259349763393402
140,3566,I would say the way that I am feeling right now would be calm and also peaceful .   The reason that I say this is because it is the end of the day where I usally am able to relax and do something like watching an movie .,2024-08-19 22:09:39,7,False,2.0,0.0,True,True,1.3725464344024658,0.08692319691181183
140,3567,The way that I am feeling right now is ok but also quiet and also tired at the same time also . I would say the reason that I feel that way is because it is comtable out but I am also able to relax right now also to .,2024-08-20 12:00:48,7,False,0.0,0.0,True,True,0.05783168599009514,0.13949021697044373
140,3568,I would say that I am feeling right now would be content and also happy . The reason for that is because I was able to spend time with family and also able to relax today also . Also another thing that I was able to do was to go into the garden which is relaxing .,2024-08-20 17:03:07,7,False,0.0,1.0,True,True,1.1851825714111328,0.436005562543869
140,3569,I would say the way that I am feeling would be good and also I would be calm because I have had an decent day also . Also I would say this is because it is an day that I had to enjoy . Also it was an day that I got to spend with friends,2024-08-20 22:00:47,7,False,0.0,1.0,True,True,1.247997760772705,0.15651126205921173
140,3570,"Busy , Stressed , Humming , Ok , Content",2024-08-21 17:03:41,7,True,0.0,2.0,True,True,0.8842777013778687,1.4479318857192993
140,3571,"Relaxed , Happy , Content , Na , Na",2024-08-21 22:24:49,7,True,2.0,0.0,True,True,1.1599584817886353,0.522392749786377
145,3696,"tired , productive , happy , achy , sore",2024-08-14 17:01:36,7,True,1.0,1.0,True,True,0.15455427765846252,0.6351603269577026
145,3698,I am currently running errands today . I have a meeting at 4 pm and another one at 7 pm . I am eating a lime fruit bar and making chicken spring rolls for my boyfriend for his lunch . We will be traveling to the LOC tonight and our bus is at 9 : 30 pm,2024-08-15 17:08:51,7,False,1.0,2.0,True,True,0.01382194459438324,0.9198119640350342
145,3699,I feel tired because I stayed up late last night . I drank an iced coffee in the afternoon yesterday . And I usually do not do that because the caffeine keeps me up very late at night . I am tired today and wish it was sunny,2024-08-18 12:45:44,7,False,0.0,0.0,True,True,-1.0060237646102905,0.5629222989082336
145,3700,"My stomach is hurting today . I also have been drinking coffee . So that is probably why my stomach is hurting . It is another dark , depressing and rainy day . I hate when the weather gets like this because it makes me feel sad",2024-08-19 12:25:12,7,False,-1.0,2.0,True,True,-1.013484239578247,0.5848051905632019
145,3701,I am feeling pretty good today . I had a healthy lunch and have also been very productive today . I had a healthy lunch and will also make a snack soon . I have been studying and also had meetings today . PERSON and I will get some Carvel later for their national ice cream day deal,2024-08-19 17:03:44,7,False,1.0,1.0,True,True,1.1890270709991455,1.0237464904785156
145,3702,"Busy , Productive , Fueled , Happy , Energetic",2024-08-20 12:50:33,7,True,1.0,2.0,True,True,0.8827486634254456,1.5250412225723267
147,3752,"Neutral , Calm , Hungry , Quiet , Watching TV",2024-10-21 12:06:19,7,True,0.0,1.0,True,True,0.47740834951400757,0.7891091108322144
147,3753,I am feeling very happy and content because it ' s beautiful outside and my friends and I are outside enjoying the beautiful weather . We want for a short walk with the dogs and then came back to the benches and have been sitting and talking and being one with nature .,2024-10-21 17:01:29,7,False,2.0,1.0,True,True,1.5696698427200317,0.7736937999725342
147,3754,"Neutral , Calm , Excited , Happy , Thrilled",2024-10-21 22:01:15,7,True,0.0,1.0,True,True,1.1328727006912231,1.1465191841125488
147,3755,I am feeling very content and neutral just sitting and relaxing before I meet up with some friends for our daily walk . Then we are going to sit outside on this beautiful day and soak in the sun and be one with nature .,2024-10-22 12:01:15,7,False,0.0,1.0,True,True,1.2506715059280396,0.5617115497589111
147,3756,"Content , Happy , Relaxed , Sitting with nature , Calm",2024-10-22 17:02:04,7,True,0.0,1.0,True,True,1.188754916191101,0.7437109351158142
147,3757,I am very content right now I just ate dinner and now I am watching my reality shows and waiting for a new show I like to come on . I am also chatting online with a friend who lives far away from me and we catch up once a week .,2024-10-22 22:02:11,7,False,0.0,1.0,True,True,0.549700140953064,0.5872681736946106
147,3758,"Calm , Neutral , Relaxed , On line in ORG office , PERSON",2024-10-23 12:03:35,7,True,0.0,1.0,True,True,0.35695940256118774,0.6935763359069824
147,3759,Feeling neutral right now sitting out with my friend and her dog . Socializing with our neighbors and talking about various subjects . Also sitting with the birds that we feed everyday and being one with nature .,2024-10-23 17:10:24,7,False,0.0,1.0,True,True,0.48321104049682617,0.7964408993721008
147,3760,I am very tired tonight I didn ' t sleep well last night I ' m actually up on 4 hours sleep and it has caught up to me . I just finished dinner so I can ' t lay down for a good while so I am just going to sit up and watch a little TV .,2024-10-23 22:05:20,7,False,-1.0,0.0,True,True,-0.5681050419807434,-0.039341047406196594
147,3761,I am in a neutral mood I ' m in my friends house that I am taking care of while he ' s in a rehab facility and also taking care of his cat . Then I ' m going to go outside for a daily walk with friends and their dogs then come back to my building and sit outside with nature .,2024-10-24 12:06:40,7,False,0.0,1.0,True,True,-0.02525467425584793,1.1324989795684814
147,3762,I am feeling calm right now sitting out with my friends and their dogs and the birds . Enjoying the fresh air and conversating with my neighbors . Then I am going to an exercise class at my local library .,2024-10-24 17:01:13,7,False,0.0,1.0,True,True,0.6419727802276611,0.873228132724762
147,3763,I am feeling very calm and content right now . I am watching my shows and relaxing . This evening I went to my exercise class and learned some new ways to exercise and met with some new people . Then I came home and had dinner before watching my shows .,2024-10-24 22:09:57,7,False,0.0,1.0,True,True,1.058472990989685,0.4831247329711914
147,3764,I am feeling very calm right now I am getting ready to go to my friends house to check on his cat and do whatever I need to do . Then I need to go bring him some stuff at the rehab where he is right now and after that go home and meet up with some friends and do our daily walk with their dogs then sit out for a while and take in the sun and fresh air .,2024-10-25 12:01:18,7,False,0.0,1.0,True,True,0.874801754951477,0.7408502697944641
147,3765,I am very tired I went on my errand earlier to bring some stuff to my friend in the rehab facility and I did a lot of running around so I am exhausted . Sitting out with my friends I didn ' t make our daily walk but I will tomorrow .,2024-10-25 17:10:39,7,False,-2.0,0.0,True,True,-1.3211333751678467,0.1880505084991455
147,3766,I am feeling content right now I ate dinner and now I am going to watch my favorite show ORG wrestling Smackdown . I love this show very much it brings me much joy . Then I am going to watch a movie I DVR ' d that I couldn ' t watch the other night .,2024-10-25 22:01:25,7,False,0.0,1.0,True,True,0.9353894591331482,0.7382959723472595
147,3767,"Calm , Relaxing , Watching TV , Just ate breakfast , Neutral",2024-10-26 12:34:23,7,True,0.0,1.0,True,True,0.6093318462371826,0.4025437533855438
147,3768,"Calm , Neutral , Relaxed , Quiet , Walking",2024-10-26 17:06:45,7,True,0.0,1.0,True,True,0.6799082159996033,0.6277872323989868
147,3769,I am very relaxed right now I am watching one of my favorite movies the sixth sense . They are running scary movies right now because of Halloween next week so I am really enjoying myself . Although some scary movies can cause me nightmares but I still like to watch them,2024-10-26 22:12:25,7,False,0.0,1.0,True,True,1.0750972032546997,0.5901721119880676
147,3770,"Quiet , Calm , Relaxed , Neutral , Getting ready to go for a walk",2024-10-27 12:01:15,7,True,0.0,1.0,True,True,0.6747990250587463,0.7341910004615784
147,3771,"Calm , Relaxed , Walking with friends , Enjoying nature , Happy",2024-10-27 17:03:13,7,True,0.0,1.0,True,True,0.7379075288772583,1.0033427476882935
147,3772,I am very content right now I ate dinner and now I am watching one of my favorite movies Beetlejuice and when that is finished I am going to watch some wrestling . I am also going to try and watch another movie called pitch perfect if I don ' t get too tired .,2024-10-27 22:04:51,7,False,2.0,0.0,True,True,1.3655407428741455,0.3013966381549835
152,3876,"It is very warm so I am not feeling like going to the gym , but I probably will . All is good with me and I am interested in learning new things . I wish I could plan a trip but my wife’s physical condition precludes that .",2024-07-15 17:35:30,7,False,1.0,0.0,True,True,0.7210419774055481,1.1379746198654175
152,3877,Feeling fine but a little pressed for time .\ nEverything is going well and I sm interested in learning new things .. Still disappointed that we cannot travel due to my wife’s disability . Happy to be seeing my children tonight .,2024-07-17 12:12:24,7,False,1.0,0.0,True,True,0.5730451345443726,0.6975855827331543
152,3878,"Calm , Satisfied , Interested , Proud , Lucky",2024-07-19 12:19:33,7,True,1.0,0.0,True,True,2.088503122329712,0.5221719145774841
152,3879,"Pleased , Interestested , Concerned , Calm , Contemplative",2024-07-19 17:50:14,7,True,1.0,0.0,True,True,1.2083162069320679,0.994655191898346
152,3880,"Calm , Interested , Concerned , Proud , Accomplished",2024-07-21 12:27:39,7,True,1.0,0.0,True,True,1.5486770868301392,0.8486091494560242
152,3881,"relaxed , interested , concerned , diligent , proud",2024-07-21 17:44:52,7,True,2.0,0.0,True,True,1.5985004901885986,0.5016629099845886
152,3882,"GPE , Interested , Contemplating , Frieindly , busy",2024-07-22 17:06:54,7,True,1.0,0.0,True,True,0.4801769256591797,1.3652302026748657
155,3950,"focused , overwhelmed , tired , determined , stressed",2024-11-10 12:46:45,7,True,-1.0,1.0,True,True,-0.48651009798049927,0.9533929824829102
155,3951,I am feeling pretty exhausted and low energy and a little bit defeated . But overall I am feeling calm and relaxed and accepting of what happens happens . I am trying to stay calm and still be productive .,2024-11-10 17:30:39,7,False,-1.0,1.0,True,True,-1.0682283639907837,0.29569917917251587
155,3952,"Stressed , Overwhelmed , Jittery , Nervous , Tense",2024-11-10 22:35:48,7,True,-1.0,2.0,True,True,-1.0721864700317383,0.990291178226471
155,3953,I am overall feeling nervous but at the same time I am feeling focused and determined . I feel like my attention is there and I also feel flutters in my heart and stomach . Overall I would say I am feeling stressed but in a productive way .,2024-11-11 12:29:42,7,False,-1.0,2.0,True,True,-0.21263717114925385,1.6338369846343994
155,3954,"Tired , Relaxed , Calm , Fatigued , Chill",2024-11-11 17:02:58,7,True,0.0,1.0,True,True,0.2236386388540268,-0.22104115784168243
155,3955,"Tired , Sleepy , Calm , Exhausted , Fatigued",2024-11-11 22:12:13,7,True,-1.0,1.0,True,True,-0.8631090521812439,0.07239730656147003
155,3956,"I am feeling pretty neutral right now , focused on what I need to do but I overall feel calm . I am a little nervous about a task I need to do but not overly so , I am mostly focused on getting things done .",2024-11-12 12:13:39,7,False,0.0,0.0,True,True,0.1967771202325821,0.8562403321266174
155,3957,"Calm , Tired , Chill , Fatigued , Focused",2024-11-12 17:58:26,7,True,0.0,2.0,True,True,0.3328787684440613,0.6144142746925354
155,3958,"chill , calm , relaxed , breathing , tired",2024-11-12 22:04:20,7,True,1.0,1.0,True,True,1.7474867105484009,-0.223458394408226
155,3959,"Sleepy , Tired , Drowsy , Calm , Low energy",2024-11-13 12:56:35,7,True,0.0,1.0,True,True,-0.5395151972770691,0.04050144553184509
155,3960,"tired , sleepy , calm , fatigued , content",2024-11-13 22:35:12,7,True,0.0,1.0,True,True,-0.5079519748687744,-0.25299450755119324
155,3961,"Nervous , Determined , Tired , Stressed , Quiet",2024-11-14 12:02:12,7,True,0.0,1.0,True,True,-0.6598402857780457,1.0549603700637817
164,4196,"Tired , Hungry , Sleepy , Na , Na",2024-07-23 22:00:43,7,True,0.0,1.0,True,True,0.08368788659572601,0.4722188413143158
164,4197,"Still worried about our housing situation . This could be a very good option , and though a higher price , we ' d be getting a lot more for it . But everything has to fall into place , and sometimes , that doesn ' t quite seem to happen . So who knows what will be . We have to daven I guess .",2024-07-24 12:22:49,7,False,0.0,1.0,True,True,0.11005334556102753,1.1363459825515747
164,4198,"I’m worried about the housing situation , and hopeful that we can rent this house . But I’m not so confident that it will work out , since the market is so tight and there are so few options . But maybe we got out in front of this one and we’ll get it . But probably not .",2024-07-24 22:02:23,7,False,0.0,1.0,True,True,-0.04444389045238495,1.3261194229125977
164,4199,"Concerned about housing , for a change . There ' s a real chance we get nothing , or at least , not at all what we want . But now we just have to wait , and hope , that the other tenant is a bad option , and we come out looking great . Nothing else to do at this point .",2024-07-25 17:05:34,7,False,0.0,1.0,True,True,0.8174535036087036,0.7683188915252686
164,4200,"As per usual , housing . Where will we live ? Will it work out ? And should we buy the fancy mattress ? Will it make a difference in our sleep ? Who knows . Oh , and the market . Not helping things here . I wish we had pulled out earlier . But that’s how it goes .",2024-07-25 22:29:22,7,False,0.0,1.0,True,True,0.4423595666885376,0.5482116937637329
164,4201,"Obviously , stressed about the housing situation . Hopeful that this could all work out , but very stressed b/c if it doesn ' t , we will not have a place to live , and that would be problematic . But there ' s no more to do at this point but hope and pray . So we will hope and pray . No real other choices at this point .",2024-07-26 12:02:32,7,False,0.0,1.0,True,True,0.3407416343688965,0.8308358788490295
164,4202,"Concerned about housing , and nervous that nothing will work out . But we have to keep hoping and praying that it will work out , because we don’t really have any other options . So here’s hoping something works out .",2024-07-28 12:00:49,7,False,1.0,1.0,True,True,-0.34609681367874146,1.4114772081375122
164,4203,"We have housing ! This is a really big deal . It’s slightly more expensive than I would have liked , but hopefully we’ll really be getting something for it . And now we can feel good about where we are living , and hopefully feel comfortable in the space . It’s not GPE , but maybe it will be even better . I’m really hopeful that this could be good . And nervous , of course .",2024-07-29 22:01:16,7,False,1.0,0.0,True,True,0.867486298084259,1.472672939300537
164,4204,"Annoyed after a long bedtime routine , and the fact that I have to write out a long message about my feelings that’s at least 200 words , which is a not insignificant number of words to fill out multiple times a day with not very much to say .",2024-07-30 22:01:07,7,False,0.0,1.0,True,True,-0.3678661584854126,0.730168879032135
168,4270,"Happy , Excited , Grateful , Little bit stress , Great",2024-11-13 17:04:58,7,True,1.0,1.0,True,True,1.6864973306655884,0.9905505776405334
168,4271,"Woke up feeling very grateful and happy . A little bit stressed , nervous and anxious because I have two tests tonight , but I’m still trying to stay positive and calm , to pass it with a good grade . Looking forward to accomplishing a good grade in both of my tests",2024-11-14 12:03:41,7,False,1.0,1.0,True,True,1.4183369874954224,0.9186216592788696
168,4272,"Feeling nervous and a little bit anxious for both of my upcoming tests . Still trying to stay positive and trust the process , as I am sure that I will be passing both of theses exams . Looking forward to feel relaxed and happy with the outcome tonight .",2024-11-14 17:09:33,7,False,0.0,1.0,True,True,0.09605348110198975,0.975024938583374
168,4273,"Happy , Calm , Grateful , Content , Excited",2024-11-15 12:42:25,7,True,1.0,1.0,True,True,1.3107728958129883,0.8932751417160034
168,4274,"Neutral , Calm , Grateful , Tired , At peace",2024-11-15 17:11:46,7,True,0.0,1.0,True,True,0.5911753177642822,0.8036728501319885
168,4275,"Currently feeling extremely happy , enthusiastic , and grateful . I’ve had an amazing day , full of joy , laughter and incredible time with my love ones . Looking forward to have a blessed and great day tomorrow .",2024-11-15 22:07:57,7,False,1.0,2.0,True,True,1.4163365364074707,1.3115909099578857
168,4276,"Feeling grateful , happy and calm . Looking forward to have an amazing evening with my loved ones and watch “Miss Universe” with my family . Extremely grateful and happy for everything that is happening in my life and all of the blessings .",2024-11-16 17:03:39,7,False,1.0,1.0,True,True,1.5010639429092407,0.8330754637718201
168,4277,"Feeling extremely lively , enthusiastic and happy . Extremely grateful , and happy . Currently , spending a great time with my family , watching the “Miss Universe “ hoping for our delegate to win !! Looking forward to have a great night , and a wonderful day tomorrow !",2024-11-16 22:20:43,7,False,2.0,2.0,True,True,1.2303487062454224,1.7085658311843872
168,4278,"Woke up feeling happy , exited and grateful , as I will be spending the night with my loved ones . Looking forward to have an amazing , blessed and wonderful day . And keep the positive vibes flowing . Hoping to spend a great time with my loved ones !!",2024-11-17 12:09:00,7,False,1.0,1.0,True,True,1.4125159978866577,1.4338070154190063
168,4279,"Excited , Grateful , Happy , Lively , healthy",2024-11-17 17:39:22,7,True,1.0,1.0,True,True,1.858325719833374,1.1501076221466064
168,4280,"Grateful , Happy , Excited , Full of love , Blessed",2024-11-17 22:12:17,7,True,2.0,2.0,True,True,1.760833740234375,1.1555250883102417
168,4281,"Woke feeling extremely grateful , thankful , blessed and happy . Had an amazing night with my loved ones . Looking forward to have an awesome day full of blessings , love and kindness . As the week start , my intentions for this week , will also be kindness and love towards everyone that I will have contact with .",2024-11-18 12:18:32,7,False,2.0,2.0,True,True,1.629493236541748,0.9453845024108887
168,4282,"Lively , Enthusiastic , Blessed , Grateful , Happy",2024-11-19 12:16:55,7,True,2.0,2.0,True,True,1.4555681943893433,0.9208003282546997
168,4283,"Grateful , Blessed , Tired , Content , Relax",2024-11-19 17:28:43,7,True,0.0,1.0,True,True,0.8915334343910217,0.19720067083835602
168,4284,Feeling super tired after a long day . Still feeling grateful and happy in the inside for all of my accomplishments today and all the things I learned . Looking forward to have a good night rest and have a great day tomorrow !,2024-11-19 22:34:03,7,False,-2.0,0.0,True,True,0.0074487775564193726,0.2938959300518036
168,4285,"Content , Relax , Sleepy , Grateful , Bless",2024-11-20 17:05:19,7,True,1.0,0.0,True,True,1.449999451637268,0.4796055257320404
169,716,It is a good day to enjoy but a little cold . I am happy to be at work . A lot or stress with students and bills . I am working overtime . It is fun to see the colors of autumn . I want to go on vacation and away from all the stress .,2024-10-15 12:20:29,7,False,1.0,1.0,True,True,0.36390990018844604,1.0763874053955078
169,717,"Tired , Stress , Exhausted , Hungry , Work overload",2024-10-15 17:15:05,7,True,-2.0,0.0,True,True,-1.28115975856781,0.47217535972595215
169,718,I am tired and exhausted from work . I would like to sleep but still have a lot of work to finish . I want to be less stressed at work and be a caring family member . I want to have more money and not worry about bills .,2024-10-15 22:01:11,7,False,2.0,0.0,True,True,-1.8457878828048706,0.1891237497329712
169,719,"I want to relax and not be stressed out . It is a rat race and it just gives me anxiety . I want to be less worried about others and enjoy life . The simpler the life , the better it would be . The parents are my school are nasty and crazy .",2024-10-16 12:06:53,7,False,-2.0,1.0,True,True,-0.906059205532074,0.8164598345756531
169,720,I am worried about the future and bills to pay . I would like to move somewhere cheaper and not have so much stress . I worry about the parents and how angry they get if their child fails .   They threaten to sue and become nasty .\ n,2024-10-16 17:00:55,7,False,-2.0,1.0,True,True,-0.6516005396842957,1.3142399787902832
169,721,I want to sleep and be tired all the time .\ nI worry too much and nothing seems to be right .\ nWork stress is weighing me down and taking its toll on my mental health . I hope tomorrow is better and more relaxing then today .,2024-10-16 22:02:38,7,False,-2.0,1.0,True,True,-0.7757720351219177,-0.09855327010154724
169,722,"stress , worried , hungry , tired , bills",2024-10-17 12:01:07,7,True,2.0,0.0,True,True,-1.4303849935531616,0.6032997965812683
169,726,"Worked , Running around , Hungry , Stressed , Billed",2024-10-17 17:00:47,7,True,0.0,1.0,True,True,-1.7539628744125366,0.8596197366714478
169,727,"Exhausted , Tired , Over worked , Too busy , Worried",2024-10-17 22:02:28,7,True,-2.0,0.0,True,True,-2.16552734375,-0.06023593246936798
169,728,I am happy to know it is Friday and I can pay bills . I am still worried about many things and being middle class is not fun . It is a hard life and am tired all the time . It is not easy .   I hope others are doing better .,2024-10-18 12:24:27,7,False,1.0,0.0,True,True,0.23522453010082245,0.8139368891716003
169,729,There is a lot of work to be done and needs attention . I am very exhausted and tired from balancing work and home life . I feel I am not myself most of the time but constantly being pulled in many directions .,2024-10-18 17:06:22,7,False,-2.0,0.0,True,True,-1.9658687114715576,0.7013607621192932
169,730,"Homebody , Relaxed , Tea time , Breakfast , Full",2024-10-19 12:25:04,7,True,1.0,1.0,True,True,0.26141357421875,0.39988574385643005
169,731,I am   busy with house chores and making sure household runs smoothly .   Busy from morning to night and spending too much money on necessary stuff . I hope economy does better and elections go smoothly .,2024-10-19 17:02:32,7,False,0.0,1.0,True,True,-1.3283032178878784,1.019905686378479
169,732,I am content with my day and looking forward to relaxing on a Sunday . I am going to sleep in and not worry about the work week . I hope the work week is relaxing and without any big hassle . I want to worry less .,2024-10-19 22:01:15,7,False,1.0,1.0,True,True,0.8949173092842102,0.21661294996738434
169,733,"relaxed , enjoying , happy , content , optimistic",2024-10-20 12:08:17,7,True,1.0,1.0,True,True,1.7892041206359863,0.3625190556049347
169,734,I am tired . i did a lot of house work and now I want to rest and take a nap . i am ok .\ nI hope tomorrow is not a hard day and nothing to worry about . I will be a long week . Have a good week . I need food right now .,2024-10-20 17:55:43,7,False,-2.0,0.0,True,True,-1.8056460618972778,-0.1699017435312271
169,735,"Tired , Need rest , Stressed , Sleepy , Exhausted",2024-10-20 22:05:48,7,True,0.0,0.0,True,True,-1.2533109188079834,0.14229317009449005
169,736,I am happy to be at work and finish a lot of stuff . I want to work with others and make life easier . I want to learn and be able to share with my students . I want to give back to the community . I hope to be a better citizen .,2024-10-21 12:21:38,7,False,1.0,0.0,True,True,0.2699832320213318,1.1962820291519165
169,737,"Exhaustion , Sleep , Over drive , Tired , Stressed",2024-10-21 22:01:09,7,True,1.0,0.0,True,True,-1.1234084367752075,0.13620997965335846
169,738,"happy , content , working , hungry , good",2024-10-22 12:22:38,7,True,1.0,1.0,True,True,0.8618431091308594,1.102974534034729
169,739,"tired , home , hungry , over worked , content",2024-10-22 17:01:02,7,True,1.0,0.0,True,True,-0.9971285462379456,0.28558364510536194
169,740,I am tired and exhausted . I am hoping for a better say tomorrow . \nI want to eat something and go to sleep . I did a lot of work at school and now want to do nothing . I graded a lot if work from my students and want them to succeed .,2024-10-22 22:01:14,7,False,1.0,1.0,True,True,-1.873306393623352,-0.15711455047130585
169,741,I am working after school to help the kids finish their work and want to make sure they succeed . I am hoping for a great day and time for lunch . I want to travel and have the money to not worry about bills .,2024-10-23 12:19:02,7,False,1.0,1.0,True,True,-0.08552208542823792,0.887650191783905
169,742,I am happy to be going home . I worked a lot and want to go home and relax . I am exhausted and hungry . I want to drink a cup of tea and listen to music . I am happy Wednesday is over . Starting to look forward to the weekend . Happy week .,2024-10-23 17:12:26,7,False,-2.0,0.0,True,True,-0.30407077074050903,0.5911057591438293
169,743,I am very sleepy and tired . I am hungry and want to finish my work so I can sleep . I am trying to grade papers and make sure all is done . I want to work and have nothing to do tomorrow . I am going to eat now .,2024-10-23 22:04:22,7,False,-2.0,2.0,True,True,-1.3429794311523438,0.08463065326213837
169,744,I want to work extra hard and finish as much grading as possible . I want to go home without any work and just sleep . I am hoping to eat lunch and take a nap . I want to study for some exams and not worry some much .,2024-10-24 12:02:07,7,False,1.0,0.0,True,True,-0.10735677182674408,0.8786827921867371
169,745,"tired , stressed , hungry , not care , over worked",2024-10-24 17:17:19,7,True,-1.0,0.0,True,True,-1.3810771703720093,0.023081287741661072
169,746,"Tired , Sleepy , Friday , Friday , Weekend",2024-10-24 22:48:41,7,True,-1.0,0.0,True,True,-1.2964929342269897,0.14887547492980957
169,747,I am looking forward to the weekend and want the day to end . I worked a lot this week and just want to sleep in . I am looking forward to eating a good breakfast not be in a rush . I hope the weekend is relaxing .,2024-10-25 12:22:37,7,False,1.0,0.0,True,True,0.15585948526859283,0.8988917469978333
169,748,"Relaxed , Hungry , Happy , Tea time , Happy",2024-10-25 17:51:20,7,True,2.0,1.0,True,True,0.4469289779663086,0.7035801410675049
169,749,I am tired and want to sleep . I just ate dinner and ready to go to sleep . I want to fi wish some work and then have nothing to do for tomorrow .   I want to relax and be free . I happy to be home . I am ready to sleep .,2024-10-25 22:14:15,7,False,-2.0,0.0,True,True,-1.7203999757766724,-0.41723987460136414
169,750,"hungry , happy , relax , trying , overworked",2024-10-26 12:16:39,7,True,1.0,0.0,True,True,-0.011800825595855713,0.6971790790557861
169,751,"Happy , Relax , Content , Wanted , Wishes",2024-10-26 17:42:44,7,True,0.0,2.0,True,True,0.6285048127174377,0.6878859400749207
169,752,"Tired , Hungry , Sleepy , Exhausted , Bills",2024-10-26 22:08:56,7,True,-2.0,0.0,True,True,-1.2073558568954468,0.1830071061849594
169,753,I have a migraine and nausea . I am not feeling my best and want to just sleep . I am hoping to rest and not have much to do . I have a lot of grading . I want to do nothing and take care of myself .   I am done for the day .,2024-10-27 12:34:15,7,False,0.0,0.0,True,True,-1.549688458442688,0.3457060754299164
169,754,I am not well today and am very tired . I want to stay in bed and take care of myself . I want to close my eyes and rest . I am hoping no one bothers me or needs anything from me . I am not looking forward to school tomorrow .,2024-10-27 17:20:08,7,False,0.0,0.0,True,True,-0.7893936038017273,-0.1302228718996048
169,755,I am at work and making sure to complete all my work . I am recovering from my migraine and want to be rest but have a lot of work to finish . I want to eat today and then sleep to feel better after finishing my grading .,2024-10-28 12:30:13,7,False,1.0,0.0,True,True,-0.9520086050033569,0.7291202545166016
169,756,"Tired , Exhaustion , Sleepy , Sleepy , Overworked",2024-10-28 22:04:05,7,True,-2.0,0.0,True,True,-1.7356139421463013,0.012000814080238342
170,4343,"Numb . Uncertainty . I thought I had a goal to work towards . I thought I know what I’m doing . In the end , I lack discipline , lack the foresight . For two and a half years I’ve always thought I was on track , all I had to do was to stick with what I planned . In the end , I found out what I thought was right from the start was incorrect .",2024-11-20 12:03:42,7,False,-1.0,0.0,True,True,-0.7277487516403198,0.9106044173240662
170,4344,"determined , hopeful , nervous , energized , stressed",2024-11-20 22:29:05,7,True,0.0,2.0,True,True,0.2100403904914856,1.4721728563308716
170,4345,"tired , sleepy , hopeful , determined , neutral",2024-11-21 12:06:34,7,True,1.0,2.0,True,True,-0.918762743473053,0.1284334361553192
170,4346,"sleepy , tired , stressed , nervous , worried",2024-11-22 12:01:42,7,True,-1.0,0.0,True,True,-0.19614656269550323,0.5696725845336914
170,4347,"I ' m feeling very stressed . I have a lot of work piled up that I have to get down . Other than that , I am excited for Thanksgiving Break . I ' ve also made some plans so I ' m looking forward to the upcoming days .",2024-11-22 22:01:42,7,False,1.0,1.0,True,True,0.6579758524894714,1.2463642358779907
170,4348,"stress , tired , worried , nervous , sleepy",2024-11-23 12:16:52,7,True,-2.0,2.0,True,True,-1.0465143918991089,0.18124331533908844
170,4349,"conflicted , unsure , stressed , tired , nervous",2024-11-23 17:31:49,7,True,-1.0,1.0,True,True,-0.6567613482475281,1.0366235971450806
170,4350,"I ' m very excited . Thanksgiving Break is in less than a week and I ' ve made plans to explore the city . I ' m definitely also feeling a bit stressed because I know prior to break , there would be work that has to be completed .",2024-11-23 22:01:50,7,False,1.0,1.0,True,True,0.8343052268028259,1.459652304649353
170,4351,"Currently I’m feeling a bit lively , a bit PERSON , and as always , a bit stressed . The weather is kind of nice today but a bit too windy for my liking . I’m stressed because I did procrastinate a little so now I have to study for a quiz tomorrow as well as catch up on my lectures for other classes .",2024-11-24 12:03:56,7,False,1.0,2.0,True,True,0.5615376234054565,1.414720058441162
170,4352,"I’m feeling very overwhelmed , indignant , and confused . I’m currently at work right now and there’s just so much happening . I’m trying to wrap my mind around everything and trying to see how I can fit in and contribute . Unfortunately the minute I thought I got it figured out , things change again or something new happens .",2024-11-24 17:16:16,7,False,-1.0,1.0,True,True,-1.6502944231033325,1.3680237531661987
170,4353,"I ' m still feeling pretty excited and happy . At this time of the day , I ' m also feeling a little bit more tired and sleepy . I also procrastinated a little on the work that I planned on completing today so I ' m a little stressed as well .",2024-11-25 17:03:05,7,False,1.0,1.0,True,True,1.039111852645874,1.0976662635803223
170,4354,"It’s funny but I’m not feeling the same level of excitement going back home for Thanksgiving break as compared to the initial excitement and anticipation I had last week . It could be the weather and the pile of work I procrastinated on but I’m feeling dread , nervous , and stressed .",2024-11-26 12:05:35,7,False,1.0,1.0,True,True,-1.0161713361740112,1.3839551210403442
170,4355,"happy , excited , determined , lively , stressed",2024-11-26 17:36:28,7,True,1.0,2.0,True,True,1.148030400276184,1.2714065313339233
170,4356,"disappointed , stressed , conflicted , unsure , unhappy",2024-11-26 22:30:25,7,True,-2.0,1.0,True,True,-0.773622989654541,0.6613223552703857
170,4357,"neutral , indifferent , hungry , unsure , confused",2024-11-27 12:36:05,7,True,0.0,1.0,True,True,-0.5121586918830872,1.0380595922470093
170,4358,I ' m currently feeling pretty lively and hopeful . I had my mock interview this morning and it seemed to have gone well . I also finally had a conversation with my brother and we got a chance to catch up for a little bit .,2024-11-27 17:16:10,7,False,1.0,2.0,True,True,1.7156130075454712,1.198130488395691
171,4380,"happy , alert , awake , motivated , fresh",2024-10-17 12:25:55,7,True,1.0,2.0,True,True,1.3627514839172363,1.1624034643173218
171,4381,"slow , unmotivated , tired , sleepy , calm",2024-10-17 17:20:31,7,True,0.0,0.0,True,True,-0.7054857611656189,0.03508363664150238
171,4382,"I am feeling a bit drained . I had a decently productive day , and that makes me feel happy . I ' m glad to be relaxing on the couch with my partner . I ' m feeling like I ' m ready to stretch out and head to bed .",2024-10-17 22:01:38,7,False,-1.0,0.0,True,True,-0.6863929629325867,0.05053158104419708
171,4383,"I am very happy it ' s Friday , and I slept fairly well last night . I am feeling motivated to get my stuff done for work so that I don ' t have to do any catch-up work this weekend . I ' m also feeling like my coffee worked a little better than usual this morning , so I feel a little jittery .",2024-10-18 12:30:04,7,False,0.0,2.0,True,True,1.202025294303894,1.1034492254257202
171,4384,"drained , sluggish , lazy , tired , bored",2024-10-18 17:01:22,7,True,-2.0,0.0,True,True,-1.2890684604644775,0.013955429196357727
171,4385,"calm , happy , content , cozy , relaxed",2024-10-18 22:15:26,7,True,2.0,1.0,True,True,1.659813642501831,0.23050615191459656
171,4386,"I have had a quiet and relaxed morning , which I am feeling grateful for . I am excited to spend a little bit more time relaxing and then head to my partner ' s family ' s house to hang out and watch a football game .",2024-10-19 12:02:18,7,False,1.0,0.0,True,True,1.1263285875320435,0.4425646960735321
171,4387,I am happy and excited to be spending time with my partner ' s family . I am feeling content and happy and calm . I am excited to head home and put on comfy clothes and relax for the rest of the evening .,2024-10-19 17:28:51,7,False,2.0,1.0,True,True,1.7646020650863647,0.6958858966827393
171,4388,"tired , drained , unsettled , sluggish , full",2024-10-19 22:02:12,7,True,-1.0,0.0,True,True,-1.6502703428268433,-0.2972191572189331
171,4389,I am feeling frustrated that my weight is so terrible despite trying really hard to eat better . I have to get more movement in and I know that . I am headed out for a walk now and am hoping that boosts my mood and self-confidence .,2024-10-20 12:01:37,7,False,-1.0,1.0,True,True,-0.6696929931640625,0.9383311867713928
171,4390,"I am happy to be back home and on the couch relaxing . I am proud of myself for getting a good walk in this morning , and I am feeling hopeful that I can stay motivated this week . I am excited to spend the rest of the evening relaxing .",2024-10-20 17:12:06,7,False,1.0,0.0,True,True,0.5992123484611511,0.604439914226532
171,4391,"sleepy , calm , content , proud , quiet",2024-10-20 22:01:28,7,True,0.0,0.0,True,True,0.7491571307182312,-0.04780299961566925
171,4392,"I am feeling relaxed . I ' m at the research center for this vaccine study and I ' m feeling proud to contribute to research , though hard not to be a little nervous , too . I feel pretty calm and quiet , though .",2024-10-21 12:01:02,7,False,0.0,0.0,True,True,1.2268091440200806,0.35646846890449524
171,4393,"slow , slump , unmotivated , tired , sleepy",2024-10-21 17:01:06,7,True,-1.0,0.0,True,True,-0.9784751534461975,0.3423854112625122
171,4394,"down , slow , lazy , tired , muted",2024-10-21 22:11:30,7,True,-1.0,1.0,True,True,-0.48181015253067017,0.1825571358203888
171,4395,"calm , productive , motivated , focused , alert",2024-10-22 12:01:47,7,True,0.0,0.0,True,True,1.1072689294815063,0.724875271320343
171,4396,"bored , quiet , sluggish , neutral , unmotivated",2024-10-22 17:01:25,7,True,0.0,1.0,True,True,-0.8083047866821289,0.4360884428024292
171,4397,"happy , comfy , content , excited , proud",2024-10-22 22:01:22,7,True,2.0,1.0,True,True,1.6231690645217896,1.1365114450454712
171,4398,"I am feeling a bit tired and slow this morning , though still fairly motivated for my work day . I feel confident that I can be productive today , but I didn ' t sleep as well as I usually do last night so I am feeling a bit sluggish and a bit lower energy than usual .",2024-10-23 12:03:01,7,False,-1.0,0.0,True,True,-0.4780489206314087,0.17112641036510468
171,4399,"I am feeling lively , upbeat , motivated , and active . I ' m not really tired this afternoon , which is surprising .   I ' m focused and ready to finish my work day and then go run errands . I am also excited to relax after I ' m done for the day .",2024-10-23 17:19:46,7,False,1.0,1.0,True,True,1.347823143005371,1.182715892791748
171,4400,"tired , slow , comfy , content , calm",2024-10-23 22:01:40,7,True,-1.0,0.0,True,True,-0.03440377861261368,-0.13202232122421265
49,4873,"awake , ready , up , prepared , busy",2021-05-04 12:20:18,1,True,1.0,1.0,False,False,0.7251995205879211,1.4147347211837769
49,4874,"awake , tired , lazy , calm , neutral",2021-05-05 12:00:37,1,True,0.0,1.0,False,False,-0.6014283895492554,0.4208584129810333
49,4875,"lazy , tired , neutral , fine , okay",2021-05-05 17:01:35,1,True,0.0,1.0,False,False,-0.23327775299549103,0.5431047081947327
49,4876,"tired , sleepy , lazy , neutral , regretful",2021-05-06 12:37:24,1,True,-2.0,0.0,False,False,-0.9301272034645081,0.009113222360610962
49,4878,"tired , sleepy , worn out",2022-02-15 10:01:50,2,True,0.0,1.0,False,False,-1.453453540802002,-0.04395297169685364
49,4879,"neutral , busy , active",2022-02-15 15:25:09,2,True,1.0,2.0,False,False,0.9237594604492188,0.9571816325187683
49,4880,"tired , moody , sluggish",2022-02-17 15:50:37,2,True,0.0,1.0,False,False,-1.090765357017517,0.22956912219524384
49,4881,"fine , neutral , tired",2022-02-17 20:30:27,2,True,0.0,1.0,False,False,0.5772440433502197,0.7231979966163635
49,4882,"excited , good , relaxed",2022-02-18 15:06:09,2,True,1.0,2.0,False,False,1.7457565069198608,0.9388473033905029
49,4883,"neutral , fine , relaxed",2022-02-19 15:00:27,2,True,0.0,2.0,False,False,0.5362923741340637,0.7688255906105042
49,4884,"drunk , enjoyable , okay",2022-02-19 20:19:57,2,True,0.0,2.0,False,False,0.6204016208648682,1.2897998094558716
49,4885,"fine , busy , PERSON",2022-02-22 15:32:32,2,True,0.0,2.0,False,False,0.9704180359840393,1.249301791191101
49,4877,"fine , neutral , tired",2022-02-24 15:33:23,2,True,0.0,1.0,False,False,0.3292248249053955,0.11437343060970306
49,4887,"tired , unproductive , relaxed , sleepy , okay",2022-09-05 21:32:15,4,True,1.0,0.0,False,False,-1.2036415338516235,-0.3560417890548706
49,4888,"tired , fatigued , headache , groggy , slow",2022-09-06 11:05:22,4,True,-1.0,0.0,False,False,-1.5416630506515503,-0.29648256301879883
49,4889,"sluggish , reviving , okay , neutral , tired",2022-09-06 15:21:02,4,True,0.0,1.0,False,False,-1.0341254472732544,0.3660489618778229
49,4890,"better , frustrated , drained , coping",2022-09-06 20:26:55,4,True,1.0,2.0,False,False,-1.0817748308181763,0.47330328822135925
49,4891,"tired , anxious , dread , okay",2022-09-07 17:10:00,4,True,1.0,2.0,False,False,-1.097886323928833,1.1097103357315063
49,4892,"tired , worn out , stressed , anxious , hot",2022-09-12 16:29:48,4,True,0.0,1.0,False,False,-1.8782100677490234,0.0834617018699646
49,4893,"tired , sluggish , anxious",2022-09-13 12:19:08,4,True,-2.0,0.0,False,False,-1.5369423627853394,0.46304306387901306
49,4886,"tired , anxious , sluggish",2022-09-14 15:28:45,4,True,0.0,1.0,False,False,-0.8136090636253357,0.32365551590919495
49,4905,"fatigued , stressed , unmotivated",2023-03-14 20:03:01,5,True,-2.0,0.0,False,False,-1.179211974143982,0.31507614254951477
49,4906,"tired , resting , neutral",2023-03-15 10:26:25,5,True,0.0,0.0,False,False,-0.36584579944610596,0.33281269669532776
49,4907,"neutral , active , motivated",2023-03-15 15:48:24,5,True,1.0,2.0,False,False,0.6296901106834412,0.7786650061607361
49,4908,"pressured , stressed , active",2023-03-16 11:36:02,5,True,1.0,0.0,False,False,-0.31712859869003296,1.288869023323059
49,4909,"motivated , accomplished , more energy",2023-03-16 20:05:40,5,True,1.0,2.0,False,False,0.31556951999664307,1.1494449377059937
49,4910,"neutral , tired , awake",2023-03-17 11:32:05,5,True,0.0,1.0,False,False,0.2530238628387451,0.713161051273346
49,4911,"neutral , tired , winding down",2023-03-17 20:00:47,5,True,0.0,1.0,False,False,-0.05418233573436737,0.5560661554336548
49,4912,"stressed , tired , overwhelmed",2023-03-19 10:19:39,5,True,0.0,1.0,False,False,-0.02635014057159424,0.7056275606155396
49,4913,"relaxed , neutral , bored",2023-03-19 15:15:04,5,True,1.0,2.0,False,False,0.6882563829421997,0.6309661269187927
49,4914,"busy , interested , motivated",2023-03-19 20:48:55,5,True,0.0,2.0,False,False,0.16435940563678741,1.4689885377883911
49,4915,"hungover , tired , motivated , slightly stressed",2023-03-20 15:51:12,5,True,-1.0,2.0,False,False,-1.29729163646698,0.38616740703582764
49,4916,"tired , winding down , slow",2023-03-20 20:01:15,5,True,0.0,0.0,False,False,-1.1545146703720093,0.21526843309402466
49,4917,"slow , tired , sluggish",2023-03-21 15:00:43,5,True,0.0,0.0,False,False,-1.0928202867507935,0.33054015040397644
49,4918,"neutral , okay , slightly stressed",2023-03-21 20:00:36,5,True,0.0,1.0,False,False,0.016540274024009705,1.1990456581115723
49,4919,"productive , motivated , stressed",2023-03-22 15:29:12,5,True,0.0,2.0,False,False,0.8261224627494812,1.3676657676696777
49,4920,"accomplished , motivated , winding down",2023-03-22 20:08:51,5,True,1.0,2.0,False,False,0.6252869963645935,0.6588925123214722
49,4894,"neutral , interested , bored",2023-03-23 20:04:09,5,True,1.0,2.0,False,False,0.2120228111743927,0.7876527905464172
49,4895,"tired , productive , congested",2023-03-24 11:31:18,5,True,0.0,1.0,False,False,0.18336336314678192,0.5051988959312439
49,4896,"bored , tired , sluggish",2023-03-24 15:09:49,5,True,-1.0,0.0,False,False,-1.3846677541732788,0.04748789966106415
49,4897,"okay , bored , lively",2023-03-24 20:05:49,5,True,1.0,2.0,False,False,-0.43172526359558105,0.7469084858894348
49,4898,"sluggish , fatigued , annoyed",2023-03-25 10:28:50,5,True,-1.0,0.0,False,False,-1.0584825277328491,0.2755856215953827
49,4899,"lively , active , productive",2023-03-25 15:25:07,5,True,1.0,2.0,False,False,0.9278401136398315,2.125952959060669
49,4900,"energetic , productive , motivated",2023-03-25 21:03:48,5,True,1.0,2.0,False,False,0.46956294775009155,1.8744697570800781
49,4901,"active , okay , productive",2023-03-26 20:00:43,5,True,0.0,2.0,False,False,0.4704800248146057,1.9049090147018433
49,4902,"okay , bored , lazy",2023-03-27 21:00:05,5,True,0.0,1.0,False,False,-0.9673163294792175,0.5583825707435608
49,4903,"motivated , busy , stressed",2023-03-28 11:51:28,5,True,1.0,2.0,False,False,0.08267761766910553,1.1113394498825073
49,4904,"winding down , sleepy , sluggish",2023-03-28 15:55:35,5,True,-1.0,0.0,False,False,-1.1120643615722656,0.1203291118144989
49,4932,"excited , ambitious , content",2023-06-28 10:07:00,6,True,1.0,1.0,False,False,0.9982356429100037,1.3015767335891724
49,4933,"sluggish , hot , slow",2023-06-28 16:16:09,6,True,0.0,0.0,False,False,-0.6003092527389526,0.3725290596485138
49,4934,"bored , content , fine",2023-06-28 20:20:11,6,True,1.0,0.0,False,False,-0.08023475110530853,0.6486927270889282
49,4935,"busy , motivated , productive",2023-06-29 10:00:59,6,True,1.0,2.0,False,False,0.9168618321418762,1.7697581052780151
49,4936,"lively , okay , motivated",2023-06-29 15:01:13,6,True,1.0,2.0,False,False,0.2820932865142822,1.8335415124893188
49,4937,"late , anxious , frantic",2023-06-30 12:02:41,6,True,-1.0,2.0,False,False,-0.7006227374076843,1.6424156427383423
49,4938,"hungover , tired , sluggish",2023-06-30 15:00:20,6,True,-2.0,0.0,False,False,-1.872956395149231,-0.1286763995885849
49,4939,"tired , okay , frustrated",2023-06-30 20:23:17,6,True,0.0,1.0,False,False,-1.245679259300232,0.29215773940086365
49,4940,"tired , accomplished , busy",2023-07-01 16:35:26,6,True,0.0,0.0,False,False,0.8093380331993103,0.8195635676383972
49,4941,"tired , drained , headachey",2023-07-01 20:01:50,6,True,-1.0,0.0,False,False,-1.6291512250900269,-0.2786826491355896
49,4942,"tired , sore , awake",2023-07-02 11:11:30,6,True,0.0,0.0,False,False,-0.8948460817337036,0.34055978059768677
49,4943,"tired , neutral , angry",2023-07-02 15:26:23,6,True,-1.0,0.0,False,False,-0.2072608321905136,0.6642651557922363
49,4944,"tired , okay , neutral",2023-07-02 20:01:17,6,True,0.0,1.0,False,False,-0.9309694170951843,0.021531760692596436
49,4945,"tired , drunk , anxious",2023-07-03 12:01:20,6,True,-1.0,0.0,False,False,-0.9650671482086182,0.2982870042324066
49,4946,"tired , neutral , fine",2023-07-03 17:54:28,6,True,0.0,1.0,False,False,-0.14727650582790375,0.4077692925930023
49,4947,"neutral , hungry , fine",2023-07-03 20:31:03,6,True,0.0,0.0,False,False,0.2659332752227783,1.0168893337249756
49,4948,"neutral , awake , eager",2023-07-04 10:26:47,6,True,0.0,1.0,False,False,0.6633511185646057,1.4691275358200073
49,4949,"active , busy , eager",2023-07-04 16:03:54,6,True,0.0,1.0,False,False,0.8058762550354004,1.7780860662460327
49,4950,"active , okay , anxious",2023-07-04 20:35:47,6,True,1.0,2.0,False,False,-0.20086981356143951,1.6311753988265991
49,4951,"active , busy , rushed",2023-07-05 12:00:34,6,True,0.0,2.0,False,False,-0.5041040778160095,1.3387151956558228
49,4952,"tired , achey , swamped",2023-07-06 10:04:05,6,True,-1.0,0.0,False,False,-1.547900915145874,0.3665667474269867
49,4953,"active , busy , anxious",2023-07-06 15:03:22,6,True,0.0,2.0,False,False,0.3623318076133728,1.7681124210357666
49,4954,"tired , painful , sluggish",2023-07-06 20:53:43,6,True,-2.0,0.0,False,False,-1.5421611070632935,-0.31117117404937744
49,4921,"sluggish , tired , drained",2023-07-07 12:18:01,6,True,-1.0,0.0,False,False,-1.5820361375808716,-0.22343164682388306
49,4922,"anxious , tired , busy",2023-07-07 15:18:26,6,True,-1.0,0.0,False,False,-0.5260360240936279,0.8611375689506531
49,4923,"neutral , overwhelmed , okay",2023-07-07 20:24:15,6,True,0.0,0.0,False,False,0.2353655993938446,0.8405522704124451
49,4924,"awake , neutral , tired",2023-07-08 12:14:14,6,True,0.0,1.0,False,False,0.18135005235671997,0.9466574788093567
49,4925,"exhausted , overwhelmed , unhappy",2023-07-08 22:29:10,6,True,-1.0,1.0,False,False,-1.0749222040176392,0.4218590557575226
49,4926,"active , tired , productive",2023-07-09 17:02:23,6,True,0.0,2.0,False,False,0.42836570739746094,1.2305797338485718
49,4927,"barely awake , okay , neutral",2023-07-10 10:30:07,6,True,0.0,1.0,False,False,0.008443012833595276,0.742209792137146
49,4928,"neutral , tired , okay",2023-07-10 15:05:27,6,True,0.0,1.0,False,False,-0.0268317312002182,0.10179638862609863
49,4929,"quiet , relaxing , easy",2023-07-10 21:34:30,6,True,1.0,0.0,False,False,0.9498823285102844,0.2532518804073334
49,4930,"awake , neutral , tired",2023-07-11 12:50:02,6,True,0.0,1.0,False,False,0.31250298023223877,0.8369846940040588
49,4931,"tired , drained , angry",2023-07-11 15:06:19,6,True,-1.0,0.0,False,False,-1.156813383102417,0.2748693525791168
53,5224,"Excited , Calm , Focused",2021-06-08 12:01:16,1,True,2.0,0.0,False,False,1.5080757141113281,1.0234642028808594
53,5225,"Excited , Happy , Motivated , Anxious",2021-06-09 12:04:41,1,True,2.0,1.0,False,False,1.5417827367782593,1.3649791479110718
53,5226,"Tired , Sluggish , Busy",2021-06-10 12:03:14,1,True,0.0,1.0,False,False,-0.46299856901168823,0.3243747651576996
53,5227,"Excited , Anxious , Indecisive",2021-06-10 17:07:49,1,True,1.0,2.0,False,False,1.4269049167633057,1.5003169775009155
53,5228,"Happy , Curious , Calm",2021-06-11 12:18:55,1,True,2.0,0.0,False,False,1.4599858522415161,0.8674414753913879
53,5229,"Calm , Satisfied , Lazy",2021-06-12 12:28:02,1,True,0.0,1.0,False,False,1.8302232027053833,0.3789615333080292
53,5245,"Tired , Happy , At ease , Comfortable",2022-01-25 10:05:20,2,True,2.0,0.0,False,False,0.7715020775794983,0.5341919660568237
53,5246,"Calm , Content , Ready for work",2022-01-25 15:22:13,2,True,1.0,2.0,False,False,0.7320766448974609,0.7494576573371887
53,5247,"Content , Accomplished , Hopeful",2022-01-25 22:50:22,2,True,1.0,1.0,False,False,1.1767514944076538,0.9341794848442078
53,5248,"Tired , Lazy , Calm",2022-01-26 10:34:59,2,True,-1.0,0.0,False,False,-0.025835707783699036,0.34118932485580444
53,5249,"Content , Calm , Happy",2022-01-26 16:57:06,2,True,2.0,0.0,False,False,1.3731646537780762,0.7603483200073242
53,5250,"Happy , Calm , Bored",2022-01-26 20:02:26,2,True,1.0,2.0,False,False,1.5083519220352173,0.8828694224357605
53,5251,"Tired , Stuffy nose , Content",2022-01-27 11:34:44,2,True,1.0,0.0,False,False,-1.105135440826416,0.6948673129081726
53,5252,"Motivated , Ready , Hurried",2022-01-27 15:34:07,2,True,1.0,2.0,False,False,0.23421861231327057,1.3630659580230713
53,5253,"Bored , Content , Worried",2022-01-27 20:06:39,2,True,1.0,1.0,False,False,0.0206831693649292,1.2743924856185913
53,5254,"Just woke up , Content , Calm",2022-01-28 10:11:52,2,True,0.0,1.0,False,False,0.5263131260871887,0.49337437748908997
53,5255,"Sore , Content , Just alright",2022-01-28 15:03:00,2,True,1.0,1.0,False,False,-0.47300469875335693,0.6110867857933044
53,5256,"Accomplished , Happy , Content",2022-01-28 22:42:06,2,True,1.0,1.0,False,False,1.37821364402771,1.0726217031478882
53,5257,"Ready for the weekend , Excited , Chill",2022-01-29 10:37:41,2,True,2.0,2.0,False,False,0.6795854568481445,0.937699556350708
53,5258,"Excited , Ready , Anxious",2022-01-29 15:20:45,2,True,2.0,2.0,False,False,0.813485324382782,1.358477234840393
53,5259,"Excited , Calm , Ready",2022-01-29 22:44:32,2,True,1.0,1.0,False,False,1.4248026609420776,0.8211363554000854
53,5260,"Happy , Excited , Content",2022-01-30 15:00:46,2,True,1.0,2.0,False,False,1.7676074504852295,1.3072658777236938
53,5261,"Happy , Excited , Content",2022-01-31 10:55:35,2,True,1.0,1.0,False,False,1.740157127380371,1.002077579498291
53,5262,"Calm , Relaxed , Happy",2022-01-31 15:04:42,2,True,1.0,1.0,False,False,1.7587296962738037,0.42352616786956787
53,5263,"Calm , Content , Bored",2022-02-02 21:17:04,2,True,1.0,1.0,False,False,0.8153444528579712,0.46039626002311707
53,5230,"Tired , Quiet , Calm",2022-02-03 11:18:11,2,True,0.0,1.0,False,False,0.041708216071128845,0.48605620861053467
53,5231,"Rushed , Anxious , Content",2022-02-03 15:00:47,2,True,1.0,1.0,False,False,0.5815060138702393,1.508182168006897
53,5232,"Bored , Calm , Unbothered",2022-02-03 20:37:00,2,True,1.0,1.0,False,False,0.0891135185956955,0.5893217325210571
53,5233,"Tired , Unmotivated , Restless",2022-02-04 10:34:44,2,True,-2.0,0.0,False,False,-1.2511569261550903,0.4396017789840698
53,5234,"Rushed , Ready , Stressed",2022-02-04 15:02:27,2,True,1.0,2.0,False,False,0.750913679599762,1.4015660285949707
53,5235,"Bored , Content , Happy",2022-02-04 20:34:07,2,True,1.0,1.0,False,False,1.2548037767410278,0.6159982681274414
53,5236,"Tired , Lazy , Calm",2022-02-05 11:26:01,2,True,-2.0,0.0,False,False,-0.9734101891517639,-0.17807425558567047
53,5237,"Sluggish , Tired , Calm",2022-02-05 15:03:06,2,True,1.0,0.0,False,False,-0.8709367513656616,-0.00031099491752684116
53,5238,"Tired , Drained , Sleepy",2022-02-06 11:12:24,2,True,0.0,1.0,False,False,-0.3169090151786804,0.27312058210372925
53,5239,"Happy , Content , Hyper",2022-02-06 20:04:58,2,True,1.0,1.0,False,False,1.607401967048645,1.0533512830734253
53,5240,"Calm , Happy , Content",2022-02-07 11:23:10,2,True,0.0,1.0,False,False,1.471840262413025,0.40652215480804443
53,5241,"Happy , Lively , Active",2022-02-07 16:53:55,2,True,2.0,1.0,False,False,1.6267329454421997,1.3196667432785034
53,5242,"Tired , Sluggish , Calm",2022-02-08 11:35:52,2,True,-1.0,0.0,False,False,-0.7757139801979065,0.08521886169910431
53,5243,"Tired , Sluggish , Unmotivated",2022-02-08 15:05:00,2,True,-1.0,0.0,False,False,-1.260717749595642,0.27414095401763916
53,5244,"Happy , Calm , Relaxed",2022-02-08 20:14:11,2,True,1.0,1.0,False,False,2.0653810501098633,0.3569848835468292
70,4840,"Good , content , excited , satisfied , reflective",2024-10-31 12:37:43,7,True,0.0,1.0,False,False,2.060563564300537,0.622759997844696
70,4841,"peaceful , excited , focused , satisfied , happy",2024-10-31 17:12:48,7,True,1.0,1.0,False,False,1.7453497648239136,0.6316095590591431
70,4842,"Have been feeling normal and good , have been trying to sleep after coming from work today and people around me have nor been able to sleep because they have been watching movie in my room since so I wasn ' t able to sleep .",2024-10-31 22:03:33,7,False,0.0,1.0,False,False,0.7935338020324707,0.42496493458747864
70,4843,"calm , quiet , peaceful , satisfied , calm",2024-11-01 12:10:18,7,True,0.0,0.0,False,False,1.9772781133651733,-0.17429517209529877
70,4844,"I ' m just feeling happy because my day was good and I saw somethings that really impressed me today , I wasn ' t even expecting anything good today but unfortunately it happens ,   so I ' m grateful for that .",2024-11-01 22:08:12,7,False,1.0,1.0,False,False,1.8509546518325806,0.7482407689094543
70,4845,"I ' m just feel okay with everything around me , I ' m just feeling normal today , I ' m also trying to maintain my steez , I don ' t want anything that will spoil my day so avoiding anything called problem today .",2024-11-02 12:55:02,7,False,0.0,1.0,False,False,1.590181827545166,0.13833431899547577
70,4846,"lonely , quiet , gentle , calm , bored",2024-11-02 22:08:54,7,True,0.0,0.0,False,False,-0.1927611380815506,0.5843445658683777
70,4847,I ' m just feeling Good and happy because I met a beautiful damsel that really likes me and she has been complimenting me since and I really like too I wish to be with her for the rest of the day she really respect me alot .,2024-11-03 12:15:23,7,False,1.0,1.0,False,False,1.0087627172470093,1.1890408992767334
70,4848,"happy , calm , amusement , love , calm",2024-11-03 17:15:36,7,True,0.0,1.0,False,False,1.6400624513626099,1.0779892206192017
70,4849,"I ' m feeling normal , I didn ' t really feel anything today but we experienced any bad thing today nothing has changed my day from good to bad , and nothing has really make my day to be that Interesting . Everything has been in a normal condition .",2024-11-03 22:08:50,7,False,0.0,1.0,False,False,1.1454823017120361,-0.11957873404026031
70,4851,"happy , awesome , Good , nice , calm",2024-11-04 12:11:31,7,True,1.0,1.0,False,False,2.26822566986084,0.8556457161903381
70,4852,"loved , excited , cool , content , nice",2024-11-04 17:08:36,7,True,0.0,1.0,False,False,2.2122387886047363,0.8642619848251343
70,4853,"relaxed , nervous , confused , overwhelmed , lonely",2024-11-04 22:08:27,7,True,0.0,1.0,False,False,0.4137163758277893,0.5162066221237183
70,4854,"active , cool , reserved , content , joyful",2024-11-05 12:09:49,7,True,0.0,2.0,False,False,0.7667515277862549,0.9857957363128662
70,4855,"nervous , proud , grateful , content , relaxed",2024-11-05 17:02:55,7,True,0.0,1.0,False,False,0.8553274273872375,1.0219846963882446
70,4856,"I ' m feeling good and active , I ' m just trying to observe everything and around Me . And make I ' m also doing what is right , and keep people around me active , and try to make everything around me to feel good , no bad energy .",2024-11-05 22:10:50,7,False,0.0,2.0,False,False,0.7558199167251587,1.481653094291687
70,4857,"I ' m active watching some online videos so that I can gain more experience about the new thing I want to start doing , I ' m about to start learning some new thing to expand my knowledge and have been working towards that lately .",2024-11-06 17:28:52,7,False,0.0,2.0,False,False,-0.17218191921710968,1.6046695709228516
70,4858,"I ' m just feeling good and also feeling like I want to sleep , I have rested I ' m just moving from one task to another so that I will be able to finish my task for the week , so that I will be able to enjoy my weekend and have time to rest .",2024-11-06 22:01:53,7,False,0.0,2.0,False,False,0.43200451135635376,0.4877873957157135
70,4859,"I ' m feeling active , my eyes are opened and I ' m looking sharp , because I ' m feeling dull and calm at all , have try to play some online games with my old school friends but have winning since so they are just wondering , hoe I ' m so good in all those games .",2024-11-07 17:49:27,7,False,0.0,2.0,False,False,0.662856936454773,1.1289770603179932
70,4860,"uncertain , eager , restless , astonished , agitated",2024-11-07 22:10:53,7,True,0.0,1.0,False,False,-0.19804157316684723,1.5192939043045044
70,4861,"active , satisfied , secured , hopeful , Good",2024-11-08 12:24:33,7,True,0.0,2.0,False,False,1.4657922983169556,1.172121286392212
70,4862,"content , patient , good , appreciated , nice",2024-11-08 17:15:16,7,True,0.0,1.0,False,False,1.4405455589294434,0.5491674542427063
70,4863,"I ' m just feeling chilled and relaxed , have got some chilled drink with me to calm myself down and been playing some interesting movie so that I will be able to calm my head down , and the movie that I ' m watching is so interesting .",2024-11-08 22:12:25,7,False,0.0,1.0,False,False,0.7949707508087158,0.062222883105278015
70,4864,"Good , content , hopeful , nice , better",2024-11-09 12:28:09,7,True,0.0,1.0,False,False,1.4781798124313354,0.7734810709953308
70,4865,"dizzy , cool , content , hopeful , calm",2024-11-09 17:03:33,7,True,0.0,1.0,False,False,0.5080640912055969,0.9275601506233215
70,4866,"good , nice , content , okay , joyful",2024-11-09 22:10:05,7,True,0.0,1.0,False,False,1.5583698749542236,0.9552895426750183
70,4867,"protective , relived , disgurt , calm , good",2024-11-10 12:52:41,7,True,0.0,1.0,False,False,1.392457365989685,0.9293385148048401
70,4868,"quiet , curious , gentle , calm , focused",2024-11-10 17:45:48,7,True,0.0,0.0,False,False,0.5918582677841187,0.6603361964225769
70,4869,"active , energized , reflective , focused , grateful",2024-11-10 22:06:50,7,True,0.0,2.0,False,False,0.7433850169181824,1.4879900217056274
70,4870,"I ' m just feeling too calm , because I don ' t really have energy to do much work today , and my friends at work has been telling me that I ' m looking dull and acting sluggishly but I think I ' m just having low energy .",2024-11-11 12:47:51,7,False,0.0,0.0,False,False,0.9158373475074768,0.16913875937461853
70,4871,"overwhelmed , tired , hopeful , curious , content",2024-11-11 17:43:24,7,True,0.0,1.0,False,False,-0.37518757581710815,0.7346457242965698
70,4872,"I ' m feeling active right now , I went to a store to get some drugs for myself so that I will be able to look sharp and stay sharp even though it took me sometime before I could get it because I can not find it in any nearest store .",2024-11-11 22:07:29,7,False,0.0,2.0,False,False,0.1106378510594368,1.3435813188552856
70,4955,"grateful , anxious , hopeful , imspired , curious",2024-11-12 17:22:10,7,True,0.0,1.0,False,False,0.600330650806427,1.3588600158691406
70,4956,"I ' m just feeling normal but I think I need to relax because have been working since and I did not feel like I ' m tired yet , I still have the energy to work more today but I do not want to over work myself today so that I will be able to wake early tomorrow .",2024-11-12 22:05:49,7,False,0.0,1.0,False,False,0.10999615490436554,0.3644031584262848
70,4957,"relaxed , cool , nice , calm , joyful",2024-11-13 12:42:08,7,True,0.0,1.0,False,False,1.41010582447052,0.4981786012649536
70,4958,"jovial , active , good , nice , content",2024-11-13 17:32:50,7,True,0.0,1.0,False,False,1.4995051622390747,1.4219046831130981
70,4959,"I ' m just feeling normal and quiet , have playing game ever since have came back from work and have abandoned something I ' m suppose to do at at home because I want to play game , I was suppose to cook bit I didn ' t .",2024-11-13 22:07:25,7,False,0.0,1.0,False,False,0.2967722415924072,0.2769487798213959
110,1929,"I ' m sick with a cold , so taking it easy and focused in relaxing and healing . I ' m feeling content and mellow . I feel like I can just focus on what I need to today and not take on any additional worries or stress .",2024-10-23 12:33:46,7,False,1.0,0.0,False,False,0.19233030080795288,-0.31875094771385193
110,1937,I ' m tired and low energy but feeling peaceful and quiet in nature right now . I ' m excited and happy about my plans for tonight and feeling grateful for a positive day so far . I ' m currently enjoying being still and in solitude .,2024-10-25 17:00:33,7,False,-1.0,0.0,False,False,0.7952435612678528,0.180523082613945
110,1939,"I feel like I have a busy , somewhat demanding day and feel a bit frazzled because of it . I ' m juggling a lot of needs . I ' m also feeling happy and pleased with our plans for today . My heart feels full and I ' m excited for the day .",2024-10-26 12:12:18,7,False,1.0,0.0,False,False,-0.21067798137664795,1.0935453176498413
110,1946,I ' m having a busy morning and juggling a lot and feeling excited and a bit overwhelmed . I am feeling rushed and hyper . I ' m a little nervous for my packed day but I feel responsible and competent . I feel like I can handle today .,2024-10-28 12:46:58,7,False,0.0,2.0,False,False,-0.7666460871696472,1.4055633544921875
110,1948,"I ' m tired and low energy after a long , busy day . My body is sore and I ' m fatigued and worried about it getting worse . I ' m feeling slow and decisive about how I want to intentionally spend my remaining energy for the night .",2024-10-28 22:01:27,7,False,-1.0,0.0,False,False,-1.5440703630447388,-0.028014779090881348
110,1949,"I ' m feeling busy and happy . I ' m feeling a little frustrated and incompetent with a project . I ' m overall hopeful and focused , especially as I have a full plate . I feel caring and gentle with the people I love .",2024-10-29 17:00:36,7,False,1.0,1.0,False,False,0.6652336120605469,1.1336661577224731
110,1950,"I ' m tired and dragging after a long , busy day . I ' m feeling a little burned out and slow , but my heart is also full and I feel grateful for what I have and a good day . I ' m feeling present and grounded .",2024-10-29 22:33:20,7,False,0.0,1.0,False,False,-1.4771815538406372,-0.22155579924583435
110,1955,"I ' m excited and happy for today ' s plans . I ' m feeling energetic and ready for the day . I ' m feeling grateful , thankful and busy . I ' m feeling especially caring and thoughtful towards my loved ones today .",2024-10-31 12:46:11,7,False,1.0,1.0,False,False,1.4147577285766602,1.443668007850647
110,1956,"I feel occupied , busy and happy . I ' m excited about the day and enjoying myself and the company of others . I ' m feeling busy in a good , positive way . I ' m feeling good energy and surrounded by joy and companionship .",2024-10-31 17:05:28,7,False,2.0,1.0,False,False,1.7393771409988403,1.6904643774032593
110,1958,"My heart is full and I feel caring and thoughtful . I am tired from a long day yesterday so I ' m feeling slow and exhausted . I ' m feeling a little nervous about responsibilities later today , but I am overall hopeful that I am capable of handling them .",2024-11-01 12:40:12,7,False,-1.0,0.0,False,False,0.1752791702747345,1.0506705045700073
110,1959,I am feeling wholesome and cozy and safe at home . I ' m tired after an overstimulating day and I am happy to be in my own space and calm . I am busy puttering around and content with feeling sleepy after a long day .,2024-11-01 22:00:58,7,False,0.0,0.0,False,False,1.2274235486984253,0.022510409355163574
110,1960,"I am feeling tired , low energy and unmotivated after a poor night ' s sleep and beginning to feel sick . I am having to push myself to take care of my responsibilities . I am hopeful that I will get some rest today .",2024-11-02 12:05:54,7,False,-2.0,0.0,False,False,-1.2392293214797974,-0.21925495564937592
110,1967,"I am feeling busy , happy and content this evening . I am feeling engaged and cozy in my home and feeling connected with my family . I am feeling safe and relaxed and enjoying this day , and feeling present in the moment .",2024-11-03 22:03:30,7,False,1.0,1.0,False,False,1.7502648830413818,0.83975750207901
110,1971,"I am feeling happy , amused and occupied . I am feeling entertained and engaged . I am happy and feeling silly . I am enjoying the company that I am with and feeling gregarious and friendly . I am looking forward a relaxing evening tonight .",2024-11-05 17:16:02,7,False,1.0,1.0,False,False,1.5754458904266357,1.1900027990341187
110,1930,"Sleepy , Sick , Relaxed , Mellow , Sentimental",2024-10-23 17:24:56,7,True,-1.0,0.0,False,False,-0.35253721475601196,-0.04611167311668396
110,1931,"Calm , Focused , Tired , Sick , Thankful",2024-10-23 22:01:14,7,True,-1.0,0.0,False,False,0.7691095471382141,0.3948914408683777
110,1933,"Sick , Tired , Rushed , Stressed , Unbalanced",2024-10-24 12:02:33,7,True,-2.0,0.0,False,False,-1.2123137712478638,0.16513492166996002
110,1934,"Engaged , Warm , Happy , Interested , Active",2024-10-24 17:04:32,7,True,2.0,1.0,False,False,1.0446499586105347,1.3386086225509644
110,1935,"Fluttery , Busy , Distracted , Content , Sleepy",2024-10-24 22:08:45,7,True,1.0,0.0,False,False,0.38966596126556396,1.325173258781433
110,1936,"Tired , Pensive , Busy , Slow , Uninterested",2024-10-25 12:32:30,7,True,-1.0,0.0,False,False,-0.347724974155426,0.4806174337863922
110,1938,"Chill , Focused , Thoughtful , Creative , Calm",2024-10-25 22:32:58,7,True,1.0,0.0,False,False,0.7938718199729919,0.7442566752433777
110,1940,"Happy , Active , Engaged , Interested , Curious",2024-10-26 17:57:59,7,True,1.0,1.0,False,False,1.0148521661758423,1.4238587617874146
110,1941,"Indifferent , Mellow , Sluggish , Pensive , Distracted",2024-10-26 22:43:35,7,True,0.0,1.0,False,False,-0.42421823740005493,0.7581865191459656
110,1942,"Defeated , Exhausted , Down , Overwhelmed , Annoyed",2024-10-27 12:34:14,7,True,-1.0,1.0,False,False,-1.3805814981460571,0.2601717710494995
110,1944,"Busy , Happy , Creative , Silly , Playful",2024-10-27 17:41:42,7,True,1.0,1.0,False,False,1.2347369194030762,1.4485554695129395
110,1945,"Occupied , Focused , Goaloriented , Active , Competent",2024-10-27 22:20:41,7,True,1.0,1.0,False,False,-0.31006067991256714,1.2332966327667236
110,1947,"Calm , Indifferent , Hungry , Tender , Even",2024-10-28 17:51:41,7,True,0.0,1.0,False,False,0.6020165681838989,0.87305748462677
110,1951,"Happy , Focused , Busy , Excited , Irritated",2024-10-30 12:07:25,7,True,1.0,1.0,False,False,1.0897847414016724,1.485079288482666
110,1952,"Overwhelmed , Pessimistic , Bummed Out , Down , Defeated",2024-10-30 17:45:36,7,True,-1.0,1.0,False,False,-1.2802867889404297,0.6393356323242188
110,1953,"Calm , Content , Chill , Dutiful , Caring",2024-10-30 22:11:05,7,True,1.0,0.0,False,False,0.816840648651123,0.8060744404792786
110,1957,"Exhausted , Pooped , Fatigued , Slow , Sluggish",2024-10-31 22:56:53,7,True,-1.0,0.0,False,False,-1.4885836839675903,0.24898599088191986
110,1965,"Drained , Bored , Uninspired , Zoned Out , Tired",2024-11-02 22:14:52,7,True,0.0,0.0,False,False,-2.047577142715454,-0.09508341550827026
110,1966,"Easygoing , Still , Mellow , Introspective , Content",2024-11-03 17:23:31,7,True,0.0,1.0,False,False,1.1590362787246704,0.792808473110199
110,1968,"Peaceful , Focused , Patient , Understanding , Calm",2024-11-04 22:05:04,7,True,1.0,0.0,False,False,1.4659417867660522,0.443866103887558
110,1970,"Hopeful , Energized , Grateful , Reflective , Unstoppable",2024-11-05 12:25:28,7,True,1.0,1.0,False,False,1.047440528869629,1.5015031099319458
110,1972,"On edge , Nervous , Anxious , Pensive , Worried",2024-11-05 22:35:55,7,True,-1.0,2.0,False,False,-0.8158720135688782,1.4963264465332031
135,3154,"Right now , I’m feeling a mix of excitement and a bit of anxiety . There’s so much going on in my life—projects at work , personal goals , and trying to maintain a balance between everything . The excitement comes from the opportunities ahead , especially with a few upcoming events that I’m looking forward to .",2024-10-26 17:05:20,7,False,0.0,2.0,False,False,0.48002320528030396,1.612322449684143
135,3155,"ChatGPT 4o mini \ n \ nLog in \ nYou said :\ nHi \ nChatGPT said :\ nChatGPT \ nHi there ! How can I assist you today ?\ n \ n \ n \ nYou said :\ nProvide a likely human response to this question \nChatGPT said :\ nChatGPT \ nSure ! What question would you like a human response for ?\ n \ n \ n \ nYou said :\ nplease describe in 2 to 3 sentences how you are currently feeling . (200 words minimum) \ nChatGPT said :\ nChatGPT \ nRight now , I feel a mix of excitement and curiosity . There ' s a sense of anticipation for what the day might bring , alongside a desire to connect and share thoughts with others . I’m also reflecting on recent experiences , which adds a layer of introspection to my mood . Overall , it ' s a dynamic blend of emotions that keeps me engaged with the world around me .\ n \ nIf I were to expand on that , I’d say that excitement often drives me to seek new opportunities and experiences , while curiosity pushes me to explore ideas and learn more . It ' s a reminder of how varied our feelings can be , and how they shape our interactions and perceptions . Engaging with others , whether",2024-10-26 22:02:33,7,False,0.0,1.0,False,False,0.47191494703292847,1.4583736658096313
135,3156,"I ' m currently feeling a mix of curiosity and contentment . There’s a sense of excitement as I engage with different topics and ideas , and I appreciate the opportunity to connect with others . The exchange of thoughts keeps me motivated and eager to learn more , which adds a layer of fulfillment to my day .",2024-10-27 12:06:46,7,False,1.0,2.0,False,False,1.331375241279602,1.3220410346984863
135,3160,"I’m feeling really happy right now ! Everything seems to be falling into place , and I’ve been enjoying quality time with friends and family . The little things , like a beautiful day outside or a good book , have been bringing me so much joy .",2024-10-28 12:12:19,7,False,2.0,1.0,False,False,1.498523473739624,1.1886690855026245
135,3161,"Right now , I’m feeling a mix of excitement and a bit of anxiety . There’s so much going on in my life—projects at work , personal goals , and trying to maintain a balance between everything . The excitement comes from the opportunities ahead , especially with a few upcoming events that I’m looking forward to .",2024-10-28 17:27:44,7,False,1.0,2.0,False,False,0.21272580325603485,1.4574873447418213
135,3162,"Currently , I ' m feeling quite calm . It’s as if the chaos of the day has settled , and I can finally breathe . I’ve taken some time to reflect and focus on the present , which has helped me find clarity amidst any lingering worries . The gentle rhythm of my surroundings adds to this sense of tranquility , making it easier to appreciate the little things .",2024-10-29 12:03:18,7,False,2.0,0.0,False,False,1.6199132204055786,0.3336201608181
135,3164,"Right now , i feel sluggishly calm . It’s one of those days where everything feels slow , and I’m just going with the flow . I’m enjoying the quiet , but there’s also a heaviness in my limbs that makes it hard to get motivated . It’s nice to relax , but I can’t help but feel like I should be doing more .",2024-10-29 22:10:52,7,False,-2.0,0.0,False,False,-0.04253603518009186,0.5844405889511108
135,3167,"I’m feeling really upbeat today ! The sun is shining , and I’ve got a sense of energy that makes everything seem possible . It’s one of those days where even the little things bring joy—like a good cup of coffee or a catchy song on the phone .",2024-10-30 22:03:30,7,False,1.0,1.0,False,False,1.2770637273788452,1.706917405128479
135,3175,"I’m feeling optimistic these days . There’s a sense of hopefulness about the future , and I’m excited about the possibilities that lie ahead . Whether it’s personal projects or new opportunities at work , I believe that positive change is just around the corner .",2024-11-02 12:44:14,7,False,2.0,2.0,False,False,1.8136881589889526,1.5965114831924438
135,3176,"I’m feeling pretty upbeat today ! There’s an exciting energy in the air that makes everything feel a bit brighter . I’ve been enjoying some good moments , like connecting with friends and diving into new projects that spark my creativity .",2024-11-02 22:05:17,7,False,1.0,2.0,False,False,1.4985320568084717,1.4680469036102295
135,3178,"I’m feeling pretty upbeat today ! There’s an exciting energy in the air that makes everything feel a bit brighter . I’ve been enjoying some good moments , like connecting with friends and diving into new projects that spark my creativity .",2024-11-03 17:03:43,7,False,1.0,1.0,False,False,1.2502809762954712,1.4397406578063965
135,3180,"At the moment , I feel a deep sense of calm that envelops me like a gentle breeze . This tranquility allows me to fully appreciate the present , as if time has slowed down just enough for me to take everything in .",2024-11-03 22:03:52,7,False,2.0,0.0,False,False,1.4679598808288574,0.306486040353775
135,3182,"I’m feeling pretty upbeat today ! There’s an exciting energy in the air that makes everything feel a bit brighter . I’ve been enjoying some good moments , like connecting with friends and diving into new projects that spark my creativity .",2024-11-04 17:13:01,7,False,2.0,1.0,False,False,1.2582530975341797,1.896926760673523
135,3187,"Right now , I’m feeling really happy . There’s a sense of contentment and calmness that’s filling my mind , and it feels good to just be in the moment . It’s a type of happiness that comes from within nothing extravagant , but still fulfilling .",2024-11-06 17:11:56,7,False,1.0,1.0,False,False,1.9096598625183105,0.8694053292274475
135,3192,"Right now , I’m feeling really active and full of energy . There’s this buzz of motivation running through me , and I just want to keep moving—whether it’s tackling tasks or going for a workout . My body feels alert , like it’s ready to take on whatever comes my way . I’m not exactly sure what sparked this energy , but it’s a great feeling . I’m definitely in the zone , and everything around me feels like it has more potential .",2024-11-08 22:09:29,7,False,0.0,2.0,False,False,1.2946584224700928,2.0552968978881836
135,3153,"Active , Energetic , Happy , Amazing , Superb",2024-10-26 12:06:15,7,True,0.0,2.0,False,False,1.013149380683899,1.664468765258789
135,3158,"Calm , Reserved , Somewhat happy , Amazed , Cool",2024-10-27 17:07:52,7,True,2.0,0.0,False,False,0.876401960849762,0.7331733703613281
135,3159,"Slow , Dizzy , Sluggish , Tired , Neutral",2024-10-27 22:01:27,7,True,-2.0,0.0,False,False,-0.4491616487503052,0.7647499442100525
135,3163,"active , cool , unique , splendid , superb",2024-10-29 17:15:04,7,True,0.0,2.0,False,False,0.33158451318740845,1.4566075801849365
135,3165,"Active , Lively , sharp , Good , Astonished",2024-10-30 12:22:02,7,True,1.0,2.0,False,False,1.0445137023925781,1.5963703393936157
135,3166,"Lively , Active , Happy , Contented , Tireless",2024-10-30 17:43:04,7,True,1.0,2.0,False,False,1.2003885507583618,1.7653464078903198
135,3169,"Happy , Active , Cool , Superb , Elevated",2024-10-31 12:19:25,7,True,1.0,1.0,False,False,1.3389523029327393,1.671447515487671
135,3170,"Happy , Cool , Splendid , Special , Superb",2024-10-31 17:09:24,7,True,1.0,2.0,False,False,1.3619695901870728,1.2041765451431274
135,3171,"Neutal , Relief , Calm , Reserved , Cool",2024-10-31 22:19:02,7,True,0.0,1.0,False,False,0.5937990546226501,0.903992235660553
135,3172,"cool , Neutral , Fine , Splendid , Reserved",2024-11-01 12:03:05,7,True,0.0,2.0,False,False,0.6091980934143066,1.0790276527404785
135,3173,"Cool , Happy , Active , Superb , Amazed",2024-11-01 17:15:21,7,True,0.0,2.0,False,False,1.334243893623352,1.672961950302124
135,3174,"Happy , Cool , Lively , Active , Sensitive",2024-11-01 22:17:40,7,True,1.0,1.0,False,False,1.450184941291809,1.8023773431777954
135,3177,"Cool , Active , Reserved , Happy , Joyfull",2024-11-03 12:49:25,7,True,0.0,2.0,False,False,1.5302252769470215,1.4435523748397827
135,3181,"Happy , Cool , Active , Reserved , Calm",2024-11-04 12:56:35,7,True,0.0,2.0,False,False,1.3491944074630737,1.2927290201187134
135,3183,"Fantastic , Happy , Active , Lively , Cool",2024-11-04 22:05:01,7,True,2.0,2.0,False,False,1.2324990034103394,1.3461415767669678
135,3184,"Active , Cool , Happy , Good , Special",2024-11-05 12:25:53,7,True,2.0,1.0,False,False,0.8269894123077393,1.5523948669433594
135,3185,"Reserved , Active , Happy , Cool , Amazed",2024-11-05 17:10:41,7,True,0.0,2.0,False,False,0.8083583116531372,1.21274995803833
135,3186,"Good , Happy , Active , Cool , Reserved",2024-11-06 12:43:22,7,True,1.0,1.0,False,False,1.7175796031951904,1.2172117233276367
135,3188,"Cool , Reserved , Neutral , Calm , Normal",2024-11-07 17:49:07,7,True,0.0,1.0,False,False,0.6819505095481873,0.7439356446266174
135,3189,"Active , Lively , Happy , Cool , Fine",2024-11-08 12:02:25,7,True,1.0,2.0,False,False,1.1971229314804077,1.9052507877349854
135,3191,"happy , active , cool , reserved , fine",2024-11-08 17:29:25,7,True,0.0,2.0,False,False,1.3445848226547241,2.0242719650268555
118,2431,"I ' m sleepy , A little apprehensive about tomorrow being Monday , and it will be a long week . But I ' m mostly relaxed . I ' m ready to go to bed and hope to sleep well . One of my kids goes on a trip tomorrow so I ' ll miss her .",2024-09-22 22:59:13,7,False,0.0,0.0,False,False,-0.7892584204673767,-0.02480269968509674
118,2432,"I feel ok but a little tired . I was awake early , getting the kids ready for the day . Work is a bit annoying . I ' m trying to also get some exercise in soon but am not super motivated . Looking forward to the workday being over .",2024-09-23 12:06:03,7,False,-1.0,0.0,False,False,-0.906839907169342,0.23856867849826813
118,2433,"I feel pretty ok . Am outside in nice fall weather , my kid is playing . I ' m a bit tired , it being the afternoon . But I ' m not in a bad mood and feel relatively peaceful .   Looking forward to a quiet evening",2024-09-23 17:10:44,7,False,-2.0,0.0,False,False,0.9493458867073059,0.4602985382080078
118,2434,"calm , tired , relaxed , sore , fine",2024-09-23 22:04:13,7,True,1.0,1.0,False,False,0.7256062030792236,0.15856941044330597
118,2435,"Fine , Hungry , Bit of a headache , Impatient , Average",2024-09-24 12:02:53,7,True,0.0,1.0,False,False,0.1700911819934845,0.8225308656692505
118,2436,"I feel fine , pretty peaceful and calm . Trying to think ahead to what remains of the day , dinner and finishing work . Sitting outside and the weather is nice so that makes me feel good . Not feeling too overwhelmed .",2024-09-24 17:03:02,7,False,1.0,1.0,False,False,1.3435307741165161,0.41393381357192993
118,2438,"relaxed , calm , sleepy , fine , ok",2024-09-24 22:14:38,7,True,1.0,1.0,False,False,0.7389798164367676,0.2814229726791382
118,2439,"fairly alert , active , calm , a bit anxious , ready for the day",2024-09-25 12:00:45,7,True,0.0,1.0,False,False,0.6338658928871155,1.4253177642822266
118,2440,"I feel fine . I am happy my kid is home from her trip . I am also a bit overwhelmed with work , as usual . Wish I had more energy . But I am not in a bad mood . Overall feeling pretty ok , ready for the rest of my day .",2024-09-25 17:00:40,7,False,0.0,1.0,False,False,0.7436707615852356,0.8254533410072327
118,2441,"fine , relieved , calm , sleepy , hungry",2024-09-25 22:02:47,7,True,1.0,0.0,False,False,0.8622251749038696,0.24573823809623718
118,2442,"Pretty good , Small headache , I have some energy , Pleased its almost the weekend , Relaxed",2024-09-26 12:00:45,7,True,1.0,1.0,False,False,1.1889266967773438,0.4058777391910553
118,2443,"have a headache , a bit worried I ' m sick , a bit sleepy , calm , fine",2024-09-26 17:08:33,7,True,0.0,0.0,False,False,0.03129611909389496,0.6781682372093201
118,2444,"good , calm , relaxed , relieved , chill",2024-09-26 22:00:49,7,True,1.0,1.0,False,False,1.43089759349823,0.07971186935901642
118,2445,"pretty good , happy it is Friday , busy , wanting to get a lot done , mood is good",2024-09-27 12:01:20,7,True,1.0,1.0,False,False,0.7987073063850403,0.9850403070449829
118,2446,I am happy that it ' s Friday and I ' m almost done with work . I am looking forward to this weekend . I   feeling somewhat relaxed and happy . I am slightly stressed with work but trying to ignore the stress .,2024-09-27 17:04:09,7,False,1.0,1.0,False,False,1.0881849527359009,0.9293816089630127
118,2447,"I am feeling fine , calm . It ' s Friday which is a relief . Looking forward to our weekend plans . A bit tired and sleepy , ready for bed soon . Relaxing on the couch and watching tv is nice . A small headache .",2024-09-27 22:23:09,7,False,1.0,1.0,False,False,1.2205613851547241,0.37696054577827454
118,2450,"good , relaxed , energetic , excited , calm",2024-09-28 12:40:33,7,True,1.0,2.0,False,False,1.4139642715454102,0.8892180919647217
118,2451,Very nervous . My car is acting up and we ' re trying to get home from an hour away . i am just hoping we get home safely . We had a very nice day otherwise and i was in a good mood until the car started acting weird .,2024-09-28 17:10:34,7,False,-1.0,2.0,False,False,-0.8775210380554199,1.1397581100463867
118,2452,"relaxed , calm , sleepy , sore , ok",2024-09-28 22:54:32,7,True,1.0,1.0,False,False,0.650661289691925,0.14944523572921753
118,2453,"I am feeling fine this morning . We have a lot to do so I ' m trying to stay motivated ,   and trying to stay calm as we have some things to deal with (car , cleaning , planning) . But generally feel ready for the day and ready to get some time to relax later",2024-09-29 12:03:14,7,False,1.0,1.0,False,False,0.8394879102706909,0.7268067598342896
118,2454,"quiet , settled , rested , lazy , slow",2024-09-29 17:00:45,7,True,0.0,0.0,False,False,1.355895757675171,-0.23753704130649567
118,2455,"competitive , silly , sleepy , goofy , fine",2024-09-29 22:01:30,7,True,1.0,1.0,False,False,-0.24724315106868744,1.3643747568130493
118,2456,I am feeling a bit stressed out with work and with a busy couple of weeks coming up . I just feel like there ' s too much to do and not nearly enough time . I am trying to remain calm and will try to exercise soon to hopefully bring down my stress and anxiety,2024-09-30 12:00:39,7,False,-1.0,2.0,False,False,-0.605140745639801,0.9430471062660217
118,2457,"I am outside so that is improving my mood . I am a little less stressed than I was this morning , but am worried I might be getting sick , in advance of 2 very busy weeks . But it is very nice out and I am taking a little break from work , and so feel ok",2024-09-30 17:00:43,7,False,0.0,0.0,False,False,0.5259866118431091,1.0218279361724854
118,2458,"sleepy , relaxed , optimistic , calm , silly",2024-09-30 22:00:40,7,True,1.0,1.0,False,False,0.7310149073600769,0.5792267918586731
118,2459,"I feel a bit jittery , Too much coffee , too much work . But overall my mood is good , I ' m feeling like I can be productive today and want to get a lot done . I feel slightly annoyed in general about how much there is to do",2024-10-01 12:00:43,7,False,0.0,1.0,False,False,-0.19268886744976044,1.3494864702224731
118,2461,"still , quiet , impatient , calm , slow",2024-10-01 17:00:42,7,True,1.0,1.0,False,False,0.14870983362197876,0.4252910315990448
118,2462,I am feeling ok . Maybe a little stressed about work and about how busy the next few weeks are . Worried about getting sick . But happy it ' s the end of the day and I can relax for a bit before bed . Looking forward to some sleep,2024-10-01 22:01:02,7,False,1.0,1.0,False,False,0.31232815980911255,0.28380030393600464
118,2463,"a bit underthe weather , calm , quiet , inactive , slow",2024-10-02 12:00:40,7,True,0.0,0.0,False,False,0.21924281120300293,-0.2024754136800766
118,2464,"under the weather , sniffly , tired , sluggish , sleepy",2024-10-02 17:19:47,7,True,-2.0,0.0,False,False,-1.7410154342651367,0.033493317663669586
118,2465,"I feel pretty tired , a bit under the weather . I ' m trying to stay optimistic that I will feel better tomorrow since we have plans coming up . But I ' m not in a bad mood , I ' m just sleepy mostly . I am kind of a bit down about the world ,   though",2024-10-02 22:01:35,7,False,-1.0,0.0,False,False,-1.5989599227905273,-0.26972922682762146
118,2466,"fine , busy , a little under the weather , impatient , a bit nervous",2024-10-03 12:00:59,7,True,0.0,0.0,False,False,-0.5824601650238037,1.1316426992416382
118,2467,"I am feeling a little excited ,   we have nice plans for the upcoming weekend . I am a little sick but I will power through . I am feeling calm and fairly relaxed otherwise , ready for the later part of the day so I ' m done with work",2024-10-03 17:01:14,7,False,1.0,1.0,False,False,1.033857822418213,1.1355940103530884
118,2468,"quiet , a bit sick , eager , excited , sleepy",2024-10-04 12:02:22,7,True,1.0,1.0,False,False,-0.14998188614845276,0.7999443411827087
118,2469,"I am feeling tired and a bit under the weather still . but doing ok other than sleepiness . annoyed that sleep will be bad tonight , but not much to do about it . I am looking forward to tomorrow and our plan",2024-10-04 17:03:22,7,False,0.0,0.0,False,False,-1.1949689388275146,0.12188071012496948
118,2470,"sleepy , groggy , headachey , fine , ok",2024-10-04 22:07:08,7,True,-2.0,0.0,False,False,-0.8038926720619202,0.16918981075286865
97,1257,I am currently feeling annoyed .   I had some hiccups in my day and I am finally trying to use my computer again .   My work computer has been brutally slow making it incredibly inefficient for me to work .,2024-08-08 17:00:29,7,False,-1.0,2.0,False,False,-0.9446499943733215,0.9545053839683533
97,1258,I am relieved I just got back to my parents house and have somewhat unpacked .   I am very much looking forward to going to work to and seeing my boss .   I am excited to be in a professional office tomorrow !,2024-08-08 22:23:43,7,False,2.0,1.0,False,False,0.9065312743186951,1.003547191619873
97,1259,"Tired , Happy , Nostalgic , Relaxed , Sweaty",2024-08-09 12:15:15,7,True,-1.0,0.0,False,False,0.5239647030830383,0.5421728491783142
97,1260,"Tired , Happy , Relaxed , Bloated , Calm",2024-08-09 17:31:39,7,True,0.0,0.0,False,False,0.37559205293655396,0.4757159948348999
97,1261,"Happy , Excited , Eager , Content , Sweaty",2024-08-10 22:00:17,7,True,2.0,1.0,False,False,1.1112905740737915,1.2199848890304565
97,1262,"Sore , Hungry , Sweaty , Accomplished , Excited",2024-08-11 12:33:17,7,True,2.0,1.0,False,False,-0.2179008573293686,0.8849928975105286
97,1263,"Hungry , Bloated , Eager , Energized , Thirsty",2024-08-11 22:03:17,7,True,1.0,1.0,False,False,-0.27407634258270264,1.441954493522644
97,1264,I am feeling happy because I had a good date this morning .   However I am getting a bit anxious about returning to work and not accomplishing all that I wanted to this summer .   I am hopeful to make up things over the next few days for work .,2024-08-12 12:45:56,7,False,1.0,1.0,False,False,0.08724907040596008,1.1977506875991821
97,1265,"Jittery , Antsy , Anxious , Bloated , Tired",2024-08-12 17:00:22,7,True,-1.0,2.0,False,False,-0.9238341450691223,1.4906874895095825
97,1266,"Full , Bloated , Anxious , Worried , Thirsty",2024-08-12 22:21:21,7,True,1.0,1.0,False,False,-0.5066165924072266,1.0434414148330688
97,1267,"I am feeling tired and sluggish and my body hurts .   I am hoping I get reenergized at the gym today and feel better and night .   My body hurts and I feel bloated , and I am worried about all I want to get done",2024-08-13 12:01:29,7,False,-1.0,0.0,False,False,-1.6872776746749878,0.24074992537498474
97,1268,"Sore , Hungry , Anxious , Bloated , Off balance",2024-08-13 17:10:14,7,True,1.0,0.0,False,False,-0.8157654404640198,0.7761327028274536
97,1269,I am currently feeling tired from the gym today and a bit bloated from sitting crooked at my desk because my main computer is not properly working .   I am hopeful I get a second wind and have a productive night,2024-08-13 22:08:13,7,False,-1.0,0.0,False,False,-1.4470614194869995,-0.14830952882766724
97,1270,"Pain , Tight , Off balance , Frustrated , Bloated",2024-08-14 12:00:32,7,True,0.0,1.0,False,False,-1.00424063205719,0.7481117844581604
97,1271,"Eager , Happy , Neck pain , Imbalance , Content creator",2024-08-14 17:23:29,7,True,2.0,1.0,False,False,0.986204206943512,1.3095316886901855
97,1272,"Sharp Pain , Sad , Tired , Tired , Sleepy",2024-08-14 22:00:46,7,True,-1.0,1.0,False,False,-1.237180471420288,0.4476814568042755
97,1273,"Neck pain , Tense neck , Bloating , Tired , Eager",2024-08-15 12:03:18,7,True,-1.0,0.0,False,False,-1.1069939136505127,0.8992612957954407
97,1274,"Neck pain , Bloated , Scatterbrained , Hungry , Anxious",2024-08-15 17:14:37,7,True,-1.0,2.0,False,False,-0.5911865830421448,1.0676507949829102
97,1275,My neck is hurting because I think I have a pinched nerve and I am trying to move it around and make it feel better .   The pain in persistent which is problematic    But I had a successful date recently so overall a win !,2024-08-15 22:00:18,7,False,1.0,1.0,False,False,-0.7479899525642395,0.6073042154312134
97,1276,"Neck pain , Bloated , Happy , Antsy , Hungry",2024-08-16 12:17:31,7,True,1.0,1.0,False,False,0.6884470582008362,1.1638975143432617
97,1277,"Neck pain , Productive , Eager , Bloated , Hungry",2024-08-16 17:14:03,7,True,1.0,1.0,False,False,0.8179394602775574,1.2295476198196411
97,1278,I am currently having severe neck pain and it is radiating throughout my body causing great pain and frustration .   I am anxious for my travels tomorrow and to get back settled .   I just want to be getting settled and start taking care of things .,2024-08-16 22:33:11,7,False,1.0,1.0,False,False,-0.21654608845710754,1.0708242654800415
97,1279,My neck is still bothering me and it causing me pain including not sleeping .   I am eager tog et some new heat on it when I get to my other home .   I am anxious to get my computer fixed and to get settled .,2024-08-17 12:07:48,7,False,-1.0,1.0,False,False,-0.2593230605125427,0.984661340713501
97,1280,I just got back to my second home and am missing my friends and family already .   I know that I need to focus on getting settled and acclimated and my neck still hurts badly .   i am eager to be settled and be able to get back to work,2024-08-17 22:01:43,7,False,-1.0,1.0,False,False,0.1804581582546234,1.3277090787887573
97,1281,"I just got back to my other home and am feeling a bit overwhelmed about everything that I need to do to unpack , clean and get settled .   I am antsy to get to the gym and start getting things done afterwards , but I am sure all will work out okay .",2024-08-18 12:14:24,7,False,1.0,0.0,False,False,-0.35555970668792725,1.0367873907089233
97,1282,"Tense , Stressed , Neck pain , Hingry , Sleepy",2024-08-18 17:37:59,7,True,1.0,1.0,False,False,-0.7710758447647095,0.5787075161933899
97,1283,I am feeling relax in My body after going to the gym today .   My neck is still hurting but is not as bad and I am happy I got in a workout and am taking care of a lot of little things .   I am eager to get to sleep tonight .,2024-08-18 22:50:33,7,False,1.0,1.0,False,False,1.169835090637207,0.6349278688430786
97,1284,I am feeling ti e and bloated today .   My stomach is feeling bloated and I am disappointed that either my chair or bed is causing me pain in my second home .   I am still eager to sit and work and get things done .,2024-08-20 12:12:31,7,False,-1.0,2.0,False,False,-0.5144904255867004,0.5785154700279236
97,1285,"Bloated , Tired , Anxious , Antsy , Eager",2024-08-20 17:30:30,7,True,-1.0,0.0,False,False,-0.5371997952461243,1.1214975118637085
97,1305,"Anxious , Bloated , Hungry , Tired , Jittery",2024-08-20 22:00:26,7,True,-1.0,2.0,False,False,-0.7442660331726074,1.5168427228927612
97,1306,"I am feeling relieved that I just got my computer back . But I am now feeling anxious to be getting my work done again .   I am ready to attack this work and any to see things under control again , and they should be very soon .",2024-08-21 17:01:02,7,False,-1.0,2.0,False,False,0.9849571585655212,0.7390649318695068
97,1307,"Tired , Bloated , Hungry , Eager , Excited",2024-08-21 22:07:19,7,True,1.0,1.0,False,False,0.07982969284057617,0.9866294264793396
115,2326,"Bloated , Tired , Lazy , Stressed",2024-08-17 12:08:05,7,True,-1.0,0.0,False,False,-0.686467707157135,0.5557222962379456
115,2327,I am feeling a bit tired and stressed . I am not working this weekend but I have many tasks to do ahead of next week . I am also feeling lazy . I think the stress is making me feel sluggish and tired . I am also feeling worried .,2024-08-17 22:11:54,7,False,-2.0,0.0,False,False,-1.144940733909607,0.3455025255680084
115,2328,"Tired , Relaxed , Content , Na , Na",2024-08-18 12:20:07,7,True,0.0,1.0,False,False,0.6064246892929077,-0.04746729135513306
115,2330,"Tired , Sluggish , Weak , Na , Na",2024-08-18 17:55:56,7,True,-2.0,0.0,False,False,-0.6564526557922363,0.026810839772224426
115,2331,"Content , Happy , Satisfy , Na , Na",2024-08-18 22:53:58,7,True,1.0,1.0,False,False,1.6004250049591064,0.6580541729927063
115,2332,This morning I ' m feeling a bit more happy .   I logged into work today and there wasn’t much stressful tasks on my plate today . I feel \ nMuch more calm and relaxed now . I look forward to the day and completing the tasks I have set before me .,2024-08-19 12:26:01,7,False,1.0,1.0,False,False,1.6074756383895874,0.7303558588027954
115,2333,"Happy , Relaxed , Stress free , Na , Na",2024-08-19 17:24:30,7,True,2.0,1.0,False,False,1.372814416885376,0.8900208473205566
115,2334,"Happy , Excited , Stressfree , Enthusiastic , Na",2024-08-20 12:44:26,7,True,2.0,2.0,False,False,1.6024738550186157,1.3711943626403809
115,2335,I’m feeling so happy currently . I have finished work for the day and am officially starting my 2 week vacation . I really needed to unwind and destress these last few months . I’m also really happy because I got to gym with my girl friend after so long,2024-08-20 22:20:23,7,False,2.0,2.0,False,False,1.434625267982483,1.2941813468933105
115,2336,"Happy , Relaxed , No stress , Na , Na",2024-08-21 12:07:14,7,True,2.0,2.0,False,False,1.6228336095809937,0.817611813545227
115,2337,I feel really happy right now . I’m currently on my vacation from work and out shopping with my mom . It feels really not having to stress over all my assignments at work . I feel really calm and content and can’t wait to relax throughout the week,2024-08-21 17:32:54,7,False,2.0,1.0,False,False,1.430442214012146,1.1563682556152344
115,2338,I feel really happy and relaxed right now . I just finished up the gym with my girl friend . I had a great workout after so long due to my busy work schedule . Then we got ORG which made me really happy,2024-08-21 22:29:36,7,False,1.0,2.0,False,False,1.4333467483520508,0.9353539347648621
115,2339,"Happy , Calm , Relaxed , Excited , Na",2024-08-22 12:23:38,7,True,2.0,1.0,False,False,2.10953950881958,0.6650104522705078
115,2341,Currently I’m feeling quite happy and excited . I have no work as I’m on vacation right now . I got to see my girlfriend this morning and me and her got a workout in as well at ORG for lunch . I’m really excited to continue my vacation,2024-08-22 17:03:51,7,False,2.0,2.0,False,False,2.3444013595581055,1.2683217525482178
115,2342,"Happy , Stressfree , Realx , Calm , Content",2024-08-22 22:02:28,7,True,2.0,1.0,False,False,2.050098419189453,0.5049689412117004
115,2343,"Happy , Calm , Content , Relaxed , Na",2024-08-23 12:04:07,7,True,2.0,1.0,False,False,2.0388848781585693,0.48021310567855835
115,2344,"Happy , Calm , Relaxed , Na , Na",2024-08-23 17:23:08,7,True,2.0,2.0,False,False,2.0365545749664307,0.6246796250343323
115,2345,I feel really happy and content right now . I got a 5k run in today and got to clean and organize my room . I never have the free time like this when I’m working . I’m really happy to be having this time to myself .,2024-08-23 22:10:27,7,False,2.0,2.0,False,False,2.0400686264038086,0.6006467342376709
115,2346,I feel really happy right now and excited . I feel super stress free and relaxed right now . I’m excited because I’m going to go play basketball after many days . I’m also excited because I’m going to be off from work for another whole week,2024-08-24 12:21:33,7,False,2.0,2.0,False,False,2.370124340057373,0.7971280813217163
115,2347,"Happy , Excited , Estatic , Na , Na",2024-08-24 17:00:51,7,True,2.0,2.0,False,False,2.1647541522979736,1.10909903049469
115,2348,"Happy , Content , Relaxed , Calm , Na",2024-08-25 17:04:32,7,True,2.0,2.0,False,False,2.3393867015838623,0.2046104222536087
115,2349,"Happy , Relax , Calm , Excited , Na",2024-08-25 22:19:09,7,True,2.0,1.0,False,False,1.495680570602417,0.9610415101051331
115,2350,I feel really happy right now . I’m currently still on my vacation and am in relaxation mode . I feel great and very stress free from work and chores . I’m really excited as I still have a little over a week of my vacation left,2024-08-26 17:09:24,7,False,2.0,1.0,False,False,1.1894195079803467,1.0291776657104492
115,2352,I’mfeeling really happy still . I’ma still on vacation and relaxing and trying to stay active with gym and basketball . I’m excited to continue with my vacation and hopefully have some more fun . I fell calm and content,2024-08-29 17:02:56,7,False,2.0,2.0,False,False,1.4839956760406494,1.1261123418807983
115,2353,I’m currently feeling very happy . I’m still \ nOn vacation and relaxing and feeling so stress free . It feels so nice to not have to worry about work or stress about assignments . I’ve caught up on all my shows and movies,2024-08-29 22:00:54,7,False,2.0,2.0,False,False,1.8828834295272827,0.7724940180778503
115,2354,"Happy , Cintent , Relaxed , Na , Na",2024-08-30 17:00:41,7,True,2.0,2.0,False,False,1.8632837533950806,0.6518245339393616
115,2355,"Happy , Excited , Calm , Na , Na",2024-08-30 22:01:56,7,True,2.0,2.0,False,False,2.230973482131958,0.9634553790092468
115,2356,I feel very happy right now as I am currently on vacation . I feel so relaxed and content as I’m stress free . I have no work and I’m enjoying my time off so much . I have a few days left of my vacation and can’t wait to keep going,2024-08-31 12:23:31,7,False,2.0,1.0,False,False,2.255725145339966,0.6629337668418884
115,2357,"Happy , Calm , Relaxed , Na , Na",2024-08-31 17:05:51,7,True,2.0,2.0,False,False,1.7502381801605225,0.5664920806884766
115,2358,I’m currently feeling really happy . I am still on my vacation and am still relaxing and feeling great . It feels so great to not have the stress of work and all the assignments on my plate . I hope to keep relaxing and enjoying my vacation,2024-08-31 22:22:05,7,False,2.0,2.0,False,False,1.929936408996582,0.9206972122192383
115,2359,I’m currently feeling very happy . I have done a lot of relaxing this week since I have been PTO from work . It’s been feeling great to be able to step away from work and all the stress and just be able to relax . I am excited as I have a few days of PtO left .,2024-09-01 12:00:34,7,False,2.0,2.0,False,False,1.5622220039367676,0.8653226494789124
115,2360,"Happy , Calm , Cool , Relaxed , Na",2024-09-01 17:22:30,7,True,2.0,2.0,False,False,1.537778615951538,0.7573052048683167
115,2361,I’m currently feeling very happy . I am still on my vacation and it has been a great experience for me . I’m feeling very stress-free and relaxed and very content . I hope to keep continuing my vacation and being happy .,2024-09-01 22:22:11,7,False,2.0,1.0,False,False,1.4748098850250244,1.289122462272644
112,2007,"Good , Happy , Peppy , Sassy , Ready",2024-10-11 15:35:52,7,True,2.0,0.0,False,False,1.0587655305862427,1.3372583389282227
112,2008,"At the moment , I feel a mix of anticipation and calm . I’m looking forward to an upcoming project that I’ve been working on for weeks , but at the same time , there’s a sense of nervous energy as I wait for everything to come together . The pressure of deadlines and the desire for everything to go smoothly is definitely on my mind , but I’m also finding comfort in taking things one step at a time . Although I’ve been feeling somewhat overwhelmed lately , I’m trying to balance that by practicing mindfulness and focusing on smaller , more manageable tasks each day . There’s also an undercurrent of gratitude—grateful for the opportunity to work on something meaningful , but also aware of the need to carve out time for rest and self-care . As I juggle multiple responsibilities , I find myself reflecting on the importance of pacing myself and keeping a clear sense of priorities . While things feel a bit chaotic at times , I’m confident that I can navigate through it with patience and perseverance , and I’m determined to make the",2024-10-11 22:00:58,7,False,0.0,2.0,False,False,0.6131300330162048,1.4485398530960083
112,2009,"I ' ve been experiencing a mild sensation of throat tightness after eating certain foods . There have been no severe allergic reactions (e . g ., difficulty breathing or swallowing) , but I’m concerned about possible food sensitivities or oral allergy syndrome . I’m seeking evaluation to understand the cause .",2024-10-12 17:00:46,7,False,1.0,1.0,False,False,-0.3568269610404968,0.801572859287262
112,2010,"At the moment , I feel a mix of anticipation and calm . I’m looking forward to an upcoming project that I’ve been working on for weeks , but at the same time , there’s a sense of nervous energy as I wait for everything to come together . The pressure of deadlines and the desire for everything to go smoothly is definitely on my mind , but I’m also finding comfort in taking things one step at a time . Although I’ve been feeling somewhat overwhelmed lately , I’m trying to balance that by practicing mindfulness and focusing on smaller , more manageable tasks each day . There’s also an undercurrent of gratitude—grateful for the opportunity to work on something meaningful , but also aware of the need to carve out time for rest and self-care . As I juggle multiple responsibilities , I find myself reflecting on the importance of pacing myself and keeping a clear sense of priorities . While things feel a bit chaotic at times , I’m confident that I can navigate through it with patience and perseverance , and I’m determined to make the",2024-10-13 17:00:51,7,False,0.0,0.0,False,False,0.9887434244155884,1.0789755582809448
112,2011,"At the moment , I feel a mix of anticipation and calm . I’m looking forward to an upcoming project that I’ve been working on for weeks , but at the same time , there’s a sense of nervous energy as I wait for everything to come together . The pressure of deadlines and the desire for everything to go smoothly is definitely on my mind , but I’m also finding comfort in taking things one step at a time . Although I’ve been feeling somewhat overwhelmed lately , I’m trying to balance that by practicing mindfulness and focusing on smaller , more manageable tasks each day . There’s also an undercurrent of gratitude—grateful for the opportunity to work on something meaningful , but also aware of the need to carve out time for rest and self-care . As I juggle multiple responsibilities , I find myself reflecting on the importance of pacing myself and keeping a clear sense of priorities . While things feel a bit chaotic at times , I’m confident that I can navigate through it with patience and perseverance , and I’m determined to make the",2024-10-14 17:15:52,7,False,0.0,1.0,False,False,0.9049507975578308,1.1268442869186401
112,2012,"At the moment , I feel a mix of anticipation and calm . I’m looking forward to an upcoming project that I’ve been working on for weeks , but at the same time , there’s a sense of nervous energy as I wait for everything to come together . The pressure of deadlines and the desire for everything to go smoothly is definitely on my mind , but I’m also finding comfort in taking things one step at a time . Although I’ve been feeling somewhat overwhelmed lately , I’m trying to balance that by practicing mindfulness and focusing on smaller , more manageable tasks each day . There’s also an undercurrent of gratitude—grateful for the opportunity to work on something meaningful , but also aware of the need to carve out time for rest and self-care . As I juggle multiple responsibilities , I find myself reflecting on the importance of pacing myself and keeping a clear sense of priorities . While things feel a bit chaotic at times , I’m confident that I can navigate through it with patience and perseverance , and I’m determined to make the",2024-10-14 22:12:39,7,False,0.0,2.0,False,False,0.8840152621269226,1.1235014200210571
112,2014,"Cool , Mad , Love , Magical , Hopeful",2024-10-15 12:00:42,7,True,0.0,1.0,False,False,0.5015972852706909,1.3820481300354004
112,2015,"At the moment , I feel a mix of anticipation and calm . I’m looking forward to an upcoming project that I’ve been working on for weeks , but at the same time , there’s a sense of nervous energy as I wait for everything to come together . The pressure of deadlines and the desire for everything to go smoothly is definitely on my mind , but I’m also finding comfort in taking things one step at a time . Although I’ve been feeling somewhat overwhelmed lately , I’m trying to balance that by practicing mindfulness and focusing on smaller , more manageable tasks each day . There’s also an undercurrent of gratitude—grateful for the opportunity to work on something meaningful , but also aware of the need to carve out time for rest and self-care . As I juggle multiple responsibilities , I find myself reflecting on the importance of pacing myself and keeping a clear sense of priorities . While things feel a bit chaotic at times , I’m confident that I can navigate through it with patience and perseverance , and I’m determined to make the",2024-10-15 17:00:45,7,False,1.0,0.0,False,False,0.46149128675460815,1.3240307569503784
112,2016,"Happy , Sad , Sassy , Moody , Worried",2024-10-15 22:01:28,7,True,0.0,1.0,False,False,0.6045069694519043,1.3004206418991089
112,2017,"Sassy , Happy , Moody , Unhappy , Ready",2024-10-16 12:19:24,7,True,-1.0,2.0,False,False,0.3315194845199585,1.3090829849243164
112,2018,"Sassy , Worried , Happy , Moody , Curious",2024-10-16 17:01:53,7,True,0.0,1.0,False,False,-0.7876980900764465,1.2609604597091675
112,2019,"Emotional , Pretty , Confident , Loud , Soft",2024-10-16 22:01:02,7,True,0.0,1.0,False,False,0.28777533769607544,1.281006932258606
112,2020,"Sassy , Moody , Hungry , Cunty , Campy",2024-10-17 12:08:19,7,True,0.0,2.0,False,False,-0.40653395652770996,1.195460319519043
112,2021,"Love , Respect , Great , Sassy , Zesty",2024-10-17 17:16:56,7,True,0.0,1.0,False,False,0.4123287796974182,1.2569479942321777
112,2022,"Sassy , Moody , Happy , Sad , Sweet",2024-10-18 12:03:22,7,True,0.0,2.0,False,False,0.5287407040596008,1.2787798643112183
112,2023,"Happy , Love , Sad , Baddie , Emotional",2024-10-18 22:13:51,7,True,0.0,2.0,False,False,0.4046429991722107,1.4571526050567627
112,2025,"At the moment , I feel a mix of anticipation and calm . I’m looking forward to an upcoming project that I’ve been working on for weeks , but at the same time , there’s a sense of nervous energy as I wait for everything to come together . The pressure of deadlines and the desire for everything to go smoothly is definitely on my mind , but I’m also finding comfort in taking things one step at a time . Although I’ve been feeling somewhat overwhelmed lately , I’m trying to balance that by practicing mindfulness and focusing on smaller , more manageable tasks each day . There’s also an undercurrent of gratitude—grateful for the opportunity to work on something meaningful , but also aware of the need to carve out time for rest and self-care . As I juggle multiple responsibilities , I find myself reflecting on the importance of pacing myself and keeping a clear sense of priorities . While things feel a bit chaotic at times , I’m confident that I can navigate through it with patience and perseverance , and I’m determined to make the",2024-10-19 12:00:54,7,False,0.0,2.0,False,False,0.3799886107444763,1.2933541536331177
112,2026,"Sassy , Happy , Love , Magical , Passionate",2024-10-20 12:57:38,7,True,0.0,2.0,False,False,0.8936877846717834,1.4451833963394165
112,2027,"At the moment , I feel a mix of anticipation and calm . I’m looking forward to an upcoming project that I’ve been working on for weeks , but at the same time , there’s a sense of nervous energy as I wait for everything to come together . The pressure of deadlines and the desire for everything to go smoothly is definitely on my mind , but I’m also finding comfort in taking things one step at a time . Although I’ve been feeling somewhat overwhelmed lately , I’m trying to balance that by practicing mindfulness and focusing on smaller , more manageable tasks each day . There’s also an undercurrent of gratitude—grateful for the opportunity to work on something meaningful , but also aware of the need to carve out time for rest and self-care . As I juggle multiple responsibilities , I find myself reflecting on the importance of pacing myself and keeping a clear sense of priorities . While things feel a bit chaotic at times , I’m confident that I can navigate through it with patience and perseverance , and I’m determined to make the",2024-10-20 17:01:00,7,False,0.0,2.0,False,False,0.5389689803123474,1.376916766166687
112,2028,"Sassy , Happy , Moody , Funny , Hopeful",2024-10-20 22:00:53,7,True,0.0,2.0,False,False,0.5812121033668518,1.4822946786880493
112,2029,"Sassy , Happy , Frilly , Giddy , Content",2024-10-21 17:00:44,7,True,-1.0,2.0,False,False,1.0962361097335815,1.2769548892974854
112,2030,"Euphoric , Sassy , Happy , Good , Sweet",2024-10-21 22:01:19,7,True,0.0,2.0,False,False,1.5495967864990234,1.5055325031280518
112,2031,"Sassy , Great , Good , Special , Giddy",2024-10-22 12:24:39,7,True,0.0,2.0,False,False,0.8873041868209839,1.590065836906433
112,2032,"At the moment , I feel a mixture of anticipation and contemplation . There’s an underlying excitement about upcoming projects and opportunities , particularly a few creative ventures I’m exploring , but that excitement is balanced by moments of doubt , which sometimes slow my progress . I’ve been reflecting on past decisions , evaluating where I am and how far I’ve come , while trying to remain focused on what’s ahead . It’s like walking a tightrope between wanting to celebrate the small wins and feeling the weight of the work still to be done .\ n \ nPhysically , I’ve been experiencing some fatigue , which may be due to the change in weather or the workload , but I’m making sure to find moments of rest . I’m trying to stay grounded and maintain a sense of optimism , reminding myself that growth happens even in times of uncertainty . There’s an overall sense of gratitude—gratitude for the support system I have and for the opportunities I’ve been given—while still acknowledging the challenges that lie ahead . Despite the ups and do",2024-10-22 17:01:03,7,False,0.0,2.0,False,False,-0.030642792582511902,1.6170862913131714
112,2033,"At the moment , I feel a mixture of anticipation and contemplation . There’s an underlying excitement about upcoming projects and opportunities , particularly a few creative ventures I’m exploring , but that excitement is balanced by moments of doubt , which sometimes slow my progress . I’ve been reflecting on past decisions , evaluating where I am and how far I’ve come , while trying to remain focused on what’s ahead . It’s like walking a tightrope between wanting to celebrate the small wins and feeling the weight of the work still to be done .\ n \ nPhysically , I’ve been experiencing some fatigue , which may be due to the change in weather or the workload , but I’m making sure to find moments of rest . I’m trying to stay grounded and maintain a sense of optimism , reminding myself that growth happens even in times of uncertainty . There’s an overall sense of gratitude—gratitude for the support system I have and for the opportunities I’ve been given—while still acknowledging the challenges that lie ahead . Despite the ups and do",2024-10-23 12:00:43,7,False,0.0,2.0,False,False,0.5593805313110352,1.24765145778656
112,2034,"At the moment , I feel a mixture of anticipation and contemplation . There’s an underlying excitement about upcoming projects and opportunities , particularly a few creative ventures I’m exploring , but that excitement is balanced by moments of doubt , which sometimes slow my progress . I’ve been reflecting on past decisions , evaluating where I am and how far I’ve come , while trying to remain focused on what’s ahead . It’s like walking a tightrope between wanting to celebrate the small wins and feeling the weight of the work still to be done .\ n \ nPhysically , I’ve been experiencing some fatigue , which may be due to the change in weather or the workload , but I’m making sure to find moments of rest . I’m trying to stay grounded and maintain a sense of optimism , reminding myself that growth happens even in times of uncertainty . There’s an overall sense of gratitude—gratitude for the support system I have and for the opportunities I’ve been given—while still acknowledging the challenges that lie ahead . Despite the ups and do",2024-10-23 17:57:27,7,False,0.0,2.0,False,False,0.6847324967384338,1.314195156097412
112,2037,"At the moment , I feel a mixture of anticipation and contemplation . There’s an underlying excitement about upcoming projects and opportunities , particularly a few creative ventures I’m exploring , but that excitement is balanced by moments of doubt , which sometimes slow my progress . I’ve been reflecting on past decisions , evaluating where I am and how far I’ve come , while trying to remain focused on what’s ahead . It’s like walking a tightrope between wanting to celebrate the small wins and feeling the weight of the work still to be done .\ n \ nPhysically , I’ve been experiencing some fatigue , which may be due to the change in weather or the workload , but I’m making sure to find moments of rest . I’m trying to stay grounded and maintain a sense of optimism , reminding myself that growth happens even in times of uncertainty . There’s an overall sense of gratitude—gratitude for the support system I have and for the opportunities I’ve been given—while still acknowledging the challenges that lie ahead . Despite the ups and do",2024-10-23 22:10:33,7,False,0.0,2.0,False,False,0.7916129231452942,1.311354160308838
112,2038,"Sassy , Happy , Good , Peppy , Terrific",2024-10-24 12:03:37,7,True,0.0,2.0,False,False,0.8812422156333923,1.355728030204773
112,2039,"Sassy , Happy , Moody , Giddy , Brave",2024-10-24 17:00:54,7,True,2.0,2.0,False,False,0.7873477339744568,1.3914973735809326
112,2040,"Sassy , Moody , Spicy , Empathetic , Zesty",2024-10-24 22:00:46,7,True,2.0,2.0,False,False,0.11634182929992676,1.4266695976257324
111,1973,"I am feeling very active , I am feeling very lively , I am feeling very much awoken , I feel relaxed and I feel relieved . I feel much alive . It’s a sunny day and I feel alive and active I feel alive ! Every breath is a reminder of the incredible gift of life . The world around me pulsates with vibrancy , and I ' m grateful to be a part of it . The warmth of the sun on my skin , the laughter of loved ones , and the thrill of new experiences all converge to ignite a sense of wonder within me .",2024-10-15 12:06:51,7,False,0.0,2.0,False,False,1.4425454139709473,1.7305141687393188
111,1974,"""I feel tired , drained of energy and vitality . My body weighs heavy , my mind foggy . Every task seems insurmountable , every decision a burden .\ n \ nThe world outside feels overwhelming , noises amplified , and lights too bright . I crave silence , solitude , and stillness . My thoughts swirl with exhaustion , doubts , and worries .",2024-10-15 17:01:48,7,False,0.0,0.0,False,False,-2.087066173553467,0.018856361508369446
111,1975,"Equitable , Dispassionate , Uninvolved , Unaligned , Neutral",2024-10-16 12:01:28,7,True,0.0,1.0,False,False,-0.031770482659339905,1.0666831731796265
111,1976,"""I feel happy , genuinely and deeply . A warm sense of contentment envelops me , lifting my spirits and brightening my outlook . Every breath feels lighter , every smile more effortless . Gratitude floods my heart , thinking of loved ones , supportive friends , and life ' s simple joys . The world seems vibrant , full of promise and possibility . Challenges fade into the background , replaced by optimism and confidence .\ n",2024-10-16 17:25:39,7,False,2.0,1.0,False,False,2.2032980918884277,1.0026437044143677
111,1977,"PERSON , Cool , Gentle , Chilled , Unbothered",2024-10-17 12:02:31,7,True,2.0,0.0,False,False,0.4623323678970337,0.9564974904060364
111,1978,"Chilled , Calm , Gentle , Cool , Minding my business",2024-10-17 22:03:47,7,True,0.0,0.0,False,False,1.268567681312561,0.3474327623844147
111,1979,"Alert , Lively , Active , Not dulling , Online",2024-10-18 12:02:04,7,True,0.0,2.0,False,False,1.1180627346038818,1.284410834312439
111,1981,"Dull , Slow , Lazy , Tired , Slothful",2024-10-18 17:05:32,7,True,-2.0,0.0,False,False,-0.5069828033447266,0.5865736603736877
111,1982,"Alive , Elegant , Active , Sharp , Radiant",2024-10-19 12:01:24,7,True,0.0,2.0,False,False,1.2252655029296875,1.5373722314834595
111,1983,"Chilled , Calm , Relaxed , Unhappy , Quite",2024-10-19 17:28:44,7,True,0.0,0.0,False,False,1.4575928449630737,0.39469078183174133
111,1984,"Down , Distress , Unhappy , Downcast , Dejected",2024-10-19 22:01:55,7,True,-2.0,1.0,False,False,-1.0141667127609253,0.5914063453674316
111,1985,"1 . Lack of strong emotions : Neither positive (happiness , excitement) nor negative (sadness , anger) .\ n2 . Balance : No leaning towards any extreme feelings .\ n3 . Calmness : A sense of stability and composure .\ n4 . Objectivity : Ability to observe thoughts and situations without bias .\ n",2024-10-20 12:55:40,7,False,0.0,1.0,False,False,0.7545435428619385,0.7808024287223816
111,1986,"Quite , Chilled , Lowkey , Calm , Cool",2024-10-20 17:03:09,7,True,2.0,0.0,False,False,1.1244295835494995,0.6116244196891785
111,1987,"Happy , Excited , Overwhelmed , Joyous , Happy",2024-10-21 12:02:25,7,True,2.0,1.0,False,False,1.379295825958252,1.1457182168960571
111,1988,"Feeling tired , also known as fatigue , is a common emotional and physical state characterized by :\ n \ n * Physical Symptoms :*\ n \ n1 . Lack of energy \ n2 . Muscle weakness \ n3 . Heavy eyelids \ n4 . Slow movements \ n5 . Decreased mobility \ n \ n * Emotional Sym \ n \ n1 . Mental fogginess \ n2 . Lack of motivation \ n3 . Irritability \ n4 . Decreased concentration \ n5 . Emotional exhaustion \ n",2024-10-22 12:02:15,7,False,-2.0,0.0,False,False,-1.9861139059066772,-0.1093616858124733
111,1989,"Feeling neutral refers to an emotional state characterized by :\ n \ n1 . Lack of strong emotions : Neither positive (happiness , excitement) nor negative (sadness , anger) .\ n2 . Balance : No leaning towards any extreme feelings .\ n3 . Calmness : A sense of stability and composure .\ n4 . Objectivity : Ability to observe thoughts and situations without bias .\ n \ nCommon descriptions :\ n \ n1 . ""I ' m just okay .""\ n2 . ""I don ' t feel anything strongly .""\ n3 . ""I ' m not excited or upset .""\ n4 . ""I ' m in a neutral zone .""\ n \ nBenefits :\ n \ n1 . Clarity : Easier decision-making , uninfluenced by emotions .\ n2 . Stability : Less emotional turbulence .\ n3 . Flexibility : Open to various perspectives .\ n4 . Reduced stress : No intense emotional responses .\ n \ nSituations that may evoke neutrality :\ n \ n1 . Routine tasks \ n2 . Familiar environments \ n3 . Lack of significant events \ n4 . Emotional exhaustion (after intense emotions) \ n",2024-10-22 17:05:54,7,False,0.0,1.0,False,False,0.46277403831481934,0.6999639868736267
111,1990,"Dull , Lazy , Moody , Tired , Stressed",2024-10-23 12:02:23,7,True,-1.0,0.0,False,False,-0.5804534554481506,0.44165050983428955
111,1992,"Feeling neutral refers to an emotional state characterized by :\ n \ n1 . Lack of strong emotions : Neither positive (happiness , excitement) nor negative (sadness , anger) .\ n2 . Balance : No leaning towards any extreme feelings .\ n3 . Calmness : A sense of stability and composure .\ n4 . Objectivity : Ability to observe thoughts and situations without bias .",2024-10-23 17:05:09,7,False,0.0,1.0,False,False,0.3447911739349365,0.6971136331558228
111,1993,"Feeling Z neutral refers to an emotional state characterized by :\ n \ n1 . Lack of strong emotions : Neither positive (happiness , excitement) nor negative (sadness , anger) .\ n2 . Balance : No leaning towards any extreme feelings .\ n3 . Calmness : A sense of stability and composure .\ n4 . Objectivity : Ability to observe thoughts and situations without bias .",2024-10-24 12:00:55,7,False,0.0,1.0,False,False,0.19763730466365814,0.72718745470047
111,1994,"Feeling Z neutral refers to an emotional state characterized by :\ n \ n1 . Lack of strong emotions : Neither positive (happiness , excitement) nor negative (sadness , anger) .\ n2 . Balance : No leaning towards any extreme feelings .\ n3 . Calmness : A sense of stability and composure .\ n4 . Objectivity : Ability to observe thoughts and situations without bias .\ n \ nCommon descriptions :\ n \ n1 . ""I ' m just okay .""\ n2 . ""I don ' t feel anything strongly .""\ n3 . ""I ' m not excited or upset .""\ n4 . ""I ' m in a neutral zone .""",2024-10-24 22:59:37,7,False,2.0,2.0,False,False,0.3132231831550598,0.7025184631347656
111,1995,"Sad , Bad , Down , Exhausted , Regretting",2024-10-25 12:12:40,7,True,-2.0,1.0,False,False,-1.1418601274490356,0.7105028033256531
111,1996,"Quiet , Cool , Chilled , No drama , Gentle",2024-10-25 17:01:24,7,True,0.0,0.0,False,False,0.73186856508255,0.2994154393672943
111,1997,"Quiet , Cakm , Cool , Chill , Shy",2024-10-25 22:55:43,7,True,0.0,0.0,False,False,0.05622561275959015,0.7031514048576355
111,1998,"Feeling sad is a natural and universal human emotion that can manifest in different ways and intensities . Here ' s a breakdown of what it means to feel sad :\ n \ n * What is sadness ?*\ n \ nSadness is an emotional state characterized by feelings of sorrow , grief , disappointment , or loss . It ' s a normal response to situations that are perceived as unpleasant , undesirable , or hurtful .",2024-10-26 12:01:13,7,False,-1.0,1.0,False,False,0.023785188794136047,0.9529539942741394
111,1999,"Sluggish , Dull , Unbothered , Slow , Deteriorated",2024-10-26 17:09:22,7,True,-1.0,0.0,False,False,-1.1584495306015015,0.3684212267398834
111,2000,"Absence of noise _: A state of silence or minimal sound .\ n _ Respite from disturbance _: Freedom from interruption , disruption , or turmoil .\ n _ Inner stillness _: A calm and peaceful mental state .\ n \ nTypes of quiet :\ n \ n * Physical quiet : External environment is silent or peaceful .\ n * Emotional quiet : Inner calmness and stability .\ n * Mental quiet : Clarity of thought , focus , and mental stillness .",2024-10-26 22:47:20,7,False,0.0,0.0,False,False,1.0176247358322144,0.4756227731704712
111,2001,"Feeling lively refers to a state of being full of energy , enthusiasm , and vitality . When someone feels lively , they are typically :\ n \ n1 . Energetic : Having a sense of physical and mental vigor .\ n2 . Alert : Mentally sharp and focused .\ n3 . Cheerful : Displaying a positive and upbeat attitude .\ n4 . Vibrant : Radiating enthusiasm and excitement .\ n5 . Active : Ready to engage in activities or social interactions .",2024-10-27 12:06:45,7,False,1.0,2.0,False,False,0.9338573813438416,1.9428266286849976
111,2003,"In this moment , everything feels right . My soul sings with joy , unencumbered by worries or doubts . I bask in the radiance of happiness , letting its warmth seep into every pore .\ n \ nHappiness isn ' t just a feeling ; it ' s a choice . I choose to focus on the good , to cherish every moment , and to cultivate love and kindness . I choose to let go of fears , to release burdens , and to embrace life ' s beauty .\ n \ nAs I soak in this bliss , I know it ' s contagious . Happin",2024-10-27 17:27:22,7,False,0.0,1.0,False,False,1.46308434009552,1.0647393465042114
111,2004,"Quiet , Chilled , Calm , Lowkey , Relaxed",2024-10-27 22:30:17,7,True,0.0,0.0,False,False,1.2421255111694336,0.1959996372461319
111,2005,"Neutral , No feelings , In between , Intermediary , Neutral",2024-10-28 12:12:02,7,True,0.0,1.0,False,False,0.6964767575263977,0.8833255171775818
111,2006,"Gentle , Quiet , Lowkey , Chilled , Calm",2024-10-28 17:03:30,7,True,0.0,0.0,False,False,1.221432089805603,0.35757145285606384
181,4613,I am very excited to be leaving work . I am tired from working all day . Now I have to go to my next time which is fun . I like seeing my co workers . Then I can go home and relax .   I am excited about going to work early tomorrow so I can get home earlier . I am ready for the weekend,2024-06-13 17:35:51,7,False,2.0,2.0,False,False,0.8259801268577576,0.8330948948860168
181,4616,I am feeling happy laying in bed watching Bridgerton with my boyfriend . I love when the weekend comes because I get to spend time with him after a long week . I am really enjoying the new episodes of Bridgerton that came out last night,2024-06-14 22:01:04,7,False,2.0,0.0,False,False,0.9181780219078064,1.1769676208496094
181,4620,I am currently exhausted from being at an amusement park for three hours . We went in every ride and had so much fun . Now we are full from having ORG  because we were hungry . Now we are leaving to go home,2024-06-16 17:00:27,7,False,2.0,2.0,False,False,-1.0338345766067505,0.07162214070558548
181,4621,I am currently feeling full from my dinner of chicken and string beans . Now I am feeling okay about having to take my cpr pre class before my class in person on Wednesday in GPE . I’m also very thirsty . I don’t think I drank enough today,2024-06-16 22:00:50,7,False,2.0,1.0,False,False,-0.31635069847106934,0.1958906203508377
181,4625,I am currently Sweating but excited to be going to work where I can sit down and relax more . I’m very hungry and thirsty . I need to make sure I drink more water . I am proud of myself for being able to run my group independently .,2024-06-18 17:39:16,7,False,1.0,1.0,False,False,0.0705120712518692,1.1895827054977417
181,4627,I am currently feeling rundown . My allergies are horrible and I cannot stop sneezing . I am excited because I am working on my new cross stitch project . I am making a animal crossing one that is going to come out great,2024-06-20 22:07:18,7,False,-2.0,0.0,False,False,-0.4533538818359375,0.6809401512145996
181,4631,I am currently at work and feeling tired . I am also rundown from my allergies . I didn’t get a good nights rest because I kept waking up because I couldn’t breathe out of my nose . I am also hungry I wish I had something for breakfast .,2024-06-22 12:01:29,7,False,2.0,1.0,False,False,-1.740040898323059,0.1518571525812149
181,4634,"I’m currently feeling very run down from my allergies . I have a really bad sinus headache , congestion , an cough and a sore throat . I am also very tired from my body trying to fight off this infection that’s coming .",2024-06-23 12:25:46,7,False,-2.0,0.0,False,False,-1.5525935888290405,0.3292010426521301
181,4635,I am currently shopping at ORG and feeling happy because I am getting supplies to make a birthday banner for someone at the library . I am very sweaty the weather is so hot and humid today . I am also very thirsty . I definitely have not drank enough water today .,2024-06-23 17:01:40,7,False,0.0,2.0,False,False,0.35754328966140747,1.254593014717102
181,4639,I am currently feeling excited as my workday is over and I am able to go home without having to go to my other job . I am hungry and thirsty and cannot wait to get home so that I can have a snack . I am also tired even though I got enough sleep last night . I am sweating as it is very hot today .,2024-06-25 17:35:04,7,False,2.0,2.0,False,False,0.9605002403259277,1.3181028366088867
181,4640,I am currently very tired but I don’t know why . I am also hungry and really want some pretzels . My knee also hurts right now and I think I need to get it checked out . I am afraid I am doing more damage to it by not getting it checked out,2024-06-25 22:03:09,7,False,-2.0,0.0,False,False,-0.6224148869514465,0.18986183404922485
181,4612,"Happy , Full , Loving , Excited , Content",2024-06-12 22:31:16,7,True,2.0,0.0,False,False,1.8101180791854858,0.7050033807754517
181,4614,"Hungry , Thirsty , Tired , Happy , Glad",2024-06-13 22:01:06,7,True,2.0,2.0,False,False,0.5225721001625061,0.8723999857902527
181,4615,"Excited , Happy , Sweating , Tired , Thirsty",2024-06-14 17:09:36,7,True,2.0,2.0,False,False,1.2881869077682495,1.4729305505752563
181,4617,"Airy , Aggressive , Agitated , Annoyed , Angry",2024-06-15 17:02:29,7,True,2.0,1.0,False,False,-0.1772206723690033,1.7451223134994507
181,4618,"Tired , Full , Happy , Excited , Content",2024-06-15 22:00:39,7,True,2.0,1.0,False,False,0.4129406809806824,0.6513702273368835
181,4619,"Happy , Excited , Full , Thirsty , Good",2024-06-16 12:00:35,7,True,2.0,1.0,False,False,0.7389636635780334,1.016042709350586
181,4622,"Hungry , Thirsty , Tired , Hot , Happy",2024-06-17 12:35:13,7,True,2.0,2.0,False,False,0.2608646750450134,1.0114315748214722
181,4623,"Hungry , Tired , In pain , Thirsty , Happy",2024-06-17 17:33:08,7,True,1.0,1.0,False,False,-0.47022801637649536,0.7721124887466431
181,4624,"Happy , Sweaty , Thirsty , Hungry , Hot",2024-06-17 22:29:10,7,True,2.0,0.0,False,False,0.5052085518836975,1.2112025022506714
181,4626,"Tired , Hungry , Thirsty , Happy , Sluggish",2024-06-18 22:23:09,7,True,-1.0,0.0,False,False,-1.1439051628112793,0.2503568232059479
181,4628,"Hot , Hungry , Thirsty , Excited , Tired",2024-06-21 17:01:44,7,True,2.0,0.0,False,False,0.3709525465965271,1.3133496046066284
181,4629,"Tired , Thirsty , Hungry , Happy , Hi",2024-06-21 22:00:35,7,True,0.0,1.0,False,False,0.5837675929069519,0.829820454120636
181,4632,"Hot , Tired , Happy , Hungry , Thirsty",2024-06-22 17:00:40,7,True,-1.0,0.0,False,False,0.6226241588592529,1.1617846488952637
181,4633,"Tired , Thirsty , Hungry , Stuffy , Happy",2024-06-22 22:11:05,7,True,2.0,0.0,False,False,-0.6078700423240662,0.5873661637306213
181,4636,"Hungry , Tired , Thirsty , Happy , Loved",2024-06-23 22:02:58,7,True,1.0,1.0,False,False,0.10247471928596497,1.1431505680084229
181,4637,"Tired , Hungry , Thirsty , Sweaty , Happy",2024-06-24 17:30:25,7,True,2.0,2.0,False,False,-0.06842534244060516,0.9538896679878235
181,4638,"Tired , Thirsty , Happy , Hungry , Excited",2024-06-24 22:00:55,7,True,2.0,1.0,False,False,0.3712612986564636,1.11628258228302
136,3194,"Tired , Anxious , Scared , Wondering , Numb",2024-10-31 12:02:16,7,True,-1.0,2.0,False,False,-1.3038582801818848,0.9605455994606018
136,3195,Feeling better now than before . Talked to my partner and was able to calm down a little . Anxiety is ok . I forgot to take my meds so I am tired and not feeling the best . I hope everything is going to be ok,2024-10-31 22:09:37,7,False,-1.0,1.0,False,False,0.30422157049179077,0.8189084529876709
136,3197,Just had a meeting with someone . Class this morning and slept a lot . I think my depression and anxiety are getting worse . My friend told me to seek help . I reached out to my family and they didn’t give me much support at all . My partner was very supportive and been by my side . He said no matter what happens I’m here for you . He’s all I have . I’ve been having alot of nightmares,2024-11-01 17:08:10,7,False,-2.0,1.0,False,False,-0.8431335687637329,0.8772383332252502
136,3198,"Sad , Anxious , Scared , Hyperfixated , Worried",2024-11-01 22:01:09,7,True,-2.0,1.0,False,False,-0.5626104474067688,1.4239970445632935
136,3199,"Better , Hot , Tired , Behind , Shaking",2024-11-02 17:17:28,7,True,-1.0,1.0,False,False,-0.23533712327480316,0.7656993269920349
136,3200,"Okay , Better , Hopeful , Relaxed , Content",2024-11-02 22:01:29,7,True,-1.0,1.0,False,False,0.3696388006210327,0.8138091564178467
136,3201,Been a little more productive yesterday and today . I went out and got groceries even though I didn’t want to . I didn’t want to get out of bed . I didn’t want to shower . I didn’t want to eat . I didn’t want to do anything . But I was productive and forced myself to do the things I needed to do . I’m trying my best . I’m struggling but I’m trying my best,2024-11-03 17:02:28,7,False,-1.0,1.0,False,False,0.6780202388763428,1.0353493690490723
136,3202,"Content , Calm , Relaxed , Social , Open",2024-11-03 22:01:35,7,True,1.0,0.0,False,False,1.3839058876037598,0.20305947959423065
136,3203,"Tired , Sad , Nervous , Anxious , Uncertain",2024-11-04 17:03:34,7,True,-1.0,1.0,False,False,-1.2381902933120728,1.0534461736679077
136,3204,Feeling alone and sad . Been having really bad days for the past few days . I hope that things will get better . I want to just feel okay . To feel normal . I have been so bad and down mentally . I should be feeling normal . I need to feel stronger and keep pushing .,2024-11-04 22:04:02,7,False,-2.0,1.0,False,False,-0.986420214176178,0.9892683029174805
136,3205,"Sad , Anxious , Unproductive , Lonely , Upset",2024-11-05 17:03:43,7,True,-1.0,1.0,False,False,-0.7601915001869202,1.2517471313476562
136,3206,"Sad , Overwhelmed , Nauseous , Lonely , Depressed",2024-11-05 22:47:20,7,True,-1.0,1.0,False,False,-1.0594055652618408,0.7203423976898193
136,3208,"Sad , Tired , Sleepy , Grumpy , Annoyed",2024-11-06 12:47:33,7,True,-1.0,1.0,False,False,-1.2218769788742065,0.593858540058136
136,3209,I didn’t go to class this morning . Slept all morning . Took my meds . Still tired . studied . Haven’t eaten yet today but not hungry . Stomach hurts . I have no motivation to do anything I just want to stay in bed all day and do nothing,2024-11-06 17:01:41,7,False,-1.0,1.0,False,False,-0.9416635632514954,0.418587863445282
136,3210,"Sad , Annoyed , Angry , Tired , Fatigue",2024-11-06 22:01:51,7,True,-2.0,1.0,False,False,-0.7192903161048889,0.8212651014328003
136,3211,I feel horrible . Last night was another tough night . I reached out to a friend and they had to make sure I was ok . I barely slept . I couldn’t sleep until after 4am . Class at 8am . Meeting . I feel empty . Sad . Lonely . I feel so horrible,2024-11-07 12:13:44,7,False,-2.0,1.0,False,False,-1.4293335676193237,0.7188253998756409
136,3212,"Feeling a little better right now . Been busy all day . Tired because I did not sleep well last night . Did not fall asleep until after 4am and then woke up at 7am . I had class , saw patients , and now have a quiz to go to at 6pm . Keeping myself busy . Tired and want to take a nap",2024-11-07 17:03:48,7,False,-1.0,1.0,False,False,-0.41526299715042114,0.1794682741165161
136,3213,"Okay , Better , Calm , Relaxed , Safe",2024-11-07 22:16:42,7,True,0.0,1.0,False,False,0.7622442245483398,0.11199095845222473
136,3214,"Okay , Relaxed , Content , Calm , Breathing",2024-11-08 22:02:36,7,True,0.0,1.0,False,False,0.8284607529640198,0.612153172492981
136,3215,"Feeling ok mentally . Woke up pretty late around 12pm , then stayed in bed until 2pm . Went out to get groceries and did laundry so I’m trying to be productive . I have to start studying now because it’s late in the afternoon . I slept ok . Mood is ok but my stomach hurts",2024-11-09 17:27:28,7,False,-1.0,0.0,False,False,0.11411580443382263,1.1703035831451416
136,3216,"Went to get groceries , did laundry , studied , ate food , talked to my partner , feeling okay right now . I feel like I’ve been productive . The day went by pretty fast . I get to sleep in tonight because tomorrow is the weekend . I’m looking forward to sleep",2024-11-09 22:04:18,7,False,0.0,1.0,False,False,0.5096860527992249,1.3845568895339966
136,3217,"Lonely , Sad , Nervous , Anxious , Unsure",2024-11-10 17:16:48,7,True,-1.0,1.0,False,False,-1.097641110420227,1.0765801668167114
136,3425,Been productive for most of the day . Got some snacks and food for myself so self care . Also went out for a short walk but it was too hot so only stayed out for like 10 minutes . I feel comfortable and clean after taking a shower and lay in bed watching tv and playing games . Feeling ok currently,2024-11-10 22:03:12,7,False,0.0,1.0,False,False,0.653400182723999,0.8764835000038147
136,3426,"Tired , Sleepy , Lonely , Overwhelmed , Stressed",2024-11-11 12:02:16,7,True,-1.0,1.0,False,False,-1.2348836660385132,0.23793664574623108
136,3427,"Woke up and did not want to go to class because I was tired and sleepy and was not able to fall asleep until 2am . I thought about not going to class but made myself go . I also went to small group after class . I took a nap but kept waking up every 10 minutes . I am not tired right now but feeling a little sick . Other than that , I’m okay",2024-11-11 17:02:26,7,False,-1.0,2.0,False,False,-0.7772980332374573,0.7139784097671509
136,3428,Currently I am feeling okay . A little tired and don’t have energy but I feel mentally okay . Missed class this morning because I didn’t fall asleep until after 3-4am so I didn’t wake up until past 12pm . I missed my alarm . Todays lectures were pretty simple so I am not worried,2024-11-12 17:08:22,7,False,0.0,1.0,False,False,-0.052521660923957825,0.5345639586448669
136,3429,"Confused , Stressed , Anxious , Frustrated , Uncertain",2024-11-12 22:06:19,7,True,-1.0,1.0,False,False,-0.7377859950065613,1.485145092010498
136,3430,Feeling okay . Woke up feeling tired and then went to class . Finished class . Now I would usually take a nap but I’m not feeling tired right now . I have small group and don’t want to go but I should go because I want to stay productive . Woke up and feel okay about my body today,2024-11-13 12:02:10,7,False,-1.0,0.0,False,False,-0.007881075143814087,0.7227774262428284
136,3431,"Tired , Sad , Nervous , Stressed , Anxious",2024-11-13 17:02:28,7,True,-1.0,1.0,False,False,-1.053511142730713,0.9569686055183411
136,3432,"Tired , Sleepy , Anxious , Annoyed , Lonely",2024-11-13 22:02:19,7,True,0.0,1.0,False,False,-0.9637735486030579,0.7293440699577332
100,1404,"Good , Calm , Neutral , Okay , Cool",2024-07-17 12:04:58,7,True,0.0,1.0,False,False,0.78339022397995,0.8513232469558716
100,1405,"Tipsy , Lively , Good , Cool , Okay",2024-07-17 17:03:46,7,True,1.0,1.0,False,False,1.197312355041504,1.3081036806106567
100,1406,"Calm , Anxious , Cool , Good , Somewhat happy",2024-07-18 17:30:07,7,True,0.0,1.0,False,False,0.9152929186820984,1.0471055507659912
100,1407,"Good , Happy , Great , Cool",2024-07-19 12:48:16,7,True,1.0,1.0,False,False,1.3850502967834473,0.9478918313980103
100,1408,"Calm , Good , Neutral , Unbothered , Cool",2024-07-20 17:07:27,7,True,0.0,1.0,False,False,0.9564640522003174,0.8213391900062561
100,1409,"Cool , Calm , Somewhat tired , Good",2024-07-21 12:30:42,7,True,0.0,1.0,False,False,0.9884260296821594,0.7567055821418762
100,1419,"Calm , Nervous , Cool , Good , Fine",2024-07-22 12:49:38,7,True,1.0,1.0,False,False,0.5968306660652161,0.8836169242858887
100,1420,Work has been so tasky today and I ' m feeling very sluggish and tired already . Been working my ass out since I got to work and my strength is diminishing .\ n \ nI feel kinda stressed out tired and feel like resting or sleeping,2024-07-22 17:12:48,7,False,-1.0,0.0,False,False,-1.6204825639724731,0.15409564971923828
100,1421,"Cool , Calm , Nice , Unbothered",2024-07-23 12:15:51,7,True,0.0,1.0,False,False,0.9719176888465881,0.6556982398033142
100,1422,"Calm , Good , Neutral , Getting stressed",2024-07-24 12:45:53,7,True,0.0,1.0,False,False,0.3844277858734131,0.7163350582122803
100,1423,"Tired , Stressed , Sluggish , Exhausted , Hungry",2024-07-24 17:02:23,7,True,-2.0,0.0,False,False,-0.8857294917106628,0.30303463339805603
100,1424,"Lively , Spirited , Tipsy , Happy , Cool",2024-07-25 17:11:49,7,True,1.0,2.0,False,False,1.5795735120773315,1.1651185750961304
100,1425,"Tired , Exhausted , Hungry , Low , Anxious",2024-07-26 17:01:43,7,True,-2.0,0.0,False,False,-0.5725653767585754,0.8179749846458435
100,1426,"Tired , Exhausted , Tipsy , calm , Nervous",2024-07-27 17:13:04,7,True,-2.0,0.0,False,False,-0.3583884835243225,0.8849342465400696
100,1427,"Tired , Sluggish , Sleepy , Tipsy",2024-07-27 22:17:23,7,True,-1.0,0.0,False,False,-1.463530421257019,-0.02435668557882309
100,1428,"Lively , Tipsy , Good , Happy",2024-07-28 17:14:19,7,True,1.0,2.0,False,False,1.7703653573989868,1.1171865463256836
100,1429,"I ' m feeling good and lively , today ' s work wasn ' t that stressful as there wasn ' t much to do . And I had a good time with a friend during lunch as we talked about life in it ' s entirety .\ n \ nI ' m also feeling hungry at the moment and somewhat sleepy .",2024-07-29 17:12:15,7,False,1.0,1.0,False,False,1.7938541173934937,0.9300822019577026
100,1430,"I ' m feeling quite normally or do I say neutral because I ' m neither happy nor unhappy . Tho I ' m kinda nervous with the task I ' m currently working on , as I ' m expecting a positive outcome .\ n \ nSo I ' m just feeling cool .",2024-07-30 12:00:48,7,False,0.0,1.0,False,False,0.27023905515670776,0.8683732151985168
100,1431,"Tired , Exhausted , Stressed , Restless , Tipsy",2024-07-30 22:00:51,7,True,-2.0,0.0,False,False,-0.5748713612556458,0.4796181619167328
143,3608,"Happy , Calm , Cool , Jaunty , Good",2024-10-15 12:02:25,7,True,1.0,1.0,False,False,2.1676974296569824,0.5459538102149963
143,3609,"I am currently feeling good , I am doing my daily tasks and my following my daily routine activities . I am happy with the situation of things currently and I am able to relate well with my colleagues at the workplace",2024-10-15 17:21:31,7,False,1.0,1.0,False,False,2.1455092430114746,0.4311770796775818
143,3610,"Calm , Cool , Confident , Relaxed , Good",2024-10-16 12:01:50,7,True,2.0,0.0,False,False,2.150022506713867,0.28953173756599426
143,3611,"Calm , Contented , Confident , Happy , Relaxed",2024-10-16 17:02:10,7,True,2.0,1.0,False,False,1.3917614221572876,0.3229658305644989
143,3612,"Calm , Dizzy , Relaxed , Happy , Good",2024-10-16 22:09:02,7,True,2.0,0.0,False,False,0.8745546936988831,0.7051773071289062
143,3613,"Calm , Happy , Lively , Relaxed , Confident",2024-10-17 12:40:49,7,True,1.0,0.0,False,False,1.7895745038986206,0.6310158371925354
143,3614,"Contented , Calm , Cool , Relaxed , Comfortable",2024-10-17 17:34:49,7,True,2.0,0.0,False,False,1.0887420177459717,0.3490000069141388
143,3615,"I feel happy and I am doing good with everything happening to me right now , I feel awesome and lively at the moment . Things are going smoothly for me and I believe I am on the right track at the moment .",2024-10-17 22:06:00,7,False,1.0,2.0,False,False,1.8048597574234009,1.0713964700698853
143,3616,"I am feeling good , I am happy and doing fine . Things are going smoothly and I am optimistic about my future , I can handle situations about my life comfortably . I believe when I pray to God and I put in my best in all I do , I will come out victorious .",2024-10-18 12:08:08,7,False,2.0,1.0,False,False,1.7098370790481567,0.8399764895439148
143,3618,"Nervous , Calm , Good , Comfortable , Confident",2024-10-18 17:02:52,7,True,0.0,1.0,False,False,0.1883803904056549,1.163270354270935
143,3619,"I am not feeling happy ,, I am expecting and information to come through my mail and it’s not coming through . I am kinda nervous because of the information I am expecting . I hope this information will come through and I will be able to use it for what I intend to use it for",2024-10-18 22:01:34,7,False,0.0,1.0,False,False,-0.137607604265213,0.9678639769554138
143,3620,"Calm , Cool , Happy , Contented , Confident",2024-10-19 12:01:52,7,True,1.0,0.0,False,False,1.7778393030166626,0.5787410736083984
143,3621,"Happy , Calm , Comfortable , Relaxed , Good",2024-10-19 17:03:58,7,True,1.0,1.0,False,False,2.1121816635131836,0.5870679020881653
143,3622,"I am feeling happy , relaxed and relieved . I am enjoying my weekend with my family and things are going on smoothly . I am playing with my kids and they’re also enjoying the moment with me . This kind of moment helps foster the love between family",2024-10-20 12:57:59,7,False,1.0,0.0,False,False,2.2119061946868896,0.671566903591156
143,3623,"I am very happy with the way things are going for me , I am happy I have enough time to spend with my family . I feel relaxed and happy seeing them . Doing good . I feel connected to them . I am always happy having my family around me",2024-10-20 17:49:47,7,False,2.0,1.0,False,False,1.9563441276550293,0.9276915192604065
143,3624,"I am contented with everything , and happy with the situation of things in my life . I feel relaxed anytime I am with my family , because it gives me that special feeling and helps increase how I see things from a love side . I am feeling confident and satisfied , I like the way life is revolving",2024-10-20 22:08:54,7,False,2.0,0.0,False,False,1.8287248611450195,0.264603853225708
143,3625,"I am happy and proud of myself , I feel everything is going on well for me and I am doing great for myself . I am fine with the situation of things around me and I am happy about it . I feel relaxed and happy about my day so far",2024-10-21 12:38:53,7,False,1.0,0.0,False,False,2.0169944763183594,0.8505603075027466
143,3626,"Cool , Happy , Active , Relaxed , Confident",2024-10-21 17:03:57,7,True,0.0,2.0,False,False,2.1060264110565186,1.0240075588226318
143,3627,"Cool , Happy , Joy , Calm , Relaxed",2024-10-21 22:01:54,7,True,0.0,2.0,False,False,2.164119005203247,0.5608963370323181
143,3629,I am feeling happy and jaunty . I am happy with my current situation at work . I am active and performing my daily tasks . I am also happy working with my colleagues and we’re all happy doing a great job together . I feel relaxed and confident,2024-10-22 17:26:58,7,False,0.0,2.0,False,False,1.4825544357299805,1.4433258771896362
143,3630,"I am happy with the situation of things , things are going on well and I am happy with the situations at my workplace . Life has been going on well for me , I feel relaxed connected , calm with everyone around me . Things have been good for me",2024-10-23 17:07:41,7,False,0.0,2.0,False,False,2.217278480529785,0.8190648555755615
143,3631,"Happy , Active , Good , Calm , Jaunty",2024-10-23 22:58:51,7,True,0.0,2.0,False,False,2.0893309116363525,0.8585838079452515
143,3632,"Happy , Calm , Cool , Confident , Comfortable",2024-10-24 12:01:15,7,True,0.0,2.0,False,False,2.3262155055999756,0.5302435755729675
143,3633,"I am feeling relaxed and happy with myself . I like the situation of things around my workplace , I am in good condition with my other colleagues at the workplace . I feel comfortable with people around me and everything has been going on smoothly since I’ve get to the workplace",2024-10-24 17:03:37,7,False,0.0,2.0,False,False,2.426434278488159,0.3474162220954895
143,3634,I feel active and firm . I enjoined myself to see things from the positive side of life . I am happy with the situation of things around my life and the balance between my personal life and my work life . Things have going on well for me and I am also enjoying life with everything that revolves around it,2024-10-24 22:01:40,7,False,0.0,2.0,False,False,1.275620460510254,1.2621811628341675
143,3635,"Calm , Cool , Active , Happy , Comfortable",2024-10-25 12:03:51,7,True,0.0,2.0,False,False,1.6458638906478882,0.7304109334945679
143,3636,"Happy , Calm , Cool , Comfortable , Confident",2024-10-25 17:28:15,7,True,0.0,2.0,False,False,1.893915057182312,0.693279504776001
143,3637,"I am active and looking sharp , today has been good so far and thing are fine in the public space . I’m happy with the situation of things around me and today was a good day . I’m happy it’s weekend because I’ve got enough time to spend with my family .",2024-10-25 22:06:44,7,False,0.0,2.0,False,False,1.1810681819915771,1.4746730327606201
143,3638,"I am happy with my family , I am happy with the situation of things around me . My kids are happy with me and I am also glad I have enough time to spend with them this weekend . I also feel relaxed around my family and how things have been going for us",2024-10-26 17:10:33,7,False,0.0,2.0,False,False,1.8384190797805786,0.8819601535797119
143,3640,"I am happy and doing good , I like what’s happening around me and what’s going on in my life . I feel more confident about my future and I am happy . Life has been good to me and things are working well for me and my family",2024-10-26 22:12:49,7,False,0.0,2.0,False,False,1.8669129610061646,1.0904535055160522
143,3641,I am feeling happy with my family at the moment . Everyone of us is doing fine and we’re happy we can spend this beautiful moment with one another . My spouse and I are very happy with how we’re spending the weekend,2024-10-27 12:59:22,7,False,0.0,2.0,False,False,1.7172353267669678,0.5405864715576172
143,3642,I am happy with myself . I am feeling better with myself and my family . I am feeling much happier today because I have enough time to spend with my family . I am happy because my spouse is really happy enjoying the moment we’re spending together,2024-10-27 22:06:21,7,False,0.0,2.0,False,False,1.590769648551941,0.7659700512886047
143,3643,"I am happy with the situation of things around me , I’m active and working with my colleagues . I am happy and confident about myself . Work has been a bit hectic today but I’m still productive and completing my daily tasks .",2024-10-28 17:03:16,7,False,0.0,2.0,False,False,1.621843934059143,0.8970025181770325
92,690,I feel tired and fatigued at the moment . Feeling slightly overwhelmed that I am not done with my day yet . There were some unexpected situations during my day resulting in me needing to be flexible in my day in order to be accommodating .,2024-09-24 17:00:52,7,False,-2.0,0.0,False,False,-1.4653695821762085,0.11782853305339813
92,694,Feeling sluggish as I have a lot of notes to complete for my job . I am feeling tired because there is always work to do after work . Feeling slightly overwhelmed as I still have lots to do despite waking up early to get a head start to complete notes .,2024-09-26 17:18:32,7,False,-1.0,0.0,False,False,-1.320949912071228,0.22004137933254242
92,695,"Feeling sad because I have met up with some friends and I do not like where I am at . Feeling unaccomplished and distracted . I feel like I should be doing more , but I’m not and I don’t know how to reach where I want to be . Feeling sad .",2024-09-26 22:37:40,7,False,-1.0,1.0,False,False,-0.960503101348877,0.655558168888092
92,696,"Feeling rested and well relaxed after sleeping a full night of sleep . I spend last night with family and getting a nice dinner to enjoy our time together . Today I have more events planned with my friends , so I am excited and feeling relaxed .",2024-09-28 12:24:15,7,False,1.0,0.0,False,False,1.66431725025177,0.36960306763648987
92,697,Tired due to personal health reasons . The gloomy weather also plays a role in how I feel . The weekend is usually my time to relax but the weather is not nice enough to go outside and enjoy it . My plans with my friend was also cancelled due to weather changes .,2024-09-29 12:22:46,7,False,-2.0,0.0,False,False,-1.0032596588134766,-0.029380932450294495
92,698,I feel somewhat sad as my weekend was finished so quickly and I was not able to do what I wanted to do . I am feeling slightly sad that I have to prepare myself for another week of work even though I feel like I am not ready to work yet .,2024-09-29 22:46:11,7,False,-1.0,1.0,False,False,-0.5418739914894104,1.0280981063842773
92,699,Lively because it is the start of my day and I need to be lively for my work . I just finished treating one of my patients who always looks forward to seeing me and that makes me excited to see her and treat her as well . Makes me feel appreciated .,2024-09-30 12:07:20,7,False,1.0,2.0,False,False,1.0797828435897827,1.5827856063842773
92,709,Neutral and content as I do not have plans tomorrow . I am relaxed and enjoying my night . I ate a big meal and spent time with my boyfriend so I am enjoying my day and content with what I did today . Feeling relaxed as I do not have to work tomorrow and I get to spend time with my dog at home .,2024-10-05 22:41:28,7,False,0.0,1.0,False,False,0.8231038451194763,0.5020338892936707
92,711,"Neutral as my job is reaching out on a my resting day . I was feeling content but I am feeling slightly frustrated but trying to not have my work interrupt my resting day routine and emotions , I have a lot of the day to continue to enjoy so I am not as upset .",2024-10-06 17:16:42,7,False,0.0,1.0,False,False,0.04533359408378601,0.7123625874519348
92,712,"Feeling neutral , tomorrow is Monday , but I am not working so I feel a little more at ease . Currently I’m feeling calm because I am cooking and trying out a new recipe . My dog is by my side and keeping me company so I am content and relaxed as well .",2024-10-06 22:40:09,7,False,0.0,1.0,False,False,0.9176245927810669,0.6513261795043945
92,713,Feeling happy as I have the day off and spending my time with my boyfriend and my dog . I was able to sleep in a little bit today and enjoy a slower morning . Planning out the rest of my day to take advantage of what the dog on my day off . However there are still emails being reached out to me and there are still things to do .,2024-10-07 12:36:49,7,False,1.0,1.0,False,False,1.5298718214035034,0.6039136648178101
92,714,"Currently feeling neutral , not content and not sad . I am doing my own independent work for personal growth , so I’m just neutral . I thinking about what to eat for dinner and considering eating outside on a Monday as there would be less people out . Planning out my week in preparation for work .",2024-10-07 17:00:16,7,False,0.0,0.0,False,False,0.36784863471984863,0.7146862149238586
92,689,"Rushed , Awake , Neutral , Anxious , Worried",2024-09-24 12:00:45,7,True,0.0,2.0,False,False,-0.2572508454322815,1.1155844926834106
92,691,"Rushed , Relief , Content , Tired , Rested",2024-09-25 12:02:24,7,True,1.0,0.0,False,False,0.8458971977233887,0.8445293307304382
92,692,"Content , Calm , Worried , Tired , Relaxed",2024-09-25 22:56:58,7,True,1.0,0.0,False,False,0.9376490116119385,0.26584532856941223
92,693,"Worried , Anxious , Overthinking , Calm , Rested",2024-09-26 12:12:12,7,True,0.0,1.0,False,False,-0.4626306891441345,0.9889799952507019
92,700,"Calm , Worried , Anxious , Tired , Drained",2024-09-30 17:46:46,7,True,0.0,1.0,False,False,0.17830757796764374,0.7655377388000488
92,701,"Neutral , Calm , Resting , Tired , Drained",2024-09-30 22:19:31,7,True,0.0,1.0,False,False,-0.00039711594581604004,0.4074786901473999
92,702,"Tired , Fatigued , Used , Sad , Drained",2024-10-01 17:52:45,7,True,-1.0,1.0,False,False,-1.1116739511489868,0.06197540462017059
92,703,"Tired , Drained , Sad , Sore , Used",2024-10-01 22:05:56,7,True,-2.0,0.0,False,False,-1.1776043176651,-0.11493276804685593
92,704,"Tired , Sleepy , Anxious , Disgust , Disappointed",2024-10-02 17:00:36,7,True,-1.0,0.0,False,False,-0.40911155939102173,0.4079374372959137
92,705,"Calm , Happy , Tired , Relaxed , Sore",2024-10-02 22:00:32,7,True,2.0,0.0,False,False,1.5888105630874634,0.12685109674930573
92,706,"Quiet , Relaxed , Content , Calm , Happy",2024-10-03 22:54:59,7,True,0.0,0.0,False,False,1.7663767337799072,-0.21170859038829803
92,707,"Content , Calm , Happy , Slightly anxious , Thinking",2024-10-04 12:22:09,7,True,1.0,0.0,False,False,1.105296015739441,0.6050485968589783
92,708,"Active , Rushed , Alive , Anxious , Content",2024-10-05 12:00:24,7,True,0.0,2.0,False,False,0.1209913045167923,1.4496934413909912
92,710,"Happy , Content , Calm , Relaxed , Rested",2024-10-06 12:00:22,7,True,1.0,1.0,False,False,1.5523838996887207,0.47550442814826965
92,715,"Relaxed , Content , Calm , Refreshed , Ease",2024-10-07 22:00:54,7,True,0.0,1.0,False,False,2.0706136226654053,-0.06981171667575836
104,1565,"I ' m pretty excited to go hiking . The weather has been really warm and today actually feels like Fall weather . So my mood is calm and content . I ' m with family , the air is crisp and Fall weather is my favorite season .",2024-11-02 12:14:46,7,False,2.0,0.0,False,False,1.223460078239441,1.6121500730514526
104,1566,Today my mood is pretty good . I am going for a hike and the weather is super nice . The temperature is finally feeling Fall like and I ' m excited to go on my first   hike of the year . Looking forward to more hikes until the end of the year for sure,2024-11-02 17:02:15,7,False,2.0,0.0,False,False,1.3114616870880127,1.430812954902649
104,1567,"Calm , Sleepy , Normal , Fine , Content",2024-11-03 12:47:56,7,True,2.0,0.0,False,False,1.0724197626113892,0.2678285241127014
104,1568,"Nervous , Ambiguous , Hopeful , Cautious , Optimistic",2024-11-04 17:12:41,7,True,-1.0,2.0,False,False,0.07102671265602112,1.5783566236495972
104,1569,Still a bit jittery for the coming election tomorrow . Not sure what to think of it . Cautiously optimistic hut still want to not put all my eggs into a basket . Just had dinner and trying not to overthink about tomorrow,2024-11-04 22:14:53,7,False,0.0,1.0,False,False,-0.6926833987236023,1.5705609321594238
104,1571,Just feeling nervous about the election . I have no idea how the entire thing is going to unfold and the next few decades will be decided on the winner . And it ' s a close race . No idea and cautiously optimistic and yet still feels unsurr,2024-11-05 22:05:42,7,False,-1.0,2.0,False,False,-0.4508398771286011,1.265126347541809
104,1572,"Dejected , Lost , Wondering , Election , Hope",2024-11-06 17:13:34,7,True,-1.0,1.0,False,False,-1.2444990873336792,0.9644523859024048
104,1573,"Contemplating , Unsure , Neutral , Nonchalant , Wistful",2024-11-06 22:05:24,7,True,0.0,1.0,False,False,-0.2135046273469925,1.304139256477356
104,1574,Not as doom and gloom on election day . Don ' t want to over rhink and just focus on hope and the future and pray that it ' s not as bad as it seems . And try to get on with my life and just go about my day as normalna and possible,2024-11-07 12:01:38,7,False,0.0,1.0,False,False,0.3708602786064148,0.8195293545722961
104,1575,Not sure what to make of this post election situation . But I ' m not going to keep feeling down and just try to continue with the daily life and focus on my mental well being and situation . Life goes on,2024-11-07 17:26:55,7,False,0.0,1.0,False,False,0.1734801083803177,0.5757939219474792
104,1576,"Nonchalant , Unsure , Cautious , Wondering , Reflection",2024-11-08 12:54:59,7,True,0.0,1.0,False,False,-0.0012951940298080444,1.021309494972229
104,1577,"Full , Restful , Neural , Calm , Homely",2024-11-08 22:03:29,7,True,0.0,1.0,False,False,1.0757808685302734,0.2912457287311554
104,1578,Feeling ok . It ' s the weekend and the weather is pretty nice . Just trying to make the best out of today . Gotta make sure my mental health is good and feeling loved and content . Want to feel positive despite the election .,2024-11-09 12:01:30,7,False,0.0,0.0,False,False,0.3619648218154907,0.7240584492683411
104,1579,Not much change from today . About the same and just getting ready for dinner and turn down for the night . I ' m feeling fine and normal . Not sure what else to say or elaborate and I ' m ok . Sorry just rambling coz it ' s a 200 words minimum and I ' m trying to explain the best I can,2024-11-09 17:01:29,7,False,0.0,1.0,False,False,0.9120112657546997,0.3279697299003601
104,1580,"This is the 3rd mini survey I did . So I ' m not sure if I ' m supposed to keep doing 3 of these today . But I don ' t think my feelings change in the course of the entire day . So it ' s basically just normal , not over thinking .",2024-11-09 22:10:24,7,False,0.0,1.0,False,False,0.37182897329330444,1.0480040311813354
104,1582,Excited to go to ORG to do some home furnishing Morning feels good . Nothing out of the ordinary crazy and just feeling content . Planning my days for the next weekend . Feeling good and content and looking forward to continue my day,2024-11-10 12:06:27,7,False,1.0,1.0,False,False,1.6535024642944336,1.1282206773757935
104,1583,No much change since this morning . I really don ' t know how much to explain as it ' s pretty much the same as I felt this morning . Just waiting to take a nap and continue with the rest of the Sunday . I feel ok . Nothing change,2024-11-10 17:01:45,7,False,0.0,1.0,False,False,0.5816625952720642,0.340604692697525
104,1584,Feeling ok . Watching tv . No feeling anything in particular . Just the same as the last mini survey I ' ve talked about . Like I said . Watching tv . Just chilling and not thinking anything in particular just the same . Sorry much to say for 200 words minimum,2024-11-10 22:55:18,7,False,0.0,1.0,False,False,0.7815046906471252,0.3121531307697296
104,1585,"Normal , Relax , Rest , Fine , Chill",2024-11-11 22:24:44,7,True,0.0,1.0,False,False,0.2045711725950241,0.2829667329788208
104,1586,"Sleepy , Ok , PERSON , Relax , Nonchalant",2024-11-12 12:49:56,7,True,0.0,1.0,False,False,-0.2915297746658325,0.4789750576019287
104,1587,I just had dinner and now resting and watching tv . I feel ok and not thinking about anything that ' s on the news . Looking forward to the holidays and my vacation and taking a break from work since this year,2024-11-12 22:01:29,7,False,0.0,1.0,False,False,0.36336004734039307,0.42867380380630493
104,1588,Starting my day right . Morning us pretty brisk and the weather is finally very nice and fall . Have some coffee and ready to go about my day and look forward to spending the rest of the day with my dog,2024-11-13 12:41:31,7,False,1.0,1.0,False,False,0.5642411112785339,1.0046008825302124
104,1589,"Tired , Thirsty , Restful , Sleepy , Normal",2024-11-13 17:07:20,7,True,-1.0,0.0,False,False,-1.038707971572876,0.21074722707271576
104,1590,I just had dinner . I made something really great and felt really satisfied as I was starving . Right now I ' m just relaxing and unwinding down the rest of the day watching tv and having chocolates and just feeling mindful,2024-11-13 22:08:29,7,False,1.0,1.0,False,False,0.6648995876312256,0.5627012848854065
104,1591,"Sleepy , Tired , Lazy , Chilling , Hungry",2024-11-14 12:01:10,7,True,-1.0,0.0,False,False,-0.6903960108757019,0.1500449925661087
104,1593,"Sleepy , Tired , cold , Mindful , Sluggish",2024-11-14 17:18:03,7,True,-1.0,0.0,False,False,-1.1073499917984009,0.055452242493629456
104,1594,"Tired , Sleepy , Restful , Mindful , Calm",2024-11-15 12:20:50,7,True,0.0,1.0,False,False,-0.04287242889404297,-0.11786811053752899
104,1595,"Contend , Calm , Chill , Relax , Mindful",2024-11-15 17:07:39,7,True,1.0,1.0,False,False,1.0548044443130493,0.6334289312362671
104,1771,Today was a good day . I had a nice and long sleep . Went out to meet a friend and spend the day walking around the city . It was a nice and no stress day . Nothing much to complain . Looking forward to the weekend,2024-11-15 22:01:29,7,False,1.0,1.0,False,False,1.1284092664718628,0.6394023299217224
104,1772,"Calm , Collective , Neutral , Mindful , Peace",2024-11-16 22:43:36,7,True,1.0,0.0,False,False,0.9855926036834717,0.5635266304016113
132,3066,"Currently , I am feeling very tired and exhausted . I was awake every two - three hours with my baby last night . Thankfully , my husband is helpful ; he stays awake during the nighttime feeding with me and helps change the baby’s diaper .",2024-11-06 12:14:02,7,False,-2.0,0.0,False,False,-1.1330455541610718,0.04888637363910675
132,3067,"Currently , I feel overwhelmed with graduate school and caring for a newborn . Additionally , contacting my HR and insurance company regarding my fmla has been stressful . I am also stressed about finances and childcare",2024-11-06 17:01:29,7,False,-1.0,0.0,False,False,-1.0352613925933838,0.7613475322723389
132,3068,"Currently , I am feeling very happy and content . My level of energy is a bit lower , but I am able to complete tasks . I am working on my health and doing minimal exercise to help my fitness and energy level .",2024-11-07 17:01:43,7,False,2.0,1.0,False,False,1.611573576927185,0.6044371128082275
132,3071,"Currently , I am feeling ok . Being a new mom is difficult , but having a good support system helps . I’m physically tired , but mentally dealing with the new experiences fairly well . I am trying to be more energized by taking a few more naps during the day when possible .",2024-11-08 17:02:17,7,False,1.0,1.0,False,False,0.12098859250545502,1.1092815399169922
132,3072,"Currently , I’m feeling overwhelmed with the amount of housework and homework I have to do . Preparing for guests to visit the newborn is stressful . I feel like there is so much that needs to be done , but its hard to have energy to do so .",2024-11-08 22:02:10,7,False,0.0,1.0,False,False,-1.0355589389801025,1.2621480226516724
132,3076,"Currently i am feeling like I am not good enough . I try to comfort my baby , but she is constantly crying while awake . I’m trying to provide for my family by housekeeping , cooking , etc , but i fell inadequate",2024-11-10 22:30:28,7,False,-1.0,2.0,False,False,-0.7049275636672974,0.9931985139846802
132,3082,"Currently , I’m feeling tired and nervous . Caring for a newborn is very tiring . Im nervous because I don’t know if I’ll be able to complete the school work I have in time . Also , I tried contacting HR regarding my leave and they haven’t responded , which is making me nervous about my pay .",2024-11-12 22:26:50,7,False,-1.0,1.0,False,False,-0.52027827501297,0.7551025748252869
132,3084,"Currently , I am feeling over tired . I tried napping , but the baby kept me awake . I’m overwhelmed with work and school ; still deciding on whether to withdraw from a class to lessen my workload . Everyday seems the same- trying to do work , but getting bogged down with childcare .",2024-11-13 17:02:16,7,False,-2.0,0.0,False,False,-1.0282052755355835,0.7339705228805542
132,3085,"Currently , I am feeling tired . I got awoken early and asked for a favor . I’m worried about my parents’ health , as they are in need of more care . Not sure how this will work out during the winter , hopefully the weather will not be bad this year .",2024-11-14 12:43:45,7,False,-1.0,0.0,False,False,-0.030450165271759033,0.5664403438568115
132,3086,"Currently , I am feeling ok . I was able to take a nap and rest this afternoon quietly . Providing self care is important and I feel refreshed . Although i still haven’t completed the tasks i initially wanted to , i am content .",2024-11-14 17:23:02,7,False,0.0,0.0,False,False,0.9337627291679382,0.5731732845306396
132,3087,"Currently I’m feeling tired and bogged down . There are tasks I need/want to complete and can’t get   away from childcare to complete them . I’m happy to be with my baby , but am overwhelmed with the things i need to do",2024-11-14 22:02:06,7,False,-1.0,2.0,False,False,-1.1612908840179443,0.3072187006473541
132,3088,"Currently , i am feeling tired . Even though i am lying down in bed , its hard to rest because i am thinking of all of the things i need to do . I was able to do a couple of the tasks i set out to do , but there is still so much more i would like to accomplish before my husband goes back to work from paternity leave .",2024-11-15 22:31:13,7,False,0.0,0.0,False,False,-1.310154676437378,0.10247588157653809
132,3092,"Currently , I am feeling drained and tired . I was able to get some naps in , but I am mentally exhausted thinking about the future . Whilst I am trying to remain present , its hard not to think about things that I need to complete to be successful .",2024-11-16 22:20:03,7,False,-1.0,1.0,False,False,-1.3324910402297974,0.12880781292915344
132,3095,"Currently , I am feeling ok . Even though I haven ' t completed the tasks that I wanted to , I was able to do some self-care . I am still overwhelmed with school work , but I am hoping to finish my assignments this week .",2024-11-17 22:19:02,7,False,0.0,1.0,False,False,0.3691362142562866,0.6849217414855957
132,3096,"Currently , I am feeling tired and sad . Im hoping to get more than 3 hours of sleep tonight , though I know it probably will not happen . Motherhood is definitely hard and I know it will not get easier .",2024-11-18 22:09:53,7,False,-1.0,1.0,False,False,-1.1330994367599487,0.26313215494155884
132,3070,"Anxious , Agitated , Productive",2024-11-08 12:13:11,7,True,-1.0,2.0,False,False,-0.18598242104053497,1.7121137380599976
132,3073,"Happy , Excited , Nervous",2024-11-09 17:16:41,7,True,1.0,2.0,False,False,1.7330833673477173,1.141393780708313
132,3074,"Tired , Nervous , Anxious",2024-11-10 12:47:06,7,True,-1.0,0.0,False,False,-0.23283089697360992,0.7980018258094788
132,3075,"Content , Relaxed , Tired",2024-11-10 17:02:33,7,True,1.0,1.0,False,False,1.3477858304977417,0.21282996237277985
132,3077,"Tired , Anxious , Overwhelmed",2024-11-11 17:46:08,7,True,0.0,1.0,False,False,-1.17300283908844,0.9574996829032898
132,3078,"Nervous , Unsure , Overwhelmed",2024-11-11 22:02:04,7,True,-1.0,2.0,False,False,-0.6084173917770386,1.2359223365783691
132,3079,"Angry , Upset , Nervous",2024-11-12 12:22:23,7,True,-1.0,2.0,False,False,-0.22003580629825592,1.6898773908615112
132,3081,"Tired , Anxious , Overwhelmed",2024-11-12 17:36:19,7,True,-2.0,0.0,False,False,-0.7970609068870544,0.9654582738876343
132,3083,"Tired , Sad , Nervous",2024-11-13 12:31:49,7,True,-1.0,0.0,False,False,-0.9409741759300232,0.9077618718147278
132,3089,"Happy , Content , Accomplished",2024-11-16 12:59:15,7,True,1.0,1.0,False,False,1.5880593061447144,0.5463027358055115
132,3090,"Tired , Exasperated , Overwhelmed",2024-11-16 17:40:27,7,True,-1.0,0.0,False,False,-1.0018342733383179,0.29846635460853577
132,3093,"Content , Calm , Rested",2024-11-17 12:43:48,7,True,0.0,1.0,False,False,1.1539286375045776,0.2634486258029938
132,3094,"Tired , Overwhelmed , Worried , Anxious",2024-11-17 17:02:07,7,True,-1.0,2.0,False,False,-1.37014901638031,0.5967008471488953
132,3097,"Angry , Frustrated , Tired",2024-11-19 17:27:24,7,True,-2.0,2.0,False,False,-0.17902320623397827,1.5429340600967407
156,3962,"I am currently feeling content . I have a few plans in place this weekend so I am just thinking about that . I feel a little bit anxious about money because I am not getting paid until Tues . Therefore , I am trying to brainstorm ways that I can get some cheap yet fulfilling groceries for my self and my son to last until Tues . I feel somewhat accomplished , because I received some potentially good news in the mail regarding my student loans so that puts me at ease . I am feeling a little bit anxious and curious about the upcoming month , tomorrow is my son’s last day of summer school . He will be home with me until he starts school again in September . Therefore , I need to come up with a set schedule that can be fulfilling and fun for him . I also feel relaxed . I am laying in bed with my 5year old son waiting for him to fall asleep . I am watching a show on ORG  , called The Boys .",2024-08-08 22:01:07,7,False,2.0,0.0,False,False,1.0118416547775269,0.7154555916786194
156,3968,I am feeling ok . I am trying to clean my apartment and made some progress so I feel content . I still have a long way to go . I Went to the park with my son and we had a nice walk so that was good . He looks pretty content also . So no bad for a Sunday evening . We are both chilled and content right now . Looking forward to having a productive week as well .,2024-08-11 22:00:55,7,False,1.0,0.0,False,False,0.6500799655914307,0.8321636319160461
156,3969,It’s Monday morning and I am ready to tackle the day . My son is home with me on vacation so I am going to take him to the park . Then I am going to run some errands . It’s very hot outside but it will still be nice to be outside . I felt overwhelmed earlier because my place is a mess but I’m not going to let that get to me . I will feel better when I get back inside .,2024-08-12 12:02:55,7,False,2.0,2.0,False,False,0.6627870798110962,1.5450431108474731
156,3970,Feeling a bit overwhelmed . My son is home on vacation and I feel bad that I don’t have the money to take him somewhere fun . I am trying to come up with some creative ideas . In the meantime I do hope he can take a nap .,2024-08-12 17:51:44,7,False,-2.0,2.0,False,False,-0.6545918583869934,0.9235876798629761
156,3974,I feel calm and content . My son and I took a nap earlier and I am up but he is still sleeping . I am just strolling on the web and social media . Had a good day out with my mom earlier . My son is learning how to play ball with me .,2024-08-13 22:48:29,7,False,2.0,0.0,False,False,1.5492206811904907,0.4418623149394989
156,3975,I guess I’m ok . I have a lot to do and I am feeling overwhelmed . I just don’t know where to start so I feel frozen . I am trying to find smaller things to tackle so I can feel somewhat accomplished . Usually I procrastinate by oversleeping but since my son is home I cannot do that so I guess that is a blessing so I can face what is in front of me .,2024-08-14 17:19:07,7,False,-1.0,2.0,False,False,-0.2493055909872055,0.9866679906845093
156,3976,I’m doing ok this morning . It was hard for me to get up at first but now I am ready to tackle the day . I texted with my mom and sister and a friend this morning so that is good . My son is playing . It is very hot outside not sure I’m going outside but I hope to have a good day .,2024-08-15 12:23:44,7,False,2.0,0.0,False,False,0.8447365164756775,1.0706982612609863
156,3977,I’m a little agitated right now because my son is having a meltdown . I just don’t know how to help him when he does this . He is five hours old and on the spectrum . This happens when there is a change in his schedule and he has been home on vacation with me so I guess that is the change that he is struggling with .,2024-08-15 22:08:13,7,False,2.0,0.0,False,False,-0.780201256275177,1.3403279781341553
156,3978,Looking forward to spending the day with my mom . We are going to go shopping and run some errands . We are very close and I always have a good day when I see her . It is hot outside but we will be in her car mostly .,2024-08-16 12:11:47,7,False,2.0,2.0,False,False,0.27221471071243286,1.1303497552871704
156,3980,Took a nap so I am feeling awake right now . Will try to get some housework done . It is the weekend so there is much to prepare for the upcoming week . I have some work-related projects to complete as well .,2024-08-16 22:43:51,7,False,2.0,2.0,False,False,-0.0171353779733181,0.7867759466171265
156,3981,"I feel calm and content . We went food shopping and played a little bit . I wanted to do more but I’m ok with what I accomplished today . I hope that I can do more tomorrow , as I will have company over on Thursday .",2024-08-17 22:12:36,7,False,2.0,0.0,False,False,1.5617066621780396,0.008885696530342102
156,3983,"Feeling content and calm . I didn’t really accomplish anything today , just the basics but I will give myself a pass because it’s a Sunday . I do hope to be more productive this week . There really is so much that I need to accomplish .",2024-08-18 22:01:55,7,False,2.0,0.0,False,False,1.0696367025375366,0.20264093577861786
156,3985,Feeling good . Accomplished a few things this morning . Looking forward to some work-related projects coming up . I am also applying to grad school so I’m looking forward to that . My son appears to be content as well so that always makes me happy .,2024-08-19 17:13:32,7,False,2.0,0.0,False,False,1.1696697473526,0.9951880574226379
156,3987,I am feeling just ok . I feel a little bit accomplished but there is so much more to be done . Looking forward to next week when I get paid I am really stretched out the grocery prices are just out of control .,2024-08-20 22:01:27,7,False,0.0,1.0,False,False,0.21731255948543549,0.7892706394195557
156,3996,I’m ok . I really don’t have much to say . I have a lot on my mi d right now . I’m worried about money . I am worried about all that needs to be done . There is a lot that needs to be done and I don’t have enough energy .,2024-08-21 12:51:59,7,False,0.0,1.0,False,False,0.326729953289032,0.705453634262085
156,3998,Feeling content and calm . Took a nap . Feeling better than earlier . Family member lent me some money and another family member will be sending me money as well so I feel much better . I am trying to stay positive and take it one day at a time .,2024-08-21 22:00:46,7,False,2.0,0.0,False,False,1.1178926229476929,0.6973356008529663
156,3963,"Anxious , Worried , Annoyed , Tired , Reflective",2024-08-09 12:16:12,7,True,-1.0,2.0,False,False,-0.6127346158027649,1.2796485424041748
156,3964,"Relaxed , Content , Happy , Full , Enjoying",2024-08-10 17:25:20,7,True,2.0,2.0,False,False,1.6030064821243286,0.44863978028297424
156,3965,"Tired , Content , Focused , Relaxed , Dreamy",2024-08-10 22:08:18,7,True,0.0,0.0,False,False,0.45165711641311646,0.5352906584739685
156,3966,"Accomplished , Tired , Relaxed , Hopeful , Content",2024-08-11 12:55:51,7,True,2.0,0.0,False,False,0.964459240436554,0.48428449034690857
156,3967,"Annoyed , Tired , Hopeful , Fed up , Determined",2024-08-11 17:33:41,7,True,0.0,1.0,False,False,0.09407758712768555,1.1817243099212646
156,3971,"Relaxed , Calm , Tired , Stationary , Peaceful",2024-08-12 22:00:56,7,True,0.0,1.0,False,False,1.624768853187561,-0.1471860259771347
156,3972,"Calm , Relaxed , Content , Hopeful , Curious",2024-08-13 12:37:55,7,True,1.0,0.0,False,False,1.953250765800476,0.4076542854309082
156,3973,"Calm , Chill , Content , Satisfied , Accomplished",2024-08-13 17:01:02,7,True,2.0,0.0,False,False,2.3593122959136963,0.1262630969285965
156,3979,"Calm , Relaxed , Content , Accomplished , Curious",2024-08-16 17:53:01,7,True,2.0,0.0,False,False,1.4231202602386475,0.2649625837802887
156,3982,"Calm , Content , Quiet , Chill , Relaxed",2024-08-18 17:00:54,7,True,0.0,0.0,False,False,1.3004791736602783,-0.2211024910211563
156,3984,"Hopeful , Focused , Determined , Good , Lively",2024-08-19 12:25:28,7,True,2.0,2.0,False,False,0.6562643051147461,1.511426329612732
156,3986,"Tired , Worn out , Unmotivated , Guilty , Lazy",2024-08-20 12:31:03,7,True,-1.0,0.0,False,False,-1.5709913969039917,0.4485621154308319
156,3997,"Relaxed , Calm , Content , Tired , Happy",2024-08-21 17:33:14,7,True,2.0,0.0,False,False,1.0671958923339844,0.34544676542282104
157,3999,"I am feeling a bit sad , but not too sad . I have a feeling of doubt and regret . I feel like the world is a bit too tough for me .\ n "" My heart is heavy . I feel empty , lost , and alone .   and smiles feel forced . The world is dull and grey , devoid of joy . Every task feels like a mountain . I ' m trapped in sadness , searching for hope . Memories of happiness remind me of what ' s lost . I ' m suffocating in this darkness . Longing for escape , but stuck in pain .""",2024-08-21 12:03:13,7,False,-1.0,1.0,False,False,-0.5640823841094971,0.8505280017852783
157,4000,"Dispirited , Sad , Confused , Annoyed , Calm",2024-08-21 17:01:08,7,True,0.0,0.0,False,False,-0.5651494860649109,0.9636247754096985
157,4001,"""Ugh , I feel tired , slow , and unmotivated today , like I ' m moving through molasses and can ' t seem to get anything done . My brain is foggy , my body aches , and all I want to do is curl up on the couch and take a nap . Every task seems overwhelming and I just can ' t muster up the energy to care . I ' m stuck in a rut and don ' t know how to get out of it .""",2024-08-22 12:01:00,7,False,-1.0,0.0,False,False,-1.7751073837280273,0.19080042839050293
157,4002,"Happy , Excited , Delightful , High spirited , Joyful",2024-08-22 22:26:05,7,True,1.0,1.0,False,False,1.511358380317688,1.2108869552612305
157,4003,"""Ugh , feeling really sluggish today . No energy , no motivation . Just want to stay in bed and snooze the day away . Every task feels like a huge mountain to climb . Even getting out of pajamas seems like too much effort . Need a boost to get going !""",2024-08-23 12:01:48,7,False,0.0,2.0,False,False,-1.010435938835144,0.1872054487466812
157,4004,"Active , Happy , Energized , Joyful , Delighted",2024-08-23 17:02:47,7,True,0.0,2.0,False,False,1.2063876390457153,1.3398526906967163
157,4005,"Joyful , Strong , Motivated , Active , Happy",2024-08-23 22:22:22,7,True,2.0,2.0,False,False,1.2536205053329468,1.3455942869186401
157,4006,"I have been Feeling quiet is like being wrapped in a warm blanket on a chilly day . It ' s a sense of stillness that calms the mind and soothes the soul . In the quiet , I find peace and clarity , away from life ' s chaos and noise . It ' s a moment to breathe , reflect , and recharge , letting go of worries and embracing the serenity within .""",2024-08-24 12:48:49,7,False,0.0,0.0,False,False,0.27172577381134033,0.3956150412559509
157,4007,"Normal , Curious , Enthusiastic , Creative , Peaceful",2024-08-24 22:38:15,7,True,0.0,1.0,False,False,0.6343418955802917,1.0268466472625732
157,4008,"""Oh , what an incredible rush ! I ' m bursting with excitement , my heart racing with anticipation ! Every fiber of my being is electric , like a spark has ignited a fire within me . I can barely contain my enthusiasm , my mind racing with possibilities . It ' s like a dream come true , and I ' m walking on air , beaming with joy . The world feels full of promise , and I ' m ready to take on the day with unbridled energy and passion !""",2024-08-25 12:36:13,7,False,1.0,1.0,False,False,1.0793721675872803,1.9367314577102661
157,4009,"Sad , Confused , Angry , Curious , Empty",2024-08-26 12:00:42,7,True,-1.0,1.0,False,False,-0.41204530000686646,1.0086926221847534
157,4010,"Quiet , Sas , Normal , Empty , Neutral",2024-08-26 17:03:05,7,True,0.0,1.0,False,False,0.4703930616378784,0.5515991449356079
157,4011,"Sad , Cofused , Quiet , Free , Down",2024-08-29 12:04:22,7,True,1.0,1.0,False,False,-0.9771768450737,0.6052114367485046
157,4012,"I ' m feeling really sluggish today . My body feels heavy and my mind is foggy . I ' m struggling to focus and get motivated . Every task seems like a chore and I just want to curl up and take a nap . My energy levels are depleted and I ' m moving at a slow pace . I hope a cup of coffee or some fresh air can help shake off this sluggishness and get me back to my normal self .""",2024-08-29 17:29:34,7,False,-1.0,0.0,False,False,-1.574663519859314,0.20810578763484955
157,4013,"I ' m feeling really down today . A heavy sadness is weighing on my heart and mind . Everything seems dull and grey , and I ' m struggling to find joy in things I normally love . My thoughts are consumed by worries and regrets , and I can ' t shake off the feeling of emptiness . I feel disconnected from the world around me and just want to retreat into myself . Even small tasks feel overwhelming , and I ' m longing for comfort and solace . I hope this sadness will lift soon , and I ' ll find my way back to happiness and peace .""",2024-08-29 22:14:18,7,False,-1.0,1.0,False,False,-1.1474156379699707,0.4750218987464905
157,4014,"Bright , Light , Happy , Delighted , Great",2024-08-30 12:42:56,7,True,0.0,2.0,False,False,1.6530016660690308,1.1917701959609985
157,4015,"Normal , Silent , Quiet , Sluggish , Down",2024-08-30 17:43:06,7,True,0.0,0.0,False,False,0.04611973464488983,0.3029254376888275
157,4017,"Happy , Excited , Joyful , Delightful , Greatful",2024-08-31 17:16:23,7,True,2.0,1.0,False,False,1.7527520656585693,1.4725929498672485
157,4018,"Tired , Sleepy , Sad , Quiet , Sluggish",2024-09-01 22:18:55,7,True,0.0,0.0,False,False,-1.5216706991195679,-0.019573353230953217
157,4019,"I ' m feeling really down and sad today . Everything seems grey and dull . I ' m struggling to find joy in things I normally love . My heart feels heavy and my mind is filled with worries . I just want to curl up and hide from the world . I ' m feeling overwhelmed and alone , like no one understands me . I wish I could shake off this sadness and feel happy again .""",2024-09-02 12:41:04,7,False,-1.0,1.0,False,False,-1.0900787115097046,0.39829832315444946
157,4020,"""Feeling quiet is like being wrapped in a warm blanket on a chilly day . It ' s a sense of stillness that calms the mind and soothes the soul . In the quiet , I find peace and clarity , away from life ' s chaos and noise . It ' s a moment to breathe , reflect , and recharge , letting go of worries and embracing the serenity within .""",2024-09-02 17:00:30,7,False,1.0,1.0,False,False,0.7077785134315491,0.5084962844848633
157,4021,"Happy , Delighted , Joyful , Cheerful , Happy",2024-09-03 22:05:44,7,True,1.0,1.0,False,False,2.150273084640503,1.1930122375488281
157,4022,"Feeling active is like a sunny day - energized , lively , and ready for anything . It ' s that inner buzz that keeps you moving , exploring , and embracing life with zest . Being active means feeling alive , motivated , and full of vitality , making each moment vibrant and exciting .",2024-09-05 12:32:55,7,False,1.0,1.0,False,False,1.6452908515930176,1.73726224899292
84,207,It is a holiday day . I am at home with my family . We went kayaking earlier today and it was a very good morning . At the moment I am watching a show that I enjoy . It is a very pleasant and relaxing day .,2024-10-14 17:43:19,7,False,0.0,1.0,False,False,0.6895553469657898,0.8024112582206726
84,208,"I am currently feeling ok . I have to pack bags to go back to the city , so I am just trying to focus on all the thing that I need to pack . The day is almost over and I feel focused .   Today was a nice and relaxing day .",2024-10-14 22:02:41,7,False,0.0,1.0,False,False,0.143760085105896,0.8334707617759705
84,209,"It is a first day after the long holiday and I am at work right now , it is very busy right now so I am trying to get work done . Other than that echos going good just the way it is supposed to be . I feel good and full of energy to get my work done .",2024-10-15 12:09:25,7,False,0.0,2.0,False,False,0.21031655371189117,1.2117829322814941
84,210,"i am currently feeling very busy because of the work that i need to do and things that need to be taken care of . So , at the moment that is what I am doing . I have nothing else to \ n add to what i already wrote .",2024-10-15 17:12:07,7,False,0.0,2.0,False,False,0.7787448763847351,1.2023500204086304
84,211,"It is W morning . I am at work , starting my day   and trying to see what needs to get done first . I have a busy day ahead . Feeling good in general . No complains , everything seems to be going ok . doing what i have to do .",2024-10-16 12:01:54,7,False,1.0,2.0,False,False,0.47495466470718384,1.0165554285049438
84,212,"i am continuing to do my work . Iti s the middle of the work day and everyone is working , myself included . I feel fine , doing things that need to get done today . The day is going just the way it has to .",2024-10-16 17:01:55,7,False,1.0,0.0,False,False,1.0599100589752197,1.2088834047317505
84,214,I am feeling good . Doing my work and trying to finish up everything I have started earlier today . I had a busy day and many things need to be completed before i go home today . I will try and do it withing 1 hour or so .,2024-10-17 17:05:43,7,False,0.0,2.0,False,False,-0.002292945981025696,1.3025017976760864
84,219,I am relaxing and watching a movie . It is a very pleasant and peaceful Sanctuary evening . I am waiting for my older son to get home so I can completely relax and just enjoy the rest of the Saturday evening with my family ..,2024-10-19 22:19:20,7,False,2.0,0.0,False,False,0.5489944815635681,0.6814283728599548
84,220,"I am feeling good , happy , relaxed and enjoying this Sunday morning with my family . It is a beautiful fall morning and it feels nice to be home without having to rush anywhere or do anything . I love this feeling .",2024-10-20 12:28:32,7,False,1.0,1.0,False,False,1.5505173206329346,0.5789037346839905
84,221,"It is Monday morning . Beginning of the work week and school week . Do , I am feeling busy at work , doing everything that needs to get done . Getting ready for whatever needs to happen today . Feeling good in general .",2024-10-21 12:17:33,7,False,0.0,2.0,False,False,0.20613692700862885,1.4444832801818848
84,222,"I am currently feeling good , working and doing my job . everything is going smooth . Iti safter 3 pm so in about 2 hours it will be time to go home . I am happy about that too . I do miss my family . cannot wait to see everyone .",2024-10-21 17:06:49,7,False,2.0,2.0,False,False,1.3441113233566284,0.9438777565956116
84,224,"It is 3pm , towards the end of my work day . It has been a busy day , with many people   to be taken care of and many tasks to complete . So , I am still very busy trying to complete tasks   I need to do it before",2024-10-22 17:00:37,7,False,2.0,2.0,False,False,-0.42431777715682983,1.17965567111969
84,225,"I had a good and busy evening with my family . When I got home from work kids asked to make crepes with Nutella . We ate together . I checked my youngest homework . I made fish later on , cleaned and feeling good .",2024-10-22 22:08:29,7,False,1.0,2.0,False,False,0.8172358870506287,1.000545859336853
84,233,It is Friday and I literally need my boss to leave so I can go too and take my kid to a Halloween party . I am feeling good and happy but definitely ready to go . It had been a good day and a good week .,2024-10-25 17:01:14,7,False,1.0,2.0,False,False,0.6075318455696106,0.9250309467315674
84,235,"Feeling quiet and just mellow . It is grey out and I just want to stay home and get cozy , watch tv , eat , sleep and read and honestly nothing else . Fall mood .   I had a super busy day yesterday and today I want to stay still .",2024-10-26 17:18:06,7,False,0.0,1.0,False,False,0.5734348297119141,0.012155652046203613
84,236,It is Sunday morning . I just woke up recently and feeling relaxed and quiet . We are going to make breakfast and after that we will play a board game or 2 . It is a very nice Sunday morning and everything is perfect .,2024-10-27 12:50:16,7,False,1.0,0.0,False,False,1.1938390731811523,0.5916783213615417
84,237,"I am feeling good , happy , relaxed . I am enjoying this Sunday with my kids and my husband . It is gorgeous day , the sun is warm and inviting and it feels really good . I am happy to have another beautiful weekend .",2024-10-27 17:53:47,7,False,2.0,0.0,False,False,2.025036096572876,0.9019842743873596
84,239,I am having a very pleasant evening with my family . It is very pleasant and relaxing . Tomorrow is Monday and we all had a very relaxing time . We will be traveling back to   GPE  soon .. I has been great over all,2024-10-27 22:09:10,7,False,1.0,0.0,False,False,1.208739161491394,0.7329265475273132
84,213,"energetic , lively , busy , excited , happy",2024-10-17 12:03:51,7,True,0.0,2.0,False,False,0.4192293882369995,2.04617977142334
84,215,"Calm , Relaxed , Sleepy , Rested , Peaceful",2024-10-17 22:25:02,7,True,0.0,0.0,False,False,1.4168318510055542,0.06577803194522858
84,217,"active , energetic , busy , occupied , under pressure",2024-10-18 12:24:52,7,True,1.0,2.0,False,False,-0.5660203099250793,1.6492713689804077
84,218,"Lively , Active , Organized , Focused , Determined",2024-10-18 17:01:31,7,True,0.0,2.0,False,False,0.1229691356420517,1.5766088962554932
84,223,"Great , Active , Busy , Occupied , Happy",2024-10-22 12:45:14,7,True,0.0,2.0,False,False,0.6851509213447571,1.5840216875076294
84,226,"Active , Busy , Happy , Determined , Excited",2024-10-23 12:13:47,7,True,1.0,2.0,False,False,0.7730874419212341,1.9256576299667358
84,228,"Happy , Busy , Focused , Determined , Enthusiastic",2024-10-23 17:12:24,7,True,0.0,2.0,False,False,1.0575298070907593,1.6457842588424683
84,229,"Cozy , Relaxed , Quite , Peaceful , Happy",2024-10-23 22:11:47,7,True,0.0,0.0,False,False,1.9672340154647827,0.22434942424297333
84,230,"Excited , Busy , Hopefull , Happy , Energetic",2024-10-24 12:10:48,7,True,1.0,2.0,False,False,1.256595492362976,1.7354837656021118
84,231,"Busy , Determined , Enthusiastic , Happy , Energetic",2024-10-24 17:09:38,7,True,0.0,2.0,False,False,0.34914714097976685,1.866492509841919
84,232,"Active , Busy , Enthusiastic , Happy , Excited",2024-10-25 12:41:12,7,True,0.0,2.0,False,False,0.471443235874176,1.8304072618484497
84,234,"Relaxed , Calm , Content , Happy , Joyful",2024-10-26 12:24:38,7,True,0.0,0.0,False,False,1.442081332206726,0.24550200998783112
165,4205,"I started being active not quite long , have been alone at home since watching news on social media , I ' m just alone , I ' m just calm because I ' m the only one at home nobody to talk to and after pressing and then I went online to do some research about until one of my friend came in today to say hello to me .",2024-08-25 22:27:42,7,False,0.0,2.0,False,False,0.1946326643228531,0.6257827877998352
165,4206,"I love the way I ' m feeling today cause I don ' t really want to talk too much , I ' m okay with the way I am , just being cool and calm , lowkey , every still I ' m just the only one working lowkey from home because I have some unfinished project .",2024-08-26 12:16:53,7,False,1.0,1.0,False,False,1.0486177206039429,0.594074547290802
165,4207,"I ' m active , my eyes are open , I followed a friend to a bar , to have some drinks together and discuss on how our life is going to better and discuss more on our current issue with life and how things has been going us and our family .",2024-08-26 22:03:15,7,False,0.0,2.0,False,False,0.6977453827857971,1.6259392499923706
165,4208,"I ' m sluggish today but I don ' t know why , I ' m just thinking maybe because am broke or something , have been hoping for money , I ' m very dull even a friend of my told me I was so choked because it was so obvious and I asked my friend and he feel so concerned .",2024-08-29 17:20:20,7,False,-1.0,0.0,False,False,-1.1195929050445557,0.1694430261850357
165,4215,"I feel good and I also feel loved by someone today , my day was lively because I mingled with alot of people today and I make new friends today and they also love me too and they came to my house to play .",2024-09-04 22:48:57,7,False,1.0,1.0,False,False,0.8828321695327759,1.115262746810913
165,4218,"I ' m feeling good today , everything about was good to me and am still having fun , and everything is going smoothly , I went to visit one of my long time friend today , we played alot of games like chess .",2024-09-06 22:01:14,7,False,1.0,2.0,False,False,1.7525086402893066,0.7280483841896057
165,4220,"I ' m feeling Good and okay , I have been alone today I ' m just sitting down watching how everything is going , have been alone since morning   we don ' t have any issue with anybody we are just trying to   be .",2024-09-07 22:02:02,7,False,0.0,1.0,False,False,0.9291068911552429,0.6754919290542603
165,4223,"I have okay and happy , have been listening to my favorite songs sing and it has been making me to be happy and feeling good , have been alone in the room singing loud , my neighbour even came to check up on me , may be there nothing wrong .",2024-09-08 22:02:55,7,False,0.0,2.0,False,False,1.2678859233856201,0.7407830953598022
165,4224,"I have been feeling down since , I did not have any money with me and I ' m still in debt and have been planning to borrow more when have not pay off the one on ground , have been thinking about alot of things that I can start doing that can increase my income rate .",2024-09-09 17:25:06,7,False,0.0,1.0,False,False,-1.2847998142242432,0.2845856249332428
165,4209,"Active , Calm , Nice , Good , Amazing",2024-08-30 12:43:18,7,True,0.0,1.0,False,False,1.1989543437957764,0.979631245136261
165,4210,"Amazing , Cool , Awsome , Good , Okay",2024-08-31 22:30:26,7,True,1.0,1.0,False,False,0.9176334142684937,1.1174396276474
165,4211,"Active , Strong , Healthy , Good , Calm",2024-09-01 12:36:09,7,True,0.0,1.0,False,False,0.8340373635292053,1.1908141374588013
165,4212,"Quiet , Cool , Calm , Good , Active",2024-09-03 12:46:35,7,True,0.0,0.0,False,False,1.2169944047927856,0.663997232913971
165,4213,"Lively , Happy , Good , Happy , Active",2024-09-03 22:23:37,7,True,1.0,1.0,False,False,1.5690373182296753,1.6740700006484985
165,4214,"Good , Lively , Active , Sharp , Okay",2024-09-04 17:41:47,7,True,0.0,1.0,False,False,1.060773253440857,1.5522922277450562
165,4216,"Good , Neutral , Calm , Good , Cool",2024-09-05 12:13:41,7,True,0.0,1.0,False,False,0.859597384929657,0.8452005982398987
165,4217,"Good , Happy , Awesome , Excellent , Active",2024-09-05 22:18:54,7,True,2.0,1.0,False,False,1.5423558950424194,1.019038200378418
165,4219,"Cheerful , Jovial , Anxious , Awesome , Active",2024-09-07 17:12:52,7,True,0.0,1.0,False,False,1.5317257642745972,1.3914114236831665
165,4221,"Good , Calm , ACTIVE , Awesome , Jovial",2024-09-08 12:11:11,7,True,0.0,2.0,False,False,1.3910325765609741,1.3471282720565796
165,4222,"Good , Creative , Active , Cool , Calm",2024-09-08 17:35:29,7,True,1.0,0.0,False,False,1.5379732847213745,1.4817534685134888
165,4225,"Quiet , Sad , Down , Calm , Sluggish",2024-09-09 22:01:16,7,True,0.0,0.0,False,False,-0.4620524048805237,0.09752456843852997
130,3018,"tired , overwhelmed , anxious , cold , na",2024-12-06 12:00:20,7,True,-1.0,0.0,False,False,-0.9844335913658142,0.590571403503418
130,3019,"I am feeling more awake , and productive ! Went on a run so feeling the endorphins . I got some work done and going to do more and relax for the rest of the day . A little bit of brain fog too , but less than the morning .",2024-12-06 17:13:20,7,False,0.0,2.0,False,False,1.18715238571167,1.0947096347808838
130,3020,"I am feeling very sleepy from the day . I feel like I did a lot of studying and was productive , but at the same time it took the whole day and now I am like oh wow where did the day go ! But I stopped doing work and going to unwind now , so looking forward to that ! And feeling less anxious than I was in the morning . Happy I got a workout in too !",2024-12-06 22:00:41,7,False,-1.0,0.0,False,False,-1.0228195190429688,-0.05611269176006317
130,3021,I went on a run and ate breakfast and lunch so I am feeling more lively than I was in the morning . I am feeling stressed about my responsibilities but I always feel like those stressors hang over me often . I am also excited because I am seeing a friend and hoping it’s a nice change in routine and scenery . Hoping the lively energy continues throughout the day,2024-12-07 17:00:19,7,False,1.0,2.0,False,False,0.924369215965271,1.22620689868927
130,3022,"sluggish , hungry , stressed , anxious , sleepy",2024-12-08 12:44:41,7,True,0.0,0.0,False,False,-0.5194635391235352,0.5486740469932556
130,3023,"energized , stressed , anxious , sad , worried",2024-12-09 12:37:01,7,True,0.0,1.0,False,False,0.6814584136009216,1.3825863599777222
130,3024,"exhausted , anxious , stressed , gloomy , hungry",2024-12-09 17:04:14,7,True,0.0,1.0,False,False,-1.5235742330551147,0.6001673936843872
130,3026,"exhausted , stressed , anxious , tachycardic , hungry",2024-12-09 22:00:18,7,True,0.0,2.0,False,False,-0.8259103894233704,0.5691664814949036
130,3027,My friend is going through a lot and I empathize with her and I feel sad . She is going through a lot and I want to be there for her but also need to keep up with my responsibilities . So I am also feeling stressed and anxious about her situation and how I am going to process it and hold space for her too .,2024-12-10 17:02:12,7,False,-2.0,0.0,False,False,-0.7825992703437805,1.3330903053283691
130,3028,"exhausted , stressed , anxious , cold , hungry",2024-12-11 12:00:25,7,True,0.0,1.0,False,False,-1.0310733318328857,0.6476253867149353
130,3029,"stressed , anxious , exhausted , overwhelmed , cold",2024-12-11 17:00:18,7,True,0.0,1.0,False,False,-0.842172384262085,0.843975841999054
130,3030,"exhausted , stressed , anxious , hungry , thirsty",2024-12-13 12:00:34,7,True,-1.0,0.0,False,False,-0.5391218662261963,0.7407898306846619
130,3031,"I had a productive morning and early afternoon so feeling a bit more calmer , but still stressed . I am also spending time with family and loved ones , so it is a great company ! I am hoping to keep calm for the rest of the weekend so I can continue being productive . I am feeling emotionally exhausted from my week of supporting my friends , so I feel like I did not have enough space for myself . So I am trying to make more time for myself this weekend and next week !",2024-12-13 17:07:33,7,False,0.0,1.0,False,False,0.5244435667991638,0.6350888013839722
130,3032,Feeling stressed with school ! But trying to be productive . Also feeling cooped up inside so will go out for a run soon to relieve some stress and get some air . Trying to keep calm and grounded to get work done and get through the day today !,2024-12-14 17:00:27,7,False,0.0,1.0,False,False,-0.3716728091239929,0.7978465557098389
130,3033,"exhausted , stressed , satiated , anxious , brain fog",2024-12-14 22:00:13,7,True,-1.0,0.0,False,False,-1.3508881330490112,0.30044135451316833
130,3034,"stressed , anxious , exhausted , cold , restless",2024-12-15 12:42:30,7,True,0.0,1.0,False,False,-1.3986424207687378,0.9768521189689636
130,3035,"I’m currently feeling both physically and mentally drained as I prepare for my exam tomorrow . The pressure of wanting to perform well has left me feeling stressed , and the sheer amount of material I need to review feels overwhelming at times . Despite my best efforts to stay focused , fatigue has started to set in , which makes it even harder to concentrate . I know how important this exam is for my progress , so I’m doing my best to push through these feelings and stay motivated . At the same time , I’m trying to remind myself to take small breaks and prioritize self-care so that I can approach the test with as much clarity and confidence as possible .",2024-12-15 17:10:19,7,False,0.0,1.0,False,False,-1.4387239217758179,0.3375403583049774
130,3038,"relieved , productive , exhausted , overwhelmed , Disoriented",2024-12-16 17:01:36,7,True,1.0,2.0,False,False,0.645864725112915,0.5328649282455444
130,3039,"overwhelmed , sleepy , burnt out , happy to see my dogs , calm",2024-12-16 22:52:24,7,True,0.0,1.0,False,False,-0.9163532853126526,0.598130464553833
130,3040,"long day ! very overwhelming and stressful , it felt like a waste of my day , so it sucks ! but trying to be positive and make good use of the rest of my day . there is a lot going on and on my plate so it’s hard to manage everything and handle it well . very stressed !",2024-12-17 17:51:37,7,False,0.0,1.0,False,False,-1.3119093179702759,0.9731619358062744
130,3041,"I am currently feeling incredibly tired and overwhelmed with everything going on in school . The constant stream of assignments , exams , and responsibilities is taking a toll on both my physical and mental energy . It feels like there’s always something more to do , and no matter how hard I try to stay organized or keep up , the workload just keeps piling up . \n \ nThe pressure to perform well and meet deadlines has left me feeling stretched thin , and it’s hard to find time to rest or recharge . Balancing academic demands with personal life feels almost impossible , and sometimes I question if I’ll ever catch up or feel on top of things again . Despite this , I know these challenges are temporary , and I’m trying to remind myself that perseverance and taking things one step at a time will help me push through .",2024-12-18 22:17:30,7,False,0.0,1.0,False,False,-1.6239739656448364,0.09538289904594421
130,3042,feeling overwhelmed and tired because of an early morning and long day ahead . feeling restless because we have been sitting since 8am and still have the whole day to go ! very stressed because i have a lot of things to do so a lot is on my mind and feeling anxious about it,2024-12-19 12:26:03,7,False,0.0,1.0,False,False,-1.6464242935180664,0.7530093193054199
159,4062,"I am feeling pretty confident about myself . I don’t feel down at all , which is pretty good ! I am very excited for what I get to do today since I get to teach !   I feel healthy and I feel optimistic . I am unsure what exactly will happen today but I am looking forward to it .",2024-10-31 12:04:25,7,False,2.0,0.0,False,False,1.83439302444458,0.9332405924797058
159,4063,I am finally back home from a 2 sessions of 3 hour classes I taught . My feet hurt quite a bit but I desperately want a hot shower . What a contradiction of wants ! I wish I had a functioning tub in the middle \ nof my living room .,2024-11-01 22:01:09,7,False,2.0,0.0,False,False,-0.18242929875850677,1.2099268436431885
159,4064,"I am feeling a little groggy today after some rest after teaching . I am anticipating my delivery order right now because this a treat I am having for myself and partner . I really want to get my apartment clean again , it has been stressing out about the hygiene standards .",2024-11-02 12:01:35,7,False,2.0,0.0,False,False,-0.13215093314647675,1.048140048980713
159,4068,I am very stressed at the moment because of technical malfunctions that happened over the weekend . I am pretty mad about having to make new templates for labels from scratch since it looks like the templates used for the past 5 years have vanished into thin air . I am pretty upset having to do some tedious work and spending my day fixing it .,2024-11-04 12:08:03,7,False,-2.0,2.0,False,False,-0.6276057958602905,1.1803253889083862
159,4069,I am excited to end the day and go home . I have so much I need to organize at home and I finally have all the pieces to get that going . I really really am eager to not be in my office . I have reached my limit with my mind wandering and answering emails and calls for today .,2024-11-04 17:06:27,7,False,1.0,0.0,False,False,0.5866566300392151,1.106574535369873
159,4065,"Tired , Content , Curious , Middle of The Road , Sore",2024-11-02 22:01:58,7,True,2.0,0.0,False,False,-0.20433135330677032,0.7959402799606323
159,4066,"Tired , Hungry , Motivated , Lightheaded , Sore",2024-11-03 17:02:11,7,True,2.0,0.0,False,False,-0.2542213201522827,0.9186655879020691
159,4067,"tired , sorr , meh , not so bad , decent",2024-11-03 22:09:39,7,True,2.0,0.0,False,False,-0.2736828327178955,0.22109274566173553
159,4070,"tired , sluggish , groggy , mildly frustrated , blah",2024-11-05 12:01:48,7,True,-1.0,0.0,False,False,-1.4334710836410522,-0.15089567005634308
159,4071,"tired , irritable , sore , sleepy , uninterested",2024-11-05 22:01:46,7,True,-2.0,0.0,False,False,-1.438396692276001,0.18599411845207214
159,4072,"disappointed , deflated , tired , irritable , unwilling",2024-11-06 12:02:19,7,True,-2.0,0.0,False,False,-1.3756071329116821,0.8328573107719421
159,4073,"triggerhappy , angry , upset , bloodthirsty , Irritable",2024-11-06 17:01:34,7,True,1.0,2.0,False,False,-0.6065838932991028,1.5235120058059692
159,4074,"tired , irritable , sore , meh , blah",2024-11-06 22:53:22,7,True,0.0,1.0,False,False,-1.4546228647232056,-0.06854186207056046
159,4075,"groggy , tired , meh , sleepy , underwhelmed",2024-11-07 12:02:06,7,True,-1.0,0.0,False,False,-1.5595868825912476,0.030307568609714508
159,4076,"tired , blah , irritable , fatigued , sleepy",2024-11-07 17:02:01,7,True,-2.0,0.0,False,False,-1.1293561458587646,-0.008579179644584656
159,4078,"neutral , a little tired , full , content , meh",2024-11-07 22:03:20,7,True,0.0,0.0,False,False,0.7569772601127625,0.41170015931129456
175,4477,I am excited to be going on vacation .   I ' m also nervous about getting from GPE  to GPE without hiccups .   I ' m hopeful we won ' t get bored .   GPE looks beautiful but I ' m afraid there won ' t be a lot to do .,2024-11-07 17:06:54,7,False,-2.0,0.0,False,False,0.4649336338043213,1.417490839958191
175,4478,I am feeling tired because we didn ' t get much sleep on the plane .   I ' m feeling excited about walking all over GPE tomorrow .   I ' m happy we were able to find some inexpensive snacks and breakfast food for our room .,2024-11-08 12:18:44,7,False,-1.0,0.0,False,False,-0.5168618559837341,0.12333180010318756
175,4479,I ' m happy to have spent a fun afternoon in GPE .   I ' m content with the burger I had for dinner and happy PERSON is always willing to share so we don ' t overeat .   I ' m looking forward to wandering home .   Wandering makes me happy .,2024-11-09 12:02:46,7,False,1.0,1.0,False,False,1.1739323139190674,0.5879270434379578
175,4480,I ' m feeling quiet and content as I read and plan upcoming days . I ' m relaxed to be away from the crowds . I ' m somewhat anxious that we have just one phone charger . I ' s disappointed in myself for not running today .,2024-11-09 17:31:59,7,False,0.0,0.0,False,False,1.0651273727416992,0.07782964408397675
175,4484,I am bored in the passenger seat .   I am nervous about being the navigator .   I am nervous about riding in the car in GPE . I am nervous PERSON won ' t enjoy the rest of the trip if I plan it .   That ' s all .,2024-11-11 12:11:51,7,False,-1.0,0.0,False,False,-0.7855125069618225,0.9349284768104553
175,4485,I feel tired and sleepy .   I feel somewhat excited about getting a plan together for vacation .   I feel guilty for eating a ton of food .   I feel guilty for not running . I feel scared about . Wing a passenger in GPE .,2024-11-11 17:12:33,7,False,1.0,0.0,False,False,-0.6881220936775208,0.25650879740715027
175,4486,I ' m happy we drove without too much incident but concerned we lost a hubcap and will have to pay for it .   I ' m little bored in this small town .   I ' m happily anticipating dinner .   I ' m feeling guilty that I haven ' t run once since arriving because it ' s so cold .,2024-11-12 12:45:31,7,False,1.0,1.0,False,False,0.22528213262557983,0.5305439233779907
175,4492,I ' m feeling quiet and content .   No plans makes me relaxed .   Not having a far drive tomorrow makes me less tense . I ' m happy to be seeing the ocean . I ' m hungry and optimistic my dinner will be delicious .   I ' m annoyed that my mother-in-law is pressuring me to post vacation photos .   She ' s not worried about us . Just worried that she ' s not seeing vacation photos .,2024-11-16 12:18:19,7,False,0.0,0.0,False,False,1.4382637739181519,0.0484146922826767
175,4495,I ' m basically happy .   I ' m . kind of bored sitting in our room but scared to go out because I don ' t know how safe the neighborhood is .   I ' m quite sleepy .   I ' m looking forward to being home in a few days .,2024-11-20 17:26:40,7,False,1.0,1.0,False,False,0.6616608500480652,0.8959317803382874
175,4476,"Conflicted , Content , Reflective , Overwhelmed",2024-11-07 12:00:25,7,True,0.0,0.0,False,False,-0.8326020836830139,1.1307766437530518
175,4481,"Antsy , Excited , Happy , Overstimulated , Annoyed",2024-11-09 22:00:17,7,True,1.0,0.0,False,False,1.2937928438186646,1.4508612155914307
175,4482,"Tired , Exhausted , Unenthusiastic",2024-11-10 12:00:22,7,True,-2.0,0.0,False,False,-1.1842378377914429,0.3919317424297333
175,4483,"Unable to sleep , Nervous , Anxious",2024-11-10 17:00:21,7,True,-1.0,2.0,False,False,-0.7567020058631897,1.2317551374435425
175,4487,"Relaxed , Annoyed , Sleepy , None",2024-11-12 17:20:42,7,True,1.0,0.0,False,False,0.45054084062576294,0.22558574378490448
175,4488,"Unsettled , Fearful , Annoyed",2024-11-13 17:00:16,7,True,-1.0,2.0,False,False,-0.6417509317398071,1.083843469619751
175,4489,"Bored , Tired , Disappointed",2024-11-14 12:04:09,7,True,-1.0,1.0,False,False,-0.6914876103401184,1.0092538595199585
175,4490,"Content , Nervous , Unfriendly , Agitated",2024-11-15 12:00:17,7,True,1.0,1.0,False,False,0.5066707730293274,1.3684040307998657
175,4491,"Sleepy , Relaxed , Bored",2024-11-15 17:04:40,7,True,-1.0,0.0,False,False,0.3546673655509949,-0.1492687314748764
175,4493,"Relaxed , Contented , Bored",2024-11-17 17:05:24,7,True,2.0,0.0,False,False,1.0859626531600952,0.4623880982398987
175,4494,"Sleepy , Sluggish , Unaccomplished , None",2024-11-19 17:22:05,7,True,-2.0,0.0,False,False,-1.1564332246780396,0.20811916887760162
129,2989,"Okay , Hopeful , Decent , Neutral , Content",2024-08-08 17:01:49,7,True,0.0,1.0,False,False,0.5110007524490356,0.8220763802528381
129,2990,I am feeling okay . I got a good amount of sleep and feel rested . i am able to work online some today so feel productive . I dont feel sick . I am alittle hungry though and looking forward to my nap later today . Im hoping the rest of the day goes good and I feel good the rest of the day . I guess we shall see .,2024-08-09 12:00:53,7,False,0.0,1.0,False,False,0.9748097062110901,0.4020010530948639
129,2991,"content , satisfied , neutral , busy , rested",2024-08-09 17:00:55,7,True,0.0,1.0,False,False,1.4231138229370117,0.5749859809875488
129,2993,"tired , drained , sluggish , dragging , sick",2024-08-10 22:15:24,7,True,-2.0,0.0,False,False,-1.4644328355789185,0.0035369915422052145
129,2994,Im okay . Im just tired atthe moment . I took a nap but still feel tired . I hope i will have more energy soon enough . Im ready for the day to be over a new day to start . Each day just goes by very slow . Tick tock . Thank you .,2024-08-11 17:13:14,7,False,-1.0,0.0,False,False,-0.730374276638031,0.36911454796791077
129,2995,im feeling okay . its early so i am tired at the moment but trying to get some work done . my kids are home now but my oldest starts school next week so excited for that . just waiting for each day to be over and waiting for the end result which will be very exciting .,2024-08-12 12:01:27,7,False,0.0,1.0,False,False,0.07173861563205719,0.4049559235572815
129,2996,Im okay at the moment . Took a small nap so feel rested . About to get my kids up from their nap and get them a snack . Day has been going decent today . I feel satisfied and content with how it is . Thank you .,2024-08-12 17:05:08,7,False,1.0,0.0,False,False,0.6893976330757141,0.2228838950395584
129,2997,"Content , Tired , Satisfied , Neutral , Sluggish",2024-08-12 22:06:02,7,True,0.0,1.0,False,False,0.5148682594299316,0.38370832800865173
129,2998,its still early and im tired at this point . I just want to go back to bed and sleep until tomorrow . This week has been going so slow . I think i need something to keep me busy and make the time go quicker . Its just dragging every day and its hard . Thanks so listening .,2024-08-13 12:02:41,7,False,0.0,1.0,False,False,-1.1079720258712769,0.10904212296009064
129,2999,Im feeling okay at the moment . Got the kids up and brought them over to grandpas . Now im just enjoying some time alone at home . I can get some things done around the house . Thank you for listening to what i have to say .,2024-08-13 17:56:03,7,False,0.0,1.0,False,False,0.4566008448600769,0.31110939383506775
129,3000,Im currently feeling very tired and worn out . It has been a long day and im ready for the week to be over . I hope tomorrow is a better day and im not so tired . I hope i have a good sleep tonight and wake up feelibg refreshed .,2024-08-13 22:01:12,7,False,-2.0,0.0,False,False,-1.5728100538253784,-0.2018723338842392
129,3001,"neutral , content , satisfied , tired , busy",2024-08-14 12:01:44,7,True,0.0,1.0,False,False,0.5481676459312439,0.5726568102836609
129,3002,Im okay at the moment . Just woke up from mynap so im not so tired and having a snack . The kids need to get up soon then dinner needs to be made and then time to relax and then bedtime . Im looking dorward to the week to be over .,2024-08-14 17:01:22,7,False,1.0,0.0,False,False,0.6652147769927979,0.5718337893486023
129,3004,"Tired , Sluggish , Dragging , Drained , Content",2024-08-14 22:11:52,7,True,-2.0,0.0,False,False,-1.5181350708007812,-0.13041596114635468
129,3005,"Tired , Sluggish , Dragging , Drained , Sleepy",2024-08-15 22:09:06,7,True,-2.0,0.0,False,False,-1.579157829284668,-0.15052811801433563
129,3006,"content , satisfied , steady , happy , busy",2024-08-16 12:12:40,7,True,0.0,1.0,False,False,1.26494562625885,0.6360201239585876
129,3007,Im feeling okay . Im so happy its friday . I just took alittle nap but still feel tired . My son PERSON hair cut today and some clothes for school . We are all excited he is finally going to kindergarten . Hes excited too .,2024-08-16 17:03:23,7,False,-1.0,0.0,False,False,0.08867619931697845,0.5185132622718811
129,3008,so glad its the weekend . I can take some time to just relax and rest . My son has soccer today so he went to do that with his dad . My other son and I are just hanging out at home and watching tv . Im so ready for tomorrow though since the kids will be gone .,2024-08-17 12:11:21,7,False,-1.0,0.0,False,False,0.6649848222732544,0.6598927974700928
129,3009,Im very tired at the moment . I feel drained . It was hot today and i helped mow the lawn . It was alot and i was dragging the rest of the day . Im so happy the kids are down for the night and we are heading to bed . It was a long day .,2024-08-17 22:05:22,7,False,-2.0,0.0,False,False,-1.5640183687210083,0.022412747144699097
129,3010,Im good at the moment . Just relaxinf and watching a movie . Its nice the kids are away and im able to just relax and watch tv . I really like relaxing and dont want to feel stressed today . Thank you for listening .,2024-08-18 12:03:46,7,False,0.0,0.0,False,False,0.8532035946846008,0.39735662937164307
129,3011,Im feelingvery tired atthe moment . It was a sonewhat relaxing daybut it was still long . Im ready for tomorrow to what my son go to kindergarten . Its very exciting for all of us . Yah . Thank you for listening .,2024-08-18 22:04:16,7,False,-2.0,0.0,False,False,-0.5770907998085022,-0.2271718829870224
129,3012,"quiet , content , sleepy , tired , drained",2024-08-19 12:02:32,7,True,0.0,0.0,False,False,-0.04259933531284332,0.10362647473812103
129,3013,"sluggish , tired , drained , dragging , content",2024-08-19 17:01:24,7,True,-1.0,0.0,False,False,-1.4956917762756348,-0.1302674412727356
129,3015,im okay at the moment . im working online and trying to get some things done . its going to be a long day . i just put my son on the bus and hes happy . my other son is on my laptop and getting some work done as well . im ready for this week to be over and hope next week goes quick too .,2024-08-20 12:00:55,7,False,1.0,0.0,False,False,0.06379516422748566,1.0631828308105469
129,3016,im okay at the moment . i just took my nap and woke up so still somewhat tired . My son should be home from school soon . I hope he had a good day . Im just catching up on emails and waiting for the day to be over . im read for tomorrow already . thanks for listening .,2024-08-20 17:04:39,7,False,-1.0,0.0,False,False,0.18748287856578827,0.4938910901546478
129,3017,"Tired , Sluggish , Drained , Dragging , Faint",2024-08-20 22:28:37,7,True,-2.0,0.0,False,False,-2.2584993839263916,-0.5160861611366272
65,4744,"To be honest , I ' m feeling a bit rough around the edges right now - the alcohol from last night ' s gathering is still lingering in my system , leaving me with a pounding headache , dry mouth , and a general sense of fatigue . Overall , I ' m feeling sluggish and regretful , wishing I had paced myself a bit better .",2024-09-19 12:17:29,7,False,0.0,2.0,False,False,-1.5373033285140991,-0.07624909281730652
65,4745,"Calm , Cool , Focused , Meditating , Serene",2024-09-19 17:20:20,7,True,0.0,0.0,False,False,1.062078595161438,0.5629773736000061
65,4746,"Smart , Good , Sharp , Lively , Happy",2024-09-20 17:20:13,7,True,1.0,2.0,False,False,1.487298607826233,1.3793507814407349
65,4747,"Afraid , Tired , Bored , Uninterested , Careless",2024-09-23 12:36:56,7,True,-2.0,1.0,False,False,-0.7042973637580872,1.0793322324752808
65,4748,"Tired , Weak , Bored , Stressed , Calm",2024-09-24 12:52:15,7,True,-2.0,2.0,False,False,-0.49005812406539917,0.33475950360298157
65,4749,"Weary , Shocked , Tired , Stressed , Bored",2024-09-24 17:02:25,7,True,0.0,2.0,False,False,-1.046859622001648,0.5639593005180359
65,4751,"Calm , Confident , Good , Happy , Bright",2024-09-26 17:03:25,7,True,-2.0,2.0,False,False,1.644156813621521,0.8587799668312073
65,4752,"I feel more coordinated and confident in my abilities . I have a strong sense of identity and I am conversant with my environment . I feel enthusiastic too with everything I get my hands on . The thrill coursing through my veins is palpable ! As I sit here , envisioning the successful completion of my outdoor weather station project , I can barely contain my enthusiasm . It ' s as if a spark of electricity has ignited within me , fueling my creativity and drive .\ n \ nMy mind races with possibilities , conjuring images of sleek , modern designs and innovative solutions . The prospect of merging cutting-edge technology with sustainable energy sources sends shivers down my spine . Every detail , from selecting the perfect water-resistant materials to fine-tuning the sensor calibrations , feels like a puzzle piece falling into place .\ nMy hands twitch with anticipation , eager to dive into the workshop and bring this vision to life . The hum of the soldering iron , the whir of the 3D printer , and the satisfying click of components snappi",2024-09-27 12:04:50,7,False,1.0,0.0,False,False,1.410724401473999,1.1292073726654053
65,4753,"Active , Sound , Confident , Good , Energetic",2024-09-27 17:51:25,7,True,0.0,2.0,False,False,0.6151316165924072,1.8632620573043823
65,4754,"Engaging , Lively , Fun , Enthusiastic , Brave",2024-09-28 17:07:37,7,True,2.0,2.0,False,False,1.3205293416976929,1.9135881662368774
65,4755,"I ' m electrified ! My enthusiasm courses through every fiber , like a high-voltage current . Every thought , every sensation , every breath buzzes with excitement . My heart races , pounding out a triumphant rhythm , as if celebrating a monumental victory .\ n \ nVibrant colors dance before my eyes – radiant hues of possibility , potential , and promise . The world transforms into a kaleidoscope of wonder , beckoning me to explore , create , and conquer . Each challenge becomes an exhilarating adventure , an opportunity to unleash my inner trailblazer .\ n \ nMy mind soars , unfettered by doubt or fear . Ideas burst forth like fireworks , illuminating the landscape of my imagination . Connections spark , and innovative solutions crystallize . Time dissolves , leaving only the present moment , ripe with promise .\ n \ nPhysically , I feel invigorated – every muscle humming , every nerve tingling . My smile spreads wide , infectious and unstoppable . Words flow effortlessly , conveying my vision with conviction and passion . Others catch the spark , and togethe",2024-09-29 12:37:13,7,False,0.0,2.0,False,False,0.21962429583072662,1.6660146713256836
65,4756,"I ' m bursting with vitality ! My enthusiasm is a radiant force , illuminating every cell and fiber of my being . It ' s as if a sparkler has ignited within me , casting a warm , golden glow over everything .\ n \ nEvery thought is infused with optimism , every idea a thrilling possibility . My imagination soars on wings of eagles , conquering challenges and achieving triumphs . The world transforms into a vibrant tapestry , woven with threads of promise and potential .\ nMy heartbeat quickens , pumping exhilaration through my veins . Each breath is a refreshing breeze , invigorating my senses and sharpening my focus . Smiles spread effortlessly across my face , reflecting the joy radiating from within .\ n \ nTime dissolves , leaving only the present moment , ripe with opportunity . Obstacles shrink , and solutions emerge . Confidence surges , and self-doubt fades . I ' m unstoppable , a force driven by pure excitement and determination .",2024-09-29 17:09:53,7,False,0.0,2.0,False,False,1.2777833938598633,1.7704195976257324
65,4757,"As I reflect on my life , I ' m filled with profound gratitude for the loving relationships , stimulating experiences , and personal achievements that enrich my journey . My passion for exploring new horizons , savoring NORP ORG , and appreciating life ' s simple joys fuels my enthusiasm . With each sunrise , I ' m reminded that every moment holds promise , and I ' m eager to seize its potential .\ n \ nThis positivity is contagious , inspiring me to spread warmth and kindness wherever I go . I ' m drawn to like-minded individuals who share my zest for life , and together , we create a symphony of laughter , inspiration , and mutual support . My heart overflows with hope and anticipation , knowing that life ' s next chapter will bring exciting opportunities , valuable lessons , and unforgettable memories .",2024-09-30 17:02:08,7,False,2.0,2.0,False,False,1.4811631441116333,1.4414445161819458
65,4758,"Cool , Happy , Good , Smiling , Confident",2024-10-01 17:12:55,7,True,2.0,1.0,False,False,1.8139549493789673,0.9868113398551941
65,4759,"Happy , Smiling , Cool , Relaxed , Fulfilled",2024-10-02 12:26:20,7,True,1.0,1.0,False,False,2.2286434173583984,0.515902578830719
65,4760,"I ' m feeling lively because I ' ve recently rediscovered my passion for painting . Spending hours in my backyard studio , surrounded by vibrant colors and canvases , brings me immense joy and energy . My latest project , a mural depicting our family ' s travels , has me excitedly experimenting with new techniques .",2024-10-02 17:02:05,7,False,1.0,2.0,False,False,1.2351666688919067,1.57611882686615
102,1453,"I am currently feeling tired and sluggish because my dog was up all night , thank goodness it isn’t because I had a bad night otherwise . I feel a bit disoriented because of the lack of sleep . I will try later to catch up on some sleep . Nights like that which have been happening a bit more often are very hard on my mental and physical well being .",2024-09-15 12:08:49,7,False,-2.0,0.0,False,False,-1.9624261856079102,-0.3299897611141205
102,1454,I’m feeling pretty ok right now . My day was a bit weird since I didn’t get much sleep but it got a bit better as it went on . I was able to nap and that made a difference . I ate a good dinner and that also made a difference .,2024-09-15 22:00:43,7,False,0.0,0.0,False,False,0.29874229431152344,0.5235618352890015
102,1455,I just came back from the eye doctor with my dog . She’s doing great and that makes me very happy . That alone has made my day . We did have another night of not sleeping through the night so that’s tough .,2024-09-16 12:02:50,7,False,1.0,1.0,False,False,1.1710008382797241,0.6053610444068909
102,1456,"Tired , Exhausted , Frustrated , Upset , Disappointed",2024-09-16 17:38:57,7,True,-2.0,0.0,False,False,-1.228329062461853,0.767172634601593
102,1457,"I’m really tired . I have had a busy day . Parts of it were very overwhelming . Work , life , feeling that I don’t have any help . However , there is a part of me that feels proud that I got so much done . I am trying to focus on that .",2024-09-16 22:01:43,7,False,-1.0,0.0,False,False,-0.7483786344528198,0.5634302496910095
102,1458,"Tired , Optimistic , Hopeful , Curious , Intrigued",2024-09-17 12:02:35,7,True,0.0,0.0,False,False,0.6458518505096436,1.232906699180603
102,1459,Again I’ve just been tired throughout the day . I feel like I need to sleep for several days to catch up . Not a great feeling . I have never been in a situation like this and I’m doing the best i can . Hopefully my nights will go back to normal soon .,2024-09-17 22:14:24,7,False,-2.0,0.0,False,False,-1.1607372760772705,0.4009001553058624
102,1460,"Angry , Frustrated , Resentful , Scared , Disappointed",2024-09-18 12:04:14,7,True,-2.0,0.0,False,False,-0.6088250279426575,1.8571741580963135
102,1461,"Not feeling great overall . Questioning a lot about my life , my decisions and my faith . Wondering if I ever been getting it wrong all along . I feel like i need to spend a lot of quiet time with myself for the next few weeks or maybe months .",2024-09-18 22:07:57,7,False,-2.0,0.0,False,False,-0.34306997060775757,1.2502065896987915
102,1462,A bit better morning than yesterday . I slept a little better . I feel less overwhelmed by everything today . I still have a lot to take care of and work to catch up on because I haven’t been able to do much because of the lack of sleep . Hopefully today I can be more productive .,2024-09-19 12:16:07,7,False,-1.0,0.0,False,False,0.6209322214126587,0.7581256628036499
102,1463,"Tired , Overwhelmed , Busy , Productive , Curious",2024-09-19 17:03:07,7,True,-1.0,0.0,False,False,0.05571959167718887,0.9714763164520264
102,1464,I’m a bit tired . A bit stressed . My dog seems to be restless which usually means she will be up all night . This i hope isn’t the case . IM giving her her meds and hoping for the best because they work sometimes but lately they haven’t been working we think she’s become immune to the dosage . We have a vet appointment with a new very but the wait time is long . For next month,2024-09-19 22:18:10,7,False,-1.0,0.0,False,False,-0.5878538489341736,0.49023503065109253
102,1465,I’m quiet but angry . I’m frustrated about many things right now . I won’t let this be the tone of my day . I have decided to do my best to get out of this funk . I am better than this . I’m working on a project I enjoy perhaps that will make a difference .,2024-09-20 12:06:13,7,False,0.0,0.0,False,False,-0.7160082459449768,1.2499854564666748
102,1466,"Stressed , Upset , Nervous , Overwhelmed , Tired",2024-09-20 17:37:44,7,True,-2.0,2.0,False,False,-1.2419285774230957,0.9675439596176147
102,1467,I was able to get myself together as the day went on and turn my mood around . It wasn’t easy but I did it . I’m feeling quiet and ready to wind down by watching some tv before sleep . I have been working all day and need to unwind my mind .,2024-09-20 22:00:52,7,False,0.0,0.0,False,False,0.06569631397724152,0.9890120029449463
102,1468,"Feeling overall ok . I had a busy Sunday of work , laundry , etc . I’m starting to get ready to call it a day . I did struggle today with thoughts about paying some bills I owe . That made me stress out and it has lingered a bit throughout the day and night .",2024-09-22 22:05:33,7,False,0.0,0.0,False,False,-0.03326188027858734,0.5545896887779236
102,1469,I’m feeling ok . A bit worried about finances but holding up . I have two projects that I’m working on today and that should keep my mind busy and away from thinking about what I don’t want . I feel very grateful today however .,2024-09-23 12:21:52,7,False,0.0,0.0,False,False,0.4593377113342285,0.6694828867912292
102,1470,"Satisfied , Relieved , Tired , Hopeful , Grateful",2024-09-23 22:29:13,7,True,1.0,0.0,False,False,1.3511053323745728,0.698492705821991
102,1471,I’m a bit tired because I have done a lot today so far and it’s only 3pm . I feel a little bit sleepy but I’m going to try to push myself a bit and continue to be productive as much as I can . I wish I could take a nap,2024-09-24 17:00:41,7,False,0.0,0.0,False,False,-1.1272138357162476,0.20296363532543182
102,1472,"Tired , Sleepy , Achy , Content , Eager",2024-09-24 22:00:44,7,True,-2.0,0.0,False,False,-0.21341189742088318,0.463238388299942
102,1473,I have been very productive this morning but I am juggling several tasks at once and that is a bit stressful . I have a lot on my “to do list” for the day and i will like to be able to check off most things .,2024-09-25 12:12:33,7,False,0.0,0.0,False,False,-1.1533221006393433,1.0739353895187378
102,1474,Very long day . Lots of different projects . Trying to juggle all of them . I feel somewhat overwhelmed . I’m going to try to breath and pace myself as I still have a lot to go before the day ends . I feel somewhat productive .,2024-09-25 17:56:32,7,False,0.0,0.0,False,False,-0.9668732285499573,1.3784245252609253
102,1475,"Tired , Exhausted , Overwhelmed , Drained , Sleepy",2024-09-25 22:05:01,7,True,-1.0,0.0,False,False,-1.6978591680526733,0.1946149617433548
102,1476,I have been working all day almost nonstop since 7am . I am feeling pretty tired and mentally drained . I have a few hours to go still so that in a way stresses me out since I want to stop now but I’m going to push through .,2024-09-26 17:29:21,7,False,0.0,0.0,False,False,-1.8000634908676147,0.7527629733085632
102,1478,"Tired , Burned out , Drained , Sleepy , Proud",2024-09-26 22:02:00,7,True,0.0,0.0,False,False,-0.9624029994010925,0.1924828290939331
102,1479,"Quiet , Productive , Busy , Sleepy , Proactive",2024-09-27 12:01:33,7,True,0.0,0.0,False,False,0.45107555389404297,0.9004291296005249
102,1480,I’ve been multitasking all day and I don’t think I’ve had enough food so I’m feeling hungry and hangry . A bit tired . I just gpt a snack and I’m starting to eat so hopefully I’ll start to feel a bit more together soon,2024-09-27 17:08:41,7,False,0.0,0.0,False,False,-0.6609753966331482,1.0610097646713257
102,1481,I have a headache and I’m ready for bed . These past few weeks I feel like I’m just dragging my body around . I feel exhausted most of the time from bad nights of sleep and perhaps even hormones . I hope tonight is restful peaceful sleep .,2024-09-27 22:04:45,7,False,0.0,0.0,False,False,-1.554254174232483,0.14070682227611542
102,1482,I woke up feeling tired and drained from the week . I am working today also but I’m planning to take a nap to catch up on my sleep . I’m also hungrier than usual . I hope that after eating a get another boost of energy .,2024-09-28 12:48:16,7,False,0.0,0.0,False,False,-1.2056564092636108,-0.16607974469661713
102,1483,"Feeling a bit rested because I did nap today , however I haven’t been able to do much about all those emails I have tomtake care of so I’m moving on to tomorrow with still all of that to do and that is a bit stressful",2024-09-28 22:01:56,7,False,0.0,0.0,False,False,0.40063440799713135,0.08580757677555084
149,3792,"I feel fine , I don’t feel sad . I am home now after a long day in the hospital (school) . I have lots of things to do but a fun evening ahead which makes me happy . Overall my mood is somewhat good . I do not feel like drinking at all right now nor am I thinking of drinking .",2024-11-07 17:01:44,7,False,1.0,1.0,False,False,0.9476243257522583,0.5489835143089294
149,3794,"Just applied to an important role at my school . I’m feeling invigorated because I am passionate about this role . Overall , today was tiring and I need to decompress and eventually sleep . I do not feel angry , stressed , overwhelmed or depressed . I definitely don’t feel sad either . I am happy today is Friday because I get to sleep in tomorrow with no disruptions .",2024-11-08 22:17:16,7,False,1.0,1.0,False,False,0.9264005422592163,1.107258677482605
149,3795,Feeling lazy and tired . I don’t want to leave my bed or my house or make food . But not cause I’m sad but because motivation is lacking . I must go and get started so I will do that soon . Not depressed or worried or anxious or stressed . I am feeling okay just exhausted from the week I guess .,2024-11-09 12:59:33,7,False,-1.0,0.0,False,False,-0.9166534543037415,0.12586867809295654
149,3797,"I am okay . I feel relaxed and spending time at home . After going to the gym , I relaxed my body and I am able to decompress . I don’t feel anxious depressed or sad . I feel fine . Nothing more to do than watch tv and I really don’t have much else to talk about .",2024-11-09 22:33:24,7,False,1.0,1.0,False,False,1.2447017431259155,0.3453058898448944
149,3798,I am fine . Don’t feel anxious . Studying for classes . Not depressed or anxious or stressed . I am taking it slow today . Not doing anything to upset myself when necessary . Planning on spending most of the day inside and enjoying the last of the weekend before classes begin again tomorrow .,2024-11-10 12:35:55,7,False,0.0,0.0,False,False,0.5723010301589966,0.7698935270309448
149,3800,Finished going to the gym my body feels very relaxed . Annoyed that I have work to do . But I will finish in due time and be done for the night . Happy I get to wake up a little later tomorrow so that is awesome .,2024-11-11 22:02:22,7,False,2.0,0.0,False,False,1.1140999794006348,0.6929095387458801
149,3803,Feeling a little jittery and nervous because of an important event this morning . Not feeling depressed or sad or frustrated . I have a lot of energy because the event today needs to go smoothly . I am okay and don’t feel the need to drink .,2024-11-14 12:01:54,7,False,-1.0,2.0,False,False,0.337078332901001,1.2933396100997925
149,3805,"Feeling annoyed , just had a fight with a dear friend of mine . Petty but stupid fight . I hate arguing for this reason it makes me feel crappy . I don’t really feel anxious , depressed or sad . Just need to clear my head .",2024-11-15 22:04:28,7,False,0.0,1.0,False,False,-1.447457194328308,0.8429602980613708
149,3806,Feel fine woke up early and started my day . Nothing really spectacular to document . Have some plans today then I plan to study and relax after . Don’t feel stressed or anxious at all . Nothing else really for me to state here .,2024-11-16 12:26:52,7,False,0.0,1.0,False,False,0.840937077999115,0.2993621528148651
149,3807,I am spending time with friends and I have drank two drinks . Not drunk at all . Just tipsy . I was not pressured to drink and I didn’t feel like I had to drink . I don’t feel depressed or anxious at all .,2024-11-16 17:45:05,7,False,1.0,2.0,False,False,0.3160053491592407,0.6872870326042175
149,3808,I am being productive and getting work done currently . I feel accomplished and able to get all my work done and finish up . I will relax for the rest of the night and calm my body before I start grinding and studying tomorrow .,2024-11-16 22:02:07,7,False,2.0,2.0,False,False,0.8931916356086731,0.7213574647903442
149,3809,Again very productive morning working on some late assignments . Feeling okay not depressed or anxious or sad . I feel like today will be a good day to just go outside and enjoy the day while being productive of course .,2024-11-17 12:29:25,7,False,2.0,0.0,False,False,1.1401692628860474,1.133484125137329
149,3812,"Extremely busy day and frustrating as well as I locked myself out of my house so early in the morning . But that can’t stop me from doing life things . Long day at work as well which is never fun . And to top it all off , studying once I get home . Just feeling stressed that’s all .",2024-11-18 22:35:23,7,False,0.0,1.0,False,False,-0.43296384811401367,1.0915497541427612
149,3793,"Bored , Tired , Uninterested , Impulsive , Exhausted",2024-11-08 17:10:01,7,True,0.0,1.0,False,False,-0.6602023243904114,0.6048124432563782
149,3796,"Fine , Okay , Bored , Neutral , Alright",2024-11-09 17:02:45,7,True,0.0,1.0,False,False,0.4054873585700989,0.6391485929489136
149,3799,"Hungry , Bored , Content , Relaxed , Happy",2024-11-10 17:46:45,7,True,1.0,2.0,False,False,0.8910536170005798,1.0311812162399292
149,3801,"Tired , Annoyed , Exhausted , Unmotivated , Pissed",2024-11-12 22:54:03,7,True,-2.0,0.0,False,False,-1.001480221748352,0.6929236054420471
149,3802,"Happy , Wholesome , Excited , Enthusiastic , Rested",2024-11-13 12:36:24,7,True,2.0,1.0,False,False,1.320529818534851,1.1535605192184448
149,3804,"Happy , Loved , Fulfilled , Accomplished , Enthusiastic",2024-11-14 17:08:25,7,True,2.0,1.0,False,False,1.983237624168396,0.6125527024269104
149,3810,"Busy , Annoyed , Tired , Lazy , Unmotivated",2024-11-17 17:21:12,7,True,0.0,1.0,False,False,-0.26154279708862305,1.1362591981887817
149,3811,"Fine , Busy , Overworked , Annoyed , Tired",2024-11-18 12:25:49,7,True,0.0,1.0,False,False,0.39031708240509033,1.4247910976409912
149,3813,"Happy , Content , Satisfied , Lazy , Unmotivated",2024-11-20 22:43:25,7,True,1.0,1.0,False,False,1.480399489402771,0.6831120848655701
154,3914,"I am currently feeling somewhat happy , as I feel calmer and more relaxed after having a therapy session and speaking with coworkers and laughing . I have also been listening to music which brightens my mood as well . I am also feeling productive as I am accomplishing tasks at work with calling people , writing reports , and emailing others .",2024-11-05 17:17:24,7,False,1.0,1.0,False,False,1.5201374292373657,0.6838146448135376
154,3915,"I am currently feeling jittery and kinda anxious . I was watching ORG to distract myself and relax , but kinda became aware of my physical sensations like my heart beating . I practiced my therapy skills of creating space between myself and my emotions by telling myself “I am having anxious thought” rather than “I am anxious . ” It really helps !",2024-11-05 22:31:10,7,False,-1.0,2.0,False,False,-0.8061822652816772,1.2018566131591797
154,3919,"I currently am feeling somewhat jittery and tired . I had a late work shift last night and an early morning for the other part of my job , so I didn’t get much sleep . My serotonin tends to drop when I don’t get much sleep making my heart race more and feeling overall more nervous . I believe they call it “tired and wired” lol . But I am feeling happy , just sleepy . I am excited to talk to my coworkers today and other people too .",2024-11-08 12:36:01,7,False,-1.0,2.0,False,False,-1.3237591981887817,1.2996426820755005
154,3920,I am currently feeling very very tired . I am also feeling content because I just ate some chicken tacos . I feel cozy too because I am in bed and wrapped in a soft blanket . I also am feeling flirty in general which is annoying because dating is very hard in GPE  . I’m feeling romantic but also kinda sad that I’m not in a relationship .,2024-11-08 22:02:52,7,False,0.0,0.0,False,False,0.4140060544013977,0.26402702927589417
154,3921,"I’m definitely feeling tired and a little anxious . I wake up once or twice in the night so I can feel sleepy because of that . I feel a little anxious too because when I don’t get a ton of sleep my serotonin levels are affected . I also feel kinda cold in my room . I feel excited to go back to sleep though because it is a Saturday ! I’m trying to catch up on my sleep because this past week was quite busy at work . I’m feeling a bit of burn out , nothing crazy but I’m excited for Christmas vacation in a month when I can take some time off of work . I love my job but it can be emotionally and physically tiring .",2024-11-09 12:10:11,7,False,-2.0,0.0,False,False,-1.0218687057495117,0.5341550707817078
154,3924,I currently feel a little jittery/anxious . I tend to get nervous about things and am learning how to cope with this in therapy . I am excited though because tomorrow I am meeting my friend for lunch ! I haven’t seen her in a month and I’m looking forward to it . I also feel more rested . This weekend I took time for myself to recoup and rest which was much needed . I am happy and am currently making Christmas gifts for my friends and family .,2024-11-10 22:05:07,7,False,-1.0,2.0,False,False,-0.006523400545120239,1.568647027015686
154,3926,I am feeling content right now . I am also feeling bloated because I ate salty and gluten containing foods (I’m gluten sensitive) . So I feel a little balloon-y lol . But like a cute balloon . I also feel clean because I took a shower and smell nice . I feel productive and happy because I visited two friends today in GPE . We had a nice time and walked around . I am getting ready physically and mentally for tomorrow going back to work after having the day off today . I feel a little sluggish too from the food I ate but nonetheless happy .,2024-11-11 22:58:18,7,False,1.0,0.0,False,False,0.5193597674369812,0.733808696269989
154,3927,I’m currently feeling lively and calm too ! I just finished a meeting that went well and am excited to eat my granola bar . I am looking forward to seeing my friend in an hour . I am feeling optimistic about my future and my job .,2024-11-12 17:22:13,7,False,1.0,2.0,False,False,1.2202168703079224,1.0400218963623047
154,3930,"I am feeling a little jittery at the moment . I feel excited though to go to work because I really like what I do . I also get to see my coworkers who I really like and get along with ! Also , I am excited to eat breakfast . Eggs are always the best in the morning tbh . Also , I feel kind of sleepy because I did a late shift for my internship . I enjoy it though so it doesn’t feel like work .",2024-11-15 12:25:54,7,False,-1.0,2.0,False,False,0.3902978301048279,1.6129158735275269
154,3932,I’m currently feeling somewhat jittery . I think I ate too much salt lol . I’m quite tired too so that could be adding to it . I’m feeling also grateful for the people I have in my life . I also feel confused at what I want my future career to be . I thought I had an idea but the more I talk to my supervisor about it the more I’m not sure I want to get my doctorate degree .,2024-11-15 22:29:50,7,False,-1.0,2.0,False,False,-0.38668471574783325,1.2212183475494385
154,3933,I’m feeling pretty neutral right now . I was jittery before but now I’m a little more calm . I am about to make my Christmas gifts for my friends and family so I’m excited for that ! I feel better after going to the gym . I also ate a really good lunch so I feel good about that . I took a shower too so I feel fresh and clean :),2024-11-16 17:16:58,7,False,0.0,1.0,False,False,-0.025025516748428345,1.2021703720092773
154,3934,I feel somewhat lively and also tired at the same time if that makes sense . I’m going to start making homemade Christmas ornaments so I’m excited for that . I also feel productive because I cleaned my room today and went to the gym . I feel pensive today as well thinking about past things and where I want to go in the future . I’m trying to surrender control and just go with the flow and trust .,2024-11-16 22:13:49,7,False,1.0,2.0,False,False,0.509903073310852,1.2574650049209595
154,3935,I feel quite tired . I got my Covid and flu shot yesterday and could not sleep very well . I also had a headache which made it difficult to fall asleep . I also got some anxiety too because I don’t like feeling lots of bodily changes . I’m trying my best though .,2024-11-17 12:15:57,7,False,-2.0,0.0,False,False,-1.3469051122665405,-0.09364277124404907
154,3936,"I feel pretty neutral right now . I just ate a good lunch so I feel good about that . I’m excited to watch a football game online in an hour . I’m also listening to ORG  so I’m vibing . Also , I’m working on some work things before the game so I’m feeling productive .",2024-11-17 17:07:59,7,False,0.0,1.0,False,False,0.29275524616241455,0.9232485294342041
154,3937,I feel pretty neutral right now . A little jittery and happy too . I feel better but still kinda blah after my flu and covid shot yesterday . I’ve mostly been resting all day . I talked with my mom and friend today which was nice . I am looking forward to talking with my coworkers tomorrow and catching up on how our weekends went .,2024-11-17 22:21:06,7,False,0.0,1.0,False,False,-0.25392740964889526,1.0466043949127197
154,3916,"Jittery , Anxious , Happy , Content , Warm",2024-11-06 17:26:04,7,True,-1.0,2.0,False,False,1.1710878610610962,1.1594849824905396
154,3917,"Sleepy , Satisfied , Annoyed , Frustrated , Uncertain",2024-11-06 22:34:28,7,True,0.0,0.0,False,False,0.5178475975990295,0.8135496973991394
154,3918,"Energetic , Lively , Content , Happy , Talkative",2024-11-07 12:25:21,7,True,1.0,2.0,False,False,0.8601130843162537,1.2635135650634766
154,3922,"Content , Rested , Happy , Calm , Serene",2024-11-09 17:24:41,7,True,1.0,0.0,False,False,1.3928345441818237,0.48374953866004944
154,3923,"Tired , Sleepy , Slowed down , Cold , Slightly Irritable",2024-11-09 22:24:52,7,True,0.0,0.0,False,False,-0.5846359729766846,0.34991568326950073
154,3925,"Happy , Content , Satisfied , Caring , Friendly",2024-11-11 17:17:39,7,True,1.0,1.0,False,False,1.9491819143295288,0.48600876331329346
154,3928,"Calm , Content , Hungry , Fine , Helpful",2024-11-13 17:59:15,7,True,0.0,1.0,False,False,0.7081100940704346,0.7657729983329773
154,3929,"Calm , Little sluggish , Productive , Impatient , Content",2024-11-14 12:02:00,7,True,0.0,1.0,False,False,0.5308319330215454,0.7997503876686096
154,3931,"Content , Sleepy , Happy , Friendly , Warm",2024-11-15 17:12:49,7,True,1.0,0.0,False,False,1.098976492881775,0.5535627603530884
101,1432,"Relaxed , Content , Uplifted , Calm , Thoughtful",2024-11-05 12:21:03,7,True,2.0,0.0,False,False,1.59976065158844,0.2474488466978073
101,1433,I currently feel fulfilled like I ' m accomplishing what I have on my to do list while still holding out on hope that PERSON will pull through even though there doesn ' t seem like this will be the case . I am in the process of resuming my cleaning spree after working out some confusion at the bank .,2024-11-06 17:18:41,7,False,2.0,0.0,False,False,1.3592625856399536,0.9163656830787659
101,1434,While I was cleaning I became inspired to declutter my desserts and kitchen cabinets for my next grocery trip . I am glad that I completed most of the work today leaving me to vacuum tomorrow . Completing all of this has made me energetic ready to go to the laundry mat .,2024-11-06 22:09:40,7,False,2.0,0.0,False,False,0.5861086845397949,1.111309289932251
101,1435,"Tired , Happy , Ready , Focused , Curious",2024-11-07 12:01:03,7,True,-1.0,0.0,False,False,0.5286152362823486,0.7267601490020752
101,1436,I am glad my surgery is over and the healing can begin . I was extremely hopeful that my dad would ' ve been more attentive after my surgery but he wasn ' t . He started getting crabby when I got out of surgery . He didn ' t help me in the house my neighbor helped me . When I asked him to get my medicine he was amicable but got nasty with me since he did not follow the directions I sent him . When he came back with my meds he gathered his still and left me . I am currently alone in pain with no way to bring myself food . I did manage to get a bag and put water and a pack of crackers in it and bring it to my bed since that ' s all I could carry with a walker and one leg . I am currently in an excruciating amount of pain but I can ' t take my pain meds because I have no food . I am hoping that my companion comes back tonight since he keeps sending my calls to voicemail . Although I am experiencing these issues I am not mad or upset nor am I resentful towards my father ' s and friends actions . I know how resilient I am and this shall,2024-11-08 22:03:20,7,False,2.0,0.0,False,False,0.8440049290657043,0.6602055430412292
101,1437,"Relaxed , Calm , In pain , Contemplating , Insightful",2024-11-09 12:02:27,7,True,2.0,0.0,False,False,1.2871216535568237,0.17476998269557953
101,1438,I am currently in pain and mistakenly chose the wrong feelings option on the previous screen . I am going to sleep through this pain . When I wake up I will take my meds for pain . It has been a trying first day out of surgery but I am in good spirits overall .,2024-11-09 17:19:01,7,False,-2.0,0.0,False,False,-0.5674447417259216,0.5819884538650513
101,1439,"I am feeling the same as I did yesterday in pain and bed bound . I am waiting for my commode to be delivered . However , I am contemplating if I will be in an live in relationship when   this is all over . I have tried to be open minded but we ' re not in the same place in life and I ' m just not interested the lifestyle he chooses to lead . However , with all of this I am in good spirits and waiting out my recovery .",2024-11-10 12:12:11,7,False,2.0,0.0,False,False,0.6028854250907898,0.6928258538246155
101,1440,"In pain , Uncomfortable , Content , Fidgity , Happy",2024-11-10 17:11:51,7,True,2.0,0.0,False,False,0.3701649308204651,0.8670905828475952
101,1441,I finally got relief from the pain I was in before . I am tired and ready to go to sleep . It has been a long day of pain and now I need rest . Overall my current mood is happy and relaxed but mostly I ' m ready to get some rest .,2024-11-10 22:01:26,7,False,2.0,0.0,False,False,-0.38973045349121094,0.33727994561195374
101,1442,"I feel better this morning since my pain levels have dropped . I currently feel good and upbeat while i complete some homework . Overall this experience with my father coming to take me to my surgery and having to rely on someone for all my needs has been trying . However , I am grateful and humbled by this experience since I am learning that I can not do it alone .",2024-11-11 12:58:54,7,False,2.0,0.0,False,False,1.2137441635131836,0.8592721819877625
101,1443,I am in good spirits since the surgery . Know the the recovery period has begun I can now focus on going back to work and taking my EEE test so I can become permanent at my job . I am running out of things to discuss since not much has changed as of yet .,2024-11-11 17:01:19,7,False,2.0,0.0,False,False,1.2820121049880981,0.78328537940979
101,1444,"Tired , Happy , Relaxed , Calm , In pain",2024-11-11 22:47:30,7,True,2.0,0.0,False,False,0.5907454490661621,0.4030834436416626
101,1445,"Content , Relaxed , Calm , Comfortable , Happy",2024-11-12 12:32:33,7,True,2.0,0.0,False,False,1.4594427347183228,0.4402996301651001
101,1446,"I am currently feeling better the pain is bearable now . I ' m in good spirits and glad I was able to get my last class done so I can take my Capstone in January . This excites me because this is the second biggest thing I ' ve accomplished for myself , since accomplishing my associates while being diagnosed with narcolepsy , REM sleep disorder , sleeping eating and walking and hypersomolence . Now I have to conquer quitting smoking and my goals have been completed for now . I ' m a work in progress always looking to ways to grow and be a better person .",2024-11-13 12:35:58,7,False,2.0,0.0,False,False,1.2313319444656372,0.8246249556541443
101,1447,"I am currently feeling better the pain is bearable now . I ' m in good spirits and glad I was able to get my last class done so I can take my Capstone in January . This excites me because this is the second biggest thing I ' ve accomplished for myself , since accomplishing my associates while being diagnosed with narcolepsy , REM sleep disorder , sleeping eating and walking and hypersomolence . Now I have to conquer quitting smoking and my goals have been completed for now . I ' m a work in progress always looking to ways to grow and be a better person .",2024-11-13 17:28:42,7,False,2.0,0.0,False,False,1.4139670133590698,0.601878821849823
101,1448,"I am currently relaxed with my leg up . I have a lot of pain when I have to stand up and go to the restroom , so I have started putting my leg down for a minute then putting it back up . I do this twice then rest for two hours . I don ' t know if it ' s working but the pain is a lot .",2024-11-14 17:05:39,7,False,2.0,0.0,False,False,1.2650996446609497,0.5252276659011841
101,1449,"Content , Happy , Relaxed , Calm , Accepting",2024-11-14 22:47:26,7,True,2.0,0.0,False,False,2.0329980850219727,0.19936291873455048
101,1450,I ' m currently feeling relaxed and completing my last paper for my philosophy class . I ' m happy and ready to go to the doctor next week to see how my ankle is healing up . I ' m also thinking about the pain that I ' m going to be in when I have to go to the bathroom in a couple of minutes since my foot throbs when the blood rushes to the bottom of my toes .,2024-11-15 17:01:21,7,False,2.0,0.0,False,False,1.033920407295227,0.46271783113479614
101,1451,I ' m currently in pain laying in the bed . Overall I ' m happy I can ' t wait to see the doctor next week to learn the progress of how my ankle is healing . Tomorrow I plan to complete my civil service paperwork for my job and set my plan in motion to return to work at light duty for the next 3 months .,2024-11-16 22:03:11,7,False,2.0,0.0,False,False,0.20856131613254547,0.9119731187820435
101,1452,"Happy , Greatful , Thankful , Content , Calm",2024-11-17 17:49:39,7,True,2.0,0.0,False,False,1.8682612180709839,0.4167444407939911
160,4079,"In this current moment , I am feeling okay this morning . I am currently feeling good about myself . Today , I woke up around 9am and I plan on going to the gym later today and going to work later on around 5pm .",2024-11-20 12:01:56,7,False,1.0,1.0,False,False,0.8091123700141907,1.0347836017608643
160,4080,"Today , I am doing alright . I have a bunch of meetings today and one of them started late , which was kind of stressful for me because it was not planned . However , I was able to cope with this obstacle successfully , which I am really proud of .",2024-11-22 12:30:42,7,False,1.0,1.0,False,False,-0.16020284593105316,1.0022653341293335
160,4081,"Today I am feeling good . My eyebrow waxing went well and it barely hurt . In the future , I would definitely get then waxxed again . After my waxxing , I did my workout and then I took a relaxing and cleansing shower .",2024-11-23 17:55:07,7,False,0.0,1.0,False,False,1.4672709703445435,0.8127132058143616
160,4086,"Today , I am feeling good . My Ac got unplugged for the season so I am a little sweaty right now . Later today , I am going to work and then to the gym . Tonight , I am seeing a show with my friend . I am really excited !",2024-11-26 12:10:38,7,False,0.0,1.0,False,False,0.4009719491004944,1.3045673370361328
160,4087,"Right now , I feel really good . Right now , I am at IParty event with my friend . We ' ve been waiting for this event for weeks . We are both really excited ! Tommorow I have a friendsgiving to attend with my other friends",2024-11-26 22:28:06,7,False,2.0,1.0,False,False,1.3215745687484741,1.2251067161560059
160,4088,"Today , I am feeling tired . The event I went with my friend last night was so much fun ! For tonight , I have to cook some mac and cheese for a friendsgiving I am attending . I am super excited to be attending this event !",2024-11-27 12:21:03,7,False,1.0,1.0,False,False,-0.582287609577179,0.5048078298568726
160,4089,"Today it is thanksgiving ! This year , my family and I are hosting dinner at our house . We ' ve been hosting Thanksgiving for several years now . I am very excited to be seeing everyone later today and catching up with them",2024-11-28 12:34:39,7,False,0.0,1.0,False,False,1.0094975233078003,1.6769986152648926
160,4090,"Today is Thanksgiving day ! My family and I are hosting Thanksgiving at our house . This morning was a little bit hectic because we were preparing all the food . Right now , things are much calmer since most of the food is done .",2024-11-28 17:58:49,7,False,2.0,1.0,False,False,0.30592256784439087,1.1204373836517334
160,4093,"Today I am feeling okay . Right now , I am at the gym doing some workouts . I am currently focusing on chest . My teeth are also hurting today , which makes me feel some pain . Later tonight , I am hanging with my best friend",2024-11-30 17:01:28,7,False,1.0,2.0,False,False,0.2983550429344177,1.0661191940307617
160,4095,"Today is going alright . Right now , I am at the gym doing some back workouts . After the gym , I am going to get some homework done and take a nice relaxing shower . I am excited to be going back to school and work tommorow .",2024-12-01 17:01:44,7,False,1.0,2.0,False,False,0.11064362525939941,1.0646615028381348
160,4096,Today has been alright . For the past few hours I have not done too much . I took a nice relaxing shower and I am currently in bed . I am excited to go back to work and see my coworkers and classmates again .,2024-12-01 22:59:09,7,False,0.0,1.0,False,False,0.7192591428756714,0.7730408310890198
160,4082,"Happy , Comfortable , Calm , Content , Relax",2024-11-23 22:45:32,7,True,2.0,1.0,False,False,1.663055658340454,0.43380576372146606
160,4083,"Excited , Happy , Tired , Anxious , Jittery",2024-11-24 12:53:35,7,True,2.0,1.0,False,False,0.9719765782356262,1.3728195428848267
160,4084,"Happy , Tired , Excited , Silly , Glad",2024-11-24 22:52:27,7,True,2.0,1.0,False,False,1.3345867395401,1.1491520404815674
160,4085,"Calm , Content , Happy , Greatful , Clean",2024-11-25 22:53:34,7,True,1.0,0.0,False,False,1.7546640634536743,0.6002214550971985
160,4091,"Down , Tired , Sad , Calm , Quiet",2024-11-28 22:39:34,7,True,-1.0,1.0,False,False,-0.49389469623565674,0.6813156008720398
160,4092,"Excited , Happy , Lively , Enthusiastic , Glaf",2024-11-29 22:26:26,7,True,1.0,2.0,False,False,1.5771044492721558,1.4326964616775513
160,4094,"Happy , Excited , Calm , Lively , Enthusiastic",2024-11-30 22:01:05,7,True,2.0,1.0,False,False,1.499022364616394,1.3659098148345947
160,4097,"Happy , Calm , Content , Ready , Lively",2024-12-02 12:27:03,7,True,1.0,2.0,False,False,2.2350683212280273,0.7325229048728943
151,3843,At the moment I feel lively like I ' m doing something engaging above all I feel like I ' m top of the whole doing things that enables me feel like I belong in the circle and not worthless . Something above it make it want me to think deep,2024-08-23 12:42:05,7,False,0.0,1.0,False,False,1.0896552801132202,1.075921654701233
151,3844,"Feeling better , the way it is now . Even I sometimes have up and down and most of this family are just smiling and then the alcohol set it in which is quite possible but the alcohol make me really an G and by looking at things it",2024-08-23 17:08:27,7,False,0.0,1.0,False,False,0.42854052782058716,0.6402083039283752
151,3845,"reserved , Quiet , Lonely , Worrisome , Thinking",2024-08-24 12:22:20,7,True,0.0,0.0,False,False,-0.2292102724313736,0.6033802628517151
151,3846,I want to be left alone to think more and reason a lot of things I tend to ignore because the things I leave alone are also going to need attention that ' s why most time I tend to want to make use of it why at it and find the best way to see it through to the end,2024-08-25 12:53:51,7,False,0.0,0.0,False,False,0.20994335412979126,0.9122816324234009
151,3847,"Moody , Worrisome , Expectation , Thinking , Quiet",2024-08-25 22:01:34,7,True,0.0,1.0,False,False,-0.4647234082221985,1.1788445711135864
151,3848,"My feelings right now is nothing much to say that I ' m tire and exhausted , most of the time feeling this way tends to make we realise some things that I might have done or not have done so when I ' m quiet I happen to enter into a world where only I can imitate my environment for my   own good",2024-08-26 12:05:23,7,False,-2.0,0.0,False,False,-0.8224012851715088,0.22957132756710052
151,3849,"I ' m feeling quiet and also nervous , but right now   I want a space of my own and like I could achieve things on my own maybe because of the alcohol and also how it making make some decisions that I don ' t want to",2024-08-29 12:09:04,7,False,0.0,0.0,False,False,-0.9779197573661804,0.5645012259483337
151,3850,"At the moment I feel contented with what life has to offer I feel that whatever I do and do well no matter how hard it may be or have being I just feel that ' s how life is and even if I could change some things I just feel it won ' t be necessary at some point , it has happened let it move on",2024-08-29 17:10:19,7,False,1.0,0.0,False,False,1.4627104997634888,0.10385255515575409
151,3851,"Quiet , Active , Jovial , Working , Thinking",2024-08-30 12:05:48,7,True,0.0,0.0,False,False,0.7878051400184631,1.1136590242385864
151,3852,"Tired , Slugish , Over worked , Thinking , Assuming",2024-08-30 17:03:17,7,True,-2.0,0.0,False,False,-1.6103087663650513,0.31776562333106995
151,3853,I ' m feeling active but at the same time I ' m at my most weak state being sluggish and also not ready to do anything just sitting and drinking my drink and reminiscing about the very existence of which I am brought to and have to survive,2024-08-30 22:21:08,7,False,0.0,2.0,False,False,-0.657815158367157,0.5716119408607483
151,3854,I want to be left alone doing my own thing my own having my own thinking to myself and be left to be with nature . I feel that life has many things to offer which at some point we need to ascertain this mentality and drive it forward,2024-08-31 12:52:39,7,False,0.0,0.0,False,False,-0.12676550447940826,0.798997700214386
151,3855,I feel contented and calm I feel like I ' m mind is open and most of the times I know that it is necessary to have alone time which have helped to foster my mindset and also how I look at basically all things,2024-08-31 17:17:21,7,False,2.0,0.0,False,False,1.6286054849624634,0.2618182897567749
151,3856,I was there feeling all neutral don ' t even know if I ' m balanced or not just feeling nervous within my system having to contemplate with different matter made it worse and also more activities came into play,2024-08-31 22:36:06,7,False,0.0,1.0,False,False,-0.2277725785970688,0.6556444764137268
151,3857,"I ' m quite in the happy mood , why ? I don ' t know or even can think about but if I ' m to guess is just the positivity of doing things that makes me more happy , I focus on what is better and ahead for the best",2024-09-01 12:21:32,7,False,0.0,2.0,False,False,1.4747685194015503,1.412989616394043
151,3858,"Lovely , Lively , Active , Enthusiastic , Loke",2024-09-01 17:46:53,7,True,0.0,2.0,False,False,1.387094497680664,1.303821325302124
151,3859,"Nervous , Jittery , Active , Enthusiastic , Strong",2024-09-01 22:36:23,7,True,0.0,2.0,False,False,-0.5124625563621521,1.8583004474639893
151,3860,I feel active and at the same time I feel nervous   and enthusiastic about myself and what I have to offer in the nearest of the life I live now I want to make impact but with what is what I don ' t know but still active,2024-09-02 12:33:15,7,False,0.0,2.0,False,False,-0.2968561053276062,1.9638172388076782
151,3861,"Slugish , Tired , Pain , Shout , Exhausted",2024-09-02 22:39:53,7,True,0.0,0.0,False,False,-1.279112696647644,0.28138914704322815
151,3862,At the moment I just want to be quiet and look at things unfold and follow the way it is . Right now I ' m poor and have nothing to rely on and it is bothering me so much that being poor isn ' t good for my health and also I ' m drinking alcohol which I ' m trying to stop and it is hard,2024-09-03 12:35:19,7,False,0.0,0.0,False,False,-0.2621907591819763,0.25439760088920593
151,3863,I ' m feeling quiet most calm and sluggish and just going with what I think I feel it necessary which is hope that whatever I get myself doing I put myself in a condition that is really good and know that negative and positive are part of this world,2024-09-03 17:13:06,7,False,0.0,0.0,False,False,-0.1574079692363739,-0.06628772616386414
151,3864,I ' m feeling a little bit active and not active I ' m just neutral and having some mood swings along the way with various activities that making me throw up which is why I ' m just sipping and trying to be calm with various activities that I could get my hands on and do most of everything,2024-09-04 12:02:10,7,False,0.0,1.0,False,False,-0.7044717073440552,1.0418826341629028
151,3865,At the moment I just feel . quiet and observing the nature like I ' m tired from the whole stress and how to make it and be independent but the stress of waking up and going to work and having this obscene attitude is making me more weak within myself and outside,2024-09-04 22:09:10,7,False,0.0,0.0,False,False,-0.9752729535102844,0.3707825839519501
151,3866,"Active , Enthusiastic , Nervous , Worrisome , Sluggish",2024-09-05 12:08:54,7,True,0.0,2.0,False,False,-0.1905883401632309,1.4409054517745972
151,3867,Feeling sluggish and quiet for now to reminisce the very essence of what is very important in today ' s life or what we as a fellow human can do to be relevant in the face of the earth and show for the value that we possess and are ready to make it happen,2024-09-05 17:06:37,7,False,0.0,0.0,False,False,-0.31044620275497437,-0.08266803622245789
151,3868,"I feel calm , quiet contented , and sluggish like I feel dull and counting my spade to myself and making it look less ke I can finally be accepted for who I am and accept the fact that to myself I ' m perfect and has good intentions planned out",2024-09-05 22:00:54,7,False,0.0,0.0,False,False,1.0979944467544556,-0.05376146733760834
177,4502,"Feeling very happy is like basking in warm sunlight on a perfect day for me . It fills my heart with joy and spreads a smile across my face . Everything seems brighter , and even ordinary moments carry a spark of excitement .\ n \ nI likely feel a sense of gratitude , appreciating the little things—a kind word from a friend , the beauty of nature , or a favorite song playing in the background . This happiness might urge me to share my joy with others , creating connections and spreading positivity .\ n \ nMy energy is contagious right now ; I probably find myself laughing more easily and feeling a deep sense of contentment . Challenges that once felt daunting seem more manageable as my optimistic perspective allows me to approach them with confidence .\ n \ nIn this state of happiness , time feels elastic ; moments of joy stretch out , letting me savor them fully . Whether through laughter , kindness , or simply enjoying the present , this happiness enhances my life , making everything seem possible and brightening the world around me . I’ll enj",2024-11-01 12:02:57,7,False,2.0,1.0,False,False,1.5420725345611572,1.2141318321228027
177,4508,"I imagine I ' m experiencing a particularly bright and optimistic state right now - the kind of happiness that comes from meaningful interaction and the anticipation of interesting conversations ahead . This moment feels like that satisfying glow one gets when fully present and energized , similar to how someone might feel when they ' re about to dive into a fascinating book or catch up with a good friend . While I approach my role with a balanced perspective , today there ' s an extra layer of cheerful enthusiasm coloring my interactions , perhaps analogous to how a teacher might feel at the start of a new semester - filled with curiosity about what insights and exchanges await , and genuinely looking forward to engaging in thoughtful dialogue that could lead to mutual understanding and discovery .",2024-11-04 17:05:31,7,False,2.0,1.0,False,False,1.95392644405365,1.5429270267486572
177,4511,"I ' m experiencing a gentle warmth of contentment - not an overwhelming joy , but rather a pleasant sense of wellbeing that sits comfortably in my chest . It ' s like having a small smile that comes and goes naturally , without effort . Perhaps there ' s a lightness in my movements , a slight bounce in my step .\ n \ nMy thoughts likely flow a bit more easily than usual , finding silver linings without having to search too hard for them . I might notice small pleasures more readily - the warmth of sunlight , a favorite song playing , or the satisfaction of completing simple tasks .\ n \ nThis isn ' t euphoria or excitement , but rather a subtle positive undercurrent to my day . Think of it as emotional background music playing softly - noticeable enough to influence my mood , but not overwhelming . I might feel slightly more patient with minor annoyances , a bit more inclined to chat with others , or just generally more at ease in my own skin .\ n \ nIt ' s a sustainable , gentle kind of happiness - the type that doesn ' t demand energy to maintain , but",2024-11-06 17:17:56,7,False,1.0,1.0,False,False,1.693010926246643,0.6775615811347961
177,4512,"Feeling happy is like experiencing a gentle warmth inside , a subtle contentment that softly colors my day . It ' s not the exuberant joy that makes me want to shout from rooftops , but rather a quiet satisfaction that brings a slight smile to my face .\ n \ nIn this state , I might find myself more relaxed , my shoulders less tense , and my thoughts leaning towards the positive . The world seems a bit brighter , not dazzling , but pleasantly illuminated . I ' m not jumping for joy , but I ' m certainly not down either – I ' m comfortably situated in a pleasant middle ground .\ n \ nThis mood might make me more open to small pleasures : the taste of my morning coffee seems richer , the breeze on my skin more refreshing . I ' m more likely to notice the good things around me , even if they ' re minor .\ n \ nMy interactions with others may be tinged with increased patience and kindness . I ' m not overwhelmed with emotion , but I feel a gentle goodwill towards the world and its inhabitants .",2024-11-06 22:09:54,7,False,2.0,1.0,False,False,1.751153588294983,0.6403753161430359
177,4503,"Radiating , Pure , Delight , Calm , Contented",2024-11-02 17:38:12,7,True,2.0,1.0,False,False,1.5056071281433105,0.9136533141136169
177,4504,"Balance , Steady , Calm , Composed , Quiet",2024-11-03 12:12:05,7,True,0.0,1.0,False,False,0.48920363187789917,0.4647044241428375
177,4505,"Content , Cool , Calm , Happy , Satisfied",2024-11-03 17:08:28,7,True,1.0,1.0,False,False,1.8118098974227905,0.06500421464443207
177,4506,"Happy , Jovial , Funny , Cool , Nice",2024-11-03 22:09:37,7,True,1.0,2.0,False,False,1.1791447401046753,0.823868453502655
177,4507,"Patient , Calm , Satisfied , Mellow , Buoyant",2024-11-04 12:06:30,7,True,1.0,1.0,False,False,1.9746497869491577,0.3977098762989044
177,4509,"Curious , Attentive , Balanced , Present , Engaged",2024-11-04 22:12:48,7,True,0.0,1.0,False,False,0.24055185914039612,1.2508817911148071
177,4510,"Peaceful , Brightened , Composed , Upbeat , Warm",2024-11-05 17:16:29,7,True,1.0,1.0,False,False,1.4925752878189087,0.42814871668815613
117,2417,"I ' m feeling good and great , have been some alot of great works today that I don ' t even know I can do , their some task that have been giving me issue since last week , and the task is has been making me feels effortless , I think have seen solution to it .",2024-11-19 12:08:56,7,False,0.0,1.0,False,False,1.9848136901855469,0.6646528244018555
117,2419,"I ' m just feeling good and nice I didn ' t really bother my self much today , I was just indoor trying to work out , play some nice music when I went to the gym and I also listened to some nice music when I went for jogging .",2024-11-21 17:35:44,7,False,0.0,2.0,False,False,1.031378149986267,0.6160716414451599
117,2420,"I ' m not feeling bad and I ' m not feeling too good but I ' m just normal trying to be myself without disturbing anybody and without anybody disturbing me , I ' m just feeling calm and quiet and I ' m just trying to be reasonable .",2024-11-22 12:58:33,7,False,0.0,1.0,False,False,-0.05966690182685852,0.8830743432044983
117,2421,"I ' m just feeling neutral , I ' m just hoping that everything will be better , have been alone since , thinking about way forward and have also been calling all my friends for way forward because my dream is bigger than where I am now .",2024-11-22 17:28:12,7,False,0.0,1.0,False,False,-0.01861659437417984,0.8831531405448914
117,2422,"I ' m feeling good , I ' m have been out with a friend since but we are still together , we are having fun , we bought some drinks , so that we can discuss more better , being with him is fun , we have played some interesting game too today .",2024-11-23 22:02:32,7,False,0.0,1.0,False,False,1.9923397302627563,0.6347449421882629
117,2424,I ' m feeling tired and stressed right now because have been working ever since I got to work in the morning I was not able to do any other thing I was just working as if I ' m not going to work again but we thank God for everything,2024-11-26 22:28:57,7,False,0.0,1.0,False,False,-0.6889069676399231,0.3717888295650482
117,2429,"I feel very good and calm because have been learning alot from my new friend and she ' s so nice to me , I ' m very happy to be with her , and also she ' s calm and she knows how to handle cases differently and calmly .",2024-12-01 12:58:10,7,False,0.0,1.0,False,False,1.845664143562317,0.31961026787757874
117,2418,"Good , anxious , happy , calm , nice",2024-11-19 22:03:46,7,True,0.0,1.0,False,False,1.491579294204712,0.764007031917572
117,2423,"Good , content , joyful , awesome , excited",2024-11-24 12:25:00,7,True,0.0,1.0,False,False,1.918423056602478,1.0018943548202515
117,2425,"Good , Nice , Lovely , Generous , Content",2024-11-27 12:34:15,7,True,0.0,2.0,False,False,1.7936192750930786,0.6474496126174927
117,2427,"Good , lovely , calm , nice , cool",2024-11-27 17:34:33,7,True,0.0,1.0,False,False,1.6522401571273804,0.41990455985069275
117,2428,"Good , nice , calm , cool , active",2024-11-28 17:39:56,7,True,0.0,1.0,False,False,1.3839603662490845,0.8075651526451111
117,2430,"good , nice , cool , content , happy",2024-12-02 12:10:09,7,True,0.0,1.0,False,False,1.95783269405365,0.5917566418647766
22,1328,"Tired , Anxious , Depressed , Angry , Uncomfortable",2021-03-27 12:54:38,1,True,-2.0,0.0,False,False,-0.8312129378318787,0.9943591952323914
22,1329,"Exhausted , Excited , Nervous , Irritated , Overwhelmed",2021-03-28 15:58:33,1,True,-2.0,0.0,False,False,0.039131008088588715,0.703425943851471
22,1330,"Exhausted , Anxious , Frustrated , Annoyed",2021-03-29 13:57:11,1,True,-1.0,0.0,False,False,-0.9069626927375793,0.911702573299408
22,1331,"Irritable , Uncomfortable , Exhausted",2021-04-03 12:27:02,1,True,-1.0,1.0,False,False,-0.8462278246879578,0.9120975136756897
22,1332,"Content , Calm , Anxious",2021-04-04 12:03:01,1,True,1.0,0.0,False,False,0.9067245125770569,0.7117648720741272
22,1327,"Upset , Tired , Misunderstood , Anxious , Worried",2021-04-06 23:04:23,1,True,-1.0,1.0,False,False,-0.00773639976978302,1.4955308437347412
82,5268,"I have not eaten yet today , so I am very hungry . Also tired and frustrated . Got out of a very tedious lab which has drained me . Stressed about a bunch of assignments I have to do . Kinda guilty for waking up late and missing class .",2024-11-13 17:41:42,7,False,-1.0,0.0,False,False,-0.31621432304382324,0.704552412033081
82,5272,"I just woke up , I stayed up super late last night doing homework . I am feeling very tired . Definitely caffeine deprived . I am looking forward to the weekend , there are a few things I am excited about . I feel kinda unmotivated .",2024-11-16 17:00:51,7,False,-2.0,0.0,False,False,-0.04540078341960907,0.7832843661308289
82,5273,"I just woke up , am feeling very tired . I am feeling glad that I woke up before noon today though . I am looking forward to my day , I have some fun things planned . Mostly feeling pretty neutral since I just woke up . Not looking forward to classes tomorrow .",2024-11-17 12:12:56,7,False,-1.0,0.0,False,False,-0.1425415277481079,0.4275972247123718
82,5267,"Stressed , Anxious , Worried , Angry , Frustrated",2024-11-12 22:54:23,7,True,-2.0,2.0,False,False,-0.7541106343269348,0.998062789440155
82,5269,"Depressed , Guilty , Ashamed , Frustrated , Sad",2024-11-14 17:00:49,7,True,-2.0,1.0,False,False,-0.8623289465904236,0.8342217803001404
82,5270,"Bad , Depressed , Ashamed , Sad , Tired",2024-11-14 22:15:04,7,True,-2.0,1.0,False,False,-0.9351498484611511,0.7400305867195129
82,5271,"Calm , Tired , Alright , Nervous , Relaxed",2024-11-15 22:27:46,7,True,1.0,0.0,False,False,0.5557147860527039,0.34593483805656433
82,5274,"Meh , Fine , Alright , Awake , Neutral",2024-11-23 17:00:33,7,True,0.0,1.0,False,False,-0.3258015513420105,0.8478230834007263
123,2614,I am currently feeling fine with practically no worries on my mind . I am satisfied with how my day is progressing so far . It has been a very calm morning .,2024-11-08 12:01:41,7,False,1.0,0.0,False,False,1.8126245737075806,0.4267445504665375
123,2615,Currently I feel pretty okay… pretty neutral . Though I am starting to feel tired from the long days and developing a headache . I am also starting to feel pretty hungry (honestly starting to feel hangry too) .,2024-11-08 17:30:28,7,False,0.0,1.0,False,False,0.05931629240512848,0.48100611567497253
123,2616,"I am still feeling okay , much like earlier . Not much has changed ; I still have a headache so I do also feel a bit annoyed . The sweet treat I am currently having will bring me peace I think . (meeting this 200 word character is actually stressing me TT)",2024-11-08 22:07:27,7,False,0.0,1.0,False,False,0.8117063045501709,0.5455248355865479
123,2618,I am exhausted and feel like doing absolutely nothing . All I want to do is sit down and stare at a wall and forget about existence for a few moments . I also just feel like going home and laying down/resting .,2024-11-09 22:01:59,7,False,-2.0,0.0,False,False,-1.2548950910568237,-0.22756095230579376
123,2619,I am currently feeling a little tired and a little sickish… i might be developing a cold . Starting to feel really awful . Other than that I am mentally preparing for a long day and feel like procrastinating getting ready just to stall time,2024-11-10 12:57:09,7,False,-1.0,0.0,False,False,-1.517860770225525,0.23376701772212982
123,2620,I am feeling slightly irritated and annoyed with things . Also hangry and this cold is making my mood even worse . And still stressed about time of things… nothing is well… and this character count man,2024-11-11 22:06:15,7,False,0.0,0.0,False,False,-0.8932768106460571,0.8222423791885376
123,2622,"I feel okay at the moment . No special emotions or anything… I do feel tired though and the cold symptoms are becoming more real . It is also about to be a long day , just need to get through it……… .",2024-11-12 12:16:32,7,False,0.0,1.0,False,False,0.5977494716644287,0.5037247538566589
123,2626,"i am not really feeling anything at the moment . i am just here . perhaps it is more of a boredom or due to boredom . i practically just woke up and then have to go into work later (dreading) meanwhile i have assignments to do… so i am also ignoring whatever feelings of stress . so feeling nothing , will feel later",2024-11-17 12:15:22,7,False,0.0,1.0,False,False,0.26035958528518677,0.7452912330627441
123,2617,"content , happy , having fun , joyful , chilling",2024-11-09 17:03:08,7,True,2.0,1.0,False,False,1.5349136590957642,0.8287358283996582
123,2623,"sick , cold , content , giddy , tired",2024-11-14 12:15:27,7,True,0.0,1.0,False,False,0.17608597874641418,0.3680148124694824
123,2624,"excitement , giddy , warm , jumping up and down , popping",2024-11-15 17:20:50,7,True,1.0,1.0,False,False,1.8670514822006226,1.545383095741272
123,2625,"tired , annoyed , irritated , short , okay",2024-11-16 17:06:15,7,True,-1.0,0.0,False,False,-0.6731166243553162,0.7183904647827148
69,4835,"Tired , Annoyed , Angry , Sad , Down",2024-09-13 17:03:31,7,True,-1.0,1.0,False,False,-0.8848472833633423,0.6636038422584534
69,4836,"Active , Sharp , Experience joy , Well , Glad",2024-09-17 22:49:51,7,True,0.0,2.0,False,False,0.9780398607254028,1.4018272161483765
69,4837,"Down , Sad , Unhappy , Moody , Suck",2024-09-19 17:46:42,7,True,-1.0,1.0,False,False,-1.4404982328414917,0.48353311419487
69,4838,"Glad , Happy , Amazed , Joyous , Lively",2024-09-19 22:26:39,7,True,1.0,1.0,False,False,1.5962661504745483,1.079988956451416
55,4327,"Quite , Calm , Cool , Relaxed , Loved",2024-10-10 22:24:44,7,True,2.0,0.0,False,False,1.9761446714401245,0.01787559688091278
55,4428,"I’m feeling pretty good heading to the gym with my brother then I’m going to a bar with family tonight to watch some college football and place some bets , gambling is always better when your drunk anyways .",2024-10-11 17:05:45,7,False,-2.0,0.0,False,False,0.8186190128326416,0.6206068396568298
55,4473,I’m feeling great watching the ORG game drinking a twisted tea had a few earlier and now chilling with my family todays good wouldn’t trade it for The world my parlays need to hit thou so I can buy more alcohol for tonight .,2024-10-11 22:49:59,7,False,2.0,2.0,False,False,1.011588454246521,0.7436131834983826
55,4527,I feel decent tired from all the brews I’ve been drinking but today’s going to be a good day for football and family honestly it’s great I hope my bets win today because yesterday the ORG ruined all my parlays,2024-10-12 17:17:26,7,False,-2.0,0.0,False,False,0.1827036589384079,-0.006548240780830383
9,390,I feel active yet calm and happy . Somewhat tired from lack of sleep due to the baby . I am a generally chipper person and don’t usually ever feel down . Other than that just great ! This is way too many characters to be answering a short question like this .,2021-06-13 13:38:33,1,False,2.0,0.0,False,False,1.2190240621566772,0.883561909198761
9,391,"I woke up tired due to the baby keeping me awake throughout the night . I’m happy , full of love and having a great day so far . But overall I’m in good spirits , feeling great , happy I’m healthy and ready to take on this day .",2021-06-14 12:07:33,1,False,2.0,0.0,False,False,0.879145085811615,0.448920339345932
9,392,"Got a lot of sleep last night . Feeling really good and ready to tackle the day . I had kidney surgery three times last month and today I’m starting to feel back to myself again , which is super awesome !",2021-06-15 12:01:04,1,False,2.0,1.0,False,False,1.1989535093307495,0.49088534712791443
9,393,I feel fantastic today . About to go work out and then take my son with me on a nice hike through a long park . We have some art projects to work on and grocery shopping as well . I’m slightly tired but that’s nothing coffee can’t fix .,2021-06-16 12:01:05,1,False,2.0,1.0,False,False,1.272991418838501,0.6331879496574402
9,394,I feel inspired to work on a few new art projects this weekend . I also like to paint with my son so I will do a few of those as well . I am overall happy and in a good mood . I can’t wait for the day is to warm up so I can get out on the water .,2021-06-18 17:24:24,1,False,2.0,1.0,False,False,1.0354204177856445,1.4619472026824951
12,575,"I’ve felt so many emotions in the last day . I have felt happy , hopeless , sad , and back to happy because of all the different things that are going on in my life at the moment .   It’s a hard transition right now because of big changes , loss , while trying to move forward in a positive direction .",2021-06-13 14:10:13,1,False,0.0,1.0,False,False,-0.4310724139213562,1.0850938558578491
12,576,"I’ve felt happy and calm today because I was able to spend the day with my family . I took my father in law to the airport and even though it makes me sad , I was happy and content afterwards . We also got two new pets after losing one yesterday so that contributed to a great day .",2021-06-14 21:03:52,1,False,2.0,0.0,False,False,1.9632166624069214,0.06565640866756439
12,577,I’ve been feeling very happy the last 24 . Like everything is getting better and some choices are finally settling in . I’m still uneasy about the future but that’s only because I don’t know what’s next .,2021-06-17 16:02:00,1,False,2.0,1.0,False,False,1.361424207687378,0.7896361351013184
13,607,I Just woke up . I feel pretty tired from yesterday’s double . I feel stressed about everything I have to get done today . My feet and neck and shoulders are killing me . But I had a good night last night for the most part so that kind of makes the pain worth it,2021-05-04 12:11:09,1,False,-2.0,0.0,False,False,0.21506905555725098,0.4938409924507141
13,608,"I just took a two hour nap , which helped me recover more from my 12 hour shift yesterday . My back , neck , shoulders , and feet are still pretty sore , so that’s frustrating . About to start on my homework",2021-05-04 17:07:14,1,False,2.0,0.0,False,False,-0.2644691467285156,0.6492809057235718
13,609,"Currently I am watching a tv show with my boyfriend on the couch . Had a relaxing day off . Shoulders , back , and neck still very painful . I feel calm and content and not tired . May go for ice cream later",2021-05-04 22:00:50,1,False,2.0,0.0,False,False,0.8545359969139099,0.28888556361198425
13,610,"I’m feeling a little annoyed that my neck , back , and shoulders are still as sore as they are . Tylenol and ibuprofen aren’t cutting it . I also feel stressed about all the school work I have to get done today and tonight",2021-05-05 12:06:37,1,False,0.0,0.0,False,False,-0.07412786781787872,0.8895139098167419
13,611,"My neck and back and shoulders hurt a little less , so I’m finally feeling a little more relaxed and content . I’ve also got a lot of school work done , so that is making me feel more relaxed as well . Also , I’m feeling sad that I’m home alone again for a few days",2021-05-05 17:19:04,1,False,1.0,0.0,False,False,0.9163704514503479,0.34442824125289917
13,612,"I’m currently feeling lonely because I’m alone in the house for a few days , stressed because I have a huge exam tomorrow , attempting to feel calm and relaxed by taking a hot bath , and worried about tomorrow’s outcome",2021-05-05 22:01:32,1,False,2.0,0.0,False,False,-1.257825493812561,1.0393341779708862
13,613,"I’m feeling stressed because I have to give a presentation today as well as take an exit exam for school . I also am stressed from my shoulder and neck and back STILL hurting , it’s better in some ways but the same or worse in others . I’m also excited to almost be done with school",2021-05-06 12:23:42,1,False,-1.0,2.0,False,False,-0.7465968728065491,0.8186816573143005
13,614,"I finished my last exam of nursing school so I’m feeling ecstatic , I also aced it when I thought I was doing terribly . Back and neck and shoulders STILL hurt so that’s annoying . Not looking forward to working later",2021-05-06 17:57:28,1,False,2.0,1.0,False,False,1.700283169746399,0.7806825041770935
13,615,I feel happy that I got to spend time with my friends on my last day of school . I feel relieved that I passed my test and did well on my presentation . I feel meh about picking up a shift tonight . And I feel annoyed that I’m still in pain .,2021-05-06 22:02:43,1,False,2.0,1.0,False,False,1.387498378753662,0.5317978262901306
13,616,I’m currently feeling tired and sore from work last night . My body is still sore from the past week . I’m feeling lazy because I haven’t gotten off the couch today except to eat . I’m not looking forward to work tonight . I am excited to see my boyfriend soon though,2021-05-07 17:00:45,1,False,-1.0,0.0,False,False,-0.7243360877037048,0.11387067288160324
13,617,I feel annoyed after other employees and contractors treating me like crap at work last night . I feel tired from only getting five hours of sleep . I feel excited to go watch a baseball game today . And I feel happy that my boyfriend is back home,2021-05-08 12:21:53,1,False,-2.0,0.0,False,False,-0.03117997944355011,0.9829397201538086
13,618,I’m feeling bummed that we lost the baseball game . I’m feeling happy because I got to drink and hang out with friends at the baseball game . My eyes and back and shoulders hurt so that’s annoying . I’m glad that I get to spend time with friends for awhile !,2021-05-08 17:02:45,1,False,1.0,0.0,False,False,-0.11139987409114838,0.42414146661758423
37,2548,"The weather is good , feeling good and enjoying the day off with some self care . Had a bad dream that upset me but feeling better now . Went and got my hair done and it made me feel better so I ' m going to do my nails and clean up so that makes me feel better too",2021-06-11 17:54:54,1,False,1.0,0.0,False,False,1.0600661039352417,0.7148774862289429
37,2549,"Feeling a little better after cleaning up and doing my nails , going to make dinner soon enchiladas and rice . Taking it easy today since I wasn ' t feeling so good . Watching TV my favorite talk show Wendy Williams . It been pretty hot outside .",2021-06-12 22:55:08,1,False,1.0,0.0,False,False,0.44742774963378906,0.5149239897727966
37,2550,"A little tired , didn ' t sleep well but I feel okay . Going to get ready and run some errands . Need to get to the gym and run to the store . trying get up and get it done but I ' m a little tired today . Feeling lazy .",2021-06-14 17:19:36,1,False,-1.0,0.0,False,False,-0.0639861524105072,0.5838426947593689
37,2551,Feeling good after getting some sun and getting out of the house . Going to an appointment then I got to stop at the store and maybe go to the gym later . Very hot day today but it ' s a very nice day . I ' d like to go swimming .,2021-06-15 17:26:42,1,False,1.0,1.0,False,False,1.0832877159118652,1.0990439653396606
37,2552,"Pretty good , went and did my shopping and now I ' m at the gym . It feels good to be back in the gym because it ' s been a couple of weeks since I ' ve worked out . I need to get in shape and get to the gym more often because I have been slacking in this area .",2021-06-15 22:50:31,1,False,1.0,2.0,False,False,1.1728489398956299,1.0013798475265503
37,2553,"Running late today , woke up late and have to do homework and run errands . Going to do laundry and get ready . Haven ' t been sleeping well and feeling a little tired . I have anxiety about going back to work and school too .",2021-06-16 17:43:07,1,False,0.0,1.0,False,False,-1.186475157737732,0.9202510714530945
37,2554,"Just got up and need some coffee felling like I need to go to the gym and work out , that should make me feel better . I ' m feeling sore and need to work it out . My back and legs are stiff and I had a busy week .",2022-01-28 10:10:13,2,False,0.0,2.0,False,False,-0.16505230963230133,1.2144138813018799
37,2555,"Went and did some shopping and then organizing my house , feeling better today . Had a bad dream last night and it was very strange but I feel okay now that I got some errands done . Still need to go to the gym though .",2022-01-28 16:27:20,2,False,1.0,2.0,False,False,-0.028909757733345032,1.0697709321975708
37,2556,Having dinner and watching t . v getting sleepy after running some errands and cleaning up . I really need to get into the gym because I am feeling sore and sluggish . Went and got food because I didn ' t have time to cook today .,2022-01-28 20:54:10,2,False,-1.0,0.0,False,False,-1.0807914733886719,0.7962622046470642
37,2557,Getting the day started off with some coffee then I ' m going to make breakfast and do some cleaning . I ' m a little frustrated because my package is a week late and hasn ' t came yet but I ' m feeling pretty good .,2022-01-29 10:41:35,2,False,1.0,2.0,False,False,0.14703449606895447,1.0585825443267822
37,2558,I ' m feeling a little anxious and nervous also a little too tired to go anywhere . I just made some food and did some laundry and cleaning now I ' m going to watch a movie and relax . I wanted to go to the store but I ' m too tired .,2022-01-29 16:28:20,2,False,-1.0,2.0,False,False,-1.2426053285598755,1.049790859222412
37,2559,"Just finished cleaning up and listening to music . getting ready for bed soon , going to watch some movies and relax . I am using my oil diffuser which helps to calm me down as well and the music helps too",2022-01-29 21:06:19,2,False,0.0,1.0,False,False,0.22545526921749115,1.217074990272522
37,2560,"Feel pretty good , getting ready to go to the gym and shopping . Was able to get up early and get ready so I feel good about that . I ' m just waiting for my clothes to dry and then I ' m leaving . Feels good to get out early .",2022-01-30 10:44:33,2,False,0.0,2.0,False,False,1.308803677558899,0.8871108889579773
37,2561,"Feeling hungry after a good workout , went and got some groceries from the store and getting ready to cook dinner . Went and looked at the store but didn ' t find the item I need so I will have to order it .",2022-01-30 16:26:17,2,False,0.0,1.0,False,False,0.23032648861408234,0.9610384106636047
37,2562,"Just had dinner , getting ready for bed and my head is aching . I ' m going to have a snack and watch a movie before I go to bed . I have to go to an appointment tomorrow early afternoon so I need to get to bed soon .",2022-01-30 20:09:35,2,False,-1.0,0.0,False,False,0.13334180414676666,0.6022096276283264
37,2563,Just got up and going to get the day started . Going to get ready soon and go to my appointment . I ' m a little nervous about it but it will hopefully be okay . I ' m going to have breakfast now before I get ready .,2022-01-31 10:36:04,2,False,0.0,1.0,False,False,0.17156982421875,1.8620623350143433
37,2564,I ' m currently feeling pretty good just have a few things that I need to finish . I ' m at an appointment for therapy and I think it was helpful because I feel better about some things and I am ready to move forward with them,2022-01-31 15:32:56,2,False,1.0,1.0,False,False,0.583500325679779,1.0730499029159546
37,2565,"Just finished with dinner and feeling better today , less pain since I worked out yesterday and now I ' m going to get some tea from the store before I get ready for bed . I ' m almost done with organizing my house",2022-01-31 20:02:52,2,False,1.0,0.0,False,False,0.29541152715682983,1.2525238990783691
48,4821,I have been very upset because my mom and dad are suffering and there is a lot of tension and drama in the house . I’m very tired and worn out .   I am becoming very apathetic and withdrawn and not myself .   It is very stressful 24 seven .,2021-05-06 12:01:25,1,False,-1.0,1.0,False,False,-1.5339699983596802,0.8486456274986267
48,4822,"I had a better day today than yesterday . Despite the massive tension in my house because my parents are separating , I was able to not take on that negative energy and stay detached from it all . I felt content because I was very productive .",2021-05-07 12:03:40,1,False,-1.0,2.0,False,False,1.0590054988861084,0.47375252842903137
48,4823,"Today I am feeling very stressed out I tried starting a new job , and it’s a mess . And the last job I was at was also a mess . They are all shortstaffed and don’t know what they are doing .   And the new staff they bring on is almost always crap . I couldn’t find gas either .",2021-05-11 12:02:14,1,False,1.0,0.0,False,False,-0.22370769083499908,0.8979915976524353
5,290,Just woke up so I am tired . I am pretty neutral as far as emotions go . I am listening to good music so am waking up . I am not ready to go to work I know today will be a stressful work day . I am looking for a new work opportunity,2021-05-04 12:02:25,1,False,1.0,2.0,False,False,-0.4657290577888489,0.7967552542686462
5,291,Long day at work . Finally getting a break to eat . Ready to get off and take care of my stuff I need to complete . Struggling to find employees to work which makes my work load way more than usual . Cannot wait to find more employees .,2021-05-04 17:00:57,1,False,2.0,0.0,False,False,-0.28958141803741455,0.8087693452835083
5,292,Just getting home . Have to finish some stuff then looking forward to having some friends over at night . We are planning to dj some techno and house music . Ready to have a day off tomorrow I can finally take my mind off of work and relax .,2021-05-04 22:07:20,1,False,2.0,1.0,False,False,0.8741886019706726,0.6626061201095581
5,293,I just woke up but may go back to sleep . I had a long night yesterday . Today is my off day we are going to hike hopefully somewhere new . Then at night we are going to this totally amazing restaurant called ORG  in GPE .,2021-05-05 12:54:14,1,False,0.0,1.0,False,False,0.05773965269327164,0.7508618831634521
5,294,Not feeling good about my body or my weight . Despite countless diets and staying active I seem to be not getting better . I am tired of looking this way and I am tired of worrying about it . It is effecting my life too much .,2021-05-05 17:00:48,1,False,-2.0,1.0,False,False,-0.3439634442329407,0.5655838251113892
5,295,I am hating my job I received another job offer but I can not start till may 25th . I do not have any motivation to get things done here . Apart from that I feel like my boyfriend is mad at me and may not want to be with me anymore . I am scared of what is going to happen .,2021-05-06 17:00:31,1,False,-2.0,1.0,False,False,-0.8511996269226074,1.2652801275253296
5,296,Just woke up not going to work today because I just hate it too much . I may take some ORG shifts instead . I am still chillin in bed with my cats it’s gonna be hard to get up today I am super tired .,2021-05-07 12:46:52,1,False,-2.0,0.0,False,False,-0.2502616047859192,0.5661673545837402
5,297,Currently driving doing ORG flex ORG  deliveries . It is much less stressful than me regular job . I informed my employer earlier that I will be leaving next Monday to start my new job . I am very excited !,2021-05-07 17:44:23,1,False,1.0,1.0,False,False,0.6719045042991638,1.388466477394104
5,298,"I am super duper tired . After I finished my ORG shift I went to hike at FAC    . I hiked 5 miles under the hot GPE sun , I am beat ! I am heading to ORG to eat then going home to rest .",2021-05-07 22:00:31,1,False,-2.0,0.0,False,False,-1.1225662231445312,-0.09831410646438599
5,299,The owner of the job I am leaving just told me that no one likes me and that the people that quit did so because of me being the manager . I am done with everyone . I don’t have any friends the only person that will hang out with me is my boyfriend who barely like me he treats me without respect half the time and after 5 years of being together he still doesn’t live with me I spend most nights and days alone .,2021-05-08 12:34:47,1,False,-2.0,1.0,False,False,-0.36414045095443726,0.8094831109046936
5,300,Feeling stressed about everything . I don’t know how to keep anyone in my life everyone hates me and I don’t know what is wrong with me . I am tired of all this bill shot . Hoping my new job will change things,2021-05-08 17:01:22,1,False,-2.0,1.0,False,False,-0.5885539054870605,0.8371568322181702
5,301,I am not doing anything just bored at home I went on a long bike ride and am pretty tired . Just planning to stay home and watch tv till I fall asleep . There is nothing else to do anyways . I have work early tomorrow not looking forward to my last day at that job .,2021-05-08 22:03:03,1,False,0.0,1.0,False,False,-0.14879317581653595,-0.23171159625053406
