user_id,text_id,text,timestamp,collection_phase,is_words,valence,arousal,is_seen_user,valence_preds,arousal_preds
3,256,I ' m on my first day off of three and feeling pretty good . Just been lazy today and trying to clean the house here and there . I enjoy being home and spending time with my daughters ............\ nThey are both sleeping now so I ' m gonna watch some ORG haha \ n,2021-06-14 20:17:40,1,False,1.0,1.0,True,1.2461789846420288,0.5824264883995056
3,257,I have been feeling pretty good . Enjoying my last day off apparently . I got called in tomorrow to work a private party of 40 golfers . So that should be some pretty decent money I think . I also have a doctor ' s appointment in the am so that should be fun .,2021-06-15 19:12:56,1,False,1.0,1.0,True,1.0585238933563232,0.779413104057312
3,258,"Feeling good today , just got back from a Dr ' s appointment .   Grabbed some burger king on the way home for me and my oldest daughter . It was surprisingly good for a change . Bartending a private party later tonight",2021-06-16 14:36:11,1,False,1.0,0.0,True,1.1151599884033203,0.9064954519271851
3,249,Last night I bartended a private party of 45 golfers . They were alot of fun and I made some decent money . I ' ve been feeling pretty good regardless of this cold that won ' t seem to go \naway . But I work tonight and it should be busy so I ' m excited,2021-06-17 14:43:36,1,False,1.0,1.0,True,1.1392885446548462,1.341755986213684
3,250,I ' ve been feeling pretty good except for the fact that I can ' t get enough sleep it seems . Im so tired when I wake up that I almost need a nap instantly .   I have work tonight again so maybe I can get a nap in before,2021-06-18 12:35:39,1,False,1.0,1.0,True,-0.8301777243614197,-0.006486221216619015
7,349,Last night I felt pretty high on life aftera good shift at work . I had a couple of light drinks after work . Today I have been really dragging and trying to find motivation and alertness . 200 character rule is silly .,2021-03-13 16:07:30,1,False,-1.0,0.0,True,0.4200524687767029,1.5235264301300049
7,350,I have been feeling generally extremely tired . I got a full night of sleep and did not have any drinks . Heading into work for a night shift now and still can ' t snap out of the foggy feeling . Why do you require 200 characters .,2021-03-14 17:46:14,1,False,-2.0,0.0,True,-1.393340826034546,-0.039147697389125824
10,411,"Happy , Content , Relaxed , Calm , Tired",2021-06-12 12:10:12,1,True,2.0,0.0,True,1.7002675533294678,0.5808454751968384
10,412,"Quiet , Calm , Content , Happy , Tired",2021-06-12 22:00:42,1,True,2.0,0.0,True,1.4333144426345825,0.06964091211557388
10,413,"Tired , Content , Happy , Calm , Relaxed",2021-06-13 12:05:52,1,True,2.0,0.0,True,0.9668439626693726,0.26759806275367737
17,1090,"I am just getting up . I feel okay , a little tired/sluggish yet . I am fixing to start my schoolwork . And I have class today for about 5 hours . Lab for bio and chemistry . Hopefully I’ll continue to feel ok through the day .",2022-09-07 10:01:21,4,False,-1.0,0.0,True,-0.7316714525222778,0.09227126091718674
17,1091,"I am good/okay today . I just got out of class , and have another class to go to . I enjoy school , as long as i understand it . I’m hungry , hopefully i don’t start to feel sick because I’m hungry . I am still stressed about money . But it will work it w , somehow .",2022-09-07 15:18:55,4,False,2.0,0.0,True,1.4075614213943481,0.7957589626312256
17,1092,"I am hurting a little this evening . I don’t feel the best . I am still stressed about money . But I did get my rent and one of three things paid . So I have two left . It will work out somehow . Other than that , I am okay .",2022-09-07 20:37:50,4,False,2.0,0.0,True,-0.0522041916847229,0.660574197769165
17,1093,"I am okay , king of tired today . I had to get up early for a dentist appt , I have some broken teeth that need to be fixed . I finally got into a dentist with a sliding pay scale . Yay me . Still stressed about money . I got three things to pay , before the twentieth . It will work out somehow .",2022-09-08 10:06:38,4,False,2.0,0.0,True,-0.5885968208312988,0.09434517472982407
17,1094,"I am very happy at the moment . I wanted a job at a particular restaurant , and they called me today for an interview . Yaaay . I hope it goes well . I can at least get my foot in the door . I’m so excited . She said everyone that I know there , that I’ve worked with before , gave me very high recommendations .",2022-09-08 15:06:05,4,False,2.0,1.0,True,1.0306479930877686,1.4676828384399414
17,1095,"I am at work . I feel bad tonight . I have a headache . It has been such a good day until the headache . I got the new job , hired me on the spot due to others   recommendations of me . Made me feel good !! I hope I like it there , kind of nervous .",2022-09-08 20:13:35,4,False,1.0,0.0,True,0.07558418810367584,1.5869102478027344
17,1096,"I am okay today . I do not feel the best , but I feel okay . I am a little tired , but I am excited to start my new job ! I just got hired , on the spot , yesterday . That made me feel really good . I am content . I am worried about money still . I hope I am not making a mistake .",2022-09-09 10:01:15,4,False,0.0,1.0,True,1.2488727569580078,0.3157312572002411
17,1097,"I am pretty good today . My stomach has not felt the best , besides that and being stressed about money , I am pretty good . I am on my way to work now . But I will be leaving there and starting my new job soon .",2022-09-09 15:08:03,4,False,2.0,0.0,True,0.8752358555793762,0.9352404475212097
17,1098,"I am at work . It is a little busy , but not like usual . I have one of the worst sections again ! I will not make what others makes and I am sick of it ! I am so glad I am leaving this place !!! I will be glad when two weeks are up .",2022-09-09 20:05:49,4,False,1.0,0.0,True,-0.16242210566997528,1.4398846626281738
17,1062,"I am at work . We will see how today goes . The last few shifts I have not really made anything . That is why I am leaving this place . I am stressed about money , and not making anything . I have stuff to pay and I’m getting worried that I will not be able to do it .",2022-09-10 10:21:34,4,False,2.0,0.0,True,-0.30393800139427185,1.679358720779419
17,1063,"I feel good today . I am a little upset with work , again . I should have been able to pick where I was tonight , while others can , I guess I can not . I HATE the favoritism there . It is do not fair !! Anyway . I am still stressed out about money . I didn’t make any thing this morning except hourly , no tips at all . I am so mad !",2022-09-10 15:01:00,4,False,2.0,0.0,True,0.6988321542739868,0.8785003423690796
17,1064,"I am ready to go home already . I’m tired . I hate working doubles , but I need the money so bad . I am stressed due to money . I have stuff to pay with not a lot coming in right now . That’s one of the reasons I’m switching jobs .",2022-09-10 20:03:17,4,False,1.0,0.0,True,-0.1307167410850525,1.3335686922073364
17,1065,"I am okay today . I am trying to do homework this morning as I start my new job today , just for training . I gave my two weeks at the other place , last day is the 24th of this month . That makes me happy ! That I do not have to deal with their Bull Shìt anymore . I am still stressed about money .",2022-09-11 11:04:12,4,False,1.0,1.0,True,1.290238857269287,0.8960270285606384
17,1066,I am on the way to my new job . I am going to get some if the training done . So I am happy about that . I am still stressed about money . I am broke . I hate being broke . I have bills I need to pay . I am afraid I will not have enough to pay everything . I hate that feeling .,2022-09-11 15:05:52,4,False,2.0,1.0,True,0.22984282672405243,1.4779525995254517
17,1067,"I am good . I am at my new job . It is a lot to learn ! A lot ! But I will get it . And I found out we have to wait for our tips , I do not like that at all . But maybe it will work out better that way . Who knows ?? Still stressed about money , but maybe that’ll be over soon too !!",2022-09-11 20:12:22,4,False,2.0,0.0,True,1.3719571828842163,1.099658489227295
17,1068,"I feel pretty good today . I am a little hungry , but besides that I am god this morning . I am off today , but I do have a doctors appointment and then class for three hours . But no work !! I am starting to really stress about money . I did not make hardly anything at work last week , really the last ten weeks .",2022-09-12 10:29:47,4,False,1.0,1.0,True,0.8638182878494263,0.7427693009376526
17,1069,"I am okay . I feel okay . Pretty good actually today . I have gotten through my drs appointment and school for three hours , I have the evening off to work on school work . Study , whatever . But no work . I need to get as much as I can though tonight and tomorrow morning cause I’ll be busy the rest of the week with both jobs .",2022-09-12 15:39:14,4,False,2.0,0.0,True,1.1218719482421875,0.31621891260147095
17,1070,"I am starting to feel a little bad this evening . My legs are bothering me and I am super tired . I am ready to go to bed , but I have my grandson . I am still stressed about money . The 20th is getting closer and closer . I am getting worried .",2022-09-12 21:46:20,4,False,2.0,0.0,True,-1.3228358030319214,1.0718448162078857
17,1071,"I am doing school work and I have my grandson . He is two . So I am trying to Do it . I have to work this evening at my old job . Hopefully I make some money , because I sure need it to pay some bills . I do not know what to do about money right now . I am so stressed . I feel okay , just stressed .",2022-09-13 10:00:51,4,False,2.0,0.0,True,0.020497895777225494,1.5206340551376343
17,1072,"I am feeling okay . Not the greatest , but I’m okay . I am just getting to work . I need to eat , so I came   in early . I hate looking at food and being hungry !! I am stressed about money , hopefully I make some tonight . I sure need it .",2022-09-13 15:00:48,4,False,2.0,0.0,True,0.49463599920272827,0.5753185153007507
17,1073,"I am at work . I do not feel very good . I have one table left and I have finished everything , except that table . I wish they would go so I could go home !! I am so tired tonight . I am so stressed . I just want to go home .",2022-09-13 21:25:14,4,False,-1.0,1.0,True,-1.0237538814544678,0.9836739301681519
17,1074,"I had my first inspection today for my home , I was stressed about that because my boyfriend smokes in garage and we aren’t supposed to . But I think everything went okay . I am still stressed about money . My back is hurting today . I have class at 12 : 30 . I am trying to do schoolwork that I do not completely understand .",2022-09-14 10:49:33,4,False,1.0,0.0,True,-0.19395717978477478,1.5936775207519531
17,1115,"I do not feel well at all . I am hurting very badly . My legs and my back . It has been for   several days now . I go to the dr I’m the morning . Other than that I’m ok I guess . Money could be better , but hopefully it will be soon .",2023-03-09 21:02:46,5,False,-2.0,0.0,True,-1.6448974609375,0.21619880199432373
17,1116,"I am still hurting bad today . I am at a drs appointment at the moment . I have to with this evening . Not looking forward to that , but I do need the money . Not working for a month back in December really hurt me .",2023-03-10 10:07:24,5,False,-2.0,0.0,True,-0.6720542311668396,1.388985276222229
17,1117,"I feel okay at the moment , but I’m fixing to into work . I’m hungry , I need to eat really quick . Hopefully tonight goes well , I am not able to do a lot cause of hurting so bad the last few days . Mentally I am ok I guess . I’m not too stressed at the moment .",2023-03-10 15:12:57,5,False,0.0,1.0,True,0.7286797761917114,0.5008955001831055
17,1118,I was having a good night until someone took the wrong copy of their receipt . I worked for them and had to pay because of tip outs . That completely sucks . I don’t even feel like going this Shìt tonight ! And I get screwed ? Fuck that . I hate this Shìt sometimes .,2023-03-10 20:11:05,5,False,-1.0,1.0,True,-0.4384951889514923,1.0010062456130981
17,1119,"I feel okay this morning , hurting some still . I am working on schoolwork . I have to work this afternoon at 3 : 30 . Hopefully I will make some money , because I sure need it . I am content this morning . I’m not too stressed .",2023-03-11 10:03:54,5,False,1.0,1.0,True,1.0458637475967407,0.14849478006362915
17,1120,"I feel okay I guess , my back is beginning to hurt pretty badly . My shift starts in 29 minutes , so I’m fixing to head to work . I am content , not super happy at the money cause of hurting , but I am good .",2023-03-11 15:01:14,5,False,0.0,1.0,True,1.0153663158416748,0.10637269169092178
17,1121,"I am okay tonight , still hurting , but the night has gone by quickly because I’ve been pretty busy . I do not feel good , but I need the money so   bad . I am still at work , I’m the bathroom stall at the moment filing this out . I am content , not stressed , and calm right now .",2023-03-11 20:05:38,5,False,2.0,0.0,True,1.1898274421691895,0.1726590096950531
17,1122,"I am okay this morning . I am content , tested , not hurting too bad , and I have the day , and tomorrow off from work . Although , I do have schoolwork to do . My other half has to work , so I can concentrate on my school work today , for the most part anyway . I’m not stressed . I am working and making money .",2023-03-12 10:05:11,5,False,2.0,0.0,True,1.5673627853393555,0.14013785123825073
17,1123,"I am hurting bad again , so I am not feeling well . I need to take a test for school , but it’s is timed , 75 minutes . I don’t feel up to that right now .   But I’ll get it done . I’m very tired . But I am content . I am not happy happy , but I am okay . I am off from work , that is one thing . I can relax today , besides doing schoolwork .",2023-03-12 15:01:29,5,False,-2.0,0.0,True,-0.024592433124780655,0.039149850606918335
17,1124,"I am still doing schoolwork , but I have gotten a lot done today I think . I am caught up on everything I need to do and I am a little ahead as of right now . I just took a test and made a 94 . I have a 4 . 0 gpa this semester , so I’d say I am doing well in that aspect . I am content . Not sad , not stressed . I got money coming tomorrow and Wednesday , so that’s good and I’m off tomorrow again . Happy days",2023-03-12 20:01:10,5,False,0.0,1.0,True,1.4879615306854248,0.5508102774620056
17,1125,"I am okay this morning . I am hurting a little , but not too awful bad yet . I got my money from the school , my pell grant , so that’s good . I can post some bills and buy some new work shoes , as they are expensive . This makes me less stressed about money for sure .",2023-03-13 10:06:18,5,False,2.0,0.0,True,0.9973857402801514,0.5435574054718018
17,1126,"I am good . I spent the Afternoon with my daughter , did a little shopping . Got my granddaughters birthday presents and some new work shoes . I needed them , my feet were killing Me at the end of my shift . I am content . I am good . Not stressed . I have a little money , that helps a lot . Plus I’m off today . Yay .",2023-03-13 15:01:00,5,False,2.0,0.0,True,1.6529613733291626,0.3775264024734497
17,1127,"I am content and calm this evening . I have been off today and yesterday from work , so I am rested , until tomorrow anyway . I work a double tomorrow . Not looking forward to that at all . But I an ok right now",2023-03-13 20:09:24,5,False,2.0,0.0,True,1.6683686971664429,0.004301343113183975
17,1128,I am okay . I just got to work so I do not have long to do this . I am okay though . I am in a pretty good mood I guess . Been up since early . I had to take my daughter to work . It’s going to be a good day .,2023-03-14 10:04:19,5,False,2.0,0.0,True,1.1078840494155884,0.6644181609153748
17,1129,"I am okay . I am good . I am in a good mood today . I made a little cash this morning but I’m walking out the door to go to my other job for this evening . Still serving , just a different place .   Anyhow , they are both money . I am having a pet good day",2023-03-14 15:02:45,5,False,1.0,1.0,True,1.5427324771881104,0.7691460251808167
17,1130,"My feet hurt and I’m ready to go home . I spent 150 on non slip shoes that aren’ Are slipping every where . I am really upset about that . I am tired , but I am content . Other than that , I am good . I am ready to go home and go to bed .",2023-03-14 21:28:12,5,False,-2.0,0.0,True,0.225371316075325,0.32951584458351135
17,1131,"I am okay today , kind of hurting some . I just had three teeth fixed that have been broken for a while , so that is a good thing . I work later , not really looking forward to that , but like always I need the money . I am very happy about my teeth being fixed , as it hurt to eat before .",2023-03-15 10:51:53,5,False,1.0,0.0,True,1.0141496658325195,0.5556543469429016
17,1132,"I took my shoes back , after cleaning then really well . They took them back . I figured I would try and it worked , thankfully . I am fixing to leave to go to work . I an okay , I am hurting a little today . Other than that I a good though . Can not wait to get home and see   my man tonight , I am missing him today . I am content , happy , and calm .",2023-03-15 15:05:11,5,False,2.0,0.0,True,1.53728449344635,0.35710424184799194
17,1133,"I am done at work , no more tables at the moment . But we have to stay and clean the floors , what fun for everyone ! I am ready to go home . I’m tired . I have to work all day tomorrow , and that is a lot on me . But I’ll be okay .",2023-03-15 20:12:55,5,False,1.0,0.0,True,0.7677032947540283,1.040245771408081
17,1134,"I am running late this morning . I am on the way to work , but later by about 25 minutes . I had school work to do and had to run somewhere before work . Other than that I am good . I’m content and not stressed this morning . Making okay money again so that helps a lot . I’m just tired a lot between that and school too .",2023-03-16 10:19:30,5,False,2.0,0.0,True,0.8583894371986389,0.28497037291526794
17,1135,"I just got screwed out of $130 that I should   not babe have . That really makes me angry . I can’t drop crying and I’m so mad . I got the night off from work , which is cool . But I’m off tomorrow night as well , and I didn’t think about that . I could’ve worked this evening . I thought I was off next Saturday , but I was wrong . Great Shìt , huh ? lol",2023-03-16 15:22:38,5,False,-2.0,1.0,True,-0.6103590130805969,1.368674874305725
17,1136,"I am okay , now . I sure was bit earlier though . I was so upset . I do not have the money for someone to just charge me for an extra 135 . 00 . I just do not get it . Anyway , I paid most of it and a lot of other stuff today . At least I don’t have to worry with that .",2023-03-16 20:16:38,5,False,2.0,0.0,True,-0.6076222658157349,0.6784570813179016
17,1137,"I content and okay this morning . I feel okay , so that helps a lot . I have to work this evening , but that’s fine too . They gave me the night off last night and I got to keep my grandson . So I got to see him and spend some time with him . That makes me happy , as long as he’s good . lol",2023-03-17 10:03:34,5,False,2.0,0.0,True,1.677344799041748,0.1457017958164215
17,1138,"I am doing fine today . I feel okay . Got most of my bills paid now . I just got to work for   the evening . I hate serving , but I love the money I can make , so I guess it evens out . lol . Anyway , I hope it will be a good night .",2023-03-17 15:23:20,5,False,2.0,0.0,True,1.2780606746673584,0.5441635251045227
17,1139,"I have had one shitty night . It was supposed to be a good night !!! I hate life sometimes and I hate freaking people sometimes !! Sometimes I just feel like I don’t want to do this anymore . Not that I won’t , just feel like that . I’m very sad and angry . I’m calm , but angry .",2023-03-17 20:22:15,5,False,2.0,0.0,True,-1.1299042701721191,1.1854320764541626
17,1099,"I am off today . I feel okay today , so that is good . So far anyway . I have some school work to do , so that is what I am   working on now . Hopefully today will be a good day , especially after the night I had last night . It was a terrible night .",2023-03-18 10:09:09,5,False,0.0,1.0,True,1.0460652112960815,0.8450950980186462
17,1100,"I have waited my whole day . Sleeping on and off . I am just so tired . Exhausted is more like it . Other than that , I am good today . It’s my day off today . I am feeling good and I am okay . Have a great day whomever is ? this vv",2023-03-18 15:01:19,5,False,-2.0,0.0,True,0.01807672157883644,0.3915446996688843
17,1101,"I have been so tired all day today . I have slept most of the day away . I haven’t gotten much school work done today and I needed to . I’ll have to get up early in morning and get done fine before work . Other than that I’m good . I’m not hurting too Bad today , so that is good .",2023-03-18 20:09:17,5,False,-2.0,0.0,True,0.05481891706585884,0.26984474062919617
17,1102,"I am okay right now , but I do have to work tonight . I have a lot of schoolwork to do , I should’ve done more yesterday , now I’m going to get behind or have a lot to do over the next few days . To top it off I read the wrong chapter in one class , so now I have to do that again . On top of working tonight . Uggghh . I’m content , quiet , calm at the moment .",2023-03-19 10:50:16,5,False,0.0,0.0,True,1.306352972984314,0.05371706932783127
17,1103,"I am tired and don’t feel very good . I wish I didn’t have to with this evening . But I have to leave in like 10 minutes to head that way . I need the money , so I’ll go . We have bills to pay . Just life I guess . I’m just tired .",2023-03-19 15:01:28,5,False,-2.0,0.0,True,-1.364052176475525,0.07803985476493835
17,1104,"I am at work , trying to close down for the night . It was slow , but I still made 100 . Fortunately . One table even stiffed me tonight . That sucked . Other than that I’m okay , content and calm . I am fixing to go home , so that makes me happy . Yaaay",2023-03-19 20:40:18,5,False,2.0,0.0,True,1.1989099979400635,0.15553095936775208
17,1105,"I am okay , content , calm , quiet . I am home alone , doing school work . I have all day with the exception of a mandatory meeting at work at 4 today , other than that I can concentrate on my schoolwork and get a lot done today . I feel okay today , so far anyway . I’m not stressed , not yet anyway lol .",2023-03-20 10:03:55,5,False,0.0,0.0,True,1.7063041925430298,-0.028234168887138367
17,1106,"I am okay . I’ve been working on schoolwork all morning . But I have to leave soon to go to a 4 : 00 mandatory meeting at work . They are rolling out a new menu . At least we get to eat . For free . So we can try everything new if we like . That will be good at least . My back is hurting a little , but I’m okay mainly .",2023-03-20 15:02:37,5,False,0.0,1.0,True,0.5795566439628601,0.35575228929519653
17,1107,"I do not feel good . My back and legs are hurting . I just fell asleep because I was waiting on them to stop while laying down . It sucks , bad . But I will be okay , when am I not ?? I’m very quiet today . Very claim . Just tired .",2023-03-20 20:52:35,5,False,-2.0,0.0,True,-1.5845178365707397,0.009500615298748016
17,1108,"I just got to work . I hate working here two mornings a week . I like my evening job much better . But this is cash and the other is every two week . Anyway I’m ok , hurting a Little . I’m content . I’m calm . I’m quiet . Ready to get this over with",2023-03-21 10:01:07,5,False,0.0,1.0,True,1.2636239528656006,-0.010640084743499756
17,1109,"Hi to whoever is reading this . I can never think of anything so I just tell you how I am feeling . I am   okay . I feel okay . Hurting some , but mainly I’m okay . My bills are mainly paid , so I’m not stressing that at the moment . I don’t have a lot of money , but everything that needed to get paid is paid . That’s a good thing .",2023-03-21 15:00:59,5,False,1.0,1.0,True,0.714318573474884,0.4736007750034332
17,1110,"Having a pretty good night so far . Started out hurting really bad , but that’s eased up some now . I do feel better , probably walked it off . I am ready to go home though . I’m tired . I am content , calm . A bit lively tonight . Have a great evening !!",2023-03-21 20:05:18,5,False,1.0,2.0,True,1.096406102180481,0.15905433893203735
17,1111,"You need more choices in how we feel , like aggravated being one ! I am so aggravated with my school work at the moment . Other than that I am okay I guess . I feel okay . Just trying to figure out an assignment for school and I don’t know what to do for it at all .",2023-03-22 10:09:22,5,False,-1.0,1.0,True,0.6206333041191101,1.1027430295944214
17,1112,"I am getting ready to leave to go to work . They just put in the app that 2 could have the night off , I wanted to reply so bad , but I need the money on my check and need it period . I have bills coming up . I am okay right now . Had a pretty good day so far . I got to see my daughter for a little bit , that’s always a good thing . Have a good day !!",2023-03-22 15:01:46,5,False,0.0,1.0,True,0.9827991724014282,1.086381196975708
17,1113,"I just got done eating . I was supposed to work but it was really slow so I went home . Trying to work on schoolwork . I am I little tired , but I guess I am okay other than that . I do wish I has more energy .",2023-03-22 20:06:56,5,False,0.0,1.0,True,-0.5895269513130188,0.7318432331085205
17,1114,"I am pretty good this morning . I just got to work and I was late . I fell back to sleep , I did not mean to . I would not have come if I did not need the money . I do not like this place . But I am only here 2 days a week . So I will deal right now . Hello by the way !",2023-03-23 10:26:09,5,False,2.0,0.0,True,0.29214736819267273,0.8489946722984314
17,1155,"I just woke up . I feel ok . I have to work today . I am content , not really happy because I   just opened my eyes . I have about gotten my bills all caught up , so I’m not stressed out . I work in a few hours . From 1 : 00 until I get cut tonight . Not looking forward to that .",2023-06-25 10:45:16,6,False,1.0,0.0,True,1.0374789237976074,0.010483279824256897
17,1156,"I’m okay , pretty content/happy . I’m at   work , just happen to be on   break at the moment . I’m fixing to go back in though . I only had one table when I got there , then went on break . lol . What a waste of time ! That aggravated me ,   but it is what it is . I’m okay besides that , I feel okay today .",2023-06-25 15:00:53,6,False,1.0,1.0,True,1.7314677238464355,0.3103925883769989
17,1157,"I feel bad right now . My stomach starting hurting really bad at work and I had to leave early . Thankfully they let me . They are good about that . I am content and calm , other than that . I’m not really stressed about money right now .",2023-06-25 20:06:59,6,False,0.0,1.0,True,0.49720335006713867,0.15531572699546814
17,1158,"I am up and alive ! I’m content and calm . I have the day off today , so I’m running some errands . I feel okay right now , so that’s good . I can relax today , no work . I go back to work tomorrow evening . That’s ok though , because I like the people I work with .",2023-06-26 10:07:11,6,False,2.0,0.0,True,1.7705868482589722,0.1621307134628296
17,1159,"I am okay . I guess I feel okay , so that should mean I’m okay , right ? I’m not stressed about money . I am stressed about 2 of my grown children though . They have some health issues going on , and I can’t help but to worry about them . Other than that , I’m okay .",2023-06-26 15:15:31,6,False,-1.0,0.0,True,1.1198937892913818,0.5097236037254333
17,1160,"I do not feel the best tonight , I hate feeling bad . My legs hurt so bad . I absolutely HATE feeling like this . I guess I am stressed about my kids , their health , 2 of them anyway . I wish I was rich and could god what I could for them , but I barely scape by myself .",2023-06-26 20:04:15,6,False,-1.0,0.0,True,-0.940814197063446,0.9382937550544739
17,1161,"I just had to pull my account Negative to post something my step daughter told me was paid already . So   I am stressed out about that . My stomach hurts . I don’t feel good right now . I am so sick of Shìt happening with my bills ! Last month we lost our Internet provider babies they said we were paying with faulty cards , that we didn’t own . We’ve only paid it with one card the whole time . It’s just ridiculous .",2023-06-27 10:04:34,6,False,-1.0,1.0,True,-1.2822656631469727,1.1561954021453857
17,1162,"I am very tired today . I did not sleep well last night . Not I’m on the way to work , tired as hell . My stomach is hurting , o tried to get out of work , no such luck . Maybe it will be a good night anyway .",2023-06-27 15:06:40,6,False,-1.0,0.0,True,-1.1206189393997192,0.13038724660873413
17,1163,"I am at work . I feel okay , just really tired today . I did not sleep well last night . I’m worried about 2 out of 5 of my children , their health . That doesn’t help me sleep well . I feel okay other than that I guess . I am ready to go home .",2023-06-27 20:23:49,6,False,1.0,0.0,True,-0.17556139826774597,0.42850515246391296
17,1164,"I am okay . I feel okay . Just tired . I have to work this evening , so I have the day off until 3 : 30 anyways . I get so tired of working , but you need money so what can you do ? But I get bored as hell not working too , so again , what can you do ?",2023-06-28 10:01:07,6,False,0.0,0.0,True,0.25862833857536316,0.21726086735725403
17,1165,"I am on the way to work . I am running late . Because I am hungry . My stomach is hurting because I’m so hungry , so I just had to get something . I am okay today , not feeling too bad I guess , and that always helps .",2023-06-28 15:21:53,6,False,1.0,0.0,True,-0.21371732652187347,1.331978440284729
17,1166,"I feel okay . I’m still at work . It’s been pretty slow , which definitely affects my money . I’m not hitting right now , so that’s a plus . I am ready to go home though . I’m really tired . About ready for bed , lol .",2023-06-28 20:19:43,6,False,2.0,0.0,True,0.7664583921432495,0.5480115413665771
17,1167,"I woke up late . Had to be at work at 11 , and woke up see 10 : 30 . I told you yesterday how tired I was . And I hate Thursdays . They are so slow at work . I need the money , so hopefully it’ll be busy . It if   nice out . I feel okay besides being tired .",2023-06-29 10:55:17,6,False,-1.0,0.0,True,-1.2134476900100708,0.05255497992038727
17,1168,"I slept in , not on purpose , by accident , but I feel so much better today ! I’m not nearly as tired ! I am at work . Today has been okay . I’m not hurting yet today , so that’s   a good thing . Work has been okay today .",2023-06-29 15:01:46,6,False,1.0,2.0,True,0.6866137385368347,0.7142835855484009
17,1169,"I have had a good day . I haven’t been hurting too awfully bad . Work has been okay . The best part is I have felt okay , I am still tired , but not like I was . Thankfully . I am fixing to get off work , but I still have one table left at the moment . I am waiting on them to get done .",2023-06-29 20:13:17,6,False,1.0,2.0,True,1.0889133214950562,0.7718930840492249
17,1170,"My stomach is hurting this morning . Not feeling the best . But I have not been up long , so we will see how the day goes . My back and legs are hurting today . Maybe it’ll go away . I’m not too stressed at the moment . But that may come later . I don’t know . I’m getting too old to serve !!",2023-06-30 10:22:07,6,False,-1.0,0.0,True,-0.8761516213417053,0.6404985189437866
17,1171,"I’m at work , in the bathroom . I don’t have long . I have two tables and I’m waiting in drinks . I feel ok , although I didn’t this morning . I felt really bad . Thankfully I feel better now . I’m not too stressed , so that’sgood .",2023-06-30 16:06:17,6,False,1.0,2.0,True,0.24725158512592316,0.9981055855751038
17,1172,"I at work and my umph is wearing down . My energy is depleting . We still have 50 minutes until close , then side work , side work , side work !! I still feel okay , I’m just tired . Ready   to go home . Just to do it all day tomorrow .",2023-06-30 20:10:01,6,False,-1.0,0.0,True,0.06433799862861633,1.0423572063446045
17,1173,"Hi ! I just got out the shower , trying to get ready for work . I don’t feel the Need , but not the worst other . I guess I’m okay right now . I do not really want to work though , but I need the money so I go , every day but one day a week . I get tired , I’m almost 50 now . But you got to do what you got to do , right ? I’m not stressed at the moment .",2023-07-01 10:01:47,6,False,0.0,1.0,True,0.7756806015968323,0.9968859553337097
17,1174,"I am okay today . A little tired , and hurting a little , but I’m okay . I’m at work . Had to go to the bathroom . I’m still worried about my kids , but other than that I’m okay . Money is ok right now , bills are paid anyway .",2023-07-01 15:07:58,6,False,1.0,2.0,True,0.5292844772338867,0.3740078806877136
17,1175,"I just got off work . I am very tired . I am on the way home now , thankfully . My feet hurt really bad . Other than that , I am okay . Still worried about my kids , not so much money at the moment . I will be glad you get home .",2023-07-01 20:57:02,6,False,-1.0,0.0,True,0.39600425958633423,0.6732965111732483
17,1176,"I am okay right now . I am still laying in bed at the moment , but I’ve been up and down for the last two hours . I am not hurting too bad at the moment . I have work in two   hours . Hopefully it’s busy , so I can make some money .",2023-07-02 10:00:56,6,False,0.0,1.0,True,0.5910544395446777,0.344049334526062
17,1177,"I am very tired . My feet hurt really bad , so do my legs and I have a few hours left at work still . That sucks . I went in at 12 , not in on break . I am Tim to grab some food really quick . I do not feel very good today . I really don’t at all .",2023-07-02 15:07:19,6,False,-1.0,0.0,True,-1.619034767150879,0.18260574340820312
17,1178,"I am on   the way home . I just got off work . I an do very tired . My head hurts from getting so hot . It is thumping right now . I will be glad to get home and just sit for a while . I an off tomorrow , thankfully .",2023-07-02 20:07:51,6,False,-2.0,0.0,True,-0.3053855001926422,0.9077342748641968
17,1179,"Good morning . I feel okay this morning , so far . Today is my day off . I plan on going to get my grandson , my daughter , and we are going to my friends house to go to the pool for a bit . It should be fun . I do not ever do anything , so hopefully I’ll continue to feel ok .",2023-07-03 10:03:21,6,False,1.0,2.0,True,1.227655291557312,0.8538811206817627
17,1180,"I did not end up going to the pool today with my grandson . I went and bought a bunch of stuff to take him and they would not let me . That was very disappointing for me , it upset me quite   badly . I guess that is life , he is not my child . I goes they do not trust me . I do not know . Anyway , I am tired today , but it’s my day off .",2023-07-03 15:00:54,6,False,0.0,2.0,True,-1.0119965076446533,0.8345093131065369
17,1181,"I have emailed y’all , with no reply . I am not going to continue to do this with no pay . I haven’t gotten any compensation yet , and I have by now usually . Please check into this . Other than that I’m fine .",2023-07-03 20:00:57,6,False,0.0,1.0,True,0.053981225937604904,0.9617540240287781
17,1140,"I have not been up long . I do not feel the best . My stomach is hurting today . I just got out of the shower . Getting ready for work . You need to check into my payment , I haven’t got one yet . Please check into that for me . It’s beginning to stress me out .",2023-07-04 10:01:58,6,False,-1.0,0.0,True,-1.3037582635879517,0.6019923090934753
17,1141,"I am okay today . I am on break , I am   fixing to head back to work to finish out my shift . Why haven’ti gotten paid yet ??? That’s PERSON to stress   me out bad . I try so hard to do these for y’all and not miss one , but I’m not being compensated at all this time . Other than that , I am good today . Thank you",2023-07-04 15:06:47,6,False,0.0,1.0,True,1.3639748096466064,0.7487558722496033
17,1142,"Hello ! I want my money for doing this ! I have emailed y’all , no reply . I’ve put messages in here , no nothing . I need the money , that’s why I do this . I feel like Shìt . I’m hurting like hell . Go to hell",2023-07-04 21:49:44,6,False,-1.0,0.0,True,-0.6175123453140259,1.4887107610702515
17,1143,"Hello ! I feel like Shìt . That’s my honest answer in how I feel right now . They put me upstairs last night , and my hip is killing my this morning . It’s hard to walk . I work at 3 : 30 again today . Hopefully I’m not updated again ! I’m not really stressing , just hoping my check comes through today like it usually does , I’m not sure cause yesterday was a holiday . I need to post my rent today .",2023-07-05 10:03:43,6,False,-2.0,0.0,True,-0.43788254261016846,1.0837304592132568
17,1144,"I am still hurting . My hip , from climbing the stairs over and over again last night . It feels somewhat better , but it is still hurting . I am worried I won’t get my check in time to pay my rent in time . Which is today . Hopefully it comes through this evening where I can jump online and post it .",2023-07-05 15:02:15,6,False,-2.0,0.0,True,-1.127610445022583,0.665753960609436
17,1145,"I feel a lot better this evening than I did this morning . My hip isn’t hurting like it was , that’s for sure . I got my rent paid , I was also worried about that being on time . Thankfully it was . I hope . I am tired , but I do not work until 3 : 30 tomorrow evening yaaay .",2023-07-05 22:19:10,6,False,0.0,0.0,True,-0.17406700551509857,0.5595528483390808
17,1146,"Hello . I still have not received any compensation for doing this . It is really starting to bother me , why am I doing this ?????\ nI feel okay , I’m just really tired . I’m so tired of being tired . And not feeling good . Is this all that getting older is ? Not feeling good ? Of course if I’m honest , I can’t remember the last time I did feel good .",2023-07-06 10:03:41,6,False,-1.0,0.0,True,-0.2080589085817337,0.6438840627670288
17,1147,"I am tired . I am also tired of feeling bad all the time . I am always tired , of course I’m not 20 anymore so I assume that has something to do with it . lol . I just get tired of feeling like this . Other than that , I hired I’m okay .",2023-07-06 15:22:26,6,False,-1.0,0.0,True,-0.8913798332214355,0.07253455370664597
17,1148,"I am at work , I have an hour left to go , then sidework . Yay ! Not ! We have to scrub the floors tonight , so we will be here even later . I hate scrubbing the floors ! It sucks . My hip is feeling some better , thankfully . I could barely walk the other night",2023-07-06 20:06:03,6,False,1.0,0.0,True,-0.1638190895318985,1.417290449142456
17,1149,"I finally got my money for doing these !! Thank you ! I am feeling ok this morning . I do not work until 3 : 30 , but I have to go get my daughter at 12 , then do some running around before then . I’m not really stressing about anything today . I’m not hurting , yet , so that’sa good thing .",2023-07-07 10:00:40,6,False,1.0,1.0,True,0.9058687090873718,0.7413070201873779
17,1150,"I’m starting to feel really tired and my legs are beginning to hurt .   My legs have hurt since I was a little girl . I don’t know why , but I hate it . It sucks bad . I’m not too stressed about anything . Although I would love not to go to work this evening .",2023-07-07 15:02:37,6,False,-1.0,0.0,True,-0.9904401302337646,0.6666134595870972
17,1151,I got off work early cause I was not feeling good . I’m so tired . And don’t feel very good today . I think I feel better tonight than I did this morning though . I was dragging around 3 : 00 . I am not stressed out . I’m okay in that department .,2023-07-07 20:01:30,6,False,-1.0,0.0,True,-0.7754125595092773,0.25558388233184814
17,1152,"I am feeling okay this morning I guess . I have to work at 12 , so I am fixing to get ready . I have to work until close , but hopefully it’ll be good money . Hopefully I stay feeling okay as well . I hate feeling bad . I’m not stressed at the moment , I am okay I’m that department .",2023-07-08 10:49:42,6,False,0.0,1.0,True,1.123658299446106,0.586557924747467
17,1153,"I am on break . I have to go back in just a few minutes . We only get 30-45 minutes break . I have just enough time to come home , sit for a few   and go back . I feel okay today . My hip is hurting some , but not too awful bad today . I’m not too stressed . Have a great day !!",2023-07-08 15:10:25,6,False,1.0,0.0,True,0.6947526335716248,1.0504473447799683
17,1154,"I am at work . I am cut , but still have tables . I am tired . But overall it’s been a price good day . My legs are beginning to ache some . I am ready to go home , but my tables and sidework . Have a great night !!!",2023-07-08 20:48:33,6,False,0.0,0.0,True,0.3097492754459381,1.1467504501342773
18,1302,"Happy , Cheerful , Lucky , Inspired , Calm",2022-05-07 15:00:00,3,True,2.0,1.0,True,1.5501046180725098,1.1609585285186768
18,1303,"Content , Calm , At ease , Accepting , Excited",2022-05-08 12:20:00,3,True,1.0,0.0,True,1.9639455080032349,0.06997378915548325
18,1304,"Calm , Content , Happy , Guilty , At peace",2022-05-08 16:34:00,3,True,1.0,0.0,True,1.7087531089782715,0.1794145107269287
18,1286,"Content , Excited , Productive , Calm , At ease",2022-05-09 20:01:00,3,True,2.0,1.0,True,1.957971453666687,0.3461494445800781
18,1287,"Content , At peace , Happy , Excited , Pleasant",2022-05-10 22:14:00,3,True,2.0,0.0,True,1.942448377609253,0.3209429979324341
18,1288,"Calm , Excited , Happy , Optimistic , Content",2022-05-12 17:44:00,3,True,2.0,0.0,True,1.5679218769073486,0.7943872809410095
18,1289,"Excited , Happy , Content , Stoked , Elated",2022-05-13 12:16:00,3,True,2.0,2.0,True,1.7184112071990967,1.1129355430603027
18,1290,"Happy , Calm , Excited , Content , Pumped",2022-05-13 17:37:00,3,True,2.0,1.0,True,1.67017662525177,0.921143114566803
18,1291,"Happy , Excited , Loved , Calm , Content",2022-05-13 20:00:00,3,True,2.0,1.0,True,1.8408626317977905,0.7541643977165222
19,1313,"Awake , Busy , Annoyed , Overwhelmed , Aggravated",2021-06-15 12:02:00,1,True,0.0,2.0,True,0.5967445969581604,1.6494451761245728
19,1314,"Busy , Annoyed , Too much to do , Not enough time , Tired",2021-06-16 13:05:21,1,True,0.0,1.0,True,0.232766792178154,1.44971764087677
19,1315,"Overworked , Underpaid , Stressed out , Hungry , Thirsty",2021-06-17 12:08:12,1,True,0.0,1.0,True,-0.006145905703306198,1.3171496391296387
19,1316,"Hungover , Tired , Achy , Hot , Hungry",2021-06-18 12:03:18,1,True,-2.0,0.0,True,-1.3970630168914795,0.2900373637676239
20,1319,"Anxiety , Happy , Tired , Rested , Happy",2021-06-16 21:19:29,1,True,1.0,1.0,True,-0.020342890173196793,1.3122183084487915
20,1320,"Happy , Tired , Full filled",2021-06-17 22:00:20,1,True,1.0,1.0,True,1.2133868932724,0.8125670552253723
23,1348,I have felt pretty good . I did have to work last night but after two days off it was easier to get through it and it was a little busy . I was also able to hang out with a coworker so it helped me cut some of the stress away .,2021-05-16 14:15:31,1,False,1.0,1.0,True,0.8953736424446106,0.8290320634841919
23,1336,Good day off with the family . It makes it easier to relax when I can spend time with my kids instead of stressing about what’s going on at home . But it’s been a good day until I have to go back later to work fir the next 6 days .,2021-05-17 12:03:46,1,False,2.0,1.0,True,1.4390708208084106,0.5189344882965088
23,1337,"Again just work , I have a bunch of projects I’m doing at home right now so it’s tiering to work 10hrs and drive 2 hours , get up in the am and work on the house . Motivation is a big problem , especially in my advanced age , I sometimes need a day to relax .",2021-05-18 21:57:01,1,False,-1.0,0.0,True,0.5048585534095764,1.0680657625198364
23,1338,"Tired , mostly just then end of the work week and I need to get through one more day . It gets tougher and tough to be customer facing all the time and pretend that you “care” when realistically we just want to make money . At work I just kinda shutdown , the same questions over and over again , you can only tell 10 people in a night that there is still food being cooked at 6 pm when the bar is full of people eating food .",2021-05-20 14:05:12,1,False,0.0,1.0,True,-1.2653796672821045,0.18589651584625244
23,1339,"Got through work last night ok because I have a few days off , but it makes it easier to know I don’t have to travel to and from work for a few days . Again it’s just been tough to get through the days when you work 6 days in a row with one day off in between .",2021-05-21 15:57:51,1,False,1.0,1.0,True,0.47921615839004517,0.8701928853988647
23,1340,"You know sleep is super important , when I get time off , I usually go to bed by 11 or 12 and the kids get me up by 7-8am . I feel a lot better today than I did yesterday just because of a good night sleep and not having to stress about going to work .",2021-05-22 16:08:37,1,False,1.0,1.0,True,0.04910719022154808,0.24540868401527405
24,1415,"Tired , Sneezy , Grumpy , Hopeful , Sore",2021-06-12 12:06:08,1,True,0.0,1.0,True,-0.523776650428772,0.5137690305709839
24,1416,"Tired , Grumpy , Hot , Gross , Groggy",2021-06-12 17:13:01,1,True,0.0,1.0,True,-0.7100832462310791,0.4805222153663635
24,1417,"Tired , Hot , Lethergic , Calm , Grumpy",2021-06-13 12:50:55,1,True,2.0,0.0,True,-0.04902755469083786,0.5200811624526978
24,1418,"Stressed , Tired , Hot , Hungry , Headachy",2021-06-13 17:49:45,1,True,1.0,0.0,True,-0.05918404459953308,0.9800826907157898
25,1490,"I am a heart person . Trust me I feel every emotion and sometimes for no reason . If I have a feeling inside me , I let it out , and I be ready for whatever consequences or results that feeling will bring .",2021-06-11 17:59:23,1,False,2.0,1.0,True,0.43504735827445984,1.265457034111023
25,1491,I’M LOOKING FORWARD TO THE END OF THE PANDEMIC .   I HOPE TO SEE ALL MY FRIENDS AND GO OUT DRINKING AGAIN .   BETTER WITH FRIENDS THAN DRINKING ALONE .   THIS PANDEMIC HAS MADE ME REALIZE HOD FRIENDS AND FAMILY ARE REALLY IMPORTANT .,2021-06-11 22:09:58,1,False,2.0,0.0,True,0.6004936695098877,1.3629173040390015
33,2209,"Sleepy , Tired , Sluggish , Neutral , Quite",2022-09-07 20:19:14,4,True,0.0,0.0,True,-1.3230992555618286,0.040920745581388474
33,2210,"Sleepy , Tired , Sluggish , Content , Quite",2022-09-08 11:12:01,4,True,-1.0,0.0,True,-1.2819923162460327,-0.07090888917446136
33,2211,"In pain , Jittery , Tired , Fatigued , Sleepy",2022-09-08 15:09:29,4,True,-2.0,2.0,True,-1.4304066896438599,1.0789499282836914
33,2212,"Tired , Sleepy , Irritated , Fatigued , Quite",2022-09-08 20:00:56,4,True,-2.0,0.0,True,-1.4341483116149902,0.07335154712200165
33,2213,"Sluggish , Tired , Fatigued , Sleepy , Annoyed",2022-09-09 10:09:37,4,True,-1.0,0.0,True,-1.8583221435546875,-0.12527740001678467
33,2214,"Irritated , Mad , Angry , Tired , Sleepy",2022-09-09 15:40:23,4,True,-2.0,0.0,True,-0.5515097379684448,1.4507460594177246
33,2215,"Sluggish , Tired , Sleepy , Irritated , Mad",2022-09-09 20:10:50,4,True,-1.0,0.0,True,-1.8055548667907715,-0.07736220210790634
33,2176,"Quite , Sleepy , Sluggish , Content , Calm",2022-09-10 10:10:09,4,True,2.0,0.0,True,-0.3594187796115875,0.08199723809957504
33,2177,"Quiet , Content , Calm , Neutral , Sleepy",2022-09-10 15:00:50,4,True,0.0,0.0,True,0.450821191072464,0.4024621546268463
33,2178,"Quiet , Content , Calm , Excited , Happy",2022-09-10 20:45:14,4,True,0.0,0.0,True,1.4394800662994385,0.12949222326278687
33,2179,"Neutral , Content , Quiet , Sleepy , Emotional",2022-09-11 10:48:19,4,True,0.0,1.0,True,0.18746425211429596,0.9927679896354675
33,2180,"Sleepy , Tired , Fatigued , In pain , Emotional",2022-09-11 15:00:50,4,True,-1.0,0.0,True,-1.694061517715454,0.006294397637248039
33,2181,"Tired , Emotional , Sleepy , Content , Annoyed",2022-09-11 20:31:29,4,True,-2.0,0.0,True,-0.5486775040626526,0.3710579574108124
33,2182,"Annoyed , Mad , Irritated , Sleepy , Tired",2022-09-12 10:35:05,4,True,-2.0,0.0,True,-0.5302823781967163,1.4461374282836914
33,2183,"Annoyed , Mad , Irritated , Sluggish , Sleepy",2022-09-12 15:22:45,4,True,-2.0,0.0,True,-0.7364981174468994,1.3113242387771606
33,2184,"Tired , Sleepy , Irritated , Annoyed , Mad",2022-09-12 20:16:55,4,True,-2.0,0.0,True,-0.8278142809867859,0.4091408848762512
33,2185,"Sleepy , Tired , Annoyed , Irritated , Quiet",2022-09-13 10:32:43,4,True,0.0,1.0,True,-0.9523635506629944,0.27042773365974426
33,2186,"Sleepy , Tired , Quiet , Irritated , Annoyed",2022-09-13 15:39:33,4,True,-2.0,0.0,True,-1.0889720916748047,0.1587190330028534
33,2187,"Sleepy , Quiet , Exhausted , Irritated , Annoyed",2022-09-13 20:01:50,4,True,-2.0,0.0,True,-1.363993525505066,0.0350310355424881
33,2188,"Tired , Sleepy , Sluggish , Quiet , Restless",2022-09-14 10:02:25,4,True,-1.0,0.0,True,-1.5713143348693848,-0.05828604847192764
33,2189,"Sleepy , Tired , Sluggish , Irritated , Annoyed",2022-09-14 15:00:33,4,True,-2.0,0.0,True,-1.428515076637268,0.022457018494606018
33,2190,"Sleepy , Tired , Mad , Annoyed , Exhausted",2022-09-14 21:48:03,4,True,-2.0,0.0,True,-1.4928150177001953,0.11452765017747879
33,2191,"Quiet , Sleepy , Tired , Neutral , Anxious",2022-09-15 10:03:38,4,True,0.0,1.0,True,-0.5792949199676514,0.36605924367904663
33,2192,"Sleepy , Tired , Irritated , Annoyed , Anxious",2022-09-15 15:02:36,4,True,-1.0,0.0,True,-1.107704758644104,0.3588128983974457
33,2233,"Anxious , Sleepy , Tired , Annoyed , Overwhelmed",2023-03-11 20:07:21,5,True,0.0,1.0,True,-1.138136625289917,1.1967967748641968
33,2234,"Sluggish , Tired , Anxious , Jittery , Sleepy",2023-03-12 12:24:44,5,True,-2.0,0.0,True,-1.8330637216567993,0.1901439130306244
33,2235,"Sluggish , Tired , Content , Nervous , Anxious",2023-03-12 16:00:11,5,True,-1.0,0.0,True,-1.7605035305023193,0.034758441150188446
33,2236,"Tired , Sluggish , Anxious , Sleepy , Sad",2023-03-12 20:02:53,5,True,-1.0,0.0,True,-1.5403774976730347,0.1826910376548767
33,2237,"Sluggish , Tired , Sleepy , Annoyed , Anxious",2023-03-13 10:21:17,5,True,-2.0,0.0,True,-1.812420129776001,-0.06704898923635483
33,2238,"Tired , Sluggish , Sleepy , Anxious , Annoyed",2023-03-13 15:01:26,5,True,-2.0,0.0,True,-1.603808045387268,0.058378107845783234
33,2239,"Sluggish , Tired , Sleepy , Annoyed , Mad",2023-03-14 10:02:45,5,True,-2.0,0.0,True,-1.7764790058135986,-0.07987449318170547
33,2240,"Tired , Annoyed , Sluggish , Sleepy , Anxious",2023-03-14 15:01:40,5,True,-2.0,0.0,True,-1.2023088932037354,0.36902061104774475
33,2241,"Tired , Sluggish , Sleepy , Content , Neutral",2023-03-14 20:01:01,5,True,-2.0,0.0,True,-1.029280662536621,0.20100393891334534
33,2242,"Tired , Sleepy , Sluggish , Annoyed , Mad",2023-03-15 10:50:39,5,True,-2.0,0.0,True,-1.3371340036392212,0.05257440358400345
33,2243,"Sleepy , Tired , Anxious , Calm , Quite",2023-03-15 15:44:30,5,True,0.0,1.0,True,-1.0986162424087524,0.2049669623374939
33,2244,"Quiet , Tired , Sleepy , Anxious , Annoyed",2023-03-15 20:01:23,5,True,0.0,0.0,True,-0.8366689085960388,0.2694343626499176
33,2245,"Sleepy , Angry , Annoyed , Anxious , Jittery",2023-03-16 10:01:16,5,True,-1.0,0.0,True,-1.0421762466430664,1.162290096282959
33,2246,"Sluggish , Tired , Angry , Annoyed , Mad",2023-03-16 15:01:26,5,True,-2.0,0.0,True,-1.8025845289230347,-0.006847543641924858
33,2247,"Tired , Sluggish , Aggravated , Mad , Annoyed",2023-03-16 20:02:45,5,True,-2.0,0.0,True,-1.4640851020812988,0.12231890112161636
33,2248,"Sleepy , Tired , Anxious , Jittery , Quiet",2023-03-17 10:01:19,5,True,0.0,0.0,True,-1.2856829166412354,0.5220324993133545
33,2249,"Quiet , Sleepy , Tired , Calm , Neutral",2023-03-17 16:34:53,5,True,0.0,1.0,True,-0.39137864112854004,0.32826319336891174
33,2250,"Quiet , Anxious , Annoyed , Mad , Sleepy",2023-03-17 20:08:31,5,True,0.0,1.0,True,-0.4735511839389801,0.9866456985473633
33,2251,"Tired , Sleepy , Sluggish , Anxious , Sad",2023-03-18 10:49:12,5,True,-2.0,0.0,True,-1.4557052850723267,0.1455412209033966
33,2252,"Tired , Sleepy , Sad , Anxious , Annoyed",2023-03-18 15:06:00,5,True,-1.0,1.0,True,-1.1103402376174927,0.3864639401435852
33,2253,"Tired , Sluggish , Sleepy , Annoyed , Anxious",2023-03-18 21:11:42,5,True,-2.0,0.0,True,-1.5695375204086304,0.04017839580774307
33,2254,"Tired , Sluggish , Sleepy , Angry , Annoyed",2023-03-19 10:48:49,5,True,-2.0,0.0,True,-1.5607974529266357,-0.005419224500656128
33,2255,"Sleepy , Tired , Anxious , Annoyed , Mad",2023-03-19 15:14:57,5,True,0.0,1.0,True,-1.0823396444320679,0.4328535199165344
33,2256,"Tired , Anxious , Sleepy , Jittery , Angry",2023-03-19 20:01:16,5,True,-2.0,0.0,True,-1.028228998184204,1.093398928642273
33,2216,"Tired , Sluggish , Anxious , Sleepy , Annoyed",2023-03-20 10:16:56,5,True,-2.0,0.0,True,-1.6110817193984985,0.09270741790533066
33,2217,"Sleepy , Annoyed , Tired , Mad , anxious",2023-03-20 15:01:45,5,True,0.0,1.0,True,-0.9616566300392151,0.5311322808265686
33,2218,"Tired , Sleepy , Quiet , Content , Calm",2023-03-20 22:58:44,5,True,0.0,0.0,True,-0.6365715861320496,0.046477310359478
33,2219,"Sleepy , Tired , Annoyed , Mad , Angry",2023-03-21 10:05:51,5,True,-2.0,0.0,True,-0.9210493564605713,0.4041053056716919
33,2220,"Tired , Sleepy , Annoyed , Mad , Anxious",2023-03-21 15:22:30,5,True,-1.0,1.0,True,-0.9077778458595276,0.3834192752838135
33,2221,"Tired , Sluggish , Anxious , Annoyed , Jittery",2023-03-21 20:28:25,5,True,-2.0,0.0,True,-1.3403277397155762,0.5646783113479614
33,2222,"Mad , Annoyed , Anxious , Tired , Sleepy",2023-03-22 10:01:19,5,True,-2.0,0.0,True,-0.5688341856002808,1.4799258708953857
33,2223,"Annoyed , Sluggish , Tired , Sleepy , Anxious",2023-03-22 15:01:07,5,True,-2.0,0.0,True,-1.3604912757873535,0.5275370478630066
33,2224,"Annoyed , Mad , Anxious , Tired , Sleepy",2023-03-22 20:01:03,5,True,-2.0,0.0,True,-0.5521960258483887,1.5091445446014404
33,2225,"Annoyed , Mad , Sleepy , Tired , Sluggish",2023-03-23 10:31:45,5,True,-1.0,0.0,True,-0.7141597867012024,1.038413405418396
33,2226,"Tired , Sluggish , Annoyed , Mad , Angry",2023-03-23 15:00:53,5,True,-2.0,0.0,True,-1.4065309762954712,0.16974279284477234
33,2227,"Sluggish , Tired , Sleepy , Annoyed , Mad",2023-03-23 20:00:41,5,True,-2.0,0.0,True,-1.7764790058135986,-0.07987449318170547
33,2228,"Sluggish , Tired , Sleepy , Anxious , Jittery",2023-03-24 10:08:30,5,True,-2.0,0.0,True,-1.822605848312378,0.17425361275672913
33,2229,"Sleepy , Tired , Anxious , Jittery , Nervous",2023-03-24 15:00:54,5,True,-2.0,0.0,True,-1.315995693206787,0.6986907124519348
33,2230,"Annoyed , Anxious , Jittery , Tired , Sluggish",2023-03-24 20:02:24,5,True,-2.0,0.0,True,-1.0629912614822388,1.589007019996643
33,2231,"Anxious , Jittery , Nervous , Sluggish , Tired",2023-03-25 10:04:17,5,True,0.0,1.0,True,-1.1295686960220337,1.764093041419983
33,2232,"Sluggish , Tired , Jittery , Sleepy , Annoyed",2023-03-25 15:44:35,5,True,-2.0,0.0,True,-1.8339899778366089,0.030911404639482498
33,2272,"Tired , Sluggish , Sleepy , Anxious , Sad",2023-06-29 10:15:01,6,True,0.0,1.0,True,-1.5581876039505005,0.12263701111078262
33,2273,"Sluggish , Tired , Anxious , Sad , Down",2023-06-29 15:03:34,6,True,-2.0,0.0,True,-1.8386867046356201,0.16514554619789124
33,2274,"Tired , Sluggish , Anxious , Sad , Annoyed",2023-06-29 20:00:50,6,True,-2.0,0.0,True,-1.454732060432434,0.2836945056915283
33,2275,"Sleepy , Tired , Anxious , Uneasy , Annoyed",2023-06-30 10:27:54,6,True,-1.0,0.0,True,-1.3339107036590576,0.3335438370704651
33,2276,"Annoyed , Tired , Sleepy , Anxious , Overwhelmed",2023-06-30 15:26:12,6,True,-2.0,2.0,True,-0.8126285076141357,1.108309030532837
33,2277,"Tired , Sluggish , Annoyed , Mad , Sad",2023-06-30 20:07:11,6,True,-2.0,0.0,True,-1.2636092901229858,0.205294668674469
33,2278,"Sleepy , Quiet , Tired , Anxious , Sad",2023-07-01 10:50:51,6,True,0.0,1.0,True,-1.216417670249939,0.1911948323249817
33,2279,"Tired , Annoyed , Sluggish , Sleepy , Anxious",2023-07-01 15:06:12,6,True,-2.0,0.0,True,-1.2023088932037354,0.36902061104774475
33,2280,"Annoyed , Angry , Anxious , Sleepy , Tired",2023-07-01 20:00:55,6,True,-2.0,0.0,True,-0.7379347681999207,1.4860444068908691
33,2281,"Sleepy , Tired , Sluggish , Anxious , Sad",2023-07-02 10:06:39,6,True,-2.0,0.0,True,-1.529265284538269,0.1145516112446785
33,2282,"Sleepy , Tired , Happy , Content , Quiet",2023-07-02 17:28:36,6,True,-2.0,0.0,True,0.24009756743907928,0.2680748701095581
33,2283,"Tired , Sleepy , Sluggish , Calm , Quiet",2023-07-02 20:14:13,6,True,-2.0,0.0,True,-1.3002878427505493,-0.09042727202177048
33,2284,"Sluggish , Tired , Sad , Sleepy , Foggy",2023-07-03 10:02:40,6,True,-2.0,0.0,True,-1.8709644079208374,-0.034861400723457336
33,2285,"Sleepy , Tired , Annoyed , Sluggish , Angry",2023-07-03 15:03:08,6,True,-2.0,0.0,True,-1.3620911836624146,0.08965734392404556
33,2286,"Tired , Sluggish , Sleepy , Sad , Anxious",2023-07-03 20:05:49,6,True,-2.0,0.0,True,-1.5871984958648682,0.10635986924171448
33,2287,"Tired , Sluggish , Sleepy , Quiet , Calm",2023-07-04 10:01:01,6,True,-2.0,0.0,True,-1.4749116897583008,-0.08851628005504608
33,2288,"Sleepy , Tired , Anxious , Sad , Jittery",2023-07-04 15:05:59,6,True,0.0,1.0,True,-1.2825090885162354,0.7168060541152954
33,2289,"Tired , Sluggish , Sleepy , Content , Quiet",2023-07-04 20:00:45,6,True,-2.0,0.0,True,-1.3190819025039673,-0.09655097872018814
33,2290,"Content , Calm , Tired , Sluggish , Sleepy",2023-07-05 10:16:39,6,True,0.0,1.0,True,1.0201411247253418,0.028841767460107803
33,2291,"Tired , Sluggish , Annoyed , Sleepy , Irritated",2023-07-05 15:04:09,6,True,-2.0,0.0,True,-1.553137183189392,0.009690441191196442
33,2292,"Quiet , Sleepy , Tired , Exhausted , Content",2023-07-05 20:49:04,6,True,0.0,0.0,True,-0.7534634470939636,-0.07171182334423065
33,2293,"Sad , Anxious , Nervous , Sluggish , Tired",2023-07-06 10:18:10,6,True,-1.0,1.0,True,-1.2943449020385742,1.3368185758590698
33,2294,"Tired , Sleepy , Sick , Sluggish , Quiet",2023-07-06 15:10:30,6,True,-2.0,0.0,True,-1.3699796199798584,0.010017573833465576
33,2295,"Sluggish , Miserable , Tired , Sleepy , Anxious",2023-07-06 20:25:03,6,True,-2.0,0.0,True,-1.8534470796585083,0.05826794356107712
33,2296,"Sick , Tired , Sleepy , Anxious , Sluggish",2023-07-07 10:41:59,6,True,-2.0,0.0,True,-1.6150435209274292,0.4496544897556305
33,2297,"Sick , Tired , Sluggish , Sleepy , Miserable",2023-07-07 15:03:27,6,True,-2.0,0.0,True,-1.711625337600708,0.22053125500679016
33,2298,"Miserable , Sad , Tired , Sleepy , Sluggish",2023-07-07 20:00:48,6,True,-2.0,0.0,True,-1.3540931940078735,0.5286579728126526
33,2257,"Sick , Miserable , Tired , Sluggish , Sleepy",2023-07-08 10:03:32,6,True,-2.0,0.0,True,-1.5944114923477173,0.3884508013725281
33,2258,"Sick , Tired , Sluggish , Sleepy , Anxious",2023-07-08 16:19:53,6,True,-2.0,0.0,True,-1.7016650438308716,0.2984415292739868
33,2259,"Sick , Miserable , Tired , Sleepy , Anxious",2023-07-08 20:02:48,6,True,-2.0,0.0,True,-1.4635511636734009,0.6670483946800232
33,2260,"Sleepy , Tired , Sluggish , Sick , Anxious",2023-07-09 10:13:43,6,True,-2.0,0.0,True,-1.6912261247634888,0.04064052551984787
33,2261,"Tired , Sluggish , Annoyed , Sleepy , Sick",2023-07-09 15:16:08,6,True,-2.0,0.0,True,-1.6722408533096313,-0.01933762989938259
33,2262,"Tired , Sluggish , Sleepy , Sick , Anxious",2023-07-09 20:29:20,6,True,-2.0,0.0,True,-1.6887816190719604,0.06763559579849243
33,2263,"Tired , Sleepy , Sluggish , Anxious , Irritated",2023-07-10 10:07:15,6,True,-2.0,0.0,True,-1.4919401407241821,0.10248904675245285
33,2264,"Tired , Annoyed , Slow , Anxious , Sleepy",2023-07-10 15:26:12,6,True,-2.0,0.0,True,-0.4634411036968231,0.8281329870223999
33,2265,"Tired , Sleepy , Sluggish , In pain , Anxious",2023-07-10 20:04:52,6,True,-2.0,0.0,True,-1.5807743072509766,0.0017577186226844788
33,2266,"Tired , Quiet , Sleepy , Anxious , Nervous",2023-07-11 10:36:43,6,True,0.0,1.0,True,-0.9431225061416626,0.382696270942688
33,2267,"Annoyed , Mad , Irritated , Anxious , Tired",2023-07-11 15:00:48,6,True,-2.0,0.0,True,-0.6461045145988464,1.6741214990615845
33,2268,"Drained , Tired , Sluggish , Sleepy , Anxious",2023-07-11 20:28:07,6,True,-2.0,0.0,True,-1.7503100633621216,0.14808091521263123
33,2269,"Sleepy , Quiet , Calm , Tired , Slow",2023-07-12 10:07:25,6,True,0.0,1.0,True,-0.7170758843421936,0.09372110664844513
33,2270,"Exhausted , Sleepy , Tired , Sluggish , Slow",2023-07-12 15:38:04,6,True,-2.0,0.0,True,-1.7942217588424683,-0.003871077671647072
33,2271,"Anxious , Irritated , Sluggish , Sleepy , Tired",2023-07-12 20:03:14,6,True,-2.0,0.0,True,-1.1752362251281738,1.354622483253479
34,2367,I feel like I dont have enough time in my day . Work has been understaffed and busy which makes me feel agitated and like I ' m not fast enough or good at my job . I feel rushed and unaccomplished . I have no energy and don ' t want to deal with people .,2021-05-04 16:26:06,1,False,-1.0,0.0,True,-0.7929346561431885,1.4119055271148682
35,2410,"Energetic , Happy , Bothered , Hungry , Annoyed",2021-03-27 12:00:36,1,True,1.0,2.0,True,1.0941810607910156,1.6329987049102783
35,2411,"Bored , Productive , Curious , Bothered , Calm",2021-03-29 12:00:54,1,True,0.0,1.0,True,0.5568238496780396,0.8651585578918457
42,3830,I am off today . I had an early night with my kids after an amazing meal and some fun and games . I woke up early to overcast skies which was perfect for taking the dog for a long walk to get a cup of coffee and some breakfast . I ' m feeling calm and centered . My body has physically recovered from the weekend and I am finally re-hydrated and feeling rested .,2021-06-15 12:08:59,1,False,2.0,0.0,True,1.089646577835083,1.0430939197540283
42,3831,Today is my day off . I am spending the day with my family . I will not be answering anymore survey questions that require lengthy answers because it is taking me away from my family which is what helps my emotional stability .,2021-06-15 17:06:39,1,False,2.0,0.0,True,0.24900339543819427,1.6844350099563599
42,3832,With my family With my family With my family With my family With my family With my family With my family With my family With my family With my family With my family With my family With my family With my family With my family,2021-06-15 22:21:15,1,False,2.0,0.0,True,0.49232351779937744,1.1257604360580444
42,3833,"I ' ve just finished meditating . I need to clock . in at work in 75 minutes . I am feeling calm and centered , I ' ve properly hydrated and had a healthy meal and am ready for the physical stress of the night ahead . It ' s supposed to be slow which means I can focus on the guest experience that much more .",2021-06-16 17:16:04,1,False,2.0,0.0,True,0.6142885088920593,0.7224620580673218
43,3994,I am going in to work tonight . Not really looking forward to it . I am really hopping that the night goes by quickly so I can go home and sleep . I am pretty tired today . I am not really feeling like I can give 100 % tonight .,2021-06-15 17:26:31,1,False,0.0,1.0,True,0.1809817999601364,1.6100482940673828
43,3995,"Since I filled out the questionnaire on yesterday , I have been feeling a bit tired , sleepy sluggish and need to get some sleep . Last night at work was ok , I was busy . Customers were steady , so I never got to take a break .",2021-06-16 12:54:20,1,False,-2.0,0.0,True,-1.1918965578079224,0.05948610603809357
43,3988,"Yesterday was a better day as far as for how I was feeling . I went to a friends house and she put food on the grill . Got to relax a bit . Still feel really tired so I just want to go to sleep , but I cant I have too much to do .",2021-06-17 12:01:58,1,False,1.0,1.0,True,-0.07058000564575195,1.0815777778625488
43,3989,In the past 24 hours I have been feeling a bit overwhelmed . I have a lot going on in my personal life dealing with another service industry entity and not understanding the level of service that they provided for me when I hired them for my big day .,2021-06-18 12:03:31,1,False,1.0,0.0,True,0.17976142466068268,1.5687402486801147
54,3540,I am feeling great I have enough time to interracial with friends via call which i am having a great time doing I get to talk about exciting things and fun I am also having amazing time with friends we get to speak about things that bound us,2024-10-14 12:31:30,7,False,1.0,1.0,True,1.3542851209640503,1.459282398223877
54,3644,"Active , Very good , Excited , Calm , Happy",2024-10-14 17:02:02,7,True,2.0,0.0,True,0.7131983637809753,1.691988468170166
54,3725,I feel alive and happy and I’m active at work having conversations with people and also talking about lo of things with my colleagues which is also making my day fun and very interesting Just left a conference call with my friends we get to check up on each other which actually make me feel secured knowing fully well I have friends who really cares about each other,2024-10-15 12:04:22,7,False,2.0,2.0,True,1.6164034605026245,1.205561876296997
54,3834,I feel happy and delighted concerning my life . The joy can be noticed from my facial expression and mood . The way the environment whether makes me feel like someone that is renewed with hope . and ability .,2024-10-15 17:27:33,7,False,2.0,1.0,True,1.5621576309204102,1.1424994468688965
54,3913,"Active , Good , Calm , Cool , Enthusiast",2024-10-16 12:04:02,7,True,2.0,0.0,True,0.7724248766899109,1.4093495607376099
54,4016,I feel good got to meet with an old time friends and we dot to talk about soo many things and I also have good time playing video games an I did hang with friends and family and I am also excited to meet with friends,2024-10-16 17:06:42,7,False,1.0,2.0,True,1.4158483743667603,1.0576460361480713
54,4077,I feel very good and happy having interesting conversations with my colleagues at work we are also having fun and talking about why we find our work interesting and also talking about our weaknesses and strength and also our plans for the future,2024-10-17 12:47:32,7,False,2.0,1.0,True,1.5420197248458862,0.8798070549964905
54,4164,Currently I feel good and happy and at the moment I’m having a wonderful time at work and it’s Friday and it’s weekend i just have this positive feeling I’m going to have a wonderful time with my kids and my wife so at the moment I’m just imagining how the weekend is going to be with my family,2024-10-18 12:26:20,7,False,1.0,1.0,True,1.6474180221557617,0.9394186735153198
54,4228,"Happy , Excited , Calm , Active , Cool",2024-10-18 17:56:41,7,True,2.0,2.0,True,1.5018584728240967,1.301100730895996
60,2588,Hi ! Having a mani n pedi done right now . So relaxing and peaceful .    Having such quiet time to meditate and reflect on the week and actually start planning for the week n weekend   hoping that next week will be a busier week than this week in relation to work,2024-07-26 17:01:57,7,False,2.0,0.0,True,1.5264971256256104,0.2056116759777069
60,2599,"Relaxing , Accomplished , Fulfilled , Expecting , Relaxed",2024-07-26 22:07:45,7,True,2.0,0.0,True,1.6786926984786987,0.5101954936981201
60,2610,Happy Saturday —-beautiful day out . Super excited to get out there today . We r going to the FAC in GPE   .   Lots of walking to do history to see and admire . N structures to view and be in awe of .    Love the cloisters and the water views . Amazing spectacular !!! Enjoy this glorious day !,2024-07-27 12:01:16,7,False,2.0,0.0,True,1.3009530305862427,1.3706936836242676
60,2621,Hi happy Saturday !   Just walked thru the museum absolutely amazing beautiful breathe taking .   Going to lunch in midtown . NORP food is what I want right now . Did lots of walking inside and outside . Feeling inspired and amazing,2024-07-27 17:01:03,7,False,2.0,0.0,True,1.3199795484542847,1.479112982749939
60,2632,"Fulfilled , Relaxed , Happy , Proud , Calm",2024-07-27 22:13:49,7,True,2.0,0.0,True,1.8078068494796753,0.6979755163192749
60,2643,"Calm , Happy , Excited , Blessed , Content",2024-07-28 12:01:51,7,True,2.0,0.0,True,1.9226304292678833,0.4394969046115875
60,2655,"Happy , Excited , Thrilled , Fulfilled , Content",2024-07-28 17:16:02,7,True,2.0,0.0,True,1.7055555582046509,1.0696767568588257
60,2666,Hi happy Sunday . Feeling relaxed fulfilled and happy . Went to the ORG  game with my middle child . He took the railroad into GPE met me there and we went to see our favorite baseball team play and unfortunately lose . Although they lost we had a shaving time together bonding laughing n eating . FYI best lobster rolls at FAC  ever . $35 will get u one . Ouch . Great Sunday !,2024-07-28 22:02:23,7,False,2.0,0.0,True,1.568820595741272,0.8047722578048706
60,2870,"Happy , Content , Busy , Excited , Fulfilled",2024-07-29 12:00:35,7,True,2.0,0.0,True,1.6978646516799927,1.047745704650879
60,2881,Happy Monday !   Feeling accomplished ! \n8 am went to LOC to pick up immunizations papers for my 3 college kids . Followed my getting a tire patched and ordering a new tire for my daughter . \nI also showed 2 rentals to a new client . Hoping he takes one of the rentals . \nMaybe more appointments later and maybe a yoga class later though . My day changes on a daily,2024-07-29 17:07:37,7,False,2.0,0.0,True,1.2529308795928955,1.0747473239898682
60,2891,"Fulfilled , Ready , Tired , Accomplished , Content",2024-07-29 22:01:07,7,True,2.0,0.0,True,1.4914604425430298,0.6532341837882996
60,2900,"Relaxed , Happy , Excited , Busy , Fulfilled",2024-07-30 12:02:20,7,True,2.0,0.0,True,1.8630996942520142,0.6430385708808899
60,2911,Hi happy taco Tuesday !!! Feeling great rescued and accomplished !   Lots done and lots more to do !!! \nRunning to library in a bit and off to do errands . Banking food shopping and then off to cook dinner for my kids .   Also looking to get my daughters apartment ready in just a few weeks,2024-07-30 17:02:47,7,False,2.0,0.0,True,1.6746654510498047,1.0932691097259521
60,2922,"Fulfilled , Excited , Calm , Peaceful , Happy",2024-07-30 22:04:05,7,True,2.0,0.0,True,1.8502875566482544,0.6659120321273804
60,2933,Feeling great . Calm energized at the same time . Went to 6 am beach yoga . Amazing way to start the day . Followed by 8 am yoga at my studio .    Busy day ahead so happy began it with physical and mental practice,2024-07-31 12:00:34,7,False,2.0,0.0,True,1.6422009468078613,0.9199439287185669
60,2940,Hi happy Wednesday . Feeling good . Accomplished still lots more to do .   Feeling like the week is flying by —cannot believe tomorrow is August —-summer is almost over . Kids back to college so much to do in the next 2-3 weeks . Will pace myself to get all done,2024-07-31 17:00:52,7,False,2.0,0.0,True,1.6199947595596313,0.9277753829956055
60,2942,"Content , Tired , Fulfilled , Expectant , Satisfied",2024-07-31 22:00:20,7,True,2.0,0.0,True,1.3661413192749023,0.06801056861877441
60,2952,"Calm , Content , Busy , Excited , Happy",2024-08-01 12:00:28,7,True,2.0,0.0,True,1.7139463424682617,0.5517746806144714
60,2953,Happy August first ! Feeling accomplished . 2 hours of yoga this morning so feeling physically and emotionally good . Had an appointment with a client today . Not a good match but feeling positive .   I absolutely need more clients and soon .   Hoping interest rates get lower and prices of homes do as well . Feeling hopefull,2024-08-01 17:00:53,7,False,2.0,0.0,True,1.5134243965148926,1.118390679359436
60,2959,"Accomplished , Fulfilled , Tired , Calm , Peaceful",2024-08-01 22:24:04,7,True,2.0,0.0,True,1.136536955833435,0.3684449791908264
61,3069,"Tired , Annoyed , Sleepy , Happy , Furious",2024-08-11 22:00:48,7,True,2.0,0.0,True,-0.0634046122431755,0.6489425897598267
61,3080,"Happy , Excited , Frustration , Annoyed , Sad",2024-08-12 12:56:20,7,True,2.0,0.0,True,0.8045724034309387,1.4784338474273682
61,3091,"Tired , Annoyed , Furious , Boredom , Upset",2024-08-12 22:00:21,7,True,2.0,0.0,True,-0.5013272166252136,0.7958158850669861
61,3102,Right now I ' m feeling annoyed and anxious so much that I don ' t get time to myself everybody wants their needs taken care of off of you I have a person and I have my own needs and I need things taken care of as well So with that being said tomorrow appointments at then I ' m going to,2024-08-13 12:36:59,7,False,2.0,0.0,True,-0.5399798154830933,1.7042864561080933
61,3113,Haven ' t woken up for my nap I ' m now going to cook lunch and pick up the kids and then come home and then read a book help the kids with homework feed the cats and wait on other truth now that I ' m in my chair I can relax and wait on the rest of the day today and and then cook later on a great meal,2024-08-13 17:00:26,7,False,2.0,0.0,True,0.5286585092544556,0.6025137901306152
61,3124,"Hot , Tired , Frustration , Worried , Scared",2024-08-14 12:05:47,7,True,2.0,0.0,True,-0.4508456885814667,0.8974814414978027
61,3136,Finally home . I can start cleaning the bathroom and mop in the hallway as well throwing up the trash I ' m clean and organized things . And then after that I will make a lunch and then I ' ll be able to relax,2024-08-15 12:39:44,7,False,2.0,0.0,True,0.32558053731918335,0.9796278476715088
61,3146,"Tired , Happy , Annoyed , Mad , Curious",2024-08-15 17:00:22,7,True,1.0,0.0,True,0.23347972333431244,0.8366721868515015
61,3157,"Tired , Depress , Sad , Conflicted , Trapped",2024-08-15 22:22:08,7,True,2.0,0.0,True,-0.9633135795593262,0.5181053876876831
61,3168,"Happy , Hunger , Satisfied , Content , Enjoyment",2024-08-16 22:00:26,7,True,2.0,0.0,True,1.6018809080123901,0.8698868751525879
64,4710,"Calm , Peaceful , Happy , Delightful , Grateful",2024-08-18 17:17:33,7,True,2.0,0.0,True,1.9200255870819092,0.18212705850601196
64,4711,Been feeling okay not sad not too happy \nThe fact that I have work and all of that is just stress \nIt’s time for bed and I’m stressed thinking of how the day will go and also how things will turn out \nIt’s abit fine but not too fine \nI’m also jovial and welcoming,2024-08-18 22:02:10,7,False,0.0,1.0,True,1.1482645273208618,0.638064444065094
64,4712,"I’m somewhat contented because I have a couple of things on my mind \nAs it is a lot of stress on my mind and also drama here and there ,\nI feel tired and worried \nI feel contented too \nI feel anxious \nI feel worried too",2024-08-19 12:05:11,7,False,1.0,0.0,True,0.6519250273704529,0.19624114036560059
64,4713,"Thoughtful , Enjoying , Relaxed , Calm , Happy",2024-08-19 17:11:42,7,True,1.0,1.0,True,1.2834258079528809,0.547817051410675
64,4714,I’m calm and down \nI’m actually not bad today wasn’t a rough day it was a stressful day the drama was just there so I feel stressed and unhappy and all of that \nI feel good but not entirely happy and all of that I’m just feeling grateful and all of that \nI feel much more better,2024-08-19 22:00:36,7,False,1.0,0.0,True,0.9466617703437805,0.8004240989685059
64,4716,"Excitement , Exceptional , Hot headed , Joyed , Calm",2024-08-20 12:16:52,7,True,2.0,1.0,True,1.4250088930130005,1.431749939918518
64,4717,"Jiggy , Chill , Calm , Simple , Hungry",2024-08-20 17:06:05,7,True,2.0,0.0,True,0.4817572832107544,1.0684148073196411
64,4718,"Freaky , Fresh , Calm , Okay , Chilled",2024-08-21 12:42:50,7,True,1.0,0.0,True,0.9217525124549866,0.8814933896064758
64,4719,"I feel very demure , I feel happy words can’t even express how I’m feeling and all of that \nI have been good in recovery , I feel extra playful \nI feel like the world is on a different planet of excess joy from others \nI feel evolved and calm",2024-08-21 17:02:37,7,False,2.0,1.0,True,1.4893196821212769,1.005613923072815
64,4733,"I’m feeling contented , I’m calm and happy I’m feeling goosebumps and chills , I’m feeling a whole lots of drama and all of that \nI’m feeling a different vibes from wahala \nI’m feel happy and stress less \nI’m feeling highly recommended and highly motivated and appreciated",2024-08-21 22:04:35,7,False,2.0,0.0,True,1.8947656154632568,0.3871939778327942
64,4734,"Feeling bright , Calm , Feeling relaxed , Left out , Hot tempared",2024-08-22 12:01:07,7,True,1.0,1.0,True,1.4439632892608643,0.7847906947135925
64,4735,"Sense of relief , Little work load , Overwhelming , Relaxed , Exceptional",2024-08-22 17:06:34,7,True,2.0,1.0,True,1.1668275594711304,0.7489360570907593
64,4736,"Relaxed , Sleepy , High , Restful , Dramatic",2024-08-22 22:00:52,7,True,2.0,0.0,True,1.2730441093444824,0.0547090619802475
64,4737,"Sexy , Happy , Calm , Extra , Extreme",2024-08-23 12:07:18,7,True,2.0,0.0,True,1.3473103046417236,1.0783987045288086
64,4738,"Joyful , Excited , Appreciated , Chill , Fly",2024-08-23 17:02:54,7,True,1.0,0.0,True,1.7451094388961792,1.2319450378417969
64,4740,"I’m feeling active , I’m sleepy too , I’m unhappy at the moment , I had a fight with with someone so I feel disappointed , I practically feel very stressed ,\nI’m feeling okay as well \nI’m abit traumatized and stressed out , I miss my babe and all",2024-08-23 22:08:04,7,False,0.0,2.0,True,-0.41106119751930237,1.1694903373718262
64,4741,"Sleepy , Cheesy , Calm , Soft , Hungry",2024-08-24 12:06:58,7,True,2.0,0.0,True,0.24509687721729279,0.33375534415245056
64,4742,"Funny , Chilled , Calm , Excited , Relaxed",2024-08-24 17:10:15,7,True,2.0,0.0,True,1.107280969619751,1.060641884803772
64,4743,"I feel jiggy , I feel calm and relaxed , I’m just everywhere \nNo much drama I feel good and all of PERSON \nThank y’all for him being there \ nI feel responsible \nI feel preservation or the house \ nSo everything is now drama and a lot of parental responsibility I feel very ready and all",2024-08-24 22:03:59,7,False,2.0,0.0,True,1.6611167192459106,0.6436057090759277
67,4806,I am currently feeling neutral I ' m at neither sad or happy I ' m just normal . I ' m playing some video games at the moment and later on I will eat something . After that I will be on my phone and then take a shower and then sleep,2024-11-08 22:44:10,7,False,0.0,1.0,True,0.3202982246875763,0.9907833933830261
67,4807,"I currently feel tired it as   a very   long day yesterday I had to work a long shift and what I do is dishwashing and it ' s really tiring . Later on the day I wlll do some chores , be on my phone and eat and then take a bath and that ' s it",2024-11-10 17:00:36,7,False,0.0,1.0,True,-1.3031386137008667,0.12019907683134079
67,4808,"Calm , Relaxed , Happy , Neutral , Tired",2024-11-10 22:02:13,7,True,0.0,1.0,True,0.6199834942817688,0.9348698258399963
67,4809,I current feel neutral neither tired or happy or sad just neutral . Might do some laundry later help my mother out with some errands . Do online surveys do some research on how to make some extra cash . Later on I will eat and scroll through reels for a bit,2024-11-11 17:20:27,7,False,0.0,1.0,True,0.5079894661903381,1.0124667882919312
67,4810,Currently feel sleepy and tired had to go do something early in the morning and feel tired . Might take a little nap for now and then I will pick up my brother from school . Then when I get back home i will clean,2024-11-13 12:31:33,7,False,0.0,0.0,True,-1.218669056892395,-0.09518373757600784
67,4811,"Calm , Neutral , Relaxed , Normal , Happy",2024-11-14 17:17:42,7,True,0.0,1.0,True,0.4450949728488922,0.934905469417572
67,4812,I currently feel neutral I don ' t feel happy or sad just normal . Currently I will eat something and then I will help my brother with homework and then I will take a quick shower and then I will scroll through my phone for a bit and then sleep,2024-11-14 22:50:11,7,False,0.0,1.0,True,0.08603787422180176,1.073809266090393
67,4813,"Calm , Relaxed , Happy , Neutral , Sleepy",2024-11-15 17:24:37,7,True,0.0,1.0,True,0.6739259362220764,0.9091228246688843
67,4815,I currently feel tired since I bought a tv from ORG and I went carrying it from GPE to where I live . It was heavy so I came a little fatigued from my hands and biceps . Later on I will take a quick bath and eat something,2024-11-15 22:34:20,7,False,0.0,1.0,True,-1.022696614265442,0.08923959732055664
73,5022,"Neutral , Hopeful , Overwhelmed , Thoughtful , Expectant",2024-10-12 12:24:29,7,True,0.0,1.0,True,-0.04573804512619972,1.2000648975372314
73,5023,"Tired , Exhausted , Hungry , Drained , Stressed",2024-10-12 22:06:33,7,True,0.0,1.0,True,-1.4894249439239502,0.12620344758033752
73,5024,"Quiet , Down , Unhappy , Thinking , Confused",2024-10-13 12:01:06,7,True,0.0,0.0,True,-0.08346109837293625,0.6230171322822571
73,5025,I ' m feeling weak and tired \nI had a stressful day and it ' s been so for some time now \ nNowadays I work more than is required so that ' s the reason \nI ' m feeling weak and tired \nI had a stressful day and it ' s been so for some time now \ nNowadays I work more than is required so that ' s the reason,2024-10-13 17:14:01,7,False,0.0,0.0,True,-1.58339262008667,0.4830472767353058
73,5026,"Sick , Tired , Stressed , Not happy , Not well",2024-10-15 17:11:51,7,True,-1.0,1.0,True,-0.8517112731933594,0.6080515384674072
73,5027,"Happy , Active , Lively , Strong , Excited",2024-10-16 12:02:11,7,True,0.0,1.0,True,1.2732983827590942,1.7093371152877808
73,5028,"I ' m feeling tired after a long day \ nIt ' s been same all week , been feeling tired more often than usual \ nI work long hours so it ' s possibly why \ nI ' m feeling tired after a long day \ nIt ' s been same all week , been feeling tired more often than usual \ nI work long hours so it ' s possibly why \ nI ' m feeling tired after a long day \ nIt ' s been same all week , been feeling tired more often than usual \ nI work long hours so it ' s possibly why",2024-10-16 17:01:13,7,False,0.0,1.0,True,-1.122292160987854,0.1943567395210266
73,5029,"I ' m currently feeling a bit exhausted and a bit tired , was quit very about the situation \nI ' m currently feeling a bit exhausted and a bit tired , was quit very about the situatio \ nn \nI ' m currently feeling a bit exhausted and a bit tired , was quit very about the situation",2024-10-16 22:43:26,7,False,0.0,1.0,True,-1.316489815711975,0.3785342276096344
75,5062,"tired , faint , pain , unease , annoyed",2024-10-22 22:01:22,7,True,-2.0,0.0,True,-0.559881865978241,0.4751807153224945
75,5063,"back pain , tired , restless , seldom , quiet",2024-10-23 12:01:02,7,True,-2.0,0.0,True,-1.0708696842193604,0.33158814907073975
75,5064,i had an emergency medical situation that required medical attention . i had pain that was intense and uncomfortable requiring the need for care . i am uncomfortable and want to rest . i will stay in bed and relax,2024-10-23 17:15:50,7,False,-1.0,0.0,True,-1.416387677192688,0.5061742663383484
75,5065,"I am currently   feeling sick . i am experiencing extreme back pain that is resulting in restlessness , agitation .   the pain was a quick onset and is intensifying over the course of the day . i fewl as if i fell and   injured myself as i have no answers for the onset of the pain",2024-10-23 22:02:34,7,False,-2.0,0.0,True,-1.190003514289856,1.027327060699463
75,5066,i am still feeling sick . i am exhausted and tired at the current time . i am in bed resting and hoping to feel \ nbetter soon .    i am thinking that although work is rewarding getting sick from children is not the best,2024-10-24 12:00:24,7,False,-1.0,0.0,True,-1.1290401220321655,0.5221055150032043
75,5067,"tired , content , still , soft , placid",2024-10-24 17:00:36,7,True,0.0,0.0,True,0.12023474276065826,0.18551772832870483
75,5068,"still , faint , faint , tired , silent",2024-10-24 22:22:52,7,True,0.0,0.0,True,-0.6861072182655334,0.30792418122291565
75,5069,i am currently feeling neutral . i am feeling a little better physically therefore it is improving my mood . i feel that my medical condition will improve and the pain will subside . it was an immediate onset and i am seeking out alternatives to have me rest .,2024-10-25 12:00:25,7,False,0.0,1.0,True,0.04461519047617912,0.833026111125946
75,5070,i am a little more content at this time as i am more rested and alert . the pain is decreasing and i have fewer symptoms . i am refreshed to know that family will be visiting tomorrow as children make me happy and content . i look forward to visitors and having a special time with them,2024-10-25 22:27:08,7,False,0.0,0.0,True,1.1751329898834229,0.23762404918670654
75,5071,i am feeling extremely content at this time . i am able to relax / watch a television show of interest and feel at ease . i located my tens medical machine and my back pain has decreased . i wished i thought of this earlier . i have a solution to a dilemma and therefore content and calm,2024-10-26 22:00:58,7,False,2.0,0.0,True,1.576117992401123,0.138581782579422
75,5072,i am feeling content and calm on this Sunday morning .   I had a decent nights sleep and feel well rested .   I am experiencing decreased pain and the headache is not as intense .   i look forward to visitors on this day and will \ nplan accordingly .,2024-10-27 12:00:34,7,False,2.0,2.0,True,1.6801540851593018,0.109740249812603
75,5073,I returned back to work today and have a light schedule .   i am looking forward to meeting with sites and planning for a rewarding experience . my activities for the day includes working on social emotional learning / feelings charts .,2024-10-28 12:01:18,7,False,2.0,0.0,True,0.9646344184875488,1.365372657775879
75,5074,"sleepy , tired , exhausted , fatigue , lethargic",2024-10-28 22:38:04,7,True,0.0,0.0,True,-1.7357184886932373,-0.053190916776657104
75,5075,"fatigue , tired , bored , sick , feverish",2024-10-29 17:03:07,7,True,-1.0,0.0,True,-1.149452567100525,0.3260943293571472
75,5076,"quiet , tired , content , restless , poised",2024-10-30 22:05:31,7,True,0.0,0.0,True,0.012828242033720016,0.20050048828125
80,5193,"Dynamic , Vibrant , Tired , Stressed , Convinced",2024-08-22 17:15:20,7,True,0.0,1.0,True,0.5541343688964844,1.4317547082901
80,5194,"Energetic , Capable , Smiley , Encouraging , Determined",2024-08-22 22:26:27,7,True,0.0,2.0,True,0.44339272379875183,1.557204008102417
80,5195,"Stressed , Disturbed , Distress , Confused , Tired",2024-08-23 12:14:29,7,True,0.0,1.0,True,-0.9630705118179321,0.9166334271430969
80,5196,"Irritated , Annoyed , Weak , Disappointed , Sluggish",2024-08-23 17:09:48,7,True,-1.0,1.0,True,-0.8460135459899902,1.3802225589752197
80,5197,"Vibrant , Energetic , Dynamic , Motivated , Convinced",2024-08-23 22:25:44,7,True,1.0,1.0,True,0.6817556023597717,1.9581722021102905
80,5198,"Fun , Happy , Determined , Vibrant , Steady",2024-08-24 12:14:11,7,True,0.0,2.0,True,1.2653142213821411,1.5298858880996704
80,5199,Feeling bored stressed like all is about to end in a dark and unfair situation mood switching from opposite phase disappointed that fair goals are met for the day and not having adequate fun to ignite the day .,2024-08-24 17:37:10,7,False,-1.0,1.0,True,0.7600966691970825,0.8078609704971313
80,5200,"A neutral feeling is a calm and balanced state , free from strong emotions or biases . It ' s a midpoint between positive and negative , where neither excitement nor sadness dominates . Imagine a still pond , reflecting the surroundings without a ripple . Neutral feelings bring clarity , and stability , like a steady heartbeat .",2024-08-25 12:09:17,7,False,0.0,1.0,True,0.603988766670227,0.8863521218299866
80,5201,"Calm , Reversed , Still , Grateful , Grieved",2024-08-25 17:21:55,7,True,-2.0,0.0,True,1.003933072090149,0.540702760219574
80,5202,"A quiet feeling is a peaceful and serene state , characterized by stillness and calmness . It ' s a sense of gentle hush , where thoughts and emotions are subdued , and the mind is tranquil . Imagine a snowflakes ' gentle fall , or a soft misty dawn , where the world is muffled and slow . Quiet feelings bring a sense of refuge , comfort , and contemplation , like a warm embrace that soothes the soul . In this state , the world ' s noise and chaos fade away , leaving only a sense of gentle quietude .",2024-08-25 22:13:29,7,False,0.0,0.0,True,0.7966184020042419,0.23626360297203064
80,5203,"Calm , Perplexed , Reserved , Determined , Vibrant",2024-08-26 12:59:44,7,True,0.0,0.0,True,0.708355188369751,0.736848771572113
80,5204,"A neutral feeling is a calm and balanced state , free from strong emotions . It ' s a midpoint between positive and negative , where neither excitement nor sadness dominates . Thoughts and feelings are acknowledged without judgment , like a still pond reflecting the surroundings . Neutral feelings bring clarity , objectivity , and stability , like a steady heartbeat . No strong attachment or reaction , just a sense of ""being "" without bias . It ' s a state of emotional equilibrium , where one observes life without taking sides , like a witness to the present moment .",2024-08-26 17:39:14,7,False,0.0,1.0,True,0.7567017674446106,0.9089913964271545
80,5205,"Vibrant , Hearty , Grateful , Optimistic , Determined",2024-08-29 17:01:43,7,True,0.0,2.0,True,1.031427025794983,1.4418306350708008
80,5206,"Perplexed , Vibrant , Dynamic , Optimistic , Determined",2024-08-29 22:41:33,7,True,0.0,2.0,True,0.5215458273887634,1.7100942134857178
89,571,I feel happy and lively even thought I got some kind of bad news today . But that bad news doesn’t define me and I’m having too great of a day so I feel great ! I feel content and full of happiness . My muscles feel good from finishing my workout too . I do feel hungry though .,2024-08-19 17:04:31,7,False,2.0,2.0,True,1.6416407823562622,1.0198136568069458
89,572,"Tired , Sluggish , Ok , Sore , Hungry",2024-08-20 12:52:24,7,True,-1.0,0.0,True,-1.4965709447860718,-0.08144819736480713
89,573,"I’m currently feeling less tired but still tired . My eyes feel a little heavy and my back a little sore . I feel a little crampy (period cramps) . I feel a little lazy today also . But that’s it , that’s basically how I’m feeling .",2024-08-20 17:13:00,7,False,-1.0,0.0,True,-0.566660463809967,0.3345224857330322
89,574,"I am feeling good . I feel lively and excited and happy . I feel a little sore but not too crazy . Overall , I am better now than I was earlier today . That’s basically how I’m feeling today at this very moment .",2024-08-20 22:06:49,7,False,0.0,2.0,True,1.545166254043579,1.2549690008163452
89,579,"I feel active , lively , but slightly tired . My eyes mainly feel a little tired . I am pretty energetic though . I also feel excited and a little nervous . I also feel angsty . That’s basically it how I’m feeling at the moment .",2024-08-21 12:39:01,7,False,0.0,2.0,True,0.5502095818519592,1.8823939561843872
89,580,I’m feeling tired right now and somewhat emotionally drained . My eyes are definitely tired and I’m trying to stay focused . My top body feels sore (from working out) and I feel like I was to sleep . That is basically how I am feeling .,2024-08-21 17:35:51,7,False,-1.0,0.0,True,-1.2777615785598755,0.3027518391609192
89,581,"I feel tired today since I went to bed late last night . I also feel sluggish and a little defeated . My brain feels fuzzy , but I’m trying to get out of it so I can be productive today . I also feel somewhat emotionally drained and a little stressed .",2024-08-23 12:47:21,7,False,0.0,0.0,True,-1.7869601249694824,0.012653619050979614
89,582,"Nervous , Thoughtful , Nervous , Stressed , Ignorant",2024-08-23 22:37:59,7,True,0.0,1.0,True,-0.48066672682762146,1.625889778137207
89,583,"Meh , Stressed , Unmotivated , Unfocused , Drained",2024-08-24 12:44:12,7,True,0.0,1.0,True,-0.0006482042372226715,1.1500890254974365
89,584,"Sluggish , Tired , Drained , Defeated , Nervous",2024-08-24 22:07:43,7,True,-2.0,0.0,True,-1.8205846548080444,0.04275716096162796
89,585,"Content , Excited , Slightly nervous , Active , Determined",2024-08-25 17:30:31,7,True,0.0,2.0,True,0.9646770358085632,1.56990385055542
89,586,"Nervous , Tired , Hungry , Frustrated , Defeated",2024-08-26 17:50:44,7,True,-1.0,2.0,True,-0.7771416902542114,1.3485006093978882
89,587,"Tired , Exhausted , Hungry , Happy , Intrigued",2024-08-29 22:10:23,7,True,-2.0,0.0,True,-0.8637878894805908,0.12297537177801132
94,970,"Cool , Calm , Lowkey , Normal , Gentle",2024-11-13 12:05:15,7,True,2.0,0.0,True,1.0997443199157715,0.4318426847457886
94,971,"Sluggish , Tired , Down , Depressed , Low",2024-11-13 17:17:46,7,True,-2.0,0.0,True,-1.722420334815979,0.06412965804338455
94,1182,"normal to have an ""off "" day or two where you don ' t feel like yourself . If you ' re feeling ""off "" or ""weird "" for more than a couple of days , you can try to reflect on what ' s going on and ask yourself some non-judgmental questions . \n",2024-11-13 22:04:54,7,False,0.0,0.0,True,-0.14702412486076355,0.7253699898719788
94,1183,"Sad , Down , Low , Not happy , Depressed",2024-11-14 12:01:59,7,True,-2.0,1.0,True,-0.8779625296592712,1.0382944345474243
94,1184,"Quite , Calm , Lowkey , Chilled , Unbothered",2024-11-14 17:32:41,7,True,0.0,0.0,True,0.6984673738479614,0.7467133402824402
94,1185,"There are many reasons why you might feel ""off "" or ""weird "" from time to time , including : \nA symptom of depression that can make you feel empty , discouraged , isolated , or unfocused . You might feel like you ' re going through the motions and can ' t connect to your environment",2024-11-15 12:09:22,7,False,0.0,0.0,True,-1.0791817903518677,0.9972556233406067
94,1186,"Active , Alive , Energetic , Online , Active",2024-11-15 17:19:13,7,True,0.0,2.0,True,0.48373180627822876,2.0198919773101807
94,1187,"Feeling calm and quiet "" means experiencing a state of inner peace and serenity , where there is a lack of agitation , disturbance , or excitement , essentially a feeling of tranquility and stillness , like a peaceful moment with minimal external stimuli ; it implies a sense of being relaxed and composed , both mentally and physically",2024-11-16 12:04:43,7,False,2.0,0.0,True,1.3398374319076538,0.16637223958969116
94,1188,"Calm , Gentle , Dull , Down , Lowkey",2024-11-16 17:12:38,7,True,2.0,0.0,True,0.5575994849205017,0.38812342286109924
94,1189,"saying that expresses a lack of strong emotion or opinion on a particular matter , often conveying a sense of detachment or indifference ; a common example is ""If you are neutral in situations of injustice , you have chosen the side of the oppressor ,"" which highlights that remaining neutral in the face of wrongdoing can be interpreted as supporting the unjust side .",2024-11-17 12:09:21,7,False,0.0,1.0,True,-0.40159472823143005,0.9427475333213806
94,1190,"Happy , Cheerful , Jovial , Joyous , Jollyful",2024-11-17 17:38:30,7,True,2.0,1.0,True,1.762650728225708,1.0271215438842773
94,1191,"Enthusiasm is related to other words like playfulness , inventiveness , optimism , zest , and high energy . The word enthusiasm comes from the NORP word enthousiasmos , which comes from enthou , meaning ""possessed by a god , inspired "". It was originally used in a derogatory sense to describe excessive religious zeal",2024-11-18 12:32:00,7,False,2.0,2.0,True,0.6559725999832153,1.468431830406189
94,1192,"Slow , Dull , Moody , Down , Depressed",2024-11-18 22:53:59,7,True,-1.0,0.0,True,-0.22328433394432068,0.9518724083900452
94,1193,"Neutral feelings can be normal , and they can occur alongside positive or negative emotions . For example , a parent might feel neutral about going to the park with their child , but also feel happy because their child wants to spend time with them .",2024-11-19 12:08:06,7,False,0.0,1.0,True,0.2757487893104553,1.1186959743499756
94,1194,"Calmness can soothe negative emotions like anxiety , stress , anger , and frustration . It can also encourage other emotional habits Feeling calm is a psychological state of peace and quiet , where you feel at ease and free from anxiety , stress , and tension",2024-11-19 17:18:38,7,False,2.0,0.0,True,1.1663404703140259,0.49728626012802124
99,1390,"Tired , Bored , Drained , Confused , Pensive",2024-11-12 22:23:00,7,True,0.0,1.0,True,-0.6894760727882385,0.42077505588531494
99,1391,"Had another doctors appointment this morning , always nerve wracking , also had too much coffee . I have two interviews today so that is not helping with the nerves . Otherwise I am excited for the outcome of my meetings/interviews today and to be done with my doctors appointments .",2024-11-13 12:02:17,7,False,-2.0,2.0,True,-0.20424525439739227,1.3499642610549927
99,1392,I am calm because I ate and am sitting by the fire relaxing . I am thinking about my appointment tomorrow which makes me slightly anxious . I am feeling excited because I got another job interview for one that I am excited about .,2024-11-13 22:02:32,7,False,0.0,1.0,True,0.7184544205665588,1.0349799394607544
99,1393,I am feeling tired because I had to get up for the doctors again but am happy because my treatment is almost done . I am grateful for the breakfast that I just had and because my mentor agreed to write me a letter of rec . this makes me a little nervous because it means I need to get started on PhD apps !,2024-11-14 12:01:01,7,False,0.0,0.0,True,-0.3335530757904053,0.40412792563438416
99,1394,I am feeling chill because I’m home by the fire and got responses to important emails . I am still waiting to hear about my medical stuff so I am a little nervous about that . I had a stressful afternoon so I am decompressing .,2024-11-14 22:17:51,7,False,0.0,0.0,True,-0.3836039900779724,1.5586719512939453
99,1395,"Chill , Tired , Anxious , Full , Unmotivated",2024-11-15 12:32:34,7,True,-2.0,0.0,True,-0.4172700345516205,0.8668798804283142
99,1396,"I’m very hungry right now and stressed because I have to give myself a shot at 2 in the morning to prep for a surgery so I am already getting anxious for that . Otherwise I am trying to relax , I had a productive day .",2024-11-15 22:01:23,7,False,-2.0,0.0,True,-0.06860238313674927,0.8680620789527893
99,1397,I am very tired because I had to stay up to administer my shots at 2 am and then couldn’t sleep . I am feeling nervous for my procedure tomorrow but excited to be done with the process . I am more relaxed because it’s the weekend .,2024-11-16 12:01:08,7,False,-2.0,0.0,True,-0.9506052732467651,0.1277773678302765
99,1398,Still feeling very tired and unmotivated which is frustrating because I have a lot to get done ! I am drained and just want to stay in bed but I am trying to convince myself to go on a walk . I just feel lazy and uncomfortable .,2024-11-16 17:02:17,7,False,-2.0,0.0,True,-1.4528411626815796,0.013900097459554672
99,1399,I am nervous and anxious because I have surgery today . I am glad to almost be done with it but I have never had surgery before so I’m a little scared . I am hopeful that everything will go well . I am feeling supported by family .,2024-11-17 12:01:13,7,False,-2.0,2.0,True,-1.175522804260254,1.7827496528625488
99,1400,"Tired , Unmotivated , Uncomfortable , Sluggish , Quiet",2024-11-18 12:50:49,7,True,-1.0,0.0,True,-1.0669738054275513,0.21355459094047546
99,1401,I am feeling pretty productive today but quite stressed by all I have to do . I am still feeling a little inactive because of my procedure and want to be more active . I am also getting a little anxious about the holidays because I just made some plans .,2024-11-19 17:21:11,7,False,0.0,2.0,True,0.2293883115053177,1.5177977085113525
99,1402,"Calm , Chill , Sluggish , Frustrated , Bored",2024-11-19 22:05:24,7,True,2.0,0.0,True,0.390567421913147,0.5855851173400879
99,1403,"Bored , Chill , Thoughtful , Tired , Relaxed",2024-11-20 17:43:12,7,True,0.0,1.0,True,0.27299293875694275,0.8596389889717102
105,1796,"Tired , Anxious , Grateful , Neutral , Content",2024-11-20 12:00:52,7,True,-2.0,0.0,True,-0.14041027426719666,0.8490768074989319
105,1798,Not the best right now . Financial issues becoming stress in the family living off a 1 person income . Also tired since only slept for about 2 hours so hopefully my next nap is soon . I am thankful for my kids they are my true motivation .,2024-11-20 17:00:52,7,False,-2.0,2.0,True,-0.1945408284664154,0.2561332583427429
105,1799,"Sluggish , Pain , Tired , Overwhelmed , Content",2024-11-20 22:56:11,7,True,-2.0,0.0,True,-1.6737366914749146,-0.1910729706287384
105,1800,Today I am not feeling the most comfortable and confident about the future . Hardships in my personal life are starting to make me more nervous today and hoping that will pass . I am tired because of my night shift but hard time falling asleep at the moment . Soon I will be more comfortable but I know hard times pass .,2024-11-21 12:00:52,7,False,-2.0,0.0,True,-0.09065278619527817,1.1645489931106567
105,1801,Could be better . I feel well rested but still stressing . Hoping that this feeling will go away but will take it one day at a time . I am hungry since I just woke up and need to eat . Also looking forward to something with my family that’s coming soon so can’t wait for that .,2024-11-21 17:05:28,7,False,-2.0,0.0,True,0.7510473132133484,0.7076752185821533
105,1802,I am tired and have a headache . I am getting hungry because I didn’t have breakfast but not sure what to eat . I am sluggish from the lack of sleep but will be taking a nap soon . I am hopeful for the future because if I don’t then negativity drown my thought .,2024-11-22 17:00:48,7,False,-1.0,1.0,True,-1.6782810688018799,0.024793554097414017
105,1803,Tired and sluggish since I just woke up but lazy as well . Not in the mood to get up to cook but need to start making dinner . Not really excited about work tonight but at least I have my days off ahead to look forward to . Those are my relaxing nights since I can sleep in my own bed . Happy to be spending time with family soon .,2024-11-22 22:01:05,7,False,-1.0,0.0,True,-0.8575446605682373,-0.1310076117515564
105,1815,"Tired , Uncertain , Neutral , Unsure , Confused",2024-11-23 12:07:57,7,True,-2.0,0.0,True,-0.05911732837557793,0.8718005418777466
105,1816,I am currently starving since I haven’t eaten and been up for a while . Got no sleep this morning since my daughter got up to early so running on a hour of sleep . Hopefully I’ll be able to rest fine when I can sleep but will be doing that soon . I am ok because of exhaustion so can’t tell you how my emotions are because of tiredness .,2024-11-23 17:12:44,7,False,-1.0,2.0,True,-0.5436888933181763,0.07870911061763763
105,1817,Jittery this morning since I did not get a good nights sleep . Happy to see my family today for my brothers birthday so we will be having fun together . Nervous to pay a bill to lose my WiFi but will be able to still enjoy my time . Also happy to know my family will be together to celebrate thanksgiving .,2024-11-24 12:06:04,7,False,-1.0,2.0,True,-0.8272252678871155,1.3716328144073486
105,1818,"Neutral , Uncomfortable , Uncertain , Sluggish , Pain",2024-11-25 12:10:39,7,True,0.0,1.0,True,0.04834524169564247,1.0727026462554932
105,1820,"Tired , Unmotivated , Neutral , Content , Lazy",2024-11-25 22:34:54,7,True,-2.0,0.0,True,-0.03934645652770996,0.8060231804847717
105,1821,"Thirsty , Tired , Hungry , Annoyed , Pain",2024-11-26 17:20:42,7,True,0.0,1.0,True,-0.45209383964538574,0.48002204298973083
106,1832,"Upset , Resentful , Emotional , Unhappy , Frustrated",2024-10-20 12:40:12,7,True,-2.0,1.0,True,-1.2523467540740967,1.4035133123397827
106,1833,"I feel very overwhelmed from the last couple of days . I’m more calmed down now , but not completely relaxed . I feel a bit hopeless about the problems I’m facing but am trying to distract myself by doing things I enjoy .",2024-10-21 12:00:40,7,False,0.0,1.0,True,0.711207926273346,1.156454086303711
106,1834,"Annoyed , Irritated , Angry , Frustrated , Confused",2024-10-21 22:27:11,7,True,-1.0,2.0,True,-0.669096827507019,1.609155297279358
106,1835,"Mild , Congested , Ambivalent , Tired , Sleepy",2024-10-22 12:32:44,7,True,1.0,0.0,True,-1.1392472982406616,0.2755330801010132
106,1836,"I’m feeling less sick and more energetic . I’m still stressed and uneasy , but less so than I have been recently . I’ve been distracting myself by doing things I enjoy and that’s helped me feel better . I’m hopeful that my mood will improve .",2024-10-22 22:04:59,7,False,0.0,1.0,True,-0.36361148953437805,1.4210460186004639
106,1837,"I’m in a better mood than I have been lately . I feel energetic and positive . While I am still stressed and uneasy , I have found comfort in spending time with others . I feel more motivated to do things I enjoy and leave my house besides going to work .",2024-10-23 12:11:48,7,False,1.0,0.0,True,0.7511060833930969,1.7059227228164673
106,1838,"I’m still sick . My symptoms feel like they’re improving , but earlier I had a coughing fit that was irritating and painful . I’m going to go to sleep soon so I’m looking forward to that . I feel lonely and tired . I miss a lot of people who used to be in my life that are hard to keep in touch with .",2024-10-23 22:07:23,7,False,0.0,1.0,True,-1.475542664527893,0.5110743045806885
106,1839,I’m looking forward to the weekend . I have fun plans and that’s helping improve my mood . I’m still sick and I’m really tired but I don’t feel bothered by anything . I think today will be a good day and that has put me in a good mood .,2024-10-24 12:31:06,7,False,1.0,0.0,True,1.130378246307373,1.4140812158584595
107,1859,I had a lot of trouble falling asleep last night . I tried everything I could think of to help me fall asleep but none of it worked . So now I am very tired and my heart is beating very fast (possibly due to anxiety) .,2024-08-11 12:00:46,7,False,-2.0,0.0,True,-1.5730887651443481,0.24400576949119568
107,1860,"I went out to get some coffee and food with a friend . We had a good chat . But for reasons unknown even to me , I started to feel really down after we parted ways . Now I am sitting in my room and crying . I hate my life and I hate myself .",2024-08-11 17:00:34,7,False,-2.0,1.0,True,-1.1119141578674316,1.2696014642715454
107,1861,"I was feeling intense emotions earlier , so I journaled about all those complicated feelings . I am feeling calmer now . I understand that I am going through a very difficult time , and I need to be extra kind and patient with myself . I have survived worse in the past , and I will get through this too .",2024-08-11 22:07:02,7,False,-1.0,1.0,True,0.07126067578792572,1.277174711227417
107,1863,"Tired , Lethargic , Mellow , Chill , Easygoing",2024-08-12 12:00:35,7,True,0.0,0.0,True,0.3157377541065216,0.42588144540786743
107,1864,"I am feeling kind of stuck . On one hand , I am too tired to do the things I want to do , so I feel stressed out about it which causes me to not sleep well at night , which in turn results in me feeling tired during the day and it has become this vicious cycle . I understand that I need to be gentle with myself but I also do not want to use that as an excuse to forgo my responsibilities .",2024-08-12 17:05:54,7,False,-1.0,0.0,True,-1.373965859413147,0.5113281011581421
107,1865,"After taking a two-hour nap , I finally felt more energetic . I accomplished a lot of chores and some tasks related to work . Although my sadness did not go away , I did not let it stop me from doing things and taking care of myself .",2024-08-12 22:11:59,7,False,0.0,1.0,True,0.20779146254062653,1.2008068561553955
107,1866,"I had a lot of trouble falling asleep last night . I think it was because I had too much tea and took a nap in the afternoon . So I am feeling very tired this morning . Also , I have 3 interviews tomorrow which I am very nervous about .",2024-08-13 12:13:28,7,False,-1.0,0.0,True,-1.3912527561187744,0.39945751428604126
107,1867,"Tired , Drained , Numb , Lost , Sad",2024-08-13 17:07:37,7,True,-2.0,0.0,True,-1.2820093631744385,0.26706862449645996
107,1868,"Sad , Down , Numb , Tired , Lonely",2024-08-13 22:00:39,7,True,-1.0,1.0,True,-1.213273525238037,0.7582767009735107
107,1869,"Content , Motivated , Ok , Productive , Supported",2024-08-14 17:44:17,7,True,1.0,0.0,True,0.5569515228271484,1.4743674993515015
107,1870,"After a long day , I am hanging out with some friends . It is nice to be in the company of people who have a good sense of humor and support me . I feel better now even though it was a rough day for me otherwise . So that was good .",2024-08-14 22:03:29,7,False,0.0,1.0,True,0.6897343993186951,1.050986647605896
107,1871,I am feeling extremely exhausted . I just took a two-hour nap and am still feeling tired . I tried to push myself to get up and do something but I just feel like I am going to fall asleep at any given moment .,2024-08-15 17:05:44,7,False,-2.0,0.0,True,-1.8243894577026367,-0.10111010074615479
107,1872,"Tired , Motivated , Content , Cozy , Connected",2024-08-16 12:01:59,7,True,0.0,0.0,True,0.17022278904914856,0.4677467346191406
107,1874,I am feeling a mix of emotions right now : a little bit overwhelmed by all the things that I have to do ; sad about my current life situation ; and stressed out about my job search and starting my own business .,2024-08-16 17:09:43,7,False,-1.0,1.0,True,-0.5646672248840332,1.4608408212661743
107,1875,"Sluggish , Drained , Numb , Pessimistic , Lonely",2024-08-16 22:01:36,7,True,-2.0,0.0,True,-1.7961113452911377,0.19284489750862122
107,1876,"Active , Motivated , Productive , Tired , Sleepy",2024-08-17 12:01:29,7,True,0.0,2.0,True,-0.05056711658835411,1.6507586240768433
107,1877,"Sad , Down , Tired , Lethargic , Lonely",2024-08-17 22:21:37,7,True,-1.0,1.0,True,-1.1651370525360107,0.7878639101982117
119,2478,"Happy , Thirsty , Content , Lazy , Glad",2024-10-20 22:01:51,7,True,2.0,2.0,True,1.3537189960479736,0.9393406510353088
119,2479,"Okay , Chill , Happy , Comfortable , Nice",2024-10-21 22:01:00,7,True,0.0,1.0,True,1.236100673675537,0.6950111389160156
119,2480,"Nervous , Hungry , Tired , Excited , Calm",2024-10-24 17:26:33,7,True,-1.0,2.0,True,0.143494114279747,1.5694177150726318
119,2481,"I feel like crying a bit , and maybe alot . My ear is hurting and i’ve been more sensitive with the wind as it hits my ear . It doesn’t help when there’s an instrument by in my ear constantly for marching band .",2024-10-25 17:13:50,7,False,-1.0,1.0,True,-0.9781447649002075,1.002699375152588
119,2483,"Quiet , Hungry , Longing , Tired , Cold",2024-10-28 22:00:44,7,True,0.0,0.0,True,0.06017981842160225,0.4422239661216736
120,2510,"I am content and calm after having a great day . I am ready to relax and wind down for the night . I am excited for tomorrow to come and am anticipating a very light , easy day at work + plans with friends .",2024-11-07 22:48:34,7,False,2.0,0.0,True,1.616456151008606,0.096725694835186
120,2511,"sluggish , tired , excited , content , thoughtful",2024-11-08 12:46:36,7,True,-2.0,0.0,True,-1.5098820924758911,-0.06877264380455017
120,2513,"content , calm , reflective , grateful , cheerful",2024-11-08 22:38:18,7,True,2.0,0.0,True,1.7600328922271729,0.30249929428100586
120,2514,"quiet , exhausted , drained , sleepy , satisfied",2024-11-09 22:54:45,7,True,0.0,0.0,True,-1.2602288722991943,-0.11160743236541748
120,2515,"sluggish , tired , annoyed , dissatisfied , questioning",2024-11-10 12:26:28,7,True,-1.0,0.0,True,-1.6639604568481445,0.03809622675180435
120,2516,I am happy because I found out today is a national holiday and therefore I don ' t have to work since it ' s a company holiday too . I am excited because I now have time to complete errands and enjoy the downtime with my family . I am pondering what I can do today for fun .,2024-11-11 12:53:21,7,False,1.0,1.0,True,1.1973145008087158,1.4143645763397217
120,2517,"quiet , satiated , content , tired , sleepy",2024-11-11 22:02:09,7,True,0.0,0.0,True,0.5232086181640625,0.030110418796539307
120,2518,"sluggish , tired , drained , sleepy , concerned",2024-11-12 22:02:01,7,True,-2.0,0.0,True,-1.8452855348587036,-0.15027457475662231
120,2519,"jittery , nervous , on edge , stressed , annoyed",2024-11-13 12:44:14,7,True,-2.0,2.0,True,-1.1907624006271362,1.791590929031372
120,2520,"confused , sluggish , tired , annoyed , irritated",2024-11-13 17:23:11,7,True,-1.0,0.0,True,-1.6799280643463135,0.3354189395904541
120,2521,"neutral , calm , collected , content , relaxed",2024-11-13 22:02:01,7,True,0.0,1.0,True,0.25851160287857056,0.9581752419471741
120,2522,I am feeling content having finished up a tough work week . I am feeling happy having met up with friends .   I am feeling quiet as I decompress through meditation and relaxing yoga . I am feeling tired as I go through my nightly routine,2024-11-15 22:07:03,7,False,2.0,0.0,True,1.024297833442688,0.12360074371099472
122,2601,"Calm , Neutral , Fine , Bored , Tire",2024-09-05 12:06:15,7,True,0.0,1.0,True,0.32931023836135864,1.0249409675598145
122,2602,"I am currently feeling okay right now . It is getting late in the afternoon for this workday , and I feel like the day is going by quite slowly . I am a bit tired , maybe a little bored , and am looking forward to attending a local baseball game tonight . It should be a fun time .",2024-09-05 17:06:05,7,False,1.0,1.0,True,0.8643798232078552,0.724868655204773
122,2603,"Content , Calm , Relaxed , Happy , Joyful",2024-09-05 22:55:03,7,True,2.0,0.0,True,2.0426716804504395,0.16267403960227966
122,2604,"Okay , Fine , Neutral , Unemotional , Blank",2024-09-06 17:15:22,7,True,0.0,1.0,True,0.1349431723356247,1.0378044843673706
122,2605,"Calm , Okay , Content , Fine , Happy",2024-09-07 17:09:15,7,True,0.0,1.0,True,1.2418988943099976,0.38451504707336426
122,2606,"I am feeling fairly good right now because it is Saturday night and I am home and just relaxing . We had some family visiting our home earlier today , which was an enjoyable experience . I am very excited for the upcoming start of the ORG football season , which begins tomorrow at 10AM",2024-09-07 22:05:13,7,False,1.0,1.0,True,0.9777965545654297,0.8695850372314453
122,2607,"Happy , Joyful , Great , Good , Content",2024-09-08 17:01:17,7,True,1.0,1.0,True,1.8448654413223267,0.8345663547515869
122,2608,"Okay , Fine , Neutral , Blank , Meh",2024-09-08 22:27:30,7,True,0.0,1.0,True,0.16016821563243866,0.9315628409385681
122,2609,"Active , Alert , Productive , Caffeinated , Good",2024-09-09 12:06:58,7,True,0.0,2.0,True,0.3045361340045929,1.7213022708892822
122,2611,"I am currently feeling okay at the moment . I am almost done with today ' s workday (on Tuesday September 10th) and I am pretty glad that this day is nearly over . I am feeling just a little bit stressed , but more so tired",2024-09-10 17:10:58,7,False,0.0,1.0,True,1.3329864740371704,0.533576488494873
122,2612,"I am feeling okay right now . It is almost the end of today ' s workday , and I had a few stressful moments earlier today in which my manager learned of some mistakes I had made on one of my analyses . I do not think it is going to turn into a big deal in the future , but it did make me a bit upset in the moment .",2024-09-11 17:10:09,7,False,0.0,1.0,True,0.09056766331195831,1.0994300842285156
122,2613,"It is currently Wednesday evening at 8 : 17PM , and I am feeling fairly happy right now . My wife and I finished dinner and are next going to look for something entertaining to watch on ORG or ORG . I am also glad that the hot weather is over and we are back to normal GPE  weather .",2024-09-11 22:17:13,7,False,1.0,1.0,True,1.2179402112960815,1.048216700553894
127,2926,"Today , I feel neutral . It’s like I’m just hanging out in this middle zone where nothing’s super exciting , but nothing’s really bothering me either . I’m not overly happy or sad , just kind of ... there . It’s like when you’re listening to a song that’s just okay ; you’re not skipping it , but you’re not jamming out to it either . \nI’m just going through the day without any big highs or lows . I’m not super pumped to do anything , but I’m not dreading anything either . It’s almost like I’m just on autopilot , letting things happen without getting too wrapped up in them . It feels kind of chill , like a break from all the usual ups and downs .",2024-09-24 12:26:12,7,False,0.0,1.0,True,0.3070777356624603,1.197854995727539
127,2927,"I ' m really happy right now because everything in my life feels like it’s going in the right direction . I’m surrounded by people who make me smile and support me , and that makes a huge difference . It’s like every day brings something good , even if it’s just enjoying a nice walk or hanging out with friends . \nI’ve had some tough times , but those moments make me appreciate this happiness even more . Now , I feel more confident , and I’m learning to just go with the flow . I’ve realized that even the small things , like listening to my favorite music or having a good meal , can bring a lot of joy . This happiness makes me feel lighter , more positive , and excited for what’s next .",2024-09-24 17:00:41,7,False,1.0,2.0,True,1.3980541229248047,1.3137388229370117
127,2928,"Today , I feel really sad . Everything just feels heavier than usual , and it’s like nothing makes sense . I woke up hoping it would be a good day , but it’s just hard to shake off this feeling . The things that used to make me smile don’t feel the same , and it’s tough to find any motivation .\ n \ nI’m trying to stay positive , but it’s like my mind is stuck on everything that’s wrong . I know I’m not the only one who feels this way , but it still feels lonely . I wish I could snap out of it and feel better , but today , it’s just not that easy . For now , I’m just letting myself feel what I feel , hoping tomorrow will be different .",2024-09-25 12:02:56,7,False,-2.0,1.0,True,-1.0367166996002197,1.0323092937469482
127,2929,"Today , I feel pretty neutral . It’s like I’m just going through the day without feeling super happy or really sad . I’m not excited about anything , but I’m not upset either . It’s just one of those days where everything feels kind of average , like I’m just here and things are happening around me . Nothing is really bothering me , but nothing is making me feel great either . It’s a bit like coasting , where I’m just moving along with whatever’s happening without getting too caught up in it . It’s not a bad feeling , just kind of calm and chill , like I’m in the middle , not leaning one way or the other .",2024-09-25 17:01:48,7,False,0.0,1.0,True,0.377778559923172,1.1857459545135498
127,2930,"Happy , Sad , Mad , Content , Glad",2024-09-25 22:04:50,7,True,-1.0,2.0,True,1.195393443107605,1.0113028287887573
127,2931,"Right now , I ' m feeling really jittery , like I’ve had way too much caffeine . My hands are kind of shaky , and I feel restless , like I just can’t sit still . It’s like my mind is racing with a bunch of thoughts all at once , and it’s making it hard to concentrate . My heart feels like it’s beating a bit faster , and it’s giving me this nervous , uneasy feeling . It’s almost like I’m excited or anxious , but I’m not really sure why . I just feel all this energy inside me , and it’s hard to calm down . This jittery feeling makes me want to move around , but at the same time , it’s kind of frustrating because I just want to feel normal and relaxed again . It’s like I need to take a deep breath and chill , but my body and mind just won’t let me right now .",2024-09-26 12:21:35,7,False,-1.0,1.0,True,-1.080054521560669,1.5088849067687988
127,2932,"Today , I’m feeling pretty neutral . It’s one of those days where nothing seems to be too exciting or too upsetting . I’m just kind of going through the motions , getting things done as usual . There’s no real sense of happiness or sadness ; everything just feels like it ' s on a flat line . It’s not like I’m having a bad day or anything , but I wouldn’t say it’s a great day either . It’s just… a day . Sometimes , it feels like life is on autopilot , and today’s definitely one of those times . I’m not really focused on anything special , and nothing around me is really catching my attention . It’s like I’m stuck in the middle , just coasting along without any big highs or lows . Maybe tomorrow will bring something different , but for now , I’m just okay with things being this way . It’s actually kind of nice not to have any extreme emotions taking over . Sometimes , being neutral is just the break you need before things pick up again . So , I’ll just keep going , taking things one step at a time , and see where this day takes me .",2024-09-26 17:31:47,7,False,0.0,1.0,True,0.39643675088882446,1.2794623374938965
127,2934,"happy , estatic , relaxed , content , blessed",2024-09-27 12:05:55,7,True,2.0,1.0,True,1.660237193107605,0.8154727816581726
127,2935,"glad , mad , sad , happy , tired",2024-09-27 17:25:24,7,True,2.0,1.0,True,0.952164888381958,1.058304786682129
127,2936,"Right now , I ' m feeling really jittery , like I’ve had way too much caffeine . My hands are kind of shaky , and I feel restless , like I just can’t sit still . It’s like my mind is racing with a bunch of thoughts all at once , and it’s making it hard to concentrate . My heart feels like it’s beating a bit faster , and it’s giving me this nervous , uneasy feeling . It’s almost like I’m excited or anxious , but I’m not really sure why . I just feel all this energy inside me , and it’s hard to calm down . This jittery feeling makes me want to move around , but at the same time , it’s kind of frustrating because I just want to feel normal and relaxed again . It’s like I need to take a deep breath and chill , but my body and mind just won’t let me right now .",2024-09-27 22:31:42,7,False,-1.0,0.0,True,-1.080054521560669,1.5088849067687988
127,2937,"Live , Happy , Blessed , Content , Estatic",2024-09-28 12:50:41,7,True,2.0,2.0,True,1.296864628791809,1.1402969360351562
127,2938,"Sad , Mad , Glad , Content , Upset",2024-09-28 17:01:10,7,True,0.0,1.0,True,-0.3600271940231323,0.8987733721733093
127,2939,"Today , I feel full of energy and excitement . I woke up refreshed , and everything seems brighter . I’m moving with a bounce in my step , and even simple things are making me smile . It’s a day where I feel ready to take on anything , enjoying every moment with enthusiasm .",2024-09-28 22:47:35,7,False,2.0,2.0,True,1.15276038646698,1.7481447458267212
133,3110,"Happy , Existed , Delightful , Comfortable , Loved",2024-09-18 17:13:59,7,True,0.0,2.0,True,1.7437936067581177,0.7371187806129456
133,3111,"Right now , I’m feeling a deep sense of happiness that seems to permeate every part of my day . It’s that kind of joy where everything feels a little brighter , and even the smallest moments bring a smile to my face . Whether it’s a chat with a friend , a quiet moment with a book , or just the pleasure of a sunny day , I’m savoring it all .",2024-09-18 22:06:35,7,False,1.0,1.0,True,1.3284980058670044,1.2854725122451782
133,3112,"Happy , Delightful , Loved , Wonderful , Great",2024-09-19 12:01:27,7,True,1.0,1.0,True,1.5829600095748901,0.9225286841392517
133,3114,"Right now , I ' m feeling pretty hopeful and motivated , to be honest . I reached out for help with singing , which is something I ' m really passionate about , and I ' m excited to see some improvement . There ' s this sense of anticipation building up inside me , like I ' m on the verge of unlocking a new level of self-expression . My mind is buzzing with the possibilities - imagining myself belting out my favorite tunes with confidence , connecting with others through music , and maybe even discovering a newfound talent . It ' s like a spark has been lit , and I ' m eager to fan the flames . I ' m also feeling a tad nervous , wondering if I ' ll be able to overcome my vocal limitations , but mostly I ' m just ready to dive in , learn , and have fun with the process .\ n",2024-09-19 17:00:43,7,False,1.0,1.0,True,0.738315761089325,1.842590570449829
133,3115,"Happy , Delightful , Grateful , Loved , Graceful",2024-09-20 12:01:35,7,True,2.0,1.0,True,1.678074836730957,0.9303023815155029
133,3116,"Happy , Grateful , Delightful , Hopefull , Loved",2024-09-20 17:15:06,7,True,1.0,1.0,True,1.5463461875915527,1.045928716659546
133,3117,"Delightful , Grateful , Happy , Loved , Excited",2024-09-22 22:00:44,7,True,0.0,1.0,True,1.6691001653671265,1.0060440301895142
133,3118,"Happy , Delightful , Excited , Loved , Grateful",2024-09-23 12:03:23,7,True,0.0,1.0,True,1.6658506393432617,1.0786516666412354
133,3119,"I feel like I’m juggling a million thoughts at once , and it ' s exhausting . Some days , it’s hard to find my focus , and everything just seems to blur together . I really need a moment to pause and regroup , you know . But I feels better",2024-09-23 17:40:12,7,False,-1.0,1.0,True,-1.1400177478790283,1.0389615297317505
133,3120,"Excited , Happy , Delightful , Grateful , Loved",2024-09-24 22:59:31,7,True,0.0,1.0,True,1.6711574792861938,1.2021394968032837
133,3121,"Moody , Delightful , Grateful , Okay , Loved",2024-09-25 12:03:05,7,True,0.0,1.0,True,0.8979111909866333,0.8380259871482849
134,3139,"Excited , Nervous , Anxious , Happy , Active",2024-10-23 17:03:57,7,True,1.0,2.0,True,0.7957011461257935,1.9141038656234741
134,3140,"Happy , Rested , Excited , Enthuiastic , Lively",2024-10-24 12:01:06,7,True,1.0,2.0,True,1.5671303272247314,1.1182113885879517
134,3141,I am feeling frustrated because I had to go to the doctor for a checkup today when I didn ' t want to . I made a weird comment that made me feel ashamed . I felt weird and strange today . And I have homework due soon .,2024-10-24 22:11:34,7,False,0.0,1.0,True,-1.3544644117355347,1.2400270700454712
134,3142,"Anxious , Fearful , Awful , Sad , Nervous",2024-10-25 12:01:09,7,True,-2.0,2.0,True,-1.1602550745010376,1.6505659818649292
134,3143,"Groggy , Anxious , Nervous , Sad , Weird",2024-10-26 17:00:52,7,True,-1.0,0.0,True,-1.5347484350204468,1.237949013710022
134,3144,I am feeling horrible because I laid in bed all day . I really need to do my math homework but I haven ' t which makes me feel useless . I want to go to sleep but never wake up again . I am a failure . I hate being a failure .,2024-10-27 17:50:24,7,False,-2.0,0.0,True,-1.7908426523208618,0.7057881355285645
134,3145,I did not get out of bed until 6 P . M . today which made me feel useless . My friend could have helped me with my math homework but instead I wanted to be a piece of shit and now I ' m forced to do it alone by myself . I wish I wasn ' t a lethargic idiot all the time .,2024-10-27 22:05:03,7,False,-2.0,0.0,True,-1.5497198104858398,0.15113571286201477
134,3147,"Forgetful , Anxious , Needy , Weary , Stupid",2024-10-28 12:39:01,7,True,-2.0,0.0,True,-0.546820342540741,1.5407651662826538
134,3148,"I feel awkward and stupid because I accidentally bumped into someone ' s rear mirror and they said ""What The Fuck "" to me . I didn ' t mean to . It made me feel like shit . I feel terrible and useless . I also was late to math class today .",2024-10-28 17:02:18,7,False,0.0,0.0,True,-1.2100046873092651,1.165565848350525
134,3149,"I am okay . I have to do a JavaScript assignment which I ' m dreading because I really don ' t want to do any work right now . I feel really useless because I did not go to math class today which makes me feel awful . I did get checkers though , however I overate , which made me feel awful .",2024-10-28 22:02:43,7,False,-2.0,0.0,True,-0.3377971649169922,0.6940250992774963
134,3150,I slept through both of my alarms which made me feel awful about myself . I ended up getting a school late now I ' m sitting in the parking lot and I feel like a failure . I went to bed early and this still happened . I feel bad .,2024-10-29 12:26:17,7,False,-2.0,0.0,True,-1.6989907026290894,0.8305827975273132
134,3151,"I am very loopy today . Also , I missed math class today . Not all of it though , better than nothing ! I felt very anxious today , like I was going to die . But it went away ! I hope things get better . I ' m looking forward to going home .",2024-10-29 17:02:47,7,False,1.0,1.0,True,-0.6345998644828796,1.5691282749176025
134,3152,I am feeling useless because I was late to Math Class today . I did not feel good today . I was anxious today because I took an edible and it kicked in 2 hours later as a full blown panic attack . I also binge ate .,2024-10-29 22:00:48,7,False,-2.0,0.0,True,-1.7244733572006226,0.9483833312988281
139,3509,"I ' m more confident , outgoing and willing to engage . Mood swings might lurk , but overall , I ' m feeling uplifted . My thoughts flow freely , though clarity takes a hit , I ' m feeling somewhat relaxed and calm , with a gentle sense of euphoria washing over me . My worries seem to fade away , replaced by a carefree attitude and increased sociability .",2024-11-19 17:38:25,7,False,1.0,0.0,True,1.3447051048278809,1.2642040252685547
139,3510,"Happy , Active , Lively , Cool , Calm",2024-11-19 22:03:53,7,True,1.0,1.0,True,1.4958356618881226,1.4249268770217896
139,3511,"I currently feel enveloped in relaxation , with a soothing calmness spreading throughout my body . My mind unwinds , shedding worries and inhibitions , as a warm sense of euphoria takes hold . my worries seems fade away , replaced by I don’t care attitude",2024-11-20 12:10:43,7,False,1.0,0.0,True,1.3823347091674805,0.6274073719978333
139,3512,"Happy , Lively , Excited , Cool , Calm",2024-11-20 17:02:36,7,True,2.0,1.0,True,1.618746280670166,1.315122127532959
139,3513,"My senses are slightly dulled , coordination requires focus , and reactions slow . Mild dizziness and numbness creep in .\ nEmotions swing toward increased confidence , sociability and joy . Mood swings are possible .\ nThought clarity decreases , focus blurs and judgment becomes slightly impaired .\ n",2024-11-20 22:02:27,7,False,1.0,1.0,True,-0.5600436329841614,0.9740133881568909
139,3515,"Reserved , Serene , Anxious , Calm , Happy",2024-11-21 12:01:58,7,True,0.0,1.0,True,0.8618370294570923,0.8106357455253601
139,3516,"Relaxed , Calm , Cool , Neutral , Serene",2024-11-21 17:03:48,7,True,0.0,1.0,True,0.8282630443572998,0.6899840235710144
139,3517,"I ' m feeling delightfully buzzed , with a pleasant haze enveloping my thoughts and a warm , tingling sensation coursing through my body . My worries have melted away , replaced by a carefree euphoria that ' s making me giggle more easily and connect with those around me on a deeper level .\ n",2024-11-21 22:02:22,7,False,0.0,2.0,True,1.1648509502410889,1.2615834474563599
139,3518,"Calm , Relaxed , Delightful , Chilled , Gentle",2024-11-22 12:03:30,7,True,2.0,0.0,True,1.6792008876800537,0.20286545157432556
139,3519,"Calm , Relief , Content , Cool , Happy",2024-11-22 17:28:18,7,True,1.0,0.0,True,1.699050784111023,0.21054834127426147
139,3520,"Vibrant , Warm , Carefree , Cool , Quiet",2024-11-22 22:04:19,7,True,0.0,1.0,True,1.5251293182373047,1.2329083681106567
139,3521,"\nI ' m feeling utterly intoxicated , with a swirling vortex of thoughts and sensations that ' s making it challenging to focus or think clearly . My body feels heavy and uncoordinated , as if my limbs are disconnected from my brain . The room around me is spinning , and I ' m struggling to maintain my balance .\ n",2024-11-23 12:39:44,7,False,-1.0,1.0,True,-0.5887337923049927,1.3901395797729492
139,3522,"I feel my cognitive faculties rapidly deteriorating , like a ship losing anchor in a stormy sea . My thoughts are disjointed and fragmented , making it difficult to articulate coherent sentences or follow conversations . The world around me has become distorted , with colors blurring together and sounds becoming muffled .\ n",2024-11-23 17:04:54,7,False,-1.0,1.0,True,-1.5910946130752563,0.8208191394805908
139,3523,"Anxious , Stressed , Tired , Hopeless , Calm",2024-11-23 22:03:11,7,True,0.0,1.0,True,-0.9604824185371399,1.3818213939666748
139,3524,"I ' m experiencing a loss of motor control , with my limbs feeling like lead weights that refuse to obey my brain ' s commands . My vision is blurry , and my sense of balance is severely impaired , making every step a precarious adventure . The room ' s spinning , and I ' m clinging to whatever solid object I can find to prevent myself from toppling over .\ n",2024-11-24 12:16:26,7,False,0.0,1.0,True,-1.481683373451233,0.8274692296981812
139,3526,"Calm , Observant , Quiet , Dull , Reserved",2024-11-24 17:02:42,7,True,0.0,1.0,True,0.6875121593475342,0.3639175295829773
139,3527,"Calm , Content , Quiet , Reserved , Cool",2024-11-25 12:23:11,7,True,2.0,0.0,True,1.64690363407135,0.009741168469190598
139,3528,"I ' m feeling rather chill and relaxed , like the tension in my body has dissipated , leaving me with a warm , fuzzy sensation . My thoughts are still clear , but my mind has shifted gears , and I ' m now cruising at a leisurely pace , enjoying the gentle buzz . The gentle warmth spreading through my veins is soothing , calming my nervous system and quieting my racing thoughts .\ n",2024-11-25 17:34:10,7,False,1.0,1.0,True,0.8487662076950073,0.4618871212005615
139,3529,"I notice my muscles unwinding , releasing the pent-up stress and anxiety of the day . The gentle warmth spreading through my veins is soothing , calming my nervous system and quieting my racing thoughts . My senses remain sharp , but my perception has softened , allowing me to view the world with a more relaxed , laid-back attitude .\ n",2024-11-25 22:02:50,7,False,2.0,0.0,True,0.566142201423645,1.0101240873336792
140,3554,The reason that I feel the way that I do is because I have had an long and tiring day so far but even though I was able to do that that I was able to take an moment to myself and I was able to be thankful for what I do have .,2024-08-15 17:13:41,7,False,0.0,1.0,True,0.2176528424024582,0.979198694229126
140,3555,The way that I am feeling right now would be tired . The reason that I would say this is because for me it has been an long day for me and I also have been sore but overall i would say that it still has been an good day .   Also I enjoy that I have been able to spend time with family today,2024-08-15 22:21:52,7,False,-2.0,0.0,True,0.11681650578975677,0.697548508644104
140,3556,"Peace , Good , Fine , Decent , Happy",2024-08-16 12:07:51,7,True,2.0,0.0,True,1.3439018726348877,0.473040372133255
140,3557,I would say the way that I am feeling right now is because I am tired . The reason that I say I am tired is because it had been an day when I had long days so that was something that had made me tire .,2024-08-16 17:00:57,7,False,0.0,1.0,True,-0.9081318974494934,0.41137903928756714
140,3558,The reason that I feel calm is because I got to the end of my day where I am able to relax more now and also probley be able to watch an movie . Also another reason that I feel this way is because I had an pretty good day today .,2024-08-16 22:03:57,7,False,2.0,0.0,True,1.4787169694900513,0.5843557119369507
140,3559,"Good , Happy , Peaceful , Na , Na",2024-08-17 12:03:34,7,True,2.0,0.0,True,1.6975992918014526,0.5462853312492371
140,3560,"Good , Happy , Peaceful , Content , Na",2024-08-17 22:08:29,7,True,2.0,0.0,True,1.7788962125778198,0.5178568959236145
140,3561,"Calm , Good , Peaceful , Relaxed , Na",2024-08-18 17:11:49,7,True,0.0,1.0,True,1.5527514219284058,0.09382264316082001
140,3562,I would say the way that I am feeling is tired and also stressed out . The reason that I am saying this is because the stove went out so that is making it an long and also tiring day . Also the reason for this is because it had put me into further debt then I had wanted to be .,2024-08-18 22:02:35,7,False,-2.0,0.0,True,-1.135149359703064,0.41778257489204407
140,3564,The way that I am feeling is tired right now and the reason for that is because it is cooler weather outside instead of it being hot outside . Also because of rhe weather that is something that also is making me happy also .,2024-08-19 12:01:24,7,False,-2.0,0.0,True,0.6542611122131348,0.9255946278572083
140,3565,"Good , Fine , Intriguing , Calm , Happy",2024-08-19 17:09:51,7,True,2.0,0.0,True,0.8991230130195618,0.8132596611976624
140,3566,I would say the way that I am feeling right now would be calm and also peaceful .   The reason that I say this is because it is the end of the day where I usally am able to relax and do something like watching an movie .,2024-08-19 22:09:39,7,False,2.0,0.0,True,1.328214406967163,0.23287028074264526
140,3567,The way that I am feeling right now is ok but also quiet and also tired at the same time also . I would say the reason that I feel that way is because it is comtable out but I am also able to relax right now also to .,2024-08-20 12:00:48,7,False,0.0,0.0,True,0.4310166537761688,0.23808911442756653
140,3568,I would say that I am feeling right now would be content and also happy . The reason for that is because I was able to spend time with family and also able to relax today also . Also another thing that I was able to do was to go into the garden which is relaxing .,2024-08-20 17:03:07,7,False,0.0,1.0,True,1.492749810218811,0.46219635009765625
140,3569,I would say the way that I am feeling would be good and also I would be calm because I have had an decent day also . Also I would say this is because it is an day that I had to enjoy . Also it was an day that I got to spend with friends,2024-08-20 22:00:47,7,False,0.0,1.0,True,1.3099801540374756,0.7520932555198669
140,3570,"Busy , Stressed , Humming , Ok , Content",2024-08-21 17:03:41,7,True,0.0,2.0,True,0.780575692653656,1.246080756187439
140,3571,"Relaxed , Happy , Content , Na , Na",2024-08-21 22:24:49,7,True,2.0,0.0,True,1.9282302856445312,0.2847616374492645
145,3696,"tired , productive , happy , achy , sore",2024-08-14 17:01:36,7,True,1.0,1.0,True,0.4532056152820587,0.6246461272239685
145,3698,I am currently running errands today . I have a meeting at 4 pm and another one at 7 pm . I am eating a lime fruit bar and making chicken spring rolls for my boyfriend for his lunch . We will be traveling to the LOC tonight and our bus is at 9 : 30 pm,2024-08-15 17:08:51,7,False,1.0,2.0,True,0.1020851582288742,1.7762609720230103
145,3699,I feel tired because I stayed up late last night . I drank an iced coffee in the afternoon yesterday . And I usually do not do that because the caffeine keeps me up very late at night . I am tired today and wish it was sunny,2024-08-18 12:45:44,7,False,0.0,0.0,True,-1.2169288396835327,0.04816107451915741
145,3700,"My stomach is hurting today . I also have been drinking coffee . So that is probably why my stomach is hurting . It is another dark , depressing and rainy day . I hate when the weather gets like this because it makes me feel sad",2024-08-19 12:25:12,7,False,-1.0,2.0,True,-1.2933863401412964,1.0667939186096191
145,3701,I am feeling pretty good today . I had a healthy lunch and have also been very productive today . I had a healthy lunch and will also make a snack soon . I have been studying and also had meetings today . PERSON and I will get some Carvel later for their national ice cream day deal,2024-08-19 17:03:44,7,False,1.0,1.0,True,0.8181946873664856,1.3411011695861816
145,3702,"Busy , Productive , Fueled , Happy , Energetic",2024-08-20 12:50:33,7,True,1.0,2.0,True,1.0584105253219604,1.6284328699111938
147,3752,"Neutral , Calm , Hungry , Quiet , Watching TV",2024-10-21 12:06:19,7,True,0.0,1.0,True,0.17458361387252808,1.0318734645843506
147,3753,I am feeling very happy and content because it ' s beautiful outside and my friends and I are outside enjoying the beautiful weather . We want for a short walk with the dogs and then came back to the benches and have been sitting and talking and being one with nature .,2024-10-21 17:01:29,7,False,2.0,1.0,True,1.2567613124847412,0.6849528551101685
147,3754,"Neutral , Calm , Excited , Happy , Thrilled",2024-10-21 22:01:15,7,True,0.0,1.0,True,0.4301310181617737,1.290635108947754
147,3755,I am feeling very content and neutral just sitting and relaxing before I meet up with some friends for our daily walk . Then we are going to sit outside on this beautiful day and soak in the sun and be one with nature .,2024-10-22 12:01:15,7,False,0.0,1.0,True,0.6086064577102661,0.7925467491149902
147,3756,"Content , Happy , Relaxed , Sitting with nature , Calm",2024-10-22 17:02:04,7,True,0.0,1.0,True,1.900396704673767,0.21699413657188416
147,3757,I am very content right now I just ate dinner and now I am watching my reality shows and waiting for a new show I like to come on . I am also chatting online with a friend who lives far away from me and we catch up once a week .,2024-10-22 22:02:11,7,False,0.0,1.0,True,0.6196078658103943,0.5053107142448425
147,3758,"Calm , Neutral , Relaxed , On line in ORG office , PERSON",2024-10-23 12:03:35,7,True,0.0,1.0,True,0.2921237647533417,0.8663985729217529
147,3759,Feeling neutral right now sitting out with my friend and her dog . Socializing with our neighbors and talking about various subjects . Also sitting with the birds that we feed everyday and being one with nature .,2024-10-23 17:10:24,7,False,0.0,1.0,True,0.4470190107822418,0.8908300995826721
147,3760,I am very tired tonight I didn ' t sleep well last night I ' m actually up on 4 hours sleep and it has caught up to me . I just finished dinner so I can ' t lay down for a good while so I am just going to sit up and watch a little TV .,2024-10-23 22:05:20,7,False,-1.0,0.0,True,-1.160639762878418,0.07926535606384277
147,3761,I am in a neutral mood I ' m in my friends house that I am taking care of while he ' s in a rehab facility and also taking care of his cat . Then I ' m going to go outside for a daily walk with friends and their dogs then come back to my building and sit outside with nature .,2024-10-24 12:06:40,7,False,0.0,1.0,True,0.06585165858268738,1.1456458568572998
147,3762,I am feeling calm right now sitting out with my friends and their dogs and the birds . Enjoying the fresh air and conversating with my neighbors . Then I am going to an exercise class at my local library .,2024-10-24 17:01:13,7,False,0.0,1.0,True,1.1926873922348022,0.7425026893615723
147,3763,I am feeling very calm and content right now . I am watching my shows and relaxing . This evening I went to my exercise class and learned some new ways to exercise and met with some new people . Then I came home and had dinner before watching my shows .,2024-10-24 22:09:57,7,False,0.0,1.0,True,1.471372365951538,0.32208579778671265
147,3764,I am feeling very calm right now I am getting ready to go to my friends house to check on his cat and do whatever I need to do . Then I need to go bring him some stuff at the rehab where he is right now and after that go home and meet up with some friends and do our daily walk with their dogs then sit out for a while and take in the sun and fresh air .,2024-10-25 12:01:18,7,False,0.0,1.0,True,0.7158870100975037,1.191989779472351
147,3765,I am very tired I went on my errand earlier to bring some stuff to my friend in the rehab facility and I did a lot of running around so I am exhausted . Sitting out with my friends I didn ' t make our daily walk but I will tomorrow .,2024-10-25 17:10:39,7,False,-2.0,0.0,True,-1.7723194360733032,0.09178081899881363
147,3766,I am feeling content right now I ate dinner and now I am going to watch my favorite show ORG wrestling Smackdown . I love this show very much it brings me much joy . Then I am going to watch a movie I DVR ' d that I couldn ' t watch the other night .,2024-10-25 22:01:25,7,False,0.0,1.0,True,0.7985967397689819,0.47706103324890137
147,3767,"Calm , Relaxing , Watching TV , Just ate breakfast , Neutral",2024-10-26 12:34:23,7,True,0.0,1.0,True,1.0414838790893555,0.5341047644615173
147,3768,"Calm , Neutral , Relaxed , Quiet , Walking",2024-10-26 17:06:45,7,True,0.0,1.0,True,0.3291758596897125,0.9066053628921509
147,3769,I am very relaxed right now I am watching one of my favorite movies the sixth sense . They are running scary movies right now because of Halloween next week so I am really enjoying myself . Although some scary movies can cause me nightmares but I still like to watch them,2024-10-26 22:12:25,7,False,0.0,1.0,True,0.7816320657730103,0.8766829967498779
147,3770,"Quiet , Calm , Relaxed , Neutral , Getting ready to go for a walk",2024-10-27 12:01:15,7,True,0.0,1.0,True,0.3500211536884308,0.65765380859375
147,3771,"Calm , Relaxed , Walking with friends , Enjoying nature , Happy",2024-10-27 17:03:13,7,True,0.0,1.0,True,1.7289772033691406,0.18884360790252686
147,3772,I am very content right now I ate dinner and now I am watching one of my favorite movies Beetlejuice and when that is finished I am going to watch some wrestling . I am also going to try and watch another movie called pitch perfect if I don ' t get too tired .,2024-10-27 22:04:51,7,False,2.0,0.0,True,0.39410001039505005,0.3023296296596527
152,3876,"It is very warm so I am not feeling like going to the gym , but I probably will . All is good with me and I am interested in learning new things . I wish I could plan a trip but my wife’s physical condition precludes that .",2024-07-15 17:35:30,7,False,1.0,0.0,True,1.113541841506958,0.7806863188743591
152,3877,Feeling fine but a little pressed for time .\ nEverything is going well and I sm interested in learning new things .. Still disappointed that we cannot travel due to my wife’s disability . Happy to be seeing my children tonight .,2024-07-17 12:12:24,7,False,1.0,0.0,True,0.7841482758522034,0.8316825032234192
152,3878,"Calm , Satisfied , Interested , Proud , Lucky",2024-07-19 12:19:33,7,True,1.0,0.0,True,1.4457480907440186,0.47872695326805115
152,3879,"Pleased , Interestested , Concerned , Calm , Contemplative",2024-07-19 17:50:14,7,True,1.0,0.0,True,1.4291929006576538,0.7585359215736389
152,3880,"Calm , Interested , Concerned , Proud , Accomplished",2024-07-21 12:27:39,7,True,1.0,0.0,True,1.105821967124939,0.6594316959381104
152,3881,"relaxed , interested , concerned , diligent , proud",2024-07-21 17:44:52,7,True,2.0,0.0,True,1.1353871822357178,0.5186697840690613
152,3882,"GPE , Interested , Contemplating , Frieindly , busy",2024-07-22 17:06:54,7,True,1.0,0.0,True,0.4982982873916626,1.223668098449707
155,3950,"focused , overwhelmed , tired , determined , stressed",2024-11-10 12:46:45,7,True,-1.0,1.0,True,-0.0378388911485672,1.129479169845581
155,3951,I am feeling pretty exhausted and low energy and a little bit defeated . But overall I am feeling calm and relaxed and accepting of what happens happens . I am trying to stay calm and still be productive .,2024-11-10 17:30:39,7,False,-1.0,1.0,True,-0.41706395149230957,0.10465585440397263
155,3952,"Stressed , Overwhelmed , Jittery , Nervous , Tense",2024-11-10 22:35:48,7,True,-1.0,2.0,True,-0.8437995910644531,1.6189444065093994
155,3953,I am overall feeling nervous but at the same time I am feeling focused and determined . I feel like my attention is there and I also feel flutters in my heart and stomach . Overall I would say I am feeling stressed but in a productive way .,2024-11-11 12:29:42,7,False,-1.0,2.0,True,-0.5420557260513306,1.793245792388916
155,3954,"Tired , Relaxed , Calm , Fatigued , Chill",2024-11-11 17:02:58,7,True,0.0,1.0,True,-0.4968298077583313,0.23108917474746704
155,3955,"Tired , Sleepy , Calm , Exhausted , Fatigued",2024-11-11 22:12:13,7,True,-1.0,1.0,True,-1.5369949340820312,-0.050970688462257385
155,3956,"I am feeling pretty neutral right now , focused on what I need to do but I overall feel calm . I am a little nervous about a task I need to do but not overly so , I am mostly focused on getting things done .",2024-11-12 12:13:39,7,False,0.0,0.0,True,0.16361144185066223,1.0466893911361694
155,3957,"Calm , Tired , Chill , Fatigued , Focused",2024-11-12 17:58:26,7,True,0.0,2.0,True,0.3471246361732483,0.3302324116230011
155,3958,"chill , calm , relaxed , breathing , tired",2024-11-12 22:04:20,7,True,1.0,1.0,True,0.8133941292762756,0.6177013516426086
155,3959,"Sleepy , Tired , Drowsy , Calm , Low energy",2024-11-13 12:56:35,7,True,0.0,1.0,True,-1.178950309753418,0.0048512183129787445
155,3960,"tired , sleepy , calm , fatigued , content",2024-11-13 22:35:12,7,True,0.0,1.0,True,-1.0044543743133545,-0.05595400556921959
155,3961,"Nervous , Determined , Tired , Stressed , Quiet",2024-11-14 12:02:12,7,True,0.0,1.0,True,-0.5282630920410156,1.360007405281067
164,4196,"Tired , Hungry , Sleepy , Na , Na",2024-07-23 22:00:43,7,True,0.0,1.0,True,-0.5495632886886597,0.2901463508605957
164,4197,"Still worried about our housing situation . This could be a very good option , and though a higher price , we ' d be getting a lot more for it . But everything has to fall into place , and sometimes , that doesn ' t quite seem to happen . So who knows what will be . We have to daven I guess .",2024-07-24 12:22:49,7,False,0.0,1.0,True,-0.2980028986930847,1.2303881645202637
164,4198,"I’m worried about the housing situation , and hopeful that we can rent this house . But I’m not so confident that it will work out , since the market is so tight and there are so few options . But maybe we got out in front of this one and we’ll get it . But probably not .",2024-07-24 22:02:23,7,False,0.0,1.0,True,-0.46197324991226196,1.4822075366973877
164,4199,"Concerned about housing , for a change . There ' s a real chance we get nothing , or at least , not at all what we want . But now we just have to wait , and hope , that the other tenant is a bad option , and we come out looking great . Nothing else to do at this point .",2024-07-25 17:05:34,7,False,0.0,1.0,True,0.2227560430765152,1.0415445566177368
164,4200,"As per usual , housing . Where will we live ? Will it work out ? And should we buy the fancy mattress ? Will it make a difference in our sleep ? Who knows . Oh , and the market . Not helping things here . I wish we had pulled out earlier . But that’s how it goes .",2024-07-25 22:29:22,7,False,0.0,1.0,True,0.24812276661396027,1.0003124475479126
164,4201,"Obviously , stressed about the housing situation . Hopeful that this could all work out , but very stressed b/c if it doesn ' t , we will not have a place to live , and that would be problematic . But there ' s no more to do at this point but hope and pray . So we will hope and pray . No real other choices at this point .",2024-07-26 12:02:32,7,False,0.0,1.0,True,0.0062869153916835785,1.3085627555847168
164,4202,"Concerned about housing , and nervous that nothing will work out . But we have to keep hoping and praying that it will work out , because we don’t really have any other options . So here’s hoping something works out .",2024-07-28 12:00:49,7,False,1.0,1.0,True,-0.3006086051464081,1.5247471332550049
164,4203,"We have housing ! This is a really big deal . It’s slightly more expensive than I would have liked , but hopefully we’ll really be getting something for it . And now we can feel good about where we are living , and hopefully feel comfortable in the space . It’s not GPE , but maybe it will be even better . I’m really hopeful that this could be good . And nervous , of course .",2024-07-29 22:01:16,7,False,1.0,0.0,True,0.4848671555519104,1.6068780422210693
164,4204,"Annoyed after a long bedtime routine , and the fact that I have to write out a long message about my feelings that’s at least 200 words , which is a not insignificant number of words to fill out multiple times a day with not very much to say .",2024-07-30 22:01:07,7,False,0.0,1.0,True,-0.48603832721710205,1.041014552116394
168,4270,"Happy , Excited , Grateful , Little bit stress , Great",2024-11-13 17:04:58,7,True,1.0,1.0,True,1.400964617729187,1.2091717720031738
168,4271,"Woke up feeling very grateful and happy . A little bit stressed , nervous and anxious because I have two tests tonight , but I’m still trying to stay positive and calm , to pass it with a good grade . Looking forward to accomplishing a good grade in both of my tests",2024-11-14 12:03:41,7,False,1.0,1.0,True,1.206259846687317,1.1088495254516602
168,4272,"Feeling nervous and a little bit anxious for both of my upcoming tests . Still trying to stay positive and trust the process , as I am sure that I will be passing both of theses exams . Looking forward to feel relaxed and happy with the outcome tonight .",2024-11-14 17:09:33,7,False,0.0,1.0,True,0.0987120270729065,1.4412401914596558
168,4273,"Happy , Calm , Grateful , Content , Excited",2024-11-15 12:42:25,7,True,1.0,1.0,True,1.779561161994934,0.7801714539527893
168,4274,"Neutral , Calm , Grateful , Tired , At peace",2024-11-15 17:11:46,7,True,0.0,1.0,True,0.27622392773628235,0.9046253561973572
168,4275,"Currently feeling extremely happy , enthusiastic , and grateful . I’ve had an amazing day , full of joy , laughter and incredible time with my love ones . Looking forward to have a blessed and great day tomorrow .",2024-11-15 22:07:57,7,False,1.0,2.0,True,1.630270004272461,1.189680576324463
168,4276,"Feeling grateful , happy and calm . Looking forward to have an amazing evening with my loved ones and watch “Miss Universe” with my family . Extremely grateful and happy for everything that is happening in my life and all of the blessings .",2024-11-16 17:03:39,7,False,1.0,1.0,True,1.7615891695022583,0.6799892783164978
168,4277,"Feeling extremely lively , enthusiastic and happy . Extremely grateful , and happy . Currently , spending a great time with my family , watching the “Miss Universe “ hoping for our delegate to win !! Looking forward to have a great night , and a wonderful day tomorrow !",2024-11-16 22:20:43,7,False,2.0,2.0,True,1.5239083766937256,1.316114068031311
168,4278,"Woke up feeling happy , exited and grateful , as I will be spending the night with my loved ones . Looking forward to have an amazing , blessed and wonderful day . And keep the positive vibes flowing . Hoping to spend a great time with my loved ones !!",2024-11-17 12:09:00,7,False,1.0,1.0,True,1.5224969387054443,1.0412054061889648
168,4279,"Excited , Grateful , Happy , Lively , healthy",2024-11-17 17:39:22,7,True,1.0,1.0,True,1.6167875528335571,1.3788557052612305
168,4280,"Grateful , Happy , Excited , Full of love , Blessed",2024-11-17 22:12:17,7,True,2.0,2.0,True,1.674298882484436,1.0132580995559692
168,4281,"Woke feeling extremely grateful , thankful , blessed and happy . Had an amazing night with my loved ones . Looking forward to have an awesome day full of blessings , love and kindness . As the week start , my intentions for this week , will also be kindness and love towards everyone that I will have contact with .",2024-11-18 12:18:32,7,False,2.0,2.0,True,1.5096275806427002,0.9650884866714478
168,4282,"Lively , Enthusiastic , Blessed , Grateful , Happy",2024-11-19 12:16:55,7,True,2.0,2.0,True,1.4844330549240112,1.5246689319610596
168,4283,"Grateful , Blessed , Tired , Content , Relax",2024-11-19 17:28:43,7,True,0.0,1.0,True,1.389934778213501,0.3383381962776184
168,4284,Feeling super tired after a long day . Still feeling grateful and happy in the inside for all of my accomplishments today and all the things I learned . Looking forward to have a good night rest and have a great day tomorrow !,2024-11-19 22:34:03,7,False,-2.0,0.0,True,0.07107584178447723,0.24507611989974976
168,4285,"Content , Relax , Sleepy , Grateful , Bless",2024-11-20 17:05:19,7,True,1.0,0.0,True,1.511696457862854,0.09584292024374008
169,716,It is a good day to enjoy but a little cold . I am happy to be at work . A lot or stress with students and bills . I am working overtime . It is fun to see the colors of autumn . I want to go on vacation and away from all the stress .,2024-10-15 12:20:29,7,False,1.0,1.0,True,0.6449450850486755,1.066813588142395
169,717,"Tired , Stress , Exhausted , Hungry , Work overload",2024-10-15 17:15:05,7,True,-2.0,0.0,True,-1.3846595287322998,0.3418978750705719
169,718,I am tired and exhausted from work . I would like to sleep but still have a lot of work to finish . I want to be less stressed at work and be a caring family member . I want to have more money and not worry about bills .,2024-10-15 22:01:11,7,False,2.0,0.0,True,-1.3108078241348267,0.060478486120700836
169,719,"I want to relax and not be stressed out . It is a rat race and it just gives me anxiety . I want to be less worried about others and enjoy life . The simpler the life , the better it would be . The parents are my school are nasty and crazy .",2024-10-16 12:06:53,7,False,-2.0,1.0,True,-0.22953824698925018,0.9791463017463684
169,720,I am worried about the future and bills to pay . I would like to move somewhere cheaper and not have so much stress . I worry about the parents and how angry they get if their child fails .   They threaten to sue and become nasty .\ n,2024-10-16 17:00:55,7,False,-2.0,1.0,True,-0.81732177734375,1.290568232536316
169,721,I want to sleep and be tired all the time .\ nI worry too much and nothing seems to be right .\ nWork stress is weighing me down and taking its toll on my mental health . I hope tomorrow is better and more relaxing then today .,2024-10-16 22:02:38,7,False,-2.0,1.0,True,-1.3735369443893433,0.2011108696460724
169,722,"stress , worried , hungry , tired , bills",2024-10-17 12:01:07,7,True,2.0,0.0,True,-0.672437310218811,0.9338911175727844
169,726,"Worked , Running around , Hungry , Stressed , Billed",2024-10-17 17:00:47,7,True,0.0,1.0,True,0.19412125647068024,1.2341248989105225
169,727,"Exhausted , Tired , Over worked , Too busy , Worried",2024-10-17 22:02:28,7,True,-2.0,0.0,True,-1.4575172662734985,0.15905413031578064
169,728,I am happy to know it is Friday and I can pay bills . I am still worried about many things and being middle class is not fun . It is a hard life and am tired all the time . It is not easy .   I hope others are doing better .,2024-10-18 12:24:27,7,False,1.0,0.0,True,0.14806319773197174,1.1171693801879883
169,729,There is a lot of work to be done and needs attention . I am very exhausted and tired from balancing work and home life . I feel I am not myself most of the time but constantly being pulled in many directions .,2024-10-18 17:06:22,7,False,-2.0,0.0,True,-1.502990961074829,0.5659376978874207
169,730,"Homebody , Relaxed , Tea time , Breakfast , Full",2024-10-19 12:25:04,7,True,1.0,1.0,True,1.450594425201416,0.5361213088035583
169,731,I am   busy with house chores and making sure household runs smoothly .   Busy from morning to night and spending too much money on necessary stuff . I hope economy does better and elections go smoothly .,2024-10-19 17:02:32,7,False,0.0,1.0,True,0.4114586114883423,1.3712658882141113
169,732,I am content with my day and looking forward to relaxing on a Sunday . I am going to sleep in and not worry about the work week . I hope the work week is relaxing and without any big hassle . I want to worry less .,2024-10-19 22:01:15,7,False,1.0,1.0,True,1.2132800817489624,0.1942417025566101
169,733,"relaxed , enjoying , happy , content , optimistic",2024-10-20 12:08:17,7,True,1.0,1.0,True,1.8566062450408936,0.3866496682167053
169,734,I am tired . i did a lot of house work and now I want to rest and take a nap . i am ok .\ nI hope tomorrow is not a hard day and nothing to worry about . I will be a long week . Have a good week . I need food right now .,2024-10-20 17:55:43,7,False,-2.0,0.0,True,-1.024817705154419,0.07950015366077423
169,735,"Tired , Need rest , Stressed , Sleepy , Exhausted",2024-10-20 22:05:48,7,True,0.0,0.0,True,-1.6039143800735474,0.0074295587837696075
169,736,I am happy to be at work and finish a lot of stuff . I want to work with others and make life easier . I want to learn and be able to share with my students . I want to give back to the community . I hope to be a better citizen .,2024-10-21 12:21:38,7,False,1.0,0.0,True,0.959256112575531,1.1876496076583862
169,737,"Exhaustion , Sleep , Over drive , Tired , Stressed",2024-10-21 22:01:09,7,True,1.0,0.0,True,-1.2470985651016235,0.21703577041625977
169,738,"happy , content , working , hungry , good",2024-10-22 12:22:38,7,True,1.0,1.0,True,1.492206335067749,1.0541481971740723
169,739,"tired , home , hungry , over worked , content",2024-10-22 17:01:02,7,True,1.0,0.0,True,0.24927572906017303,0.2645573019981384
169,740,I am tired and exhausted . I am hoping for a better say tomorrow . \nI want to eat something and go to sleep . I did a lot of work at school and now want to do nothing . I graded a lot if work from my students and want them to succeed .,2024-10-22 22:01:14,7,False,1.0,1.0,True,-1.5864081382751465,0.06279055029153824
169,741,I am working after school to help the kids finish their work and want to make sure they succeed . I am hoping for a great day and time for lunch . I want to travel and have the money to not worry about bills .,2024-10-23 12:19:02,7,False,1.0,1.0,True,0.23691974580287933,1.6120178699493408
169,742,I am happy to be going home . I worked a lot and want to go home and relax . I am exhausted and hungry . I want to drink a cup of tea and listen to music . I am happy Wednesday is over . Starting to look forward to the weekend . Happy week .,2024-10-23 17:12:26,7,False,-2.0,0.0,True,0.3794794976711273,0.896983802318573
169,743,I am very sleepy and tired . I am hungry and want to finish my work so I can sleep . I am trying to grade papers and make sure all is done . I want to work and have nothing to do tomorrow . I am going to eat now .,2024-10-23 22:04:22,7,False,-2.0,2.0,True,-1.4047009944915771,-0.01919681206345558
169,744,I want to work extra hard and finish as much grading as possible . I want to go home without any work and just sleep . I am hoping to eat lunch and take a nap . I want to study for some exams and not worry some much .,2024-10-24 12:02:07,7,False,1.0,0.0,True,-0.3003588914871216,0.674558162689209
169,745,"tired , stressed , hungry , not care , over worked",2024-10-24 17:17:19,7,True,-1.0,0.0,True,-0.5679336786270142,0.3888944983482361
169,746,"Tired , Sleepy , Friday , Friday , Weekend",2024-10-24 22:48:41,7,True,-1.0,0.0,True,-1.1608272790908813,0.014007173478603363
169,747,I am looking forward to the weekend and want the day to end . I worked a lot this week and just want to sleep in . I am looking forward to eating a good breakfast not be in a rush . I hope the weekend is relaxing .,2024-10-25 12:22:37,7,False,1.0,0.0,True,0.6959013342857361,1.3883705139160156
169,748,"Relaxed , Hungry , Happy , Tea time , Happy",2024-10-25 17:51:20,7,True,2.0,1.0,True,1.7223180532455444,0.4609073996543884
169,749,I am tired and want to sleep . I just ate dinner and ready to go to sleep . I want to fi wish some work and then have nothing to do for tomorrow .   I want to relax and be free . I happy to be home . I am ready to sleep .,2024-10-25 22:14:15,7,False,-2.0,0.0,True,-0.8247724175453186,0.14176753163337708
169,750,"hungry , happy , relax , trying , overworked",2024-10-26 12:16:39,7,True,1.0,0.0,True,1.0086807012557983,1.0949729681015015
169,751,"Happy , Relax , Content , Wanted , Wishes",2024-10-26 17:42:44,7,True,0.0,2.0,True,1.631169319152832,0.5855818390846252
169,752,"Tired , Hungry , Sleepy , Exhausted , Bills",2024-10-26 22:08:56,7,True,-2.0,0.0,True,-0.9842469096183777,0.24408173561096191
169,753,I have a migraine and nausea . I am not feeling my best and want to just sleep . I am hoping to rest and not have much to do . I have a lot of grading . I want to do nothing and take care of myself .   I am done for the day .,2024-10-27 12:34:15,7,False,0.0,0.0,True,-1.7647370100021362,0.2491755187511444
169,754,I am not well today and am very tired . I want to stay in bed and take care of myself . I want to close my eyes and rest . I am hoping no one bothers me or needs anything from me . I am not looking forward to school tomorrow .,2024-10-27 17:20:08,7,False,0.0,0.0,True,-1.4945685863494873,0.019276373088359833
169,755,I am at work and making sure to complete all my work . I am recovering from my migraine and want to be rest but have a lot of work to finish . I want to eat today and then sleep to feel better after finishing my grading .,2024-10-28 12:30:13,7,False,1.0,0.0,True,-0.27406343817710876,0.9706517457962036
169,756,"Tired , Exhaustion , Sleepy , Sleepy , Overworked",2024-10-28 22:04:05,7,True,-2.0,0.0,True,-1.3637365102767944,0.09766034036874771
170,4343,"Numb . Uncertainty . I thought I had a goal to work towards . I thought I know what I’m doing . In the end , I lack discipline , lack the foresight . For two and a half years I’ve always thought I was on track , all I had to do was to stick with what I planned . In the end , I found out what I thought was right from the start was incorrect .",2024-11-20 12:03:42,7,False,-1.0,0.0,True,-0.9665095210075378,1.0888867378234863
170,4344,"determined , hopeful , nervous , energized , stressed",2024-11-20 22:29:05,7,True,0.0,2.0,True,-0.050115808844566345,1.5747014284133911
170,4345,"tired , sleepy , hopeful , determined , neutral",2024-11-21 12:06:34,7,True,1.0,2.0,True,-0.6294968724250793,0.4769449234008789
170,4346,"sleepy , tired , stressed , nervous , worried",2024-11-22 12:01:42,7,True,-1.0,0.0,True,-1.1985604763031006,0.23424303531646729
170,4347,"I ' m feeling very stressed . I have a lot of work piled up that I have to get down . Other than that , I am excited for Thanksgiving Break . I ' ve also made some plans so I ' m looking forward to the upcoming days .",2024-11-22 22:01:42,7,False,1.0,1.0,True,-0.11202658712863922,1.6523195505142212
170,4348,"stress , tired , worried , nervous , sleepy",2024-11-23 12:16:52,7,True,-2.0,2.0,True,-0.7866820693016052,1.0527896881103516
170,4349,"conflicted , unsure , stressed , tired , nervous",2024-11-23 17:31:49,7,True,-1.0,1.0,True,-0.8838071227073669,1.4247868061065674
170,4350,"I ' m very excited . Thanksgiving Break is in less than a week and I ' ve made plans to explore the city . I ' m definitely also feeling a bit stressed because I know prior to break , there would be work that has to be completed .",2024-11-23 22:01:50,7,False,1.0,1.0,True,0.8214793801307678,1.8128280639648438
170,4351,"Currently I’m feeling a bit lively , a bit PERSON , and as always , a bit stressed . The weather is kind of nice today but a bit too windy for my liking . I’m stressed because I did procrastinate a little so now I have to study for a quiz tomorrow as well as catch up on my lectures for other classes .",2024-11-24 12:03:56,7,False,1.0,2.0,True,0.5233394503593445,1.769457459449768
170,4352,"I’m feeling very overwhelmed , indignant , and confused . I’m currently at work right now and there’s just so much happening . I’m trying to wrap my mind around everything and trying to see how I can fit in and contribute . Unfortunately the minute I thought I got it figured out , things change again or something new happens .",2024-11-24 17:16:16,7,False,-1.0,1.0,True,-0.20773814618587494,1.967133641242981
170,4353,"I ' m still feeling pretty excited and happy . At this time of the day , I ' m also feeling a little bit more tired and sleepy . I also procrastinated a little on the work that I planned on completing today so I ' m a little stressed as well .",2024-11-25 17:03:05,7,False,1.0,1.0,True,0.8181182146072388,1.0408111810684204
170,4354,"It’s funny but I’m not feeling the same level of excitement going back home for Thanksgiving break as compared to the initial excitement and anticipation I had last week . It could be the weather and the pile of work I procrastinated on but I’m feeling dread , nervous , and stressed .",2024-11-26 12:05:35,7,False,1.0,1.0,True,0.2339826375246048,1.778654932975769
170,4355,"happy , excited , determined , lively , stressed",2024-11-26 17:36:28,7,True,1.0,2.0,True,1.1799509525299072,1.5303857326507568
170,4356,"disappointed , stressed , conflicted , unsure , unhappy",2024-11-26 22:30:25,7,True,-2.0,1.0,True,-0.6480664014816284,1.380591869354248
170,4357,"neutral , indifferent , hungry , unsure , confused",2024-11-27 12:36:05,7,True,0.0,1.0,True,0.008858975023031235,1.1496232748031616
170,4358,I ' m currently feeling pretty lively and hopeful . I had my mock interview this morning and it seemed to have gone well . I also finally had a conversation with my brother and we got a chance to catch up for a little bit .,2024-11-27 17:16:10,7,False,1.0,2.0,True,0.9601390361785889,1.7523207664489746
171,4380,"happy , alert , awake , motivated , fresh",2024-10-17 12:25:55,7,True,1.0,2.0,True,1.271848201751709,1.486520528793335
171,4381,"slow , unmotivated , tired , sleepy , calm",2024-10-17 17:20:31,7,True,0.0,0.0,True,0.3068125545978546,0.6956272125244141
171,4382,"I am feeling a bit drained . I had a decently productive day , and that makes me feel happy . I ' m glad to be relaxing on the couch with my partner . I ' m feeling like I ' m ready to stretch out and head to bed .",2024-10-17 22:01:38,7,False,-1.0,0.0,True,0.20222440361976624,0.9357429146766663
171,4383,"I am very happy it ' s Friday , and I slept fairly well last night . I am feeling motivated to get my stuff done for work so that I don ' t have to do any catch-up work this weekend . I ' m also feeling like my coffee worked a little better than usual this morning , so I feel a little jittery .",2024-10-18 12:30:04,7,False,0.0,2.0,True,0.6923434734344482,1.1571003198623657
171,4384,"drained , sluggish , lazy , tired , bored",2024-10-18 17:01:22,7,True,-2.0,0.0,True,-1.1708300113677979,0.20092904567718506
171,4385,"calm , happy , content , cozy , relaxed",2024-10-18 22:15:26,7,True,2.0,1.0,True,1.9740935564041138,0.22906312346458435
171,4386,"I have had a quiet and relaxed morning , which I am feeling grateful for . I am excited to spend a little bit more time relaxing and then head to my partner ' s family ' s house to hang out and watch a football game .",2024-10-19 12:02:18,7,False,1.0,0.0,True,1.012881875038147,0.48137491941452026
171,4387,I am happy and excited to be spending time with my partner ' s family . I am feeling content and happy and calm . I am excited to head home and put on comfy clothes and relax for the rest of the evening .,2024-10-19 17:28:51,7,False,2.0,1.0,True,1.6711934804916382,0.5290970802307129
171,4388,"tired , drained , unsettled , sluggish , full",2024-10-19 22:02:12,7,True,-1.0,0.0,True,-1.6490007638931274,0.14345133304595947
171,4389,I am feeling frustrated that my weight is so terrible despite trying really hard to eat better . I have to get more movement in and I know that . I am headed out for a walk now and am hoping that boosts my mood and self-confidence .,2024-10-20 12:01:37,7,False,-1.0,1.0,True,-0.8226666450500488,1.2036395072937012
171,4390,"I am happy to be back home and on the couch relaxing . I am proud of myself for getting a good walk in this morning , and I am feeling hopeful that I can stay motivated this week . I am excited to spend the rest of the evening relaxing .",2024-10-20 17:12:06,7,False,1.0,0.0,True,1.0021313428878784,1.3144540786743164
171,4391,"sleepy , calm , content , proud , quiet",2024-10-20 22:01:28,7,True,0.0,0.0,True,0.5766374468803406,0.1258835792541504
171,4392,"I am feeling relaxed . I ' m at the research center for this vaccine study and I ' m feeling proud to contribute to research , though hard not to be a little nervous , too . I feel pretty calm and quiet , though .",2024-10-21 12:01:02,7,False,0.0,0.0,True,1.2234539985656738,0.8427380919456482
171,4393,"slow , slump , unmotivated , tired , sleepy",2024-10-21 17:01:06,7,True,-1.0,0.0,True,-0.806805431842804,0.4328584671020508
171,4394,"down , slow , lazy , tired , muted",2024-10-21 22:11:30,7,True,-1.0,1.0,True,0.2839968502521515,0.8877654671669006
171,4395,"calm , productive , motivated , focused , alert",2024-10-22 12:01:47,7,True,0.0,0.0,True,0.987036943435669,0.8979149460792542
171,4396,"bored , quiet , sluggish , neutral , unmotivated",2024-10-22 17:01:25,7,True,0.0,1.0,True,0.03180475905537605,0.7748990058898926
171,4397,"happy , comfy , content , excited , proud",2024-10-22 22:01:22,7,True,2.0,1.0,True,1.7721525430679321,0.9026461243629456
171,4398,"I am feeling a bit tired and slow this morning , though still fairly motivated for my work day . I feel confident that I can be productive today , but I didn ' t sleep as well as I usually do last night so I am feeling a bit sluggish and a bit lower energy than usual .",2024-10-23 12:03:01,7,False,-1.0,0.0,True,-0.9187257885932922,0.1871425211429596
171,4399,"I am feeling lively , upbeat , motivated , and active . I ' m not really tired this afternoon , which is surprising .   I ' m focused and ready to finish my work day and then go run errands . I am also excited to relax after I ' m done for the day .",2024-10-23 17:19:46,7,False,1.0,1.0,True,1.0261420011520386,1.8023333549499512
171,4400,"tired , slow , comfy , content , calm",2024-10-23 22:01:40,7,True,-1.0,0.0,True,0.8262922167778015,0.17895963788032532
49,4873,"awake , ready , up , prepared , busy",2021-05-04 12:20:18,1,True,1.0,1.0,False,0.6379331350326538,1.3808612823486328
49,4874,"awake , tired , lazy , calm , neutral",2021-05-05 12:00:37,1,True,0.0,1.0,False,0.22536371648311615,0.7051916122436523
49,4875,"lazy , tired , neutral , fine , okay",2021-05-05 17:01:35,1,True,0.0,1.0,False,0.1802627593278885,1.0057743787765503
49,4876,"tired , sleepy , lazy , neutral , regretful",2021-05-06 12:37:24,1,True,-2.0,0.0,False,-0.3280643820762634,0.5499067306518555
49,4878,"tired , sleepy , worn out",2022-02-15 10:01:50,2,True,0.0,1.0,False,-1.3676878213882446,-0.038633450865745544
49,4879,"neutral , busy , active",2022-02-15 15:25:09,2,True,1.0,2.0,False,0.039358679205179214,1.322124719619751
49,4880,"tired , moody , sluggish",2022-02-17 15:50:37,2,True,0.0,1.0,False,-0.9135353565216064,0.294348806142807
49,4881,"fine , neutral , tired",2022-02-17 20:30:27,2,True,0.0,1.0,False,-0.04463503509759903,1.0752999782562256
49,4882,"excited , good , relaxed",2022-02-18 15:06:09,2,True,1.0,2.0,False,1.4004064798355103,1.3692076206207275
49,4883,"neutral , fine , relaxed",2022-02-19 15:00:27,2,True,0.0,2.0,False,0.030314628034830093,1.1107513904571533
49,4884,"drunk , enjoyable , okay",2022-02-19 20:19:57,2,True,0.0,2.0,False,0.6498286724090576,0.8876080513000488
49,4885,"fine , busy , PERSON",2022-02-22 15:32:32,2,True,0.0,2.0,False,0.32453790307044983,1.5270700454711914
49,4877,"fine , neutral , tired",2022-02-24 15:33:23,2,True,0.0,1.0,False,-0.04463503509759903,1.0752999782562256
49,4887,"tired , unproductive , relaxed , sleepy , okay",2022-09-05 21:32:15,4,True,1.0,0.0,False,-0.5410351753234863,0.2823086380958557
49,4888,"tired , fatigued , headache , groggy , slow",2022-09-06 11:05:22,4,True,-1.0,0.0,False,-1.470935344696045,0.16432592272758484
49,4889,"sluggish , reviving , okay , neutral , tired",2022-09-06 15:21:02,4,True,0.0,1.0,False,-1.2448816299438477,0.3590841293334961
49,4890,"better , frustrated , drained , coping",2022-09-06 20:26:55,4,True,1.0,2.0,False,-1.2102209329605103,0.7306829690933228
49,4891,"tired , anxious , dread , okay",2022-09-07 17:10:00,4,True,1.0,2.0,False,-0.5887683033943176,0.9457504153251648
49,4892,"tired , worn out , stressed , anxious , hot",2022-09-12 16:29:48,4,True,0.0,1.0,False,-0.9766734838485718,0.5358454585075378
49,4893,"tired , sluggish , anxious",2022-09-13 12:19:08,4,True,-2.0,0.0,False,-1.351199984550476,0.18048730492591858
49,4886,"tired , anxious , sluggish",2022-09-14 15:28:45,4,True,0.0,1.0,False,-0.9979314804077148,0.7204009890556335
49,4905,"fatigued , stressed , unmotivated",2023-03-14 20:03:01,5,True,-2.0,0.0,False,-0.9169245362281799,0.829135000705719
49,4906,"tired , resting , neutral",2023-03-15 10:26:25,5,True,0.0,0.0,False,-0.1873805820941925,0.5135796666145325
49,4907,"neutral , active , motivated",2023-03-15 15:48:24,5,True,1.0,2.0,False,-0.14784429967403412,1.2745280265808105
49,4908,"pressured , stressed , active",2023-03-16 11:36:02,5,True,1.0,0.0,False,-0.42048412561416626,1.3678091764450073
49,4909,"motivated , accomplished , more energy",2023-03-16 20:05:40,5,True,1.0,2.0,False,0.28750360012054443,1.589111089706421
49,4910,"neutral , tired , awake",2023-03-17 11:32:05,5,True,0.0,1.0,False,0.08248986303806305,1.0272715091705322
49,4911,"neutral , tired , winding down",2023-03-17 20:00:47,5,True,0.0,1.0,False,-0.03280780836939812,1.144296407699585
49,4912,"stressed , tired , overwhelmed",2023-03-19 10:19:39,5,True,0.0,1.0,False,-0.5019568800926208,0.9637169241905212
49,4913,"relaxed , neutral , bored",2023-03-19 15:15:04,5,True,1.0,2.0,False,0.27188175916671753,0.8834226727485657
49,4914,"busy , interested , motivated",2023-03-19 20:48:55,5,True,0.0,2.0,False,0.7816099524497986,1.4564886093139648
49,4915,"hungover , tired , motivated , slightly stressed",2023-03-20 15:51:12,5,True,-1.0,2.0,False,-1.3742974996566772,0.21486476063728333
49,4916,"tired , winding down , slow",2023-03-20 20:01:15,5,True,0.0,0.0,False,-0.41921183466911316,0.5078602433204651
49,4917,"slow , tired , sluggish",2023-03-21 15:00:43,5,True,0.0,0.0,False,-0.3700845241546631,0.56720370054245
49,4918,"neutral , okay , slightly stressed",2023-03-21 20:00:36,5,True,0.0,1.0,False,0.16174745559692383,1.1865663528442383
49,4919,"productive , motivated , stressed",2023-03-22 15:29:12,5,True,0.0,2.0,False,0.21030105650424957,1.7144405841827393
49,4920,"accomplished , motivated , winding down",2023-03-22 20:08:51,5,True,1.0,2.0,False,0.2633725106716156,1.3612110614776611
49,4894,"neutral , interested , bored",2023-03-23 20:04:09,5,True,1.0,2.0,False,0.11016805469989777,1.119408130645752
49,4895,"tired , productive , congested",2023-03-24 11:31:18,5,True,0.0,1.0,False,-0.09718038141727448,0.5904461741447449
49,4896,"bored , tired , sluggish",2023-03-24 15:09:49,5,True,-1.0,0.0,False,-0.2896374762058258,0.5455746650695801
49,4897,"okay , bored , lively",2023-03-24 20:05:49,5,True,1.0,2.0,False,0.6727871298789978,1.0414711236953735
49,4898,"sluggish , fatigued , annoyed",2023-03-25 10:28:50,5,True,-1.0,0.0,False,-1.7426716089248657,-0.04567612335085869
49,4899,"lively , active , productive",2023-03-25 15:25:07,5,True,1.0,2.0,False,0.7070038914680481,1.8940211534500122
49,4900,"energetic , productive , motivated",2023-03-25 21:03:48,5,True,1.0,2.0,False,0.37448999285697937,1.8025398254394531
49,4901,"active , okay , productive",2023-03-26 20:00:43,5,True,0.0,2.0,False,0.22923962771892548,1.669670820236206
49,4902,"okay , bored , lazy",2023-03-27 21:00:05,5,True,0.0,1.0,False,0.5355821847915649,0.9495447874069214
49,4903,"motivated , busy , stressed",2023-03-28 11:51:28,5,True,1.0,2.0,False,0.4667779505252838,1.5595899820327759
49,4904,"winding down , sleepy , sluggish",2023-03-28 15:55:35,5,True,-1.0,0.0,False,-1.516405701637268,0.03164736181497574
49,4932,"excited , ambitious , content",2023-06-28 10:07:00,6,True,1.0,1.0,False,1.0162302255630493,1.6151576042175293
49,4933,"sluggish , hot , slow",2023-06-28 16:16:09,6,True,0.0,0.0,False,-1.4580717086791992,0.2567497491836548
49,4934,"bored , content , fine",2023-06-28 20:20:11,6,True,1.0,0.0,False,0.8702211976051331,0.7270870804786682
49,4935,"busy , motivated , productive",2023-06-29 10:00:59,6,True,1.0,2.0,False,0.4740517735481262,1.7426851987838745
49,4936,"lively , okay , motivated",2023-06-29 15:01:13,6,True,1.0,2.0,False,0.7748157978057861,1.4959505796432495
49,4937,"late , anxious , frantic",2023-06-30 12:02:41,6,True,-1.0,2.0,False,-0.8273528814315796,1.2298580408096313
49,4938,"hungover , tired , sluggish",2023-06-30 15:00:20,6,True,-2.0,0.0,False,-1.6355639696121216,0.1111660897731781
49,4939,"tired , okay , frustrated",2023-06-30 20:23:17,6,True,0.0,1.0,False,-0.2441347986459732,0.5251002311706543
49,4940,"tired , accomplished , busy",2023-07-01 16:35:26,6,True,0.0,0.0,False,0.0998176634311676,0.7773383259773254
49,4941,"tired , drained , headachey",2023-07-01 20:01:50,6,True,-1.0,0.0,False,-1.3860427141189575,0.2785492241382599
49,4942,"tired , sore , awake",2023-07-02 11:11:30,6,True,0.0,0.0,False,-0.935767412185669,0.19246554374694824
49,4943,"tired , neutral , angry",2023-07-02 15:26:23,6,True,-1.0,0.0,False,-0.04728325456380844,0.898491621017456
49,4944,"tired , okay , neutral",2023-07-02 20:01:17,6,True,0.0,1.0,False,-0.022452441975474358,0.6337927579879761
49,4945,"tired , drunk , anxious",2023-07-03 12:01:20,6,True,-1.0,0.0,False,-0.8560617566108704,0.4277855157852173
49,4946,"tired , neutral , fine",2023-07-03 17:54:28,6,True,0.0,1.0,False,-0.0020503997802734375,0.9433699250221252
49,4947,"neutral , hungry , fine",2023-07-03 20:31:03,6,True,0.0,0.0,False,0.10769939422607422,1.1917535066604614
49,4948,"neutral , awake , eager",2023-07-04 10:26:47,6,True,0.0,1.0,False,0.0379590205848217,1.1758942604064941
49,4949,"active , busy , eager",2023-07-04 16:03:54,6,True,0.0,1.0,False,0.28014999628067017,1.9776469469070435
49,4950,"active , okay , anxious",2023-07-04 20:35:47,6,True,1.0,2.0,False,0.25824007391929626,1.6550097465515137
49,4951,"active , busy , rushed",2023-07-05 12:00:34,6,True,0.0,2.0,False,0.2758023142814636,1.9254536628723145
49,4952,"tired , achey , swamped",2023-07-06 10:04:05,6,True,-1.0,0.0,False,-0.8521836996078491,0.47095829248428345
49,4953,"active , busy , anxious",2023-07-06 15:03:22,6,True,0.0,2.0,False,0.13565312325954437,1.9595067501068115
49,4954,"tired , painful , sluggish",2023-07-06 20:53:43,6,True,-2.0,0.0,False,-1.1234350204467773,0.1986217498779297
49,4921,"sluggish , tired , drained",2023-07-07 12:18:01,6,True,-1.0,0.0,False,-1.6504936218261719,-0.009969373233616352
49,4922,"anxious , tired , busy",2023-07-07 15:18:26,6,True,-1.0,0.0,False,-0.3009582757949829,1.4873950481414795
49,4923,"neutral , overwhelmed , okay",2023-07-07 20:24:15,6,True,0.0,0.0,False,0.02463974803686142,1.1173242330551147
49,4924,"awake , neutral , tired",2023-07-08 12:14:14,6,True,0.0,1.0,False,0.1416681706905365,1.0546858310699463
49,4925,"exhausted , overwhelmed , unhappy",2023-07-08 22:29:10,6,True,-1.0,1.0,False,-1.6692060232162476,0.36816275119781494
49,4926,"active , tired , productive",2023-07-09 17:02:23,6,True,0.0,2.0,False,-0.13116763532161713,1.3953301906585693
49,4927,"barely awake , okay , neutral",2023-07-10 10:30:07,6,True,0.0,1.0,False,0.21510471403598785,0.778091549873352
49,4928,"neutral , tired , okay",2023-07-10 15:05:27,6,True,0.0,1.0,False,0.0822572410106659,1.0422918796539307
49,4929,"quiet , relaxing , easy",2023-07-10 21:34:30,6,True,1.0,0.0,False,1.103348731994629,0.12620759010314941
49,4930,"awake , neutral , tired",2023-07-11 12:50:02,6,True,0.0,1.0,False,0.1416681706905365,1.0546858310699463
49,4931,"tired , drained , angry",2023-07-11 15:06:19,6,True,-1.0,0.0,False,-1.112708568572998,0.3015976548194885
53,5224,"Excited , Calm , Focused",2021-06-08 12:01:16,1,True,2.0,0.0,False,1.3117610216140747,1.402623176574707
53,5225,"Excited , Happy , Motivated , Anxious",2021-06-09 12:04:41,1,True,2.0,1.0,False,1.234041452407837,1.7092421054840088
53,5226,"Tired , Sluggish , Busy",2021-06-10 12:03:14,1,True,0.0,1.0,False,-1.06640625,0.19913408160209656
53,5227,"Excited , Anxious , Indecisive",2021-06-10 17:07:49,1,True,1.0,2.0,False,0.723964512348175,1.8744001388549805
53,5228,"Happy , Curious , Calm",2021-06-11 12:18:55,1,True,2.0,0.0,False,1.3056806325912476,1.0923787355422974
53,5229,"Calm , Satisfied , Lazy",2021-06-12 12:28:02,1,True,0.0,1.0,False,1.342628836631775,0.3447031080722809
53,5245,"Tired , Happy , At ease , Comfortable",2022-01-25 10:05:20,2,True,2.0,0.0,False,0.9057297706604004,0.4604376554489136
53,5246,"Calm , Content , Ready for work",2022-01-25 15:22:13,2,True,1.0,2.0,False,1.801000952720642,0.046265870332717896
53,5247,"Content , Accomplished , Hopeful",2022-01-25 22:50:22,2,True,1.0,1.0,False,0.9730662107467651,0.9502151012420654
53,5248,"Tired , Lazy , Calm",2022-01-26 10:34:59,2,True,-1.0,0.0,False,0.15607072412967682,0.45705974102020264
53,5249,"Content , Calm , Happy",2022-01-26 16:57:06,2,True,2.0,0.0,False,1.7704344987869263,0.15426230430603027
53,5250,"Happy , Calm , Bored",2022-01-26 20:02:26,2,True,1.0,2.0,False,1.3551037311553955,0.926027238368988
53,5251,"Tired , Stuffy nose , Content",2022-01-27 11:34:44,2,True,1.0,0.0,False,-0.025994734838604927,0.2904292345046997
53,5252,"Motivated , Ready , Hurried",2022-01-27 15:34:07,2,True,1.0,2.0,False,0.2547629177570343,1.639257788658142
53,5253,"Bored , Content , Worried",2022-01-27 20:06:39,2,True,1.0,1.0,False,0.8036246299743652,0.5528178811073303
53,5254,"Just woke up , Content , Calm",2022-01-28 10:11:52,2,True,0.0,1.0,False,1.3624045848846436,0.06720415502786636
53,5255,"Sore , Content , Just alright",2022-01-28 15:03:00,2,True,1.0,1.0,False,1.1547572612762451,0.2655492424964905
53,5256,"Accomplished , Happy , Content",2022-01-28 22:42:06,2,True,1.0,1.0,False,1.1798272132873535,1.1046762466430664
53,5257,"Ready for the weekend , Excited , Chill",2022-01-29 10:37:41,2,True,2.0,2.0,False,1.2676455974578857,1.616231918334961
53,5258,"Excited , Ready , Anxious",2022-01-29 15:20:45,2,True,2.0,2.0,False,1.1254596710205078,1.7304109334945679
53,5259,"Excited , Calm , Ready",2022-01-29 22:44:32,2,True,1.0,1.0,False,1.33086097240448,1.4351884126663208
53,5260,"Happy , Excited , Content",2022-01-30 15:00:46,2,True,1.0,2.0,False,1.4769737720489502,1.2014634609222412
53,5261,"Happy , Excited , Content",2022-01-31 10:55:35,2,True,1.0,1.0,False,1.4769737720489502,1.2014634609222412
53,5262,"Calm , Relaxed , Happy",2022-01-31 15:04:42,2,True,1.0,1.0,False,1.2051806449890137,0.42483294010162354
53,5263,"Calm , Content , Bored",2022-02-02 21:17:04,2,True,1.0,1.0,False,1.5098451375961304,0.126567542552948
53,5230,"Tired , Quiet , Calm",2022-02-03 11:18:11,2,True,0.0,1.0,False,-0.35823485255241394,0.23157423734664917
53,5231,"Rushed , Anxious , Content",2022-02-03 15:00:47,2,True,1.0,1.0,False,0.12650136649608612,1.3530900478363037
53,5232,"Bored , Calm , Unbothered",2022-02-03 20:37:00,2,True,1.0,1.0,False,0.646361768245697,0.8010246157646179
53,5233,"Tired , Unmotivated , Restless",2022-02-04 10:34:44,2,True,-2.0,0.0,False,-0.8279929757118225,0.4021837115287781
53,5234,"Rushed , Ready , Stressed",2022-02-04 15:02:27,2,True,1.0,2.0,False,0.17300918698310852,1.33054780960083
53,5235,"Bored , Content , Happy",2022-02-04 20:34:07,2,True,1.0,1.0,False,0.9656895995140076,0.7497433423995972
53,5236,"Tired , Lazy , Calm",2022-02-05 11:26:01,2,True,-2.0,0.0,False,0.15607072412967682,0.45705974102020264
53,5237,"Sluggish , Tired , Calm",2022-02-05 15:03:06,2,True,1.0,0.0,False,-1.399938941001892,-0.039967648684978485
53,5238,"Tired , Drained , Sleepy",2022-02-06 11:12:24,2,True,0.0,1.0,False,-1.3626949787139893,0.1420721411705017
53,5239,"Happy , Content , Hyper",2022-02-06 20:04:58,2,True,1.0,1.0,False,1.292380690574646,1.327370524406433
53,5240,"Calm , Happy , Content",2022-02-07 11:23:10,2,True,0.0,1.0,False,1.8272838592529297,0.27136003971099854
53,5241,"Happy , Lively , Active",2022-02-07 16:53:55,2,True,2.0,1.0,False,1.4221135377883911,1.5462117195129395
53,5242,"Tired , Sluggish , Calm",2022-02-08 11:35:52,2,True,-1.0,0.0,False,-0.9826396703720093,0.06257499754428864
53,5243,"Tired , Sluggish , Unmotivated",2022-02-08 15:05:00,2,True,-1.0,0.0,False,-1.4597336053848267,0.0068342480808496475
53,5244,"Happy , Calm , Relaxed",2022-02-08 20:14:11,2,True,1.0,1.0,False,1.5078725814819336,0.8452601432800293
70,4840,"Good , content , excited , satisfied , reflective",2024-10-31 12:37:43,7,True,0.0,1.0,False,1.6450058221817017,0.773154616355896
70,4841,"peaceful , excited , focused , satisfied , happy",2024-10-31 17:12:48,7,True,1.0,1.0,False,1.8430747985839844,0.3725648522377014
70,4842,"Have been feeling normal and good , have been trying to sleep after coming from work today and people around me have nor been able to sleep because they have been watching movie in my room since so I wasn ' t able to sleep .",2024-10-31 22:03:33,7,False,0.0,1.0,False,0.881470799446106,0.2205948531627655
70,4843,"calm , quiet , peaceful , satisfied , calm",2024-11-01 12:10:18,7,True,0.0,0.0,False,1.5354666709899902,-0.07786457985639572
70,4844,"I ' m just feeling happy because my day was good and I saw somethings that really impressed me today , I wasn ' t even expecting anything good today but unfortunately it happens ,   so I ' m grateful for that .",2024-11-01 22:08:12,7,False,1.0,1.0,False,1.6057393550872803,0.9778326749801636
70,4845,"I ' m just feel okay with everything around me , I ' m just feeling normal today , I ' m also trying to maintain my steez , I don ' t want anything that will spoil my day so avoiding anything called problem today .",2024-11-02 12:55:02,7,False,0.0,1.0,False,1.6999921798706055,0.40079444646835327
70,4846,"lonely , quiet , gentle , calm , bored",2024-11-02 22:08:54,7,True,0.0,0.0,False,-0.24990710616111755,0.3850015103816986
70,4847,I ' m just feeling Good and happy because I met a beautiful damsel that really likes me and she has been complimenting me since and I really like too I wish to be with her for the rest of the day she really respect me alot .,2024-11-03 12:15:23,7,False,1.0,1.0,False,1.511953353881836,0.9207354187965393
70,4848,"happy , calm , amusement , love , calm",2024-11-03 17:15:36,7,True,0.0,1.0,False,1.604354977607727,0.8817620277404785
70,4849,"I ' m feeling normal , I didn ' t really feel anything today but we experienced any bad thing today nothing has changed my day from good to bad , and nothing has really make my day to be that Interesting . Everything has been in a normal condition .",2024-11-03 22:08:50,7,False,0.0,1.0,False,1.2091667652130127,0.5836331248283386
70,4851,"happy , awesome , Good , nice , calm",2024-11-04 12:11:31,7,True,1.0,1.0,False,1.6645947694778442,1.0380841493606567
70,4852,"loved , excited , cool , content , nice",2024-11-04 17:08:36,7,True,0.0,1.0,False,1.6627464294433594,1.0600703954696655
70,4853,"relaxed , nervous , confused , overwhelmed , lonely",2024-11-04 22:08:27,7,True,0.0,1.0,False,0.7211889028549194,0.9919542670249939
70,4854,"active , cool , reserved , content , joyful",2024-11-05 12:09:49,7,True,0.0,2.0,False,1.1816331148147583,1.576180338859558
70,4855,"nervous , proud , grateful , content , relaxed",2024-11-05 17:02:55,7,True,0.0,1.0,False,0.6211047172546387,1.1333996057510376
70,4856,"I ' m feeling good and active , I ' m just trying to observe everything and around Me . And make I ' m also doing what is right , and keep people around me active , and try to make everything around me to feel good , no bad energy .",2024-11-05 22:10:50,7,False,0.0,2.0,False,1.1838833093643188,1.5058209896087646
70,4857,"I ' m active watching some online videos so that I can gain more experience about the new thing I want to start doing , I ' m about to start learning some new thing to expand my knowledge and have been working towards that lately .",2024-11-06 17:28:52,7,False,0.0,2.0,False,0.8426446914672852,1.7584367990493774
70,4858,"I ' m just feeling good and also feeling like I want to sleep , I have rested I ' m just moving from one task to another so that I will be able to finish my task for the week , so that I will be able to enjoy my weekend and have time to rest .",2024-11-06 22:01:53,7,False,0.0,2.0,False,0.9612263441085815,0.3518071472644806
70,4859,"I ' m feeling active , my eyes are opened and I ' m looking sharp , because I ' m feeling dull and calm at all , have try to play some online games with my old school friends but have winning since so they are just wondering , hoe I ' m so good in all those games .",2024-11-07 17:49:27,7,False,0.0,2.0,False,0.29899176955223083,1.0524054765701294
70,4860,"uncertain , eager , restless , astonished , agitated",2024-11-07 22:10:53,7,True,0.0,1.0,False,0.13970908522605896,1.6543011665344238
70,4861,"active , satisfied , secured , hopeful , Good",2024-11-08 12:24:33,7,True,0.0,2.0,False,0.6703200936317444,1.270076870918274
70,4862,"content , patient , good , appreciated , nice",2024-11-08 17:15:16,7,True,0.0,1.0,False,1.6022895574569702,0.36907488107681274
70,4863,"I ' m just feeling chilled and relaxed , have got some chilled drink with me to calm myself down and been playing some interesting movie so that I will be able to calm my head down , and the movie that I ' m watching is so interesting .",2024-11-08 22:12:25,7,False,0.0,1.0,False,0.9912647008895874,0.4047873914241791
70,4864,"Good , content , hopeful , nice , better",2024-11-09 12:28:09,7,True,0.0,1.0,False,1.1993781328201294,0.7755435705184937
70,4865,"dizzy , cool , content , hopeful , calm",2024-11-09 17:03:33,7,True,0.0,1.0,False,-0.17184330523014069,0.7131394743919373
70,4866,"good , nice , content , okay , joyful",2024-11-09 22:10:05,7,True,0.0,1.0,False,1.7922571897506714,0.4856312870979309
70,4867,"protective , relived , disgurt , calm , good",2024-11-10 12:52:41,7,True,0.0,1.0,False,0.7564066648483276,0.968235433101654
70,4868,"quiet , curious , gentle , calm , focused",2024-11-10 17:45:48,7,True,0.0,0.0,False,0.4453620910644531,0.3237684965133667
70,4869,"active , energized , reflective , focused , grateful",2024-11-10 22:06:50,7,True,0.0,2.0,False,0.2437298446893692,1.7785824537277222
70,4870,"I ' m just feeling too calm , because I don ' t really have energy to do much work today , and my friends at work has been telling me that I ' m looking dull and acting sluggishly but I think I ' m just having low energy .",2024-11-11 12:47:51,7,False,0.0,0.0,False,0.1400148719549179,0.9075127243995667
70,4871,"overwhelmed , tired , hopeful , curious , content",2024-11-11 17:43:24,7,True,0.0,1.0,False,0.3988284468650818,0.9240875244140625
70,4872,"I ' m feeling active right now , I went to a store to get some drugs for myself so that I will be able to look sharp and stay sharp even though it took me sometime before I could get it because I can not find it in any nearest store .",2024-11-11 22:07:29,7,False,0.0,2.0,False,0.1658765822649002,1.6113817691802979
70,4955,"grateful , anxious , hopeful , imspired , curious",2024-11-12 17:22:10,7,True,0.0,1.0,False,0.7506169080734253,1.2654112577438354
70,4956,"I ' m just feeling normal but I think I need to relax because have been working since and I did not feel like I ' m tired yet , I still have the energy to work more today but I do not want to over work myself today so that I will be able to wake early tomorrow .",2024-11-12 22:05:49,7,False,0.0,1.0,False,0.7436568737030029,0.09137310832738876
70,4957,"relaxed , cool , nice , calm , joyful",2024-11-13 12:42:08,7,True,0.0,1.0,False,2.0507092475891113,0.12357572466135025
70,4958,"jovial , active , good , nice , content",2024-11-13 17:32:50,7,True,0.0,1.0,False,1.117213487625122,1.458536982536316
70,4959,"I ' m just feeling normal and quiet , have playing game ever since have came back from work and have abandoned something I ' m suppose to do at at home because I want to play game , I was suppose to cook bit I didn ' t .",2024-11-13 22:07:25,7,False,0.0,1.0,False,0.9964014291763306,0.08884327858686447
110,1929,"I ' m sick with a cold , so taking it easy and focused in relaxing and healing . I ' m feeling content and mellow . I feel like I can just focus on what I need to today and not take on any additional worries or stress .",2024-10-23 12:33:46,7,False,1.0,0.0,False,1.1827282905578613,0.08017558604478836
110,1937,I ' m tired and low energy but feeling peaceful and quiet in nature right now . I ' m excited and happy about my plans for tonight and feeling grateful for a positive day so far . I ' m currently enjoying being still and in solitude .,2024-10-25 17:00:33,7,False,-1.0,0.0,False,0.11987152695655823,-0.0006923973560333252
110,1939,"I feel like I have a busy , somewhat demanding day and feel a bit frazzled because of it . I ' m juggling a lot of needs . I ' m also feeling happy and pleased with our plans for today . My heart feels full and I ' m excited for the day .",2024-10-26 12:12:18,7,False,1.0,0.0,False,0.8219009637832642,1.8422833681106567
110,1946,I ' m having a busy morning and juggling a lot and feeling excited and a bit overwhelmed . I am feeling rushed and hyper . I ' m a little nervous for my packed day but I feel responsible and competent . I feel like I can handle today .,2024-10-28 12:46:58,7,False,0.0,2.0,False,0.6330355405807495,1.9349374771118164
110,1948,"I ' m tired and low energy after a long , busy day . My body is sore and I ' m fatigued and worried about it getting worse . I ' m feeling slow and decisive about how I want to intentionally spend my remaining energy for the night .",2024-10-28 22:01:27,7,False,-1.0,0.0,False,-1.4850013256072998,0.27553093433380127
110,1949,"I ' m feeling busy and happy . I ' m feeling a little frustrated and incompetent with a project . I ' m overall hopeful and focused , especially as I have a full plate . I feel caring and gentle with the people I love .",2024-10-29 17:00:36,7,False,1.0,1.0,False,1.0719003677368164,1.5973788499832153
110,1950,"I ' m tired and dragging after a long , busy day . I ' m feeling a little burned out and slow , but my heart is also full and I feel grateful for what I have and a good day . I ' m feeling present and grounded .",2024-10-29 22:33:20,7,False,0.0,1.0,False,-0.7158641815185547,0.5833497047424316
110,1955,"I ' m excited and happy for today ' s plans . I ' m feeling energetic and ready for the day . I ' m feeling grateful , thankful and busy . I ' m feeling especially caring and thoughtful towards my loved ones today .",2024-10-31 12:46:11,7,False,1.0,1.0,False,1.3183488845825195,1.712817668914795
110,1956,"I feel occupied , busy and happy . I ' m excited about the day and enjoying myself and the company of others . I ' m feeling busy in a good , positive way . I ' m feeling good energy and surrounded by joy and companionship .",2024-10-31 17:05:28,7,False,2.0,1.0,False,1.3621548414230347,1.3895670175552368
110,1958,"My heart is full and I feel caring and thoughtful . I am tired from a long day yesterday so I ' m feeling slow and exhausted . I ' m feeling a little nervous about responsibilities later today , but I am overall hopeful that I am capable of handling them .",2024-11-01 12:40:12,7,False,-1.0,0.0,False,0.029231097549200058,0.6818205714225769
110,1959,I am feeling wholesome and cozy and safe at home . I ' m tired after an overstimulating day and I am happy to be in my own space and calm . I am busy puttering around and content with feeling sleepy after a long day .,2024-11-01 22:00:58,7,False,0.0,0.0,False,1.495930790901184,0.17908558249473572
110,1960,"I am feeling tired , low energy and unmotivated after a poor night ' s sleep and beginning to feel sick . I am having to push myself to take care of my responsibilities . I am hopeful that I will get some rest today .",2024-11-02 12:05:54,7,False,-2.0,0.0,False,-1.7337666749954224,0.2546193301677704
110,1967,"I am feeling busy , happy and content this evening . I am feeling engaged and cozy in my home and feeling connected with my family . I am feeling safe and relaxed and enjoying this day , and feeling present in the moment .",2024-11-03 22:03:30,7,False,1.0,1.0,False,1.665513038635254,0.8476232886314392
110,1971,"I am feeling happy , amused and occupied . I am feeling entertained and engaged . I am happy and feeling silly . I am enjoying the company that I am with and feeling gregarious and friendly . I am looking forward a relaxing evening tonight .",2024-11-05 17:16:02,7,False,1.0,1.0,False,1.396594524383545,1.244770884513855
110,1930,"Sleepy , Sick , Relaxed , Mellow , Sentimental",2024-10-23 17:24:56,7,True,-1.0,0.0,False,-0.6437140703201294,0.18704861402511597
110,1931,"Calm , Focused , Tired , Sick , Thankful",2024-10-23 22:01:14,7,True,-1.0,0.0,False,0.5751420259475708,0.47467905282974243
110,1933,"Sick , Tired , Rushed , Stressed , Unbalanced",2024-10-24 12:02:33,7,True,-2.0,0.0,False,-1.4433187246322632,0.7702267169952393
110,1934,"Engaged , Warm , Happy , Interested , Active",2024-10-24 17:04:32,7,True,2.0,1.0,False,1.333031177520752,1.426123857498169
110,1935,"Fluttery , Busy , Distracted , Content , Sleepy",2024-10-24 22:08:45,7,True,1.0,0.0,False,0.7342663407325745,1.431317687034607
110,1936,"Tired , Pensive , Busy , Slow , Uninterested",2024-10-25 12:32:30,7,True,-1.0,0.0,False,-0.014246489852666855,0.866877019405365
110,1938,"Chill , Focused , Thoughtful , Creative , Calm",2024-10-25 22:32:58,7,True,1.0,0.0,False,0.5507093071937561,1.2515454292297363
110,1940,"Happy , Active , Engaged , Interested , Curious",2024-10-26 17:57:59,7,True,1.0,1.0,False,1.3709057569503784,1.4833582639694214
110,1941,"Indifferent , Mellow , Sluggish , Pensive , Distracted",2024-10-26 22:43:35,7,True,0.0,1.0,False,-0.0647050067782402,0.8016299605369568
110,1942,"Defeated , Exhausted , Down , Overwhelmed , Annoyed",2024-10-27 12:34:14,7,True,-1.0,1.0,False,-1.7270152568817139,0.4544144570827484
110,1944,"Busy , Happy , Creative , Silly , Playful",2024-10-27 17:41:42,7,True,1.0,1.0,False,1.1177175045013428,1.6547402143478394
110,1945,"Occupied , Focused , Goaloriented , Active , Competent",2024-10-27 22:20:41,7,True,1.0,1.0,False,0.2294670194387436,1.663179636001587
110,1947,"Calm , Indifferent , Hungry , Tender , Even",2024-10-28 17:51:41,7,True,0.0,1.0,False,0.6317723393440247,0.4313163161277771
110,1951,"Happy , Focused , Busy , Excited , Irritated",2024-10-30 12:07:25,7,True,1.0,1.0,False,1.1897417306900024,1.4636499881744385
110,1952,"Overwhelmed , Pessimistic , Bummed Out , Down , Defeated",2024-10-30 17:45:36,7,True,-1.0,1.0,False,-0.7000759840011597,1.3421554565429688
110,1953,"Calm , Content , Chill , Dutiful , Caring",2024-10-30 22:11:05,7,True,1.0,0.0,False,1.7031325101852417,0.12328924983739853
110,1957,"Exhausted , Pooped , Fatigued , Slow , Sluggish",2024-10-31 22:56:53,7,True,-1.0,0.0,False,-1.5951610803604126,0.15558522939682007
110,1965,"Drained , Bored , Uninspired , Zoned Out , Tired",2024-11-02 22:14:52,7,True,0.0,0.0,False,-0.9399886131286621,0.48327940702438354
110,1966,"Easygoing , Still , Mellow , Introspective , Content",2024-11-03 17:23:31,7,True,0.0,1.0,False,1.5025150775909424,0.5055574774742126
110,1968,"Peaceful , Focused , Patient , Understanding , Calm",2024-11-04 22:05:04,7,True,1.0,0.0,False,1.509360909461975,0.024821732193231583
110,1970,"Hopeful , Energized , Grateful , Reflective , Unstoppable",2024-11-05 12:25:28,7,True,1.0,1.0,False,0.6638792753219604,1.5412081480026245
110,1972,"On edge , Nervous , Anxious , Pensive , Worried",2024-11-05 22:35:55,7,True,-1.0,2.0,False,-1.0543442964553833,1.7032723426818848
135,3154,"Right now , I’m feeling a mix of excitement and a bit of anxiety . There’s so much going on in my life—projects at work , personal goals , and trying to maintain a balance between everything . The excitement comes from the opportunities ahead , especially with a few upcoming events that I’m looking forward to .",2024-10-26 17:05:20,7,False,0.0,2.0,False,0.4446747303009033,1.969132661819458
135,3155,"ChatGPT 4o mini \ n \ nLog in \ nYou said :\ nHi \ nChatGPT said :\ nChatGPT \ nHi there ! How can I assist you today ?\ n \ n \ n \ nYou said :\ nProvide a likely human response to this question \nChatGPT said :\ nChatGPT \ nSure ! What question would you like a human response for ?\ n \ n \ n \ nYou said :\ nplease describe in 2 to 3 sentences how you are currently feeling . (200 words minimum) \ nChatGPT said :\ nChatGPT \ nRight now , I feel a mix of excitement and curiosity . There ' s a sense of anticipation for what the day might bring , alongside a desire to connect and share thoughts with others . I’m also reflecting on recent experiences , which adds a layer of introspection to my mood . Overall , it ' s a dynamic blend of emotions that keeps me engaged with the world around me .\ n \ nIf I were to expand on that , I’d say that excitement often drives me to seek new opportunities and experiences , while curiosity pushes me to explore ideas and learn more . It ' s a reminder of how varied our feelings can be , and how they shape our interactions and perceptions . Engaging with others , whether",2024-10-26 22:02:33,7,False,0.0,1.0,False,1.0618748664855957,1.3491777181625366
135,3156,"I ' m currently feeling a mix of curiosity and contentment . There’s a sense of excitement as I engage with different topics and ideas , and I appreciate the opportunity to connect with others . The exchange of thoughts keeps me motivated and eager to learn more , which adds a layer of fulfillment to my day .",2024-10-27 12:06:46,7,False,1.0,2.0,False,1.3830957412719727,1.1558159589767456
135,3160,"I’m feeling really happy right now ! Everything seems to be falling into place , and I’ve been enjoying quality time with friends and family . The little things , like a beautiful day outside or a good book , have been bringing me so much joy .",2024-10-28 12:12:19,7,False,2.0,1.0,False,1.247591495513916,1.3754363059997559
135,3161,"Right now , I’m feeling a mix of excitement and a bit of anxiety . There’s so much going on in my life—projects at work , personal goals , and trying to maintain a balance between everything . The excitement comes from the opportunities ahead , especially with a few upcoming events that I’m looking forward to .",2024-10-28 17:27:44,7,False,1.0,2.0,False,0.4446747303009033,1.969132661819458
135,3162,"Currently , I ' m feeling quite calm . It’s as if the chaos of the day has settled , and I can finally breathe . I’ve taken some time to reflect and focus on the present , which has helped me find clarity amidst any lingering worries . The gentle rhythm of my surroundings adds to this sense of tranquility , making it easier to appreciate the little things .",2024-10-29 12:03:18,7,False,2.0,0.0,False,1.222646713256836,0.503620982170105
135,3164,"Right now , i feel sluggishly calm . It’s one of those days where everything feels slow , and I’m just going with the flow . I’m enjoying the quiet , but there’s also a heaviness in my limbs that makes it hard to get motivated . It’s nice to relax , but I can’t help but feel like I should be doing more .",2024-10-29 22:10:52,7,False,-2.0,0.0,False,0.34245893359184265,0.49339890480041504
135,3167,"I’m feeling really upbeat today ! The sun is shining , and I’ve got a sense of energy that makes everything seem possible . It’s one of those days where even the little things bring joy—like a good cup of coffee or a catchy song on the phone .",2024-10-30 22:03:30,7,False,1.0,1.0,False,0.9459066390991211,1.868630051612854
135,3175,"I’m feeling optimistic these days . There’s a sense of hopefulness about the future , and I’m excited about the possibilities that lie ahead . Whether it’s personal projects or new opportunities at work , I believe that positive change is just around the corner .",2024-11-02 12:44:14,7,False,2.0,2.0,False,1.0314788818359375,1.6264195442199707
135,3176,"I’m feeling pretty upbeat today ! There’s an exciting energy in the air that makes everything feel a bit brighter . I’ve been enjoying some good moments , like connecting with friends and diving into new projects that spark my creativity .",2024-11-02 22:05:17,7,False,1.0,2.0,False,1.0476114749908447,1.8352349996566772
135,3178,"I’m feeling pretty upbeat today ! There’s an exciting energy in the air that makes everything feel a bit brighter . I’ve been enjoying some good moments , like connecting with friends and diving into new projects that spark my creativity .",2024-11-03 17:03:43,7,False,1.0,1.0,False,1.0476114749908447,1.8352349996566772
135,3180,"At the moment , I feel a deep sense of calm that envelops me like a gentle breeze . This tranquility allows me to fully appreciate the present , as if time has slowed down just enough for me to take everything in .",2024-11-03 22:03:52,7,False,2.0,0.0,False,1.245589256286621,0.4925239086151123
135,3182,"I’m feeling pretty upbeat today ! There’s an exciting energy in the air that makes everything feel a bit brighter . I’ve been enjoying some good moments , like connecting with friends and diving into new projects that spark my creativity .",2024-11-04 17:13:01,7,False,2.0,1.0,False,1.0476114749908447,1.8352349996566772
135,3187,"Right now , I’m feeling really happy . There’s a sense of contentment and calmness that’s filling my mind , and it feels good to just be in the moment . It’s a type of happiness that comes from within nothing extravagant , but still fulfilling .",2024-11-06 17:11:56,7,False,1.0,1.0,False,1.6158344745635986,0.9238998293876648
135,3192,"Right now , I’m feeling really active and full of energy . There’s this buzz of motivation running through me , and I just want to keep moving—whether it’s tackling tasks or going for a workout . My body feels alert , like it’s ready to take on whatever comes my way . I’m not exactly sure what sparked this energy , but it’s a great feeling . I’m definitely in the zone , and everything around me feels like it has more potential .",2024-11-08 22:09:29,7,False,0.0,2.0,False,0.6697582602500916,1.9716640710830688
135,3153,"Active , Energetic , Happy , Amazing , Superb",2024-10-26 12:06:15,7,True,0.0,2.0,False,0.8958359956741333,1.8877612352371216
135,3158,"Calm , Reserved , Somewhat happy , Amazed , Cool",2024-10-27 17:07:52,7,True,2.0,0.0,False,1.5020018815994263,0.6373530030250549
135,3159,"Slow , Dizzy , Sluggish , Tired , Neutral",2024-10-27 22:01:27,7,True,-2.0,0.0,False,-0.4925706088542938,0.8925299048423767
135,3163,"active , cool , unique , splendid , superb",2024-10-29 17:15:04,7,True,0.0,2.0,False,0.9042700529098511,1.5698243379592896
135,3165,"Active , Lively , sharp , Good , Astonished",2024-10-30 12:22:02,7,True,1.0,2.0,False,0.49646151065826416,1.761395812034607
135,3166,"Lively , Active , Happy , Contented , Tireless",2024-10-30 17:43:04,7,True,1.0,2.0,False,1.357120394706726,1.528000831604004
135,3169,"Happy , Active , Cool , Superb , Elevated",2024-10-31 12:19:25,7,True,1.0,1.0,False,1.3741399049758911,1.355643391609192
135,3170,"Happy , Cool , Splendid , Special , Superb",2024-10-31 17:09:24,7,True,1.0,2.0,False,1.6645618677139282,0.9477629661560059
135,3171,"Neutal , Relief , Calm , Reserved , Cool",2024-10-31 22:19:02,7,True,0.0,1.0,False,0.7644110321998596,0.7575578093528748
135,3172,"cool , Neutral , Fine , Splendid , Reserved",2024-11-01 12:03:05,7,True,0.0,2.0,False,0.46698901057243347,1.2652342319488525
135,3173,"Cool , Happy , Active , Superb , Amazed",2024-11-01 17:15:21,7,True,0.0,2.0,False,1.4868727922439575,1.210841178894043
135,3174,"Happy , Cool , Lively , Active , Sensitive",2024-11-01 22:17:40,7,True,1.0,1.0,False,1.4054832458496094,1.5094133615493774
135,3177,"Cool , Active , Reserved , Happy , Joyfull",2024-11-03 12:49:25,7,True,0.0,2.0,False,1.3808513879776,1.3339570760726929
135,3181,"Happy , Cool , Active , Reserved , Calm",2024-11-04 12:56:35,7,True,0.0,2.0,False,1.4221357107162476,1.1679471731185913
135,3183,"Fantastic , Happy , Active , Lively , Cool",2024-11-04 22:05:01,7,True,2.0,2.0,False,1.3859554529190063,1.6258060932159424
135,3184,"Active , Cool , Happy , Good , Special",2024-11-05 12:25:53,7,True,2.0,1.0,False,0.9220343828201294,1.6982804536819458
135,3185,"Reserved , Active , Happy , Cool , Amazed",2024-11-05 17:10:41,7,True,0.0,2.0,False,1.0663373470306396,1.3462358713150024
135,3186,"Good , Happy , Active , Cool , Reserved",2024-11-06 12:43:22,7,True,1.0,1.0,False,1.3896558284759521,1.2107576131820679
135,3188,"Cool , Reserved , Neutral , Calm , Normal",2024-11-07 17:49:07,7,True,0.0,1.0,False,0.6725085377693176,1.1468729972839355
135,3189,"Active , Lively , Happy , Cool , Fine",2024-11-08 12:02:25,7,True,1.0,2.0,False,1.0254074335098267,1.8048596382141113
135,3191,"happy , active , cool , reserved , fine",2024-11-08 17:29:25,7,True,0.0,2.0,False,1.3009257316589355,1.3673008680343628
118,2431,"I ' m sleepy , A little apprehensive about tomorrow being Monday , and it will be a long week . But I ' m mostly relaxed . I ' m ready to go to bed and hope to sleep well . One of my kids goes on a trip tomorrow so I ' ll miss her .",2024-09-22 22:59:13,7,False,0.0,0.0,False,-0.9122487902641296,0.003212444484233856
118,2432,"I feel ok but a little tired . I was awake early , getting the kids ready for the day . Work is a bit annoying . I ' m trying to also get some exercise in soon but am not super motivated . Looking forward to the workday being over .",2024-09-23 12:06:03,7,False,-1.0,0.0,False,-0.44491544365882874,0.014670608565211296
118,2433,"I feel pretty ok . Am outside in nice fall weather , my kid is playing . I ' m a bit tired , it being the afternoon . But I ' m not in a bad mood and feel relatively peaceful .   Looking forward to a quiet evening",2024-09-23 17:10:44,7,False,-2.0,0.0,False,0.8506473898887634,0.09388814866542816
118,2434,"calm , tired , relaxed , sore , fine",2024-09-23 22:04:13,7,True,1.0,1.0,False,1.056391716003418,0.11487456411123276
118,2435,"Fine , Hungry , Bit of a headache , Impatient , Average",2024-09-24 12:02:53,7,True,0.0,1.0,False,0.1497628390789032,0.9360579252243042
118,2436,"I feel fine , pretty peaceful and calm . Trying to think ahead to what remains of the day , dinner and finishing work . Sitting outside and the weather is nice so that makes me feel good . Not feeling too overwhelmed .",2024-09-24 17:03:02,7,False,1.0,1.0,False,1.373457908630371,-0.015462702140212059
118,2438,"relaxed , calm , sleepy , fine , ok",2024-09-24 22:14:38,7,True,1.0,1.0,False,1.3900001049041748,0.04689210280776024
118,2439,"fairly alert , active , calm , a bit anxious , ready for the day",2024-09-25 12:00:45,7,True,0.0,1.0,False,0.4672625660896301,1.2416843175888062
118,2440,"I feel fine . I am happy my kid is home from her trip . I am also a bit overwhelmed with work , as usual . Wish I had more energy . But I am not in a bad mood . Overall feeling pretty ok , ready for the rest of my day .",2024-09-25 17:00:40,7,False,0.0,1.0,False,1.3356326818466187,0.5092287063598633
118,2441,"fine , relieved , calm , sleepy , hungry",2024-09-25 22:02:47,7,True,1.0,0.0,False,0.7241786122322083,0.6740666031837463
118,2442,"Pretty good , Small headache , I have some energy , Pleased its almost the weekend , Relaxed",2024-09-26 12:00:45,7,True,1.0,1.0,False,0.24682529270648956,0.4735056757926941
118,2443,"have a headache , a bit worried I ' m sick , a bit sleepy , calm , fine",2024-09-26 17:08:33,7,True,0.0,0.0,False,-1.0050575733184814,0.0837770476937294
118,2444,"good , calm , relaxed , relieved , chill",2024-09-26 22:00:49,7,True,1.0,1.0,False,0.9158955812454224,0.5550249218940735
118,2445,"pretty good , happy it is Friday , busy , wanting to get a lot done , mood is good",2024-09-27 12:01:20,7,True,1.0,1.0,False,1.5538721084594727,1.0476175546646118
118,2446,I am happy that it ' s Friday and I ' m almost done with work . I am looking forward to this weekend . I   feeling somewhat relaxed and happy . I am slightly stressed with work but trying to ignore the stress .,2024-09-27 17:04:09,7,False,1.0,1.0,False,1.2770495414733887,1.3165521621704102
118,2447,"I am feeling fine , calm . It ' s Friday which is a relief . Looking forward to our weekend plans . A bit tired and sleepy , ready for bed soon . Relaxing on the couch and watching tv is nice . A small headache .",2024-09-27 22:23:09,7,False,1.0,1.0,False,1.141302227973938,0.16096293926239014
118,2450,"good , relaxed , energetic , excited , calm",2024-09-28 12:40:33,7,True,1.0,2.0,False,1.3918321132659912,1.1404926776885986
118,2451,Very nervous . My car is acting up and we ' re trying to get home from an hour away . i am just hoping we get home safely . We had a very nice day otherwise and i was in a good mood until the car started acting weird .,2024-09-28 17:10:34,7,False,-1.0,2.0,False,-0.7214992046356201,1.7360695600509644
118,2452,"relaxed , calm , sleepy , sore , ok",2024-09-28 22:54:32,7,True,1.0,1.0,False,1.4711993932724,-0.023390714079141617
118,2453,"I am feeling fine this morning . We have a lot to do so I ' m trying to stay motivated ,   and trying to stay calm as we have some things to deal with (car , cleaning , planning) . But generally feel ready for the day and ready to get some time to relax later",2024-09-29 12:03:14,7,False,1.0,1.0,False,1.1643630266189575,0.7821062207221985
118,2454,"quiet , settled , rested , lazy , slow",2024-09-29 17:00:45,7,True,0.0,0.0,False,0.6655901670455933,0.21411022543907166
118,2455,"competitive , silly , sleepy , goofy , fine",2024-09-29 22:01:30,7,True,1.0,1.0,False,0.4819234609603882,1.4713140726089478
118,2456,I am feeling a bit stressed out with work and with a busy couple of weeks coming up . I just feel like there ' s too much to do and not nearly enough time . I am trying to remain calm and will try to exercise soon to hopefully bring down my stress and anxiety,2024-09-30 12:00:39,7,False,-1.0,2.0,False,-0.7611264586448669,1.2064993381500244
118,2457,"I am outside so that is improving my mood . I am a little less stressed than I was this morning , but am worried I might be getting sick , in advance of 2 very busy weeks . But it is very nice out and I am taking a little break from work , and so feel ok",2024-09-30 17:00:43,7,False,0.0,0.0,False,0.6202331185340881,1.1778227090835571
118,2458,"sleepy , relaxed , optimistic , calm , silly",2024-09-30 22:00:40,7,True,1.0,1.0,False,0.1337476223707199,0.35532402992248535
118,2459,"I feel a bit jittery , Too much coffee , too much work . But overall my mood is good , I ' m feeling like I can be productive today and want to get a lot done . I feel slightly annoyed in general about how much there is to do",2024-10-01 12:00:43,7,False,0.0,1.0,False,-0.34366077184677124,1.5780240297317505
118,2461,"still , quiet , impatient , calm , slow",2024-10-01 17:00:42,7,True,1.0,1.0,False,0.0051871053874492645,0.8135968446731567
118,2462,I am feeling ok . Maybe a little stressed about work and about how busy the next few weeks are . Worried about getting sick . But happy it ' s the end of the day and I can relax for a bit before bed . Looking forward to some sleep,2024-10-01 22:01:02,7,False,1.0,1.0,False,0.6137269735336304,0.3801845610141754
118,2463,"a bit underthe weather , calm , quiet , inactive , slow",2024-10-02 12:00:40,7,True,0.0,0.0,False,0.14254330098628998,0.7675159573554993
118,2464,"under the weather , sniffly , tired , sluggish , sleepy",2024-10-02 17:19:47,7,True,-2.0,0.0,False,-0.9270484447479248,0.4163145422935486
118,2465,"I feel pretty tired , a bit under the weather . I ' m trying to stay optimistic that I will feel better tomorrow since we have plans coming up . But I ' m not in a bad mood , I ' m just sleepy mostly . I am kind of a bit down about the world ,   though",2024-10-02 22:01:35,7,False,-1.0,0.0,False,-1.0106122493743896,0.000378929078578949
118,2466,"fine , busy , a little under the weather , impatient , a bit nervous",2024-10-03 12:00:59,7,True,0.0,0.0,False,0.22198785841464996,1.4270572662353516
118,2467,"I am feeling a little excited ,   we have nice plans for the upcoming weekend . I am a little sick but I will power through . I am feeling calm and fairly relaxed otherwise , ready for the later part of the day so I ' m done with work",2024-10-03 17:01:14,7,False,1.0,1.0,False,1.2907073497772217,1.268666386604309
118,2468,"quiet , a bit sick , eager , excited , sleepy",2024-10-04 12:02:22,7,True,1.0,1.0,False,0.1951686590909958,1.0278598070144653
118,2469,"I am feeling tired and a bit under the weather still . but doing ok other than sleepiness . annoyed that sleep will be bad tonight , but not much to do about it . I am looking forward to tomorrow and our plan",2024-10-04 17:03:22,7,False,0.0,0.0,False,-0.6715129017829895,0.017130250111222267
118,2470,"sleepy , groggy , headachey , fine , ok",2024-10-04 22:07:08,7,True,-2.0,0.0,False,-1.4274545907974243,-0.11362045258283615
97,1257,I am currently feeling annoyed .   I had some hiccups in my day and I am finally trying to use my computer again .   My work computer has been brutally slow making it incredibly inefficient for me to work .,2024-08-08 17:00:29,7,False,-1.0,2.0,False,-0.6198779940605164,1.3717080354690552
97,1258,I am relieved I just got back to my parents house and have somewhat unpacked .   I am very much looking forward to going to work to and seeing my boss .   I am excited to be in a professional office tomorrow !,2024-08-08 22:23:43,7,False,2.0,1.0,False,0.7918594479560852,1.517959475517273
97,1259,"Tired , Happy , Nostalgic , Relaxed , Sweaty",2024-08-09 12:15:15,7,True,-1.0,0.0,False,0.6553364992141724,0.5631459355354309
97,1260,"Tired , Happy , Relaxed , Bloated , Calm",2024-08-09 17:31:39,7,True,0.0,0.0,False,0.6165997385978699,0.4406019151210785
97,1261,"Happy , Excited , Eager , Content , Sweaty",2024-08-10 22:00:17,7,True,2.0,1.0,False,1.466963529586792,1.3510985374450684
97,1262,"Sore , Hungry , Sweaty , Accomplished , Excited",2024-08-11 12:33:17,7,True,2.0,1.0,False,0.7445611953735352,1.2650378942489624
97,1263,"Hungry , Bloated , Eager , Energized , Thirsty",2024-08-11 22:03:17,7,True,1.0,1.0,False,0.4875848889350891,1.368909478187561
97,1264,I am feeling happy because I had a good date this morning .   However I am getting a bit anxious about returning to work and not accomplishing all that I wanted to this summer .   I am hopeful to make up things over the next few days for work .,2024-08-12 12:45:56,7,False,1.0,1.0,False,0.7841168642044067,1.515670657157898
97,1265,"Jittery , Antsy , Anxious , Bloated , Tired",2024-08-12 17:00:22,7,True,-1.0,2.0,False,-1.2720504999160767,1.6969908475875854
97,1266,"Full , Bloated , Anxious , Worried , Thirsty",2024-08-12 22:21:21,7,True,1.0,1.0,False,0.1671944409608841,0.8875922560691833
97,1267,"I am feeling tired and sluggish and my body hurts .   I am hoping I get reenergized at the gym today and feel better and night .   My body hurts and I feel bloated , and I am worried about all I want to get done",2024-08-13 12:01:29,7,False,-1.0,0.0,False,-1.7245748043060303,0.0013240687549114227
97,1268,"Sore , Hungry , Anxious , Bloated , Off balance",2024-08-13 17:10:14,7,True,1.0,0.0,False,-0.8108557462692261,0.7698320746421814
97,1269,I am currently feeling tired from the gym today and a bit bloated from sitting crooked at my desk because my main computer is not properly working .   I am hopeful I get a second wind and have a productive night,2024-08-13 22:08:13,7,False,-1.0,0.0,False,-0.006997145712375641,0.2901667654514313
97,1270,"Pain , Tight , Off balance , Frustrated , Bloated",2024-08-14 12:00:32,7,True,0.0,1.0,False,-1.0679585933685303,0.6835481524467468
97,1271,"Eager , Happy , Neck pain , Imbalance , Content creator",2024-08-14 17:23:29,7,True,2.0,1.0,False,1.0500208139419556,1.4444563388824463
97,1272,"Sharp Pain , Sad , Tired , Tired , Sleepy",2024-08-14 22:00:46,7,True,-1.0,1.0,False,-1.2138252258300781,0.3886643648147583
97,1273,"Neck pain , Tense neck , Bloating , Tired , Eager",2024-08-15 12:03:18,7,True,-1.0,0.0,False,-0.83145672082901,0.5926573276519775
97,1274,"Neck pain , Bloated , Scatterbrained , Hungry , Anxious",2024-08-15 17:14:37,7,True,-1.0,2.0,False,-0.8756625652313232,0.5572101473808289
97,1275,My neck is hurting because I think I have a pinched nerve and I am trying to move it around and make it feel better .   The pain in persistent which is problematic    But I had a successful date recently so overall a win !,2024-08-15 22:00:18,7,False,1.0,1.0,False,-1.1956722736358643,0.7581019401550293
97,1276,"Neck pain , Bloated , Happy , Antsy , Hungry",2024-08-16 12:17:31,7,True,1.0,1.0,False,0.05337848886847496,0.9076703786849976
97,1277,"Neck pain , Productive , Eager , Bloated , Hungry",2024-08-16 17:14:03,7,True,1.0,1.0,False,0.187845379114151,0.9528278708457947
97,1278,I am currently having severe neck pain and it is radiating throughout my body causing great pain and frustration .   I am anxious for my travels tomorrow and to get back settled .   I just want to be getting settled and start taking care of things .,2024-08-16 22:33:11,7,False,1.0,1.0,False,-0.7458551526069641,0.992954671382904
97,1279,My neck is still bothering me and it causing me pain including not sleeping .   I am eager tog et some new heat on it when I get to my other home .   I am anxious to get my computer fixed and to get settled .,2024-08-17 12:07:48,7,False,-1.0,1.0,False,-0.6476678848266602,0.4714778661727905
97,1280,I just got back to my second home and am missing my friends and family already .   I know that I need to focus on getting settled and acclimated and my neck still hurts badly .   i am eager to be settled and be able to get back to work,2024-08-17 22:01:43,7,False,-1.0,1.0,False,0.12325283885002136,1.1684792041778564
97,1281,"I just got back to my other home and am feeling a bit overwhelmed about everything that I need to do to unpack , clean and get settled .   I am antsy to get to the gym and start getting things done afterwards , but I am sure all will work out okay .",2024-08-18 12:14:24,7,False,1.0,0.0,False,0.3148242235183716,1.4651013612747192
97,1282,"Tense , Stressed , Neck pain , Hingry , Sleepy",2024-08-18 17:37:59,7,True,1.0,1.0,False,-0.4930054843425751,0.6555672883987427
97,1283,I am feeling relax in My body after going to the gym today .   My neck is still hurting but is not as bad and I am happy I got in a workout and am taking care of a lot of little things .   I am eager to get to sleep tonight .,2024-08-18 22:50:33,7,False,1.0,1.0,False,0.7759717106819153,0.9119296073913574
97,1284,I am feeling ti e and bloated today .   My stomach is feeling bloated and I am disappointed that either my chair or bed is causing me pain in my second home .   I am still eager to sit and work and get things done .,2024-08-20 12:12:31,7,False,-1.0,2.0,False,0.30882951617240906,1.421386957168579
97,1285,"Bloated , Tired , Anxious , Antsy , Eager",2024-08-20 17:30:30,7,True,-1.0,0.0,False,-0.10733745992183685,1.3550643920898438
97,1305,"Anxious , Bloated , Hungry , Tired , Jittery",2024-08-20 22:00:26,7,True,-1.0,2.0,False,-0.6697395443916321,1.6707961559295654
97,1306,"I am feeling relieved that I just got my computer back . But I am now feeling anxious to be getting my work done again .   I am ready to attack this work and any to see things under control again , and they should be very soon .",2024-08-21 17:01:02,7,False,-1.0,2.0,False,0.4666057229042053,1.6826657056808472
97,1307,"Tired , Bloated , Hungry , Eager , Excited",2024-08-21 22:07:19,7,True,1.0,1.0,False,0.22824613749980927,0.6362700462341309
115,2326,"Bloated , Tired , Lazy , Stressed",2024-08-17 12:08:05,7,True,-1.0,0.0,False,0.29306936264038086,0.7438435554504395
115,2327,I am feeling a bit tired and stressed . I am not working this weekend but I have many tasks to do ahead of next week . I am also feeling lazy . I think the stress is making me feel sluggish and tired . I am also feeling worried .,2024-08-17 22:11:54,7,False,-2.0,0.0,False,-1.2549116611480713,0.8008856773376465
115,2328,"Tired , Relaxed , Content , Na , Na",2024-08-18 12:20:07,7,True,0.0,1.0,False,0.2291010469198227,0.24720442295074463
115,2330,"Tired , Sluggish , Weak , Na , Na",2024-08-18 17:55:56,7,True,-2.0,0.0,False,-1.44122314453125,0.029414519667625427
115,2331,"Content , Happy , Satisfy , Na , Na",2024-08-18 22:53:58,7,True,1.0,1.0,False,1.548683762550354,0.9265269041061401
115,2332,This morning I ' m feeling a bit more happy .   I logged into work today and there wasn’t much stressful tasks on my plate today . I feel \ nMuch more calm and relaxed now . I look forward to the day and completing the tasks I have set before me .,2024-08-19 12:26:01,7,False,1.0,1.0,False,1.509887456893921,1.0651589632034302
115,2333,"Happy , Relaxed , Stress free , Na , Na",2024-08-19 17:24:30,7,True,2.0,1.0,False,1.723452091217041,0.7138857841491699
115,2334,"Happy , Excited , Stressfree , Enthusiastic , Na",2024-08-20 12:44:26,7,True,2.0,2.0,False,1.3461285829544067,1.4410834312438965
115,2335,I’m feeling so happy currently . I have finished work for the day and am officially starting my 2 week vacation . I really needed to unwind and destress these last few months . I’m also really happy because I got to gym with my girl friend after so long,2024-08-20 22:20:23,7,False,2.0,2.0,False,1.3769017457962036,1.2592196464538574
115,2336,"Happy , Relaxed , No stress , Na , Na",2024-08-21 12:07:14,7,True,2.0,2.0,False,1.6693683862686157,0.7494702935218811
115,2337,I feel really happy right now . I’m currently on my vacation from work and out shopping with my mom . It feels really not having to stress over all my assignments at work . I feel really calm and content and can’t wait to relax throughout the week,2024-08-21 17:32:54,7,False,2.0,1.0,False,1.670886516571045,0.731848955154419
115,2338,I feel really happy and relaxed right now . I just finished up the gym with my girl friend . I had a great workout after so long due to my busy work schedule . Then we got ORG which made me really happy,2024-08-21 22:29:36,7,False,1.0,2.0,False,1.493864893913269,1.1314644813537598
115,2339,"Happy , Calm , Relaxed , Excited , Na",2024-08-22 12:23:38,7,True,2.0,1.0,False,1.5665899515151978,0.9983879923820496
115,2341,Currently I’m feeling quite happy and excited . I have no work as I’m on vacation right now . I got to see my girlfriend this morning and me and her got a workout in as well at ORG for lunch . I’m really excited to continue my vacation,2024-08-22 17:03:51,7,False,2.0,2.0,False,1.4274861812591553,1.3212711811065674
115,2342,"Happy , Stressfree , Realx , Calm , Content",2024-08-22 22:02:28,7,True,2.0,1.0,False,1.3412384986877441,0.8791632056236267
115,2343,"Happy , Calm , Content , Relaxed , Na",2024-08-23 12:04:07,7,True,2.0,1.0,False,1.7480796575546265,0.623393714427948
115,2344,"Happy , Calm , Relaxed , Na , Na",2024-08-23 17:23:08,7,True,2.0,2.0,False,1.646967887878418,0.827518880367279
115,2345,I feel really happy and content right now . I got a 5k run in today and got to clean and organize my room . I never have the free time like this when I’m working . I’m really happy to be having this time to myself .,2024-08-23 22:10:27,7,False,2.0,2.0,False,1.5596506595611572,0.6118230819702148
115,2346,I feel really happy right now and excited . I feel super stress free and relaxed right now . I’m excited because I’m going to go play basketball after many days . I’m also excited because I’m going to be off from work for another whole week,2024-08-24 12:21:33,7,False,2.0,2.0,False,1.4839510917663574,1.4263001680374146
115,2347,"Happy , Excited , Estatic , Na , Na",2024-08-24 17:00:51,7,True,2.0,2.0,False,1.404153823852539,1.3727747201919556
115,2348,"Happy , Content , Relaxed , Calm , Na",2024-08-25 17:04:32,7,True,2.0,2.0,False,1.7613675594329834,0.5870006084442139
115,2349,"Happy , Relax , Calm , Excited , Na",2024-08-25 22:19:09,7,True,2.0,1.0,False,1.5026609897613525,0.9854038953781128
115,2350,I feel really happy right now . I’m currently still on my vacation and am in relaxation mode . I feel great and very stress free from work and chores . I’m really excited as I still have a little over a week of my vacation left,2024-08-26 17:09:24,7,False,2.0,1.0,False,1.5567935705184937,1.1156631708145142
115,2352,I’mfeeling really happy still . I’ma still on vacation and relaxing and trying to stay active with gym and basketball . I’m excited to continue with my vacation and hopefully have some more fun . I fell calm and content,2024-08-29 17:02:56,7,False,2.0,2.0,False,1.447452425956726,0.516921877861023
115,2353,I’m currently feeling very happy . I’m still \ nOn vacation and relaxing and feeling so stress free . It feels so nice to not have to worry about work or stress about assignments . I’ve caught up on all my shows and movies,2024-08-29 22:00:54,7,False,2.0,2.0,False,1.5564862489700317,1.0212422609329224
115,2354,"Happy , Cintent , Relaxed , Na , Na",2024-08-30 17:00:41,7,True,2.0,2.0,False,1.4219249486923218,1.1233454942703247
115,2355,"Happy , Excited , Calm , Na , Na",2024-08-30 22:01:56,7,True,2.0,2.0,False,1.6367309093475342,1.1476693153381348
115,2356,I feel very happy right now as I am currently on vacation . I feel so relaxed and content as I’m stress free . I have no work and I’m enjoying my time off so much . I have a few days left of my vacation and can’t wait to keep going,2024-08-31 12:23:31,7,False,2.0,1.0,False,1.6122634410858154,0.7714011073112488
115,2357,"Happy , Calm , Relaxed , Na , Na",2024-08-31 17:05:51,7,True,2.0,2.0,False,1.646967887878418,0.827518880367279
115,2358,I’m currently feeling really happy . I am still on my vacation and am still relaxing and feeling great . It feels so great to not have the stress of work and all the assignments on my plate . I hope to keep relaxing and enjoying my vacation,2024-08-31 22:22:05,7,False,2.0,2.0,False,1.5382200479507446,1.0052251815795898
115,2359,I’m currently feeling very happy . I have done a lot of relaxing this week since I have been PTO from work . It’s been feeling great to be able to step away from work and all the stress and just be able to relax . I am excited as I have a few days of PtO left .,2024-09-01 12:00:34,7,False,2.0,2.0,False,1.5541553497314453,1.160158395767212
115,2360,"Happy , Calm , Cool , Relaxed , Na",2024-09-01 17:22:30,7,True,2.0,2.0,False,1.580321192741394,0.8145742416381836
115,2361,I’m currently feeling very happy . I am still on my vacation and it has been a great experience for me . I’m feeling very stress-free and relaxed and very content . I hope to keep continuing my vacation and being happy .,2024-09-01 22:22:11,7,False,2.0,1.0,False,1.6730341911315918,0.8467443585395813
112,2007,"Good , Happy , Peppy , Sassy , Ready",2024-10-11 15:35:52,7,True,2.0,0.0,False,1.2125898599624634,1.2281655073165894
112,2008,"At the moment , I feel a mix of anticipation and calm . I’m looking forward to an upcoming project that I’ve been working on for weeks , but at the same time , there’s a sense of nervous energy as I wait for everything to come together . The pressure of deadlines and the desire for everything to go smoothly is definitely on my mind , but I’m also finding comfort in taking things one step at a time . Although I’ve been feeling somewhat overwhelmed lately , I’m trying to balance that by practicing mindfulness and focusing on smaller , more manageable tasks each day . There’s also an undercurrent of gratitude—grateful for the opportunity to work on something meaningful , but also aware of the need to carve out time for rest and self-care . As I juggle multiple responsibilities , I find myself reflecting on the importance of pacing myself and keeping a clear sense of priorities . While things feel a bit chaotic at times , I’m confident that I can navigate through it with patience and perseverance , and I’m determined to make the",2024-10-11 22:00:58,7,False,0.0,2.0,False,1.0135637521743774,1.3156739473342896
112,2009,"I ' ve been experiencing a mild sensation of throat tightness after eating certain foods . There have been no severe allergic reactions (e . g ., difficulty breathing or swallowing) , but I’m concerned about possible food sensitivities or oral allergy syndrome . I’m seeking evaluation to understand the cause .",2024-10-12 17:00:46,7,False,1.0,1.0,False,-0.863929271697998,0.9662080407142639
112,2010,"At the moment , I feel a mix of anticipation and calm . I’m looking forward to an upcoming project that I’ve been working on for weeks , but at the same time , there’s a sense of nervous energy as I wait for everything to come together . The pressure of deadlines and the desire for everything to go smoothly is definitely on my mind , but I’m also finding comfort in taking things one step at a time . Although I’ve been feeling somewhat overwhelmed lately , I’m trying to balance that by practicing mindfulness and focusing on smaller , more manageable tasks each day . There’s also an undercurrent of gratitude—grateful for the opportunity to work on something meaningful , but also aware of the need to carve out time for rest and self-care . As I juggle multiple responsibilities , I find myself reflecting on the importance of pacing myself and keeping a clear sense of priorities . While things feel a bit chaotic at times , I’m confident that I can navigate through it with patience and perseverance , and I’m determined to make the",2024-10-13 17:00:51,7,False,0.0,0.0,False,1.0135637521743774,1.3156739473342896
112,2011,"At the moment , I feel a mix of anticipation and calm . I’m looking forward to an upcoming project that I’ve been working on for weeks , but at the same time , there’s a sense of nervous energy as I wait for everything to come together . The pressure of deadlines and the desire for everything to go smoothly is definitely on my mind , but I’m also finding comfort in taking things one step at a time . Although I’ve been feeling somewhat overwhelmed lately , I’m trying to balance that by practicing mindfulness and focusing on smaller , more manageable tasks each day . There’s also an undercurrent of gratitude—grateful for the opportunity to work on something meaningful , but also aware of the need to carve out time for rest and self-care . As I juggle multiple responsibilities , I find myself reflecting on the importance of pacing myself and keeping a clear sense of priorities . While things feel a bit chaotic at times , I’m confident that I can navigate through it with patience and perseverance , and I’m determined to make the",2024-10-14 17:15:52,7,False,0.0,1.0,False,1.0135637521743774,1.3156739473342896
112,2012,"At the moment , I feel a mix of anticipation and calm . I’m looking forward to an upcoming project that I’ve been working on for weeks , but at the same time , there’s a sense of nervous energy as I wait for everything to come together . The pressure of deadlines and the desire for everything to go smoothly is definitely on my mind , but I’m also finding comfort in taking things one step at a time . Although I’ve been feeling somewhat overwhelmed lately , I’m trying to balance that by practicing mindfulness and focusing on smaller , more manageable tasks each day . There’s also an undercurrent of gratitude—grateful for the opportunity to work on something meaningful , but also aware of the need to carve out time for rest and self-care . As I juggle multiple responsibilities , I find myself reflecting on the importance of pacing myself and keeping a clear sense of priorities . While things feel a bit chaotic at times , I’m confident that I can navigate through it with patience and perseverance , and I’m determined to make the",2024-10-14 22:12:39,7,False,0.0,2.0,False,1.0135637521743774,1.3156739473342896
112,2014,"Cool , Mad , Love , Magical , Hopeful",2024-10-15 12:00:42,7,True,0.0,1.0,False,0.8791913986206055,1.3194351196289062
112,2015,"At the moment , I feel a mix of anticipation and calm . I’m looking forward to an upcoming project that I’ve been working on for weeks , but at the same time , there’s a sense of nervous energy as I wait for everything to come together . The pressure of deadlines and the desire for everything to go smoothly is definitely on my mind , but I’m also finding comfort in taking things one step at a time . Although I’ve been feeling somewhat overwhelmed lately , I’m trying to balance that by practicing mindfulness and focusing on smaller , more manageable tasks each day . There’s also an undercurrent of gratitude—grateful for the opportunity to work on something meaningful , but also aware of the need to carve out time for rest and self-care . As I juggle multiple responsibilities , I find myself reflecting on the importance of pacing myself and keeping a clear sense of priorities . While things feel a bit chaotic at times , I’m confident that I can navigate through it with patience and perseverance , and I’m determined to make the",2024-10-15 17:00:45,7,False,1.0,0.0,False,1.0135637521743774,1.3156739473342896
112,2016,"Happy , Sad , Sassy , Moody , Worried",2024-10-15 22:01:28,7,True,0.0,1.0,False,0.6950492262840271,1.2154749631881714
112,2017,"Sassy , Happy , Moody , Unhappy , Ready",2024-10-16 12:19:24,7,True,-1.0,2.0,False,0.6596537828445435,1.4201639890670776
112,2018,"Sassy , Worried , Happy , Moody , Curious",2024-10-16 17:01:53,7,True,0.0,1.0,False,0.40320855379104614,1.3794432878494263
112,2019,"Emotional , Pretty , Confident , Loud , Soft",2024-10-16 22:01:02,7,True,0.0,1.0,False,0.2862932085990906,1.5318872928619385
112,2020,"Sassy , Moody , Hungry , Cunty , Campy",2024-10-17 12:08:19,7,True,0.0,2.0,False,0.3915899097919464,1.462251901626587
112,2021,"Love , Respect , Great , Sassy , Zesty",2024-10-17 17:16:56,7,True,0.0,1.0,False,0.9225848913192749,1.2740050554275513
112,2022,"Sassy , Moody , Happy , Sad , Sweet",2024-10-18 12:03:22,7,True,0.0,2.0,False,0.48925691843032837,1.381239891052246
112,2023,"Happy , Love , Sad , Baddie , Emotional",2024-10-18 22:13:51,7,True,0.0,2.0,False,1.1304199695587158,1.318368673324585
112,2025,"At the moment , I feel a mix of anticipation and calm . I’m looking forward to an upcoming project that I’ve been working on for weeks , but at the same time , there’s a sense of nervous energy as I wait for everything to come together . The pressure of deadlines and the desire for everything to go smoothly is definitely on my mind , but I’m also finding comfort in taking things one step at a time . Although I’ve been feeling somewhat overwhelmed lately , I’m trying to balance that by practicing mindfulness and focusing on smaller , more manageable tasks each day . There’s also an undercurrent of gratitude—grateful for the opportunity to work on something meaningful , but also aware of the need to carve out time for rest and self-care . As I juggle multiple responsibilities , I find myself reflecting on the importance of pacing myself and keeping a clear sense of priorities . While things feel a bit chaotic at times , I’m confident that I can navigate through it with patience and perseverance , and I’m determined to make the",2024-10-19 12:00:54,7,False,0.0,2.0,False,1.0135637521743774,1.3156739473342896
112,2026,"Sassy , Happy , Love , Magical , Passionate",2024-10-20 12:57:38,7,True,0.0,2.0,False,1.3026467561721802,1.3539671897888184
112,2027,"At the moment , I feel a mix of anticipation and calm . I’m looking forward to an upcoming project that I’ve been working on for weeks , but at the same time , there’s a sense of nervous energy as I wait for everything to come together . The pressure of deadlines and the desire for everything to go smoothly is definitely on my mind , but I’m also finding comfort in taking things one step at a time . Although I’ve been feeling somewhat overwhelmed lately , I’m trying to balance that by practicing mindfulness and focusing on smaller , more manageable tasks each day . There’s also an undercurrent of gratitude—grateful for the opportunity to work on something meaningful , but also aware of the need to carve out time for rest and self-care . As I juggle multiple responsibilities , I find myself reflecting on the importance of pacing myself and keeping a clear sense of priorities . While things feel a bit chaotic at times , I’m confident that I can navigate through it with patience and perseverance , and I’m determined to make the",2024-10-20 17:01:00,7,False,0.0,2.0,False,1.0135637521743774,1.3156739473342896
112,2028,"Sassy , Happy , Moody , Funny , Hopeful",2024-10-20 22:00:53,7,True,0.0,2.0,False,1.0002796649932861,1.3755520582199097
112,2029,"Sassy , Happy , Frilly , Giddy , Content",2024-10-21 17:00:44,7,True,-1.0,2.0,False,1.4149564504623413,1.0738104581832886
112,2030,"Euphoric , Sassy , Happy , Good , Sweet",2024-10-21 22:01:19,7,True,0.0,2.0,False,1.1631181240081787,1.3599528074264526
112,2031,"Sassy , Great , Good , Special , Giddy",2024-10-22 12:24:39,7,True,0.0,2.0,False,1.2564194202423096,1.2511416673660278
112,2032,"At the moment , I feel a mixture of anticipation and contemplation . There’s an underlying excitement about upcoming projects and opportunities , particularly a few creative ventures I’m exploring , but that excitement is balanced by moments of doubt , which sometimes slow my progress . I’ve been reflecting on past decisions , evaluating where I am and how far I’ve come , while trying to remain focused on what’s ahead . It’s like walking a tightrope between wanting to celebrate the small wins and feeling the weight of the work still to be done .\ n \ nPhysically , I’ve been experiencing some fatigue , which may be due to the change in weather or the workload , but I’m making sure to find moments of rest . I’m trying to stay grounded and maintain a sense of optimism , reminding myself that growth happens even in times of uncertainty . There’s an overall sense of gratitude—gratitude for the support system I have and for the opportunities I’ve been given—while still acknowledging the challenges that lie ahead . Despite the ups and do",2024-10-22 17:01:03,7,False,0.0,2.0,False,0.4364406168460846,1.1441500186920166
112,2033,"At the moment , I feel a mixture of anticipation and contemplation . There’s an underlying excitement about upcoming projects and opportunities , particularly a few creative ventures I’m exploring , but that excitement is balanced by moments of doubt , which sometimes slow my progress . I’ve been reflecting on past decisions , evaluating where I am and how far I’ve come , while trying to remain focused on what’s ahead . It’s like walking a tightrope between wanting to celebrate the small wins and feeling the weight of the work still to be done .\ n \ nPhysically , I’ve been experiencing some fatigue , which may be due to the change in weather or the workload , but I’m making sure to find moments of rest . I’m trying to stay grounded and maintain a sense of optimism , reminding myself that growth happens even in times of uncertainty . There’s an overall sense of gratitude—gratitude for the support system I have and for the opportunities I’ve been given—while still acknowledging the challenges that lie ahead . Despite the ups and do",2024-10-23 12:00:43,7,False,0.0,2.0,False,0.4364406168460846,1.1441500186920166
112,2034,"At the moment , I feel a mixture of anticipation and contemplation . There’s an underlying excitement about upcoming projects and opportunities , particularly a few creative ventures I’m exploring , but that excitement is balanced by moments of doubt , which sometimes slow my progress . I’ve been reflecting on past decisions , evaluating where I am and how far I’ve come , while trying to remain focused on what’s ahead . It’s like walking a tightrope between wanting to celebrate the small wins and feeling the weight of the work still to be done .\ n \ nPhysically , I’ve been experiencing some fatigue , which may be due to the change in weather or the workload , but I’m making sure to find moments of rest . I’m trying to stay grounded and maintain a sense of optimism , reminding myself that growth happens even in times of uncertainty . There’s an overall sense of gratitude—gratitude for the support system I have and for the opportunities I’ve been given—while still acknowledging the challenges that lie ahead . Despite the ups and do",2024-10-23 17:57:27,7,False,0.0,2.0,False,0.4364406168460846,1.1441500186920166
112,2037,"At the moment , I feel a mixture of anticipation and contemplation . There’s an underlying excitement about upcoming projects and opportunities , particularly a few creative ventures I’m exploring , but that excitement is balanced by moments of doubt , which sometimes slow my progress . I’ve been reflecting on past decisions , evaluating where I am and how far I’ve come , while trying to remain focused on what’s ahead . It’s like walking a tightrope between wanting to celebrate the small wins and feeling the weight of the work still to be done .\ n \ nPhysically , I’ve been experiencing some fatigue , which may be due to the change in weather or the workload , but I’m making sure to find moments of rest . I’m trying to stay grounded and maintain a sense of optimism , reminding myself that growth happens even in times of uncertainty . There’s an overall sense of gratitude—gratitude for the support system I have and for the opportunities I’ve been given—while still acknowledging the challenges that lie ahead . Despite the ups and do",2024-10-23 22:10:33,7,False,0.0,2.0,False,0.4364406168460846,1.1441500186920166
112,2038,"Sassy , Happy , Good , Peppy , Terrific",2024-10-24 12:03:37,7,True,0.0,2.0,False,1.3372583389282227,1.353682041168213
112,2039,"Sassy , Happy , Moody , Giddy , Brave",2024-10-24 17:00:54,7,True,2.0,2.0,False,1.0049837827682495,1.6191378831863403
112,2040,"Sassy , Moody , Spicy , Empathetic , Zesty",2024-10-24 22:00:46,7,True,2.0,2.0,False,0.5349991917610168,1.4105932712554932
111,1973,"I am feeling very active , I am feeling very lively , I am feeling very much awoken , I feel relaxed and I feel relieved . I feel much alive . It’s a sunny day and I feel alive and active I feel alive ! Every breath is a reminder of the incredible gift of life . The world around me pulsates with vibrancy , and I ' m grateful to be a part of it . The warmth of the sun on my skin , the laughter of loved ones , and the thrill of new experiences all converge to ignite a sense of wonder within me .",2024-10-15 12:06:51,7,False,0.0,2.0,False,1.3168359994888306,1.5934691429138184
111,1974,"""I feel tired , drained of energy and vitality . My body weighs heavy , my mind foggy . Every task seems insurmountable , every decision a burden .\ n \ nThe world outside feels overwhelming , noises amplified , and lights too bright . I crave silence , solitude , and stillness . My thoughts swirl with exhaustion , doubts , and worries .",2024-10-15 17:01:48,7,False,0.0,0.0,False,-1.7643067836761475,0.11244460195302963
111,1975,"Equitable , Dispassionate , Uninvolved , Unaligned , Neutral",2024-10-16 12:01:28,7,True,0.0,1.0,False,0.21268147230148315,1.0606554746627808
111,1976,"""I feel happy , genuinely and deeply . A warm sense of contentment envelops me , lifting my spirits and brightening my outlook . Every breath feels lighter , every smile more effortless . Gratitude floods my heart , thinking of loved ones , supportive friends , and life ' s simple joys . The world seems vibrant , full of promise and possibility . Challenges fade into the background , replaced by optimism and confidence .\ n",2024-10-16 17:25:39,7,False,2.0,1.0,False,1.509128451347351,0.9671511054039001
111,1977,"PERSON , Cool , Gentle , Chilled , Unbothered",2024-10-17 12:02:31,7,True,2.0,0.0,False,0.8282715082168579,0.768060564994812
111,1978,"Chilled , Calm , Gentle , Cool , Minding my business",2024-10-17 22:03:47,7,True,0.0,0.0,False,1.1500177383422852,0.37047702074050903
111,1979,"Alert , Lively , Active , Not dulling , Online",2024-10-18 12:02:04,7,True,0.0,2.0,False,0.7911500334739685,1.626176118850708
111,1981,"Dull , Slow , Lazy , Tired , Slothful",2024-10-18 17:05:32,7,True,-2.0,0.0,False,-0.0957203358411789,0.763115406036377
111,1982,"Alive , Elegant , Active , Sharp , Radiant",2024-10-19 12:01:24,7,True,0.0,2.0,False,1.0697331428527832,1.3378814458847046
111,1983,"Chilled , Calm , Relaxed , Unhappy , Quite",2024-10-19 17:28:44,7,True,0.0,0.0,False,0.679985761642456,0.7502519488334656
111,1984,"Down , Distress , Unhappy , Downcast , Dejected",2024-10-19 22:01:55,7,True,-2.0,1.0,False,-1.0393120050430298,1.127399206161499
111,1985,"1 . Lack of strong emotions : Neither positive (happiness , excitement) nor negative (sadness , anger) .\ n2 . Balance : No leaning towards any extreme feelings .\ n3 . Calmness : A sense of stability and composure .\ n4 . Objectivity : Ability to observe thoughts and situations without bias .\ n",2024-10-20 12:55:40,7,False,0.0,1.0,False,0.6262633204460144,1.1092454195022583
111,1986,"Quite , Chilled , Lowkey , Calm , Cool",2024-10-20 17:03:09,7,True,2.0,0.0,False,0.6092177033424377,0.9248601794242859
111,1987,"Happy , Excited , Overwhelmed , Joyous , Happy",2024-10-21 12:02:25,7,True,2.0,1.0,False,1.5129756927490234,1.3685376644134521
111,1988,"Feeling tired , also known as fatigue , is a common emotional and physical state characterized by :\ n \ n * Physical Symptoms :*\ n \ n1 . Lack of energy \ n2 . Muscle weakness \ n3 . Heavy eyelids \ n4 . Slow movements \ n5 . Decreased mobility \ n \ n * Emotional Sym \ n \ n1 . Mental fogginess \ n2 . Lack of motivation \ n3 . Irritability \ n4 . Decreased concentration \ n5 . Emotional exhaustion \ n",2024-10-22 12:02:15,7,False,-2.0,0.0,False,-1.2191710472106934,0.4665249288082123
111,1989,"Feeling neutral refers to an emotional state characterized by :\ n \ n1 . Lack of strong emotions : Neither positive (happiness , excitement) nor negative (sadness , anger) .\ n2 . Balance : No leaning towards any extreme feelings .\ n3 . Calmness : A sense of stability and composure .\ n4 . Objectivity : Ability to observe thoughts and situations without bias .\ n \ nCommon descriptions :\ n \ n1 . ""I ' m just okay .""\ n2 . ""I don ' t feel anything strongly .""\ n3 . ""I ' m not excited or upset .""\ n4 . ""I ' m in a neutral zone .""\ n \ nBenefits :\ n \ n1 . Clarity : Easier decision-making , uninfluenced by emotions .\ n2 . Stability : Less emotional turbulence .\ n3 . Flexibility : Open to various perspectives .\ n4 . Reduced stress : No intense emotional responses .\ n \ nSituations that may evoke neutrality :\ n \ n1 . Routine tasks \ n2 . Familiar environments \ n3 . Lack of significant events \ n4 . Emotional exhaustion (after intense emotions) \ n",2024-10-22 17:05:54,7,False,0.0,1.0,False,0.6217337250709534,1.043467402458191
111,1990,"Dull , Lazy , Moody , Tired , Stressed",2024-10-23 12:02:23,7,True,-1.0,0.0,False,-0.05733757093548775,0.8402527570724487
111,1992,"Feeling neutral refers to an emotional state characterized by :\ n \ n1 . Lack of strong emotions : Neither positive (happiness , excitement) nor negative (sadness , anger) .\ n2 . Balance : No leaning towards any extreme feelings .\ n3 . Calmness : A sense of stability and composure .\ n4 . Objectivity : Ability to observe thoughts and situations without bias .",2024-10-23 17:05:09,7,False,0.0,1.0,False,0.2501544654369354,1.1134817600250244
111,1993,"Feeling Z neutral refers to an emotional state characterized by :\ n \ n1 . Lack of strong emotions : Neither positive (happiness , excitement) nor negative (sadness , anger) .\ n2 . Balance : No leaning towards any extreme feelings .\ n3 . Calmness : A sense of stability and composure .\ n4 . Objectivity : Ability to observe thoughts and situations without bias .",2024-10-24 12:00:55,7,False,0.0,1.0,False,0.28722715377807617,1.1181448698043823
111,1994,"Feeling Z neutral refers to an emotional state characterized by :\ n \ n1 . Lack of strong emotions : Neither positive (happiness , excitement) nor negative (sadness , anger) .\ n2 . Balance : No leaning towards any extreme feelings .\ n3 . Calmness : A sense of stability and composure .\ n4 . Objectivity : Ability to observe thoughts and situations without bias .\ n \ nCommon descriptions :\ n \ n1 . ""I ' m just okay .""\ n2 . ""I don ' t feel anything strongly .""\ n3 . ""I ' m not excited or upset .""\ n4 . ""I ' m in a neutral zone .""",2024-10-24 22:59:37,7,False,2.0,2.0,False,0.5638706684112549,1.1005523204803467
111,1995,"Sad , Bad , Down , Exhausted , Regretting",2024-10-25 12:12:40,7,True,-2.0,1.0,False,-1.438830852508545,0.7864158749580383
111,1996,"Quiet , Cool , Chilled , No drama , Gentle",2024-10-25 17:01:24,7,True,0.0,0.0,False,0.546421229839325,0.13593566417694092
111,1997,"Quiet , Cakm , Cool , Chill , Shy",2024-10-25 22:55:43,7,True,0.0,0.0,False,0.49875909090042114,0.5473631024360657
111,1998,"Feeling sad is a natural and universal human emotion that can manifest in different ways and intensities . Here ' s a breakdown of what it means to feel sad :\ n \ n * What is sadness ?*\ n \ nSadness is an emotional state characterized by feelings of sorrow , grief , disappointment , or loss . It ' s a normal response to situations that are perceived as unpleasant , undesirable , or hurtful .",2024-10-26 12:01:13,7,False,-1.0,1.0,False,-0.9233769178390503,1.0600045919418335
111,1999,"Sluggish , Dull , Unbothered , Slow , Deteriorated",2024-10-26 17:09:22,7,True,-1.0,0.0,False,-1.524753451347351,0.06945811957120895
111,2000,"Absence of noise _: A state of silence or minimal sound .\ n _ Respite from disturbance _: Freedom from interruption , disruption , or turmoil .\ n _ Inner stillness _: A calm and peaceful mental state .\ n \ nTypes of quiet :\ n \ n * Physical quiet : External environment is silent or peaceful .\ n * Emotional quiet : Inner calmness and stability .\ n * Mental quiet : Clarity of thought , focus , and mental stillness .",2024-10-26 22:47:20,7,False,0.0,0.0,False,0.8619624376296997,0.33760419487953186
111,2001,"Feeling lively refers to a state of being full of energy , enthusiasm , and vitality . When someone feels lively , they are typically :\ n \ n1 . Energetic : Having a sense of physical and mental vigor .\ n2 . Alert : Mentally sharp and focused .\ n3 . Cheerful : Displaying a positive and upbeat attitude .\ n4 . Vibrant : Radiating enthusiasm and excitement .\ n5 . Active : Ready to engage in activities or social interactions .",2024-10-27 12:06:45,7,False,1.0,2.0,False,0.9567584991455078,1.5687819719314575
111,2003,"In this moment , everything feels right . My soul sings with joy , unencumbered by worries or doubts . I bask in the radiance of happiness , letting its warmth seep into every pore .\ n \ nHappiness isn ' t just a feeling ; it ' s a choice . I choose to focus on the good , to cherish every moment , and to cultivate love and kindness . I choose to let go of fears , to release burdens , and to embrace life ' s beauty .\ n \ nAs I soak in this bliss , I know it ' s contagious . Happin",2024-10-27 17:27:22,7,False,0.0,1.0,False,1.3027136325836182,0.9991390109062195
111,2004,"Quiet , Chilled , Calm , Lowkey , Relaxed",2024-10-27 22:30:17,7,True,0.0,0.0,False,0.03245680406689644,0.4371584951877594
111,2005,"Neutral , No feelings , In between , Intermediary , Neutral",2024-10-28 12:12:02,7,True,0.0,1.0,False,0.050687525421381,1.2047959566116333
111,2006,"Gentle , Quiet , Lowkey , Chilled , Calm",2024-10-28 17:03:30,7,True,0.0,0.0,False,0.21087731420993805,0.5958905816078186
181,4613,I am very excited to be leaving work . I am tired from working all day . Now I have to go to my next time which is fun . I like seeing my co workers . Then I can go home and relax .   I am excited about going to work early tomorrow so I can get home earlier . I am ready for the weekend,2024-06-13 17:35:51,7,False,2.0,2.0,False,0.3910995423793793,1.711479902267456
181,4616,I am feeling happy laying in bed watching Bridgerton with my boyfriend . I love when the weekend comes because I get to spend time with him after a long week . I am really enjoying the new episodes of Bridgerton that came out last night,2024-06-14 22:01:04,7,False,2.0,0.0,False,0.7793813943862915,1.0392321348190308
181,4620,I am currently exhausted from being at an amusement park for three hours . We went in every ride and had so much fun . Now we are full from having ORG  because we were hungry . Now we are leaving to go home,2024-06-16 17:00:27,7,False,2.0,2.0,False,-1.0065919160842896,0.4075050950050354
181,4621,I am currently feeling full from my dinner of chicken and string beans . Now I am feeling okay about having to take my cpr pre class before my class in person on Wednesday in GPE . I’m also very thirsty . I don’t think I drank enough today,2024-06-16 22:00:50,7,False,2.0,1.0,False,0.6874940395355225,0.6729638576507568
181,4625,I am currently Sweating but excited to be going to work where I can sit down and relax more . I’m very hungry and thirsty . I need to make sure I drink more water . I am proud of myself for being able to run my group independently .,2024-06-18 17:39:16,7,False,1.0,1.0,False,0.019561752676963806,1.1003533601760864
181,4627,I am currently feeling rundown . My allergies are horrible and I cannot stop sneezing . I am excited because I am working on my new cross stitch project . I am making a animal crossing one that is going to come out great,2024-06-20 22:07:18,7,False,-2.0,0.0,False,-0.17066335678100586,1.6643526554107666
181,4631,I am currently at work and feeling tired . I am also rundown from my allergies . I didn’t get a good nights rest because I kept waking up because I couldn’t breathe out of my nose . I am also hungry I wish I had something for breakfast .,2024-06-22 12:01:29,7,False,2.0,1.0,False,-0.6513882279396057,0.384279727935791
181,4634,"I’m currently feeling very run down from my allergies . I have a really bad sinus headache , congestion , an cough and a sore throat . I am also very tired from my body trying to fight off this infection that’s coming .",2024-06-23 12:25:46,7,False,-2.0,0.0,False,-1.1607595682144165,0.7667368054389954
181,4635,I am currently shopping at ORG and feeling happy because I am getting supplies to make a birthday banner for someone at the library . I am very sweaty the weather is so hot and humid today . I am also very thirsty . I definitely have not drank enough water today .,2024-06-23 17:01:40,7,False,0.0,2.0,False,0.493960440158844,1.808474063873291
181,4639,I am currently feeling excited as my workday is over and I am able to go home without having to go to my other job . I am hungry and thirsty and cannot wait to get home so that I can have a snack . I am also tired even though I got enough sleep last night . I am sweating as it is very hot today .,2024-06-25 17:35:04,7,False,2.0,2.0,False,0.9940109252929688,1.543725848197937
181,4640,I am currently very tired but I don’t know why . I am also hungry and really want some pretzels . My knee also hurts right now and I think I need to get it checked out . I am afraid I am doing more damage to it by not getting it checked out,2024-06-25 22:03:09,7,False,-2.0,0.0,False,-1.1772408485412598,0.2489258348941803
181,4612,"Happy , Full , Loving , Excited , Content",2024-06-12 22:31:16,7,True,2.0,0.0,False,1.7284551858901978,0.8936832547187805
181,4614,"Hungry , Thirsty , Tired , Happy , Glad",2024-06-13 22:01:06,7,True,2.0,2.0,False,0.7066932916641235,0.865162193775177
181,4615,"Excited , Happy , Sweating , Tired , Thirsty",2024-06-14 17:09:36,7,True,2.0,2.0,False,1.1663542985916138,1.4248429536819458
181,4617,"Airy , Aggressive , Agitated , Annoyed , Angry",2024-06-15 17:02:29,7,True,2.0,1.0,False,-0.0625164583325386,1.7985053062438965
181,4618,"Tired , Full , Happy , Excited , Content",2024-06-15 22:00:39,7,True,2.0,1.0,False,0.9371492266654968,0.4462279975414276
181,4619,"Happy , Excited , Full , Thirsty , Good",2024-06-16 12:00:35,7,True,2.0,1.0,False,1.5157957077026367,1.1803295612335205
181,4622,"Hungry , Thirsty , Tired , Hot , Happy",2024-06-17 12:35:13,7,True,2.0,2.0,False,0.26363617181777954,0.8828158378601074
181,4623,"Hungry , Tired , In pain , Thirsty , Happy",2024-06-17 17:33:08,7,True,1.0,1.0,False,0.07106232643127441,0.6975246667861938
181,4624,"Happy , Sweaty , Thirsty , Hungry , Hot",2024-06-17 22:29:10,7,True,2.0,0.0,False,1.2077293395996094,1.405321478843689
181,4626,"Tired , Hungry , Thirsty , Happy , Sluggish",2024-06-18 22:23:09,7,True,-1.0,0.0,False,-0.022485727444291115,0.5459107160568237
181,4628,"Hot , Hungry , Thirsty , Excited , Tired",2024-06-21 17:01:44,7,True,2.0,0.0,False,0.5844051837921143,1.5276882648468018
181,4629,"Tired , Thirsty , Hungry , Happy , Hi",2024-06-21 22:00:35,7,True,0.0,1.0,False,0.23760868608951569,0.5537245273590088
181,4632,"Hot , Tired , Happy , Hungry , Thirsty",2024-06-22 17:00:40,7,True,-1.0,0.0,False,0.8344227075576782,1.0571811199188232
181,4633,"Tired , Thirsty , Hungry , Stuffy , Happy",2024-06-22 22:11:05,7,True,2.0,0.0,False,-0.2730256915092468,0.4588716924190521
181,4636,"Hungry , Tired , Thirsty , Happy , Loved",2024-06-23 22:02:58,7,True,1.0,1.0,False,0.6415533423423767,0.8227941393852234
181,4637,"Tired , Hungry , Thirsty , Sweaty , Happy",2024-06-24 17:30:25,7,True,2.0,2.0,False,-0.024027779698371887,0.5641195178031921
181,4638,"Tired , Thirsty , Happy , Hungry , Excited",2024-06-24 22:00:55,7,True,2.0,1.0,False,0.4321441352367401,0.6596367955207825
136,3194,"Tired , Anxious , Scared , Wondering , Numb",2024-10-31 12:02:16,7,True,-1.0,2.0,False,-0.5600766539573669,0.7875640392303467
136,3195,Feeling better now than before . Talked to my partner and was able to calm down a little . Anxiety is ok . I forgot to take my meds so I am tired and not feeling the best . I hope everything is going to be ok,2024-10-31 22:09:37,7,False,-1.0,1.0,False,-0.8849117755889893,0.6646284461021423
136,3197,Just had a meeting with someone . Class this morning and slept a lot . I think my depression and anxiety are getting worse . My friend told me to seek help . I reached out to my family and they didn’t give me much support at all . My partner was very supportive and been by my side . He said no matter what happens I’m here for you . He’s all I have . I’ve been having alot of nightmares,2024-11-01 17:08:10,7,False,-2.0,1.0,False,-1.4159739017486572,0.9985296130180359
136,3198,"Sad , Anxious , Scared , Hyperfixated , Worried",2024-11-01 22:01:09,7,True,-2.0,1.0,False,-1.109525442123413,1.3890783786773682
136,3199,"Better , Hot , Tired , Behind , Shaking",2024-11-02 17:17:28,7,True,-1.0,1.0,False,0.29496505856513977,0.7276074886322021
136,3200,"Okay , Better , Hopeful , Relaxed , Content",2024-11-02 22:01:29,7,True,-1.0,1.0,False,1.0496318340301514,0.7262944579124451
136,3201,Been a little more productive yesterday and today . I went out and got groceries even though I didn’t want to . I didn’t want to get out of bed . I didn’t want to shower . I didn’t want to eat . I didn’t want to do anything . But I was productive and forced myself to do the things I needed to do . I’m trying my best . I’m struggling but I’m trying my best,2024-11-03 17:02:28,7,False,-1.0,1.0,False,-0.24920015037059784,1.418141484260559
136,3202,"Content , Calm , Relaxed , Social , Open",2024-11-03 22:01:35,7,True,1.0,0.0,False,1.9488598108291626,0.09655571728944778
136,3203,"Tired , Sad , Nervous , Anxious , Uncertain",2024-11-04 17:03:34,7,True,-1.0,1.0,False,-0.8055660724639893,1.0394896268844604
136,3204,Feeling alone and sad . Been having really bad days for the past few days . I hope that things will get better . I want to just feel okay . To feel normal . I have been so bad and down mentally . I should be feeling normal . I need to feel stronger and keep pushing .,2024-11-04 22:04:02,7,False,-2.0,1.0,False,-1.239571452140808,0.7414901852607727
136,3205,"Sad , Anxious , Unproductive , Lonely , Upset",2024-11-05 17:03:43,7,True,-1.0,1.0,False,-1.336700439453125,1.3723554611206055
136,3206,"Sad , Overwhelmed , Nauseous , Lonely , Depressed",2024-11-05 22:47:20,7,True,-1.0,1.0,False,-1.6977509260177612,1.0228984355926514
136,3208,"Sad , Tired , Sleepy , Grumpy , Annoyed",2024-11-06 12:47:33,7,True,-1.0,1.0,False,-0.8859947323799133,0.7808400392532349
136,3209,I didn’t go to class this morning . Slept all morning . Took my meds . Still tired . studied . Haven’t eaten yet today but not hungry . Stomach hurts . I have no motivation to do anything I just want to stay in bed all day and do nothing,2024-11-06 17:01:41,7,False,-1.0,1.0,False,-1.3819600343704224,0.3653174340724945
136,3210,"Sad , Annoyed , Angry , Tired , Fatigue",2024-11-06 22:01:51,7,True,-2.0,1.0,False,-0.940656840801239,1.028454065322876
136,3211,I feel horrible . Last night was another tough night . I reached out to a friend and they had to make sure I was ok . I barely slept . I couldn’t sleep until after 4am . Class at 8am . Meeting . I feel empty . Sad . Lonely . I feel so horrible,2024-11-07 12:13:44,7,False,-2.0,1.0,False,-1.7951799631118774,0.7588618993759155
136,3212,"Feeling a little better right now . Been busy all day . Tired because I did not sleep well last night . Did not fall asleep until after 4am and then woke up at 7am . I had class , saw patients , and now have a quiz to go to at 6pm . Keeping myself busy . Tired and want to take a nap",2024-11-07 17:03:48,7,False,-1.0,1.0,False,-0.5241115689277649,0.2256351113319397
136,3213,"Okay , Better , Calm , Relaxed , Safe",2024-11-07 22:16:42,7,True,0.0,1.0,False,0.7538789510726929,0.5392069220542908
136,3214,"Okay , Relaxed , Content , Calm , Breathing",2024-11-08 22:02:36,7,True,0.0,1.0,False,1.6864136457443237,0.1692960262298584
136,3215,"Feeling ok mentally . Woke up pretty late around 12pm , then stayed in bed until 2pm . Went out to get groceries and did laundry so I’m trying to be productive . I have to start studying now because it’s late in the afternoon . I slept ok . Mood is ok but my stomach hurts",2024-11-09 17:27:28,7,False,-1.0,0.0,False,-0.6220007538795471,0.1625555157661438
136,3216,"Went to get groceries , did laundry , studied , ate food , talked to my partner , feeling okay right now . I feel like I’ve been productive . The day went by pretty fast . I get to sleep in tonight because tomorrow is the weekend . I’m looking forward to sleep",2024-11-09 22:04:18,7,False,0.0,1.0,False,0.9544786810874939,0.606673538684845
136,3217,"Lonely , Sad , Nervous , Anxious , Unsure",2024-11-10 17:16:48,7,True,-1.0,1.0,False,-0.9297645688056946,1.1902213096618652
136,3425,Been productive for most of the day . Got some snacks and food for myself so self care . Also went out for a short walk but it was too hot so only stayed out for like 10 minutes . I feel comfortable and clean after taking a shower and lay in bed watching tv and playing games . Feeling ok currently,2024-11-10 22:03:12,7,False,0.0,1.0,False,0.5348105430603027,0.5724136233329773
136,3426,"Tired , Sleepy , Lonely , Overwhelmed , Stressed",2024-11-11 12:02:16,7,True,-1.0,1.0,False,-1.1725481748580933,0.259904682636261
136,3427,"Woke up and did not want to go to class because I was tired and sleepy and was not able to fall asleep until 2am . I thought about not going to class but made myself go . I also went to small group after class . I took a nap but kept waking up every 10 minutes . I am not tired right now but feeling a little sick . Other than that , I’m okay",2024-11-11 17:02:26,7,False,-1.0,2.0,False,-1.2181055545806885,-0.0043232254683971405
136,3428,Currently I am feeling okay . A little tired and don’t have energy but I feel mentally okay . Missed class this morning because I didn’t fall asleep until after 3-4am so I didn’t wake up until past 12pm . I missed my alarm . Todays lectures were pretty simple so I am not worried,2024-11-12 17:08:22,7,False,0.0,1.0,False,0.6798582673072815,0.09915737062692642
136,3429,"Confused , Stressed , Anxious , Frustrated , Uncertain",2024-11-12 22:06:19,7,True,-1.0,1.0,False,-1.1782759428024292,1.4282759428024292
136,3430,Feeling okay . Woke up feeling tired and then went to class . Finished class . Now I would usually take a nap but I’m not feeling tired right now . I have small group and don’t want to go but I should go because I want to stay productive . Woke up and feel okay about my body today,2024-11-13 12:02:10,7,False,-1.0,0.0,False,0.2691165804862976,0.2413792610168457
136,3431,"Tired , Sad , Nervous , Stressed , Anxious",2024-11-13 17:02:28,7,True,-1.0,1.0,False,-0.7363513112068176,1.0068411827087402
136,3432,"Tired , Sleepy , Anxious , Annoyed , Lonely",2024-11-13 22:02:19,7,True,0.0,1.0,False,-1.0794159173965454,0.4073723554611206
100,1404,"Good , Calm , Neutral , Okay , Cool",2024-07-17 12:04:58,7,True,0.0,1.0,False,0.2631494402885437,1.0178399085998535
100,1405,"Tipsy , Lively , Good , Cool , Okay",2024-07-17 17:03:46,7,True,1.0,1.0,False,1.257514238357544,1.4921547174453735
100,1406,"Calm , Anxious , Cool , Good , Somewhat happy",2024-07-18 17:30:07,7,True,0.0,1.0,False,0.9368208646774292,0.8179990649223328
100,1407,"Good , Happy , Great , Cool",2024-07-19 12:48:16,7,True,1.0,1.0,False,1.546908974647522,1.0834617614746094
100,1408,"Calm , Good , Neutral , Unbothered , Cool",2024-07-20 17:07:27,7,True,0.0,1.0,False,0.5275788903236389,1.0687246322631836
100,1409,"Cool , Calm , Somewhat tired , Good",2024-07-21 12:30:42,7,True,0.0,1.0,False,1.1846321821212769,0.25296497344970703
100,1419,"Calm , Nervous , Cool , Good , Fine",2024-07-22 12:49:38,7,True,1.0,1.0,False,0.9161391854286194,0.9303272366523743
100,1420,Work has been so tasky today and I ' m feeling very sluggish and tired already . Been working my ass out since I got to work and my strength is diminishing .\ n \ nI feel kinda stressed out tired and feel like resting or sleeping,2024-07-22 17:12:48,7,False,-1.0,0.0,False,-1.6547620296478271,-0.021137475967407227
100,1421,"Cool , Calm , Nice , Unbothered",2024-07-23 12:15:51,7,True,0.0,1.0,False,1.5039616823196411,0.42177340388298035
100,1422,"Calm , Good , Neutral , Getting stressed",2024-07-24 12:45:53,7,True,0.0,1.0,False,0.4091731905937195,0.9659302830696106
100,1423,"Tired , Stressed , Sluggish , Exhausted , Hungry",2024-07-24 17:02:23,7,True,-2.0,0.0,False,-1.4385161399841309,0.18217280507087708
100,1424,"Lively , Spirited , Tipsy , Happy , Cool",2024-07-25 17:11:49,7,True,1.0,2.0,False,1.2743314504623413,1.627172827720642
100,1425,"Tired , Exhausted , Hungry , Low , Anxious",2024-07-26 17:01:43,7,True,-2.0,0.0,False,-1.385291337966919,0.18034660816192627
100,1426,"Tired , Exhausted , Tipsy , calm , Nervous",2024-07-27 17:13:04,7,True,-2.0,0.0,False,-1.2981139421463013,0.07691372185945511
100,1427,"Tired , Sluggish , Sleepy , Tipsy",2024-07-27 22:17:23,7,True,-1.0,0.0,False,-1.4851411581039429,-0.029047222808003426
100,1428,"Lively , Tipsy , Good , Happy",2024-07-28 17:14:19,7,True,1.0,2.0,False,1.1288563013076782,1.662492275238037
100,1429,"I ' m feeling good and lively , today ' s work wasn ' t that stressful as there wasn ' t much to do . And I had a good time with a friend during lunch as we talked about life in it ' s entirety .\ n \ nI ' m also feeling hungry at the moment and somewhat sleepy .",2024-07-29 17:12:15,7,False,1.0,1.0,False,1.3753288984298706,1.2286021709442139
100,1430,"I ' m feeling quite normally or do I say neutral because I ' m neither happy nor unhappy . Tho I ' m kinda nervous with the task I ' m currently working on , as I ' m expecting a positive outcome .\ n \ nSo I ' m just feeling cool .",2024-07-30 12:00:48,7,False,0.0,1.0,False,0.5624855160713196,1.0138880014419556
100,1431,"Tired , Exhausted , Stressed , Restless , Tipsy",2024-07-30 22:00:51,7,True,-2.0,0.0,False,-1.60134756565094,0.16623321175575256
143,3608,"Happy , Calm , Cool , Jaunty , Good",2024-10-15 12:02:25,7,True,1.0,1.0,False,1.5902361869812012,0.8746618628501892
143,3609,"I am currently feeling good , I am doing my daily tasks and my following my daily routine activities . I am happy with the situation of things currently and I am able to relate well with my colleagues at the workplace",2024-10-15 17:21:31,7,False,1.0,1.0,False,1.7309337854385376,0.6741725206375122
143,3610,"Calm , Cool , Confident , Relaxed , Good",2024-10-16 12:01:50,7,True,2.0,0.0,False,1.179556965827942,0.5720711946487427
143,3611,"Calm , Contented , Confident , Happy , Relaxed",2024-10-16 17:02:10,7,True,2.0,1.0,False,1.8317452669143677,0.3085760474205017
143,3612,"Calm , Dizzy , Relaxed , Happy , Good",2024-10-16 22:09:02,7,True,2.0,0.0,False,1.084769368171692,0.5128173828125
143,3613,"Calm , Happy , Lively , Relaxed , Confident",2024-10-17 12:40:49,7,True,1.0,0.0,False,1.4864587783813477,0.8856831789016724
143,3614,"Contented , Calm , Cool , Relaxed , Comfortable",2024-10-17 17:34:49,7,True,2.0,0.0,False,2.009871482849121,-0.055263690650463104
143,3615,"I feel happy and I am doing good with everything happening to me right now , I feel awesome and lively at the moment . Things are going smoothly for me and I believe I am on the right track at the moment .",2024-10-17 22:06:00,7,False,1.0,2.0,False,1.6891025304794312,1.2758749723434448
143,3616,"I am feeling good , I am happy and doing fine . Things are going smoothly and I am optimistic about my future , I can handle situations about my life comfortably . I believe when I pray to God and I put in my best in all I do , I will come out victorious .",2024-10-18 12:08:08,7,False,2.0,1.0,False,1.6325809955596924,0.8322188258171082
143,3618,"Nervous , Calm , Good , Comfortable , Confident",2024-10-18 17:02:52,7,True,0.0,1.0,False,0.5417046546936035,1.132825493812561
143,3619,"I am not feeling happy ,, I am expecting and information to come through my mail and it’s not coming through . I am kinda nervous because of the information I am expecting . I hope this information will come through and I will be able to use it for what I intend to use it for",2024-10-18 22:01:34,7,False,0.0,1.0,False,0.4176868200302124,1.528323769569397
143,3620,"Calm , Cool , Happy , Contented , Confident",2024-10-19 12:01:52,7,True,1.0,0.0,False,1.7912577390670776,0.37262874841690063
143,3621,"Happy , Calm , Comfortable , Relaxed , Good",2024-10-19 17:03:58,7,True,1.0,1.0,False,1.7967469692230225,0.5694663524627686
143,3622,"I am feeling happy , relaxed and relieved . I am enjoying my weekend with my family and things are going on smoothly . I am playing with my kids and they’re also enjoying the moment with me . This kind of moment helps foster the love between family",2024-10-20 12:57:59,7,False,1.0,0.0,False,1.7091180086135864,0.9361323118209839
143,3623,"I am very happy with the way things are going for me , I am happy I have enough time to spend with my family . I feel relaxed and happy seeing them . Doing good . I feel connected to them . I am always happy having my family around me",2024-10-20 17:49:47,7,False,2.0,1.0,False,1.5196619033813477,0.928207516670227
143,3624,"I am contented with everything , and happy with the situation of things in my life . I feel relaxed anytime I am with my family , because it gives me that special feeling and helps increase how I see things from a love side . I am feeling confident and satisfied , I like the way life is revolving",2024-10-20 22:08:54,7,False,2.0,0.0,False,1.614511251449585,0.4469414949417114
143,3625,"I am happy and proud of myself , I feel everything is going on well for me and I am doing great for myself . I am fine with the situation of things around me and I am happy about it . I feel relaxed and happy about my day so far",2024-10-21 12:38:53,7,False,1.0,0.0,False,1.7385408878326416,0.9749152064323425
143,3626,"Cool , Happy , Active , Relaxed , Confident",2024-10-21 17:03:57,7,True,0.0,2.0,False,1.2825316190719604,1.2299320697784424
143,3627,"Cool , Happy , Joy , Calm , Relaxed",2024-10-21 22:01:54,7,True,0.0,2.0,False,1.7479912042617798,0.7159996032714844
143,3629,I am feeling happy and jaunty . I am happy with my current situation at work . I am active and performing my daily tasks . I am also happy working with my colleagues and we’re all happy doing a great job together . I feel relaxed and confident,2024-10-22 17:26:58,7,False,0.0,2.0,False,1.6646648645401,1.1581827402114868
143,3630,"I am happy with the situation of things , things are going on well and I am happy with the situations at my workplace . Life has been going on well for me , I feel relaxed connected , calm with everyone around me . Things have been good for me",2024-10-23 17:07:41,7,False,0.0,2.0,False,1.7415705919265747,0.7403237223625183
143,3631,"Happy , Active , Good , Calm , Jaunty",2024-10-23 22:58:51,7,True,0.0,2.0,False,1.358069896697998,1.321221113204956
143,3632,"Happy , Calm , Cool , Confident , Comfortable",2024-10-24 12:01:15,7,True,0.0,2.0,False,1.4550224542617798,0.8937911987304688
143,3633,"I am feeling relaxed and happy with myself . I like the situation of things around my workplace , I am in good condition with my other colleagues at the workplace . I feel comfortable with people around me and everything has been going on smoothly since I’ve get to the workplace",2024-10-24 17:03:37,7,False,0.0,2.0,False,1.7396256923675537,0.8148214817047119
143,3634,I feel active and firm . I enjoined myself to see things from the positive side of life . I am happy with the situation of things around my life and the balance between my personal life and my work life . Things have going on well for me and I am also enjoying life with everything that revolves around it,2024-10-24 22:01:40,7,False,0.0,2.0,False,0.937714159488678,1.5297887325286865
143,3635,"Calm , Cool , Active , Happy , Comfortable",2024-10-25 12:03:51,7,True,0.0,2.0,False,1.6810495853424072,0.5798001289367676
143,3636,"Happy , Calm , Cool , Comfortable , Confident",2024-10-25 17:28:15,7,True,0.0,2.0,False,1.638016700744629,0.7814909219741821
143,3637,"I am active and looking sharp , today has been good so far and thing are fine in the public space . I’m happy with the situation of things around me and today was a good day . I’m happy it’s weekend because I’ve got enough time to spend with my family .",2024-10-25 22:06:44,7,False,0.0,2.0,False,1.3087131977081299,1.5158101320266724
143,3638,"I am happy with my family , I am happy with the situation of things around me . My kids are happy with me and I am also glad I have enough time to spend with them this weekend . I also feel relaxed around my family and how things have been going for us",2024-10-26 17:10:33,7,False,0.0,2.0,False,1.5941259860992432,0.7641904950141907
143,3640,"I am happy and doing good , I like what’s happening around me and what’s going on in my life . I feel more confident about my future and I am happy . Life has been good to me and things are working well for me and my family",2024-10-26 22:12:49,7,False,0.0,2.0,False,1.5621627569198608,1.0432018041610718
143,3641,I am feeling happy with my family at the moment . Everyone of us is doing fine and we’re happy we can spend this beautiful moment with one another . My spouse and I are very happy with how we’re spending the weekend,2024-10-27 12:59:22,7,False,0.0,2.0,False,1.3049944639205933,1.0320384502410889
143,3642,I am happy with myself . I am feeling better with myself and my family . I am feeling much happier today because I have enough time to spend with my family . I am happy because my spouse is really happy enjoying the moment we’re spending together,2024-10-27 22:06:21,7,False,0.0,2.0,False,1.2538419961929321,1.0704116821289062
143,3643,"I am happy with the situation of things around me , I’m active and working with my colleagues . I am happy and confident about myself . Work has been a bit hectic today but I’m still productive and completing my daily tasks .",2024-10-28 17:03:16,7,False,0.0,2.0,False,1.3832076787948608,1.3853693008422852
92,690,I feel tired and fatigued at the moment . Feeling slightly overwhelmed that I am not done with my day yet . There were some unexpected situations during my day resulting in me needing to be flexible in my day in order to be accommodating .,2024-09-24 17:00:52,7,False,-2.0,0.0,False,-1.5477542877197266,0.10187588632106781
92,694,Feeling sluggish as I have a lot of notes to complete for my job . I am feeling tired because there is always work to do after work . Feeling slightly overwhelmed as I still have lots to do despite waking up early to get a head start to complete notes .,2024-09-26 17:18:32,7,False,-1.0,0.0,False,-1.730388879776001,0.1663810908794403
92,695,"Feeling sad because I have met up with some friends and I do not like where I am at . Feeling unaccomplished and distracted . I feel like I should be doing more , but I’m not and I don’t know how to reach where I want to be . Feeling sad .",2024-09-26 22:37:40,7,False,-1.0,1.0,False,-1.1763213872909546,1.2490382194519043
92,696,"Feeling rested and well relaxed after sleeping a full night of sleep . I spend last night with family and getting a nice dinner to enjoy our time together . Today I have more events planned with my friends , so I am excited and feeling relaxed .",2024-09-28 12:24:15,7,False,1.0,0.0,False,1.6668834686279297,0.5083408355712891
92,697,Tired due to personal health reasons . The gloomy weather also plays a role in how I feel . The weekend is usually my time to relax but the weather is not nice enough to go outside and enjoy it . My plans with my friend was also cancelled due to weather changes .,2024-09-29 12:22:46,7,False,-2.0,0.0,False,-1.5145329236984253,0.16064444184303284
92,698,I feel somewhat sad as my weekend was finished so quickly and I was not able to do what I wanted to do . I am feeling slightly sad that I have to prepare myself for another week of work even though I feel like I am not ready to work yet .,2024-09-29 22:46:11,7,False,-1.0,1.0,False,-1.254343867301941,1.1215143203735352
92,699,Lively because it is the start of my day and I need to be lively for my work . I just finished treating one of my patients who always looks forward to seeing me and that makes me excited to see her and treat her as well . Makes me feel appreciated .,2024-09-30 12:07:20,7,False,1.0,2.0,False,1.1586660146713257,1.7049102783203125
92,709,Neutral and content as I do not have plans tomorrow . I am relaxed and enjoying my night . I ate a big meal and spent time with my boyfriend so I am enjoying my day and content with what I did today . Feeling relaxed as I do not have to work tomorrow and I get to spend time with my dog at home .,2024-10-05 22:41:28,7,False,0.0,1.0,False,0.8287575840950012,0.7099184393882751
92,711,"Neutral as my job is reaching out on a my resting day . I was feeling content but I am feeling slightly frustrated but trying to not have my work interrupt my resting day routine and emotions , I have a lot of the day to continue to enjoy so I am not as upset .",2024-10-06 17:16:42,7,False,0.0,1.0,False,0.4999331831932068,0.6605072617530823
92,712,"Feeling neutral , tomorrow is Monday , but I am not working so I feel a little more at ease . Currently I’m feeling calm because I am cooking and trying out a new recipe . My dog is by my side and keeping me company so I am content and relaxed as well .",2024-10-06 22:40:09,7,False,0.0,1.0,False,0.9177928566932678,0.46761539578437805
92,713,Feeling happy as I have the day off and spending my time with my boyfriend and my dog . I was able to sleep in a little bit today and enjoy a slower morning . Planning out the rest of my day to take advantage of what the dog on my day off . However there are still emails being reached out to me and there are still things to do .,2024-10-07 12:36:49,7,False,1.0,1.0,False,1.458396553993225,0.9622547030448914
92,714,"Currently feeling neutral , not content and not sad . I am doing my own independent work for personal growth , so I’m just neutral . I thinking about what to eat for dinner and considering eating outside on a Monday as there would be less people out . Planning out my week in preparation for work .",2024-10-07 17:00:16,7,False,0.0,0.0,False,0.4730337858200073,0.9166295528411865
92,689,"Rushed , Awake , Neutral , Anxious , Worried",2024-09-24 12:00:45,7,True,0.0,2.0,False,-0.19684365391731262,1.3349158763885498
92,691,"Rushed , Relief , Content , Tired , Rested",2024-09-25 12:02:24,7,True,1.0,0.0,False,0.4480503797531128,0.8610360622406006
92,692,"Content , Calm , Worried , Tired , Relaxed",2024-09-25 22:56:58,7,True,1.0,0.0,False,1.4952619075775146,0.008736193180084229
92,693,"Worried , Anxious , Overthinking , Calm , Rested",2024-09-26 12:12:12,7,True,0.0,1.0,False,-0.6075339913368225,1.1577188968658447
92,700,"Calm , Worried , Anxious , Tired , Drained",2024-09-30 17:46:46,7,True,0.0,1.0,False,-0.04998357221484184,0.78041011095047
92,701,"Neutral , Calm , Resting , Tired , Drained",2024-09-30 22:19:31,7,True,0.0,1.0,False,0.0700642317533493,0.8844885230064392
92,702,"Tired , Fatigued , Used , Sad , Drained",2024-10-01 17:52:45,7,True,-1.0,1.0,False,-1.4394965171813965,0.28758275508880615
92,703,"Tired , Drained , Sad , Sore , Used",2024-10-01 22:05:56,7,True,-2.0,0.0,False,-1.3316068649291992,0.2690422236919403
92,704,"Tired , Sleepy , Anxious , Disgust , Disappointed",2024-10-02 17:00:36,7,True,-1.0,0.0,False,-1.0743314027786255,0.3042300343513489
92,705,"Calm , Happy , Tired , Relaxed , Sore",2024-10-02 22:00:32,7,True,2.0,0.0,False,1.417279839515686,0.42174583673477173
92,706,"Quiet , Relaxed , Content , Calm , Happy",2024-10-03 22:54:59,7,True,0.0,0.0,False,1.4441899061203003,-0.0453161746263504
92,707,"Content , Calm , Happy , Slightly anxious , Thinking",2024-10-04 12:22:09,7,True,1.0,0.0,False,1.6960511207580566,0.3316102921962738
92,708,"Active , Rushed , Alive , Anxious , Content",2024-10-05 12:00:24,7,True,0.0,2.0,False,0.3729794919490814,1.8249386548995972
92,710,"Happy , Content , Calm , Relaxed , Rested",2024-10-06 12:00:22,7,True,1.0,1.0,False,1.8011116981506348,0.4933345317840576
92,715,"Relaxed , Content , Calm , Refreshed , Ease",2024-10-07 22:00:54,7,True,0.0,1.0,False,2.085064172744751,-0.027249684557318687
104,1565,"I ' m pretty excited to go hiking . The weather has been really warm and today actually feels like Fall weather . So my mood is calm and content . I ' m with family , the air is crisp and Fall weather is my favorite season .",2024-11-02 12:14:46,7,False,2.0,0.0,False,1.4606252908706665,0.5791372656822205
104,1566,Today my mood is pretty good . I am going for a hike and the weather is super nice . The temperature is finally feeling Fall like and I ' m excited to go on my first   hike of the year . Looking forward to more hikes until the end of the year for sure,2024-11-02 17:02:15,7,False,2.0,0.0,False,0.9631094336509705,1.5846213102340698
104,1567,"Calm , Sleepy , Normal , Fine , Content",2024-11-03 12:47:56,7,True,2.0,0.0,False,1.327387809753418,-0.001555807888507843
104,1568,"Nervous , Ambiguous , Hopeful , Cautious , Optimistic",2024-11-04 17:12:41,7,True,-1.0,2.0,False,-0.35236963629722595,1.5809334516525269
104,1569,Still a bit jittery for the coming election tomorrow . Not sure what to think of it . Cautiously optimistic hut still want to not put all my eggs into a basket . Just had dinner and trying not to overthink about tomorrow,2024-11-04 22:14:53,7,False,0.0,1.0,False,-0.4186616539955139,1.5011441707611084
104,1571,Just feeling nervous about the election . I have no idea how the entire thing is going to unfold and the next few decades will be decided on the winner . And it ' s a close race . No idea and cautiously optimistic and yet still feels unsurr,2024-11-05 22:05:42,7,False,-1.0,2.0,False,-0.604578971862793,1.6647875308990479
104,1572,"Dejected , Lost , Wondering , Election , Hope",2024-11-06 17:13:34,7,True,-1.0,1.0,False,-1.3169326782226562,0.9633144736289978
104,1573,"Contemplating , Unsure , Neutral , Nonchalant , Wistful",2024-11-06 22:05:24,7,True,0.0,1.0,False,0.17121586203575134,1.145222544670105
104,1574,Not as doom and gloom on election day . Don ' t want to over rhink and just focus on hope and the future and pray that it ' s not as bad as it seems . And try to get on with my life and just go about my day as normalna and possible,2024-11-07 12:01:38,7,False,0.0,1.0,False,0.16665375232696533,0.6667661070823669
104,1575,Not sure what to make of this post election situation . But I ' m not going to keep feeling down and just try to continue with the daily life and focus on my mental well being and situation . Life goes on,2024-11-07 17:26:55,7,False,0.0,1.0,False,0.2991493046283722,0.6890764236450195
104,1576,"Nonchalant , Unsure , Cautious , Wondering , Reflection",2024-11-08 12:54:59,7,True,0.0,1.0,False,0.14300766587257385,1.2907845973968506
104,1577,"Full , Restful , Neural , Calm , Homely",2024-11-08 22:03:29,7,True,0.0,1.0,False,1.2889448404312134,0.14754393696784973
104,1578,Feeling ok . It ' s the weekend and the weather is pretty nice . Just trying to make the best out of today . Gotta make sure my mental health is good and feeling loved and content . Want to feel positive despite the election .,2024-11-09 12:01:30,7,False,0.0,0.0,False,1.0225201845169067,0.36765265464782715
104,1579,Not much change from today . About the same and just getting ready for dinner and turn down for the night . I ' m feeling fine and normal . Not sure what else to say or elaborate and I ' m ok . Sorry just rambling coz it ' s a 200 words minimum and I ' m trying to explain the best I can,2024-11-09 17:01:29,7,False,0.0,1.0,False,0.8857197761535645,0.22305986285209656
104,1580,"This is the 3rd mini survey I did . So I ' m not sure if I ' m supposed to keep doing 3 of these today . But I don ' t think my feelings change in the course of the entire day . So it ' s basically just normal , not over thinking .",2024-11-09 22:10:24,7,False,0.0,1.0,False,0.4845295548439026,1.3200364112854004
104,1582,Excited to go to ORG to do some home furnishing Morning feels good . Nothing out of the ordinary crazy and just feeling content . Planning my days for the next weekend . Feeling good and content and looking forward to continue my day,2024-11-10 12:06:27,7,False,1.0,1.0,False,1.8259811401367188,0.3446978032588959
104,1583,No much change since this morning . I really don ' t know how much to explain as it ' s pretty much the same as I felt this morning . Just waiting to take a nap and continue with the rest of the Sunday . I feel ok . Nothing change,2024-11-10 17:01:45,7,False,0.0,1.0,False,0.2955804467201233,0.2388043999671936
104,1584,Feeling ok . Watching tv . No feeling anything in particular . Just the same as the last mini survey I ' ve talked about . Like I said . Watching tv . Just chilling and not thinking anything in particular just the same . Sorry much to say for 200 words minimum,2024-11-10 22:55:18,7,False,0.0,1.0,False,0.5259559154510498,0.08972486108541489
104,1585,"Normal , Relax , Rest , Fine , Chill",2024-11-11 22:24:44,7,True,0.0,1.0,False,1.0160353183746338,0.25959378480911255
104,1586,"Sleepy , Ok , PERSON , Relax , Nonchalant",2024-11-12 12:49:56,7,True,0.0,1.0,False,-0.3330175280570984,0.08081860095262527
104,1587,I just had dinner and now resting and watching tv . I feel ok and not thinking about anything that ' s on the news . Looking forward to the holidays and my vacation and taking a break from work since this year,2024-11-12 22:01:29,7,False,0.0,1.0,False,0.8729961514472961,0.17881923913955688
104,1588,Starting my day right . Morning us pretty brisk and the weather is finally very nice and fall . Have some coffee and ready to go about my day and look forward to spending the rest of the day with my dog,2024-11-13 12:41:31,7,False,1.0,1.0,False,0.9566623568534851,1.4192450046539307
104,1589,"Tired , Thirsty , Restful , Sleepy , Normal",2024-11-13 17:07:20,7,True,-1.0,0.0,False,-0.7114134430885315,0.074142687022686
104,1590,I just had dinner . I made something really great and felt really satisfied as I was starving . Right now I ' m just relaxing and unwinding down the rest of the day watching tv and having chocolates and just feeling mindful,2024-11-13 22:08:29,7,False,1.0,1.0,False,0.8436598777770996,0.9749365448951721
104,1591,"Sleepy , Tired , Lazy , Chilling , Hungry",2024-11-14 12:01:10,7,True,-1.0,0.0,False,-0.6696084141731262,0.25367820262908936
104,1593,"Sleepy , Tired , cold , Mindful , Sluggish",2024-11-14 17:18:03,7,True,-1.0,0.0,False,-1.4143099784851074,-0.006169293075799942
104,1594,"Tired , Sleepy , Restful , Mindful , Calm",2024-11-15 12:20:50,7,True,0.0,1.0,False,-0.7036812901496887,0.007168415933847427
104,1595,"Contend , Calm , Chill , Relax , Mindful",2024-11-15 17:07:39,7,True,1.0,1.0,False,0.7777942419052124,0.6969017386436462
104,1771,Today was a good day . I had a nice and long sleep . Went out to meet a friend and spend the day walking around the city . It was a nice and no stress day . Nothing much to complain . Looking forward to the weekend,2024-11-15 22:01:29,7,False,1.0,1.0,False,1.3344656229019165,0.9044845104217529
104,1772,"Calm , Collective , Neutral , Mindful , Peace",2024-11-16 22:43:36,7,True,1.0,0.0,False,0.6077849864959717,0.7849924564361572
132,3066,"Currently , I am feeling very tired and exhausted . I was awake every two - three hours with my baby last night . Thankfully , my husband is helpful ; he stays awake during the nighttime feeding with me and helps change the baby’s diaper .",2024-11-06 12:14:02,7,False,-2.0,0.0,False,-0.8993815779685974,0.07267402857542038
132,3067,"Currently , I feel overwhelmed with graduate school and caring for a newborn . Additionally , contacting my HR and insurance company regarding my fmla has been stressful . I am also stressed about finances and childcare",2024-11-06 17:01:29,7,False,-1.0,0.0,False,0.342764675617218,1.3396469354629517
132,3068,"Currently , I am feeling very happy and content . My level of energy is a bit lower , but I am able to complete tasks . I am working on my health and doing minimal exercise to help my fitness and energy level .",2024-11-07 17:01:43,7,False,2.0,1.0,False,1.532515287399292,0.6104410886764526
132,3071,"Currently , I am feeling ok . Being a new mom is difficult , but having a good support system helps . I’m physically tired , but mentally dealing with the new experiences fairly well . I am trying to be more energized by taking a few more naps during the day when possible .",2024-11-08 17:02:17,7,False,1.0,1.0,False,0.514799177646637,0.3430006802082062
132,3072,"Currently , I’m feeling overwhelmed with the amount of housework and homework I have to do . Preparing for guests to visit the newborn is stressful . I feel like there is so much that needs to be done , but its hard to have energy to do so .",2024-11-08 22:02:10,7,False,0.0,1.0,False,-0.2264757603406906,1.39569091796875
132,3076,"Currently i am feeling like I am not good enough . I try to comfort my baby , but she is constantly crying while awake . I’m trying to provide for my family by housekeeping , cooking , etc , but i fell inadequate",2024-11-10 22:30:28,7,False,-1.0,2.0,False,-0.7998510599136353,0.6707372069358826
132,3082,"Currently , I’m feeling tired and nervous . Caring for a newborn is very tiring . Im nervous because I don’t know if I’ll be able to complete the school work I have in time . Also , I tried contacting HR regarding my leave and they haven’t responded , which is making me nervous about my pay .",2024-11-12 22:26:50,7,False,-1.0,1.0,False,-1.070526361465454,1.1090539693832397
132,3084,"Currently , I am feeling over tired . I tried napping , but the baby kept me awake . I’m overwhelmed with work and school ; still deciding on whether to withdraw from a class to lessen my workload . Everyday seems the same- trying to do work , but getting bogged down with childcare .",2024-11-13 17:02:16,7,False,-2.0,0.0,False,-0.3354763686656952,0.21253901720046997
132,3085,"Currently , I am feeling tired . I got awoken early and asked for a favor . I’m worried about my parents’ health , as they are in need of more care . Not sure how this will work out during the winter , hopefully the weather will not be bad this year .",2024-11-14 12:43:45,7,False,-1.0,0.0,False,-0.6934377551078796,0.40305256843566895
132,3086,"Currently , I am feeling ok . I was able to take a nap and rest this afternoon quietly . Providing self care is important and I feel refreshed . Although i still haven’t completed the tasks i initially wanted to , i am content .",2024-11-14 17:23:02,7,False,0.0,0.0,False,1.1260411739349365,-0.007835452444851398
132,3087,"Currently I’m feeling tired and bogged down . There are tasks I need/want to complete and can’t get   away from childcare to complete them . I’m happy to be with my baby , but am overwhelmed with the things i need to do",2024-11-14 22:02:06,7,False,-1.0,2.0,False,-0.9365541934967041,0.34375232458114624
132,3088,"Currently , i am feeling tired . Even though i am lying down in bed , its hard to rest because i am thinking of all of the things i need to do . I was able to do a couple of the tasks i set out to do , but there is still so much more i would like to accomplish before my husband goes back to work from paternity leave .",2024-11-15 22:31:13,7,False,0.0,0.0,False,-0.47497621178627014,0.3363741636276245
132,3092,"Currently , I am feeling drained and tired . I was able to get some naps in , but I am mentally exhausted thinking about the future . Whilst I am trying to remain present , its hard not to think about things that I need to complete to be successful .",2024-11-16 22:20:03,7,False,-1.0,1.0,False,-1.2402307987213135,0.038520630449056625
132,3095,"Currently , I am feeling ok . Even though I haven ' t completed the tasks that I wanted to , I was able to do some self-care . I am still overwhelmed with school work , but I am hoping to finish my assignments this week .",2024-11-17 22:19:02,7,False,0.0,1.0,False,0.9497265219688416,0.4758424758911133
132,3096,"Currently , I am feeling tired and sad . Im hoping to get more than 3 hours of sleep tonight , though I know it probably will not happen . Motherhood is definitely hard and I know it will not get easier .",2024-11-18 22:09:53,7,False,-1.0,1.0,False,-1.1509627103805542,0.44561463594436646
132,3070,"Anxious , Agitated , Productive",2024-11-08 12:13:11,7,True,-1.0,2.0,False,-0.9212363958358765,1.6823642253875732
132,3073,"Happy , Excited , Nervous",2024-11-09 17:16:41,7,True,1.0,2.0,False,1.2117623090744019,1.4491316080093384
132,3074,"Tired , Nervous , Anxious",2024-11-10 12:47:06,7,True,-1.0,0.0,False,-0.5172119736671448,1.087646245956421
132,3075,"Content , Relaxed , Tired",2024-11-10 17:02:33,7,True,1.0,1.0,False,1.6727380752563477,0.1610158085823059
132,3077,"Tired , Anxious , Overwhelmed",2024-11-11 17:46:08,7,True,0.0,1.0,False,-0.7083954215049744,0.8692266345024109
132,3078,"Nervous , Unsure , Overwhelmed",2024-11-11 22:02:04,7,True,-1.0,2.0,False,-0.5329644680023193,1.7812103033065796
132,3079,"Angry , Upset , Nervous",2024-11-12 12:22:23,7,True,-1.0,2.0,False,-0.8998327255249023,1.5670382976531982
132,3081,"Tired , Anxious , Overwhelmed",2024-11-12 17:36:19,7,True,-2.0,0.0,False,-0.7083954215049744,0.8692266345024109
132,3083,"Tired , Sad , Nervous",2024-11-13 12:31:49,7,True,-1.0,0.0,False,-0.39514487981796265,0.6452239155769348
132,3089,"Happy , Content , Accomplished",2024-11-16 12:59:15,7,True,1.0,1.0,False,1.3976551294326782,1.1406768560409546
132,3090,"Tired , Exasperated , Overwhelmed",2024-11-16 17:40:27,7,True,-1.0,0.0,False,-0.6473684310913086,0.7397105693817139
132,3093,"Content , Calm , Rested",2024-11-17 12:43:48,7,True,0.0,1.0,False,1.726205587387085,0.014311254024505615
132,3094,"Tired , Overwhelmed , Worried , Anxious",2024-11-17 17:02:07,7,True,-1.0,2.0,False,-0.8370195627212524,0.716961145401001
132,3097,"Angry , Frustrated , Tired",2024-11-19 17:27:24,7,True,-2.0,2.0,False,-0.9381933808326721,1.3725637197494507
156,3962,"I am currently feeling content . I have a few plans in place this weekend so I am just thinking about that . I feel a little bit anxious about money because I am not getting paid until Tues . Therefore , I am trying to brainstorm ways that I can get some cheap yet fulfilling groceries for my self and my son to last until Tues . I feel somewhat accomplished , because I received some potentially good news in the mail regarding my student loans so that puts me at ease . I am feeling a little bit anxious and curious about the upcoming month , tomorrow is my son’s last day of summer school . He will be home with me until he starts school again in September . Therefore , I need to come up with a set schedule that can be fulfilling and fun for him . I also feel relaxed . I am laying in bed with my 5year old son waiting for him to fall asleep . I am watching a show on ORG  , called The Boys .",2024-08-08 22:01:07,7,False,2.0,0.0,False,1.4104057550430298,0.4707517921924591
156,3968,I am feeling ok . I am trying to clean my apartment and made some progress so I feel content . I still have a long way to go . I Went to the park with my son and we had a nice walk so that was good . He looks pretty content also . So no bad for a Sunday evening . We are both chilled and content right now . Looking forward to having a productive week as well .,2024-08-11 22:00:55,7,False,1.0,0.0,False,1.3629101514816284,0.11584020406007767
156,3969,It’s Monday morning and I am ready to tackle the day . My son is home with me on vacation so I am going to take him to the park . Then I am going to run some errands . It’s very hot outside but it will still be nice to be outside . I felt overwhelmed earlier because my place is a mess but I’m not going to let that get to me . I will feel better when I get back inside .,2024-08-12 12:02:55,7,False,2.0,2.0,False,0.03592659905552864,1.971889853477478
156,3970,Feeling a bit overwhelmed . My son is home on vacation and I feel bad that I don’t have the money to take him somewhere fun . I am trying to come up with some creative ideas . In the meantime I do hope he can take a nap .,2024-08-12 17:51:44,7,False,-2.0,2.0,False,0.17267151176929474,1.586254358291626
156,3974,I feel calm and content . My son and I took a nap earlier and I am up but he is still sleeping . I am just strolling on the web and social media . Had a good day out with my mom earlier . My son is learning how to play ball with me .,2024-08-13 22:48:29,7,False,2.0,0.0,False,1.2665733098983765,0.1778010129928589
156,3975,I guess I’m ok . I have a lot to do and I am feeling overwhelmed . I just don’t know where to start so I feel frozen . I am trying to find smaller things to tackle so I can feel somewhat accomplished . Usually I procrastinate by oversleeping but since my son is home I cannot do that so I guess that is a blessing so I can face what is in front of me .,2024-08-14 17:19:07,7,False,-1.0,2.0,False,0.15715910494327545,1.364087462425232
156,3976,I’m doing ok this morning . It was hard for me to get up at first but now I am ready to tackle the day . I texted with my mom and sister and a friend this morning so that is good . My son is playing . It is very hot outside not sure I’m going outside but I hope to have a good day .,2024-08-15 12:23:44,7,False,2.0,0.0,False,0.8210409879684448,1.1062666177749634
156,3977,I’m a little agitated right now because my son is having a meltdown . I just don’t know how to help him when he does this . He is five hours old and on the spectrum . This happens when there is a change in his schedule and he has been home on vacation with me so I guess that is the change that he is struggling with .,2024-08-15 22:08:13,7,False,2.0,0.0,False,-1.1116384267807007,1.4713300466537476
156,3978,Looking forward to spending the day with my mom . We are going to go shopping and run some errands . We are very close and I always have a good day when I see her . It is hot outside but we will be in her car mostly .,2024-08-16 12:11:47,7,False,2.0,2.0,False,0.3030281662940979,1.6987559795379639
156,3980,Took a nap so I am feeling awake right now . Will try to get some housework done . It is the weekend so there is much to prepare for the upcoming week . I have some work-related projects to complete as well .,2024-08-16 22:43:51,7,False,2.0,2.0,False,-0.19076205790042877,0.6597306132316589
156,3981,"I feel calm and content . We went food shopping and played a little bit . I wanted to do more but I’m ok with what I accomplished today . I hope that I can do more tomorrow , as I will have company over on Thursday .",2024-08-17 22:12:36,7,False,2.0,0.0,False,1.4708366394042969,0.16747990250587463
156,3983,"Feeling content and calm . I didn’t really accomplish anything today , just the basics but I will give myself a pass because it’s a Sunday . I do hope to be more productive this week . There really is so much that I need to accomplish .",2024-08-18 22:01:55,7,False,2.0,0.0,False,1.6894569396972656,0.1825292706489563
156,3985,Feeling good . Accomplished a few things this morning . Looking forward to some work-related projects coming up . I am also applying to grad school so I’m looking forward to that . My son appears to be content as well so that always makes me happy .,2024-08-19 17:13:32,7,False,2.0,0.0,False,1.6448841094970703,0.6391727328300476
156,3987,I am feeling just ok . I feel a little bit accomplished but there is so much more to be done . Looking forward to next week when I get paid I am really stretched out the grocery prices are just out of control .,2024-08-20 22:01:27,7,False,0.0,1.0,False,1.0503509044647217,0.9606795907020569
156,3996,I’m ok . I really don’t have much to say . I have a lot on my mi d right now . I’m worried about money . I am worried about all that needs to be done . There is a lot that needs to be done and I don’t have enough energy .,2024-08-21 12:51:59,7,False,0.0,1.0,False,-0.5427016615867615,0.9756496548652649
156,3998,Feeling content and calm . Took a nap . Feeling better than earlier . Family member lent me some money and another family member will be sending me money as well so I feel much better . I am trying to stay positive and take it one day at a time .,2024-08-21 22:00:46,7,False,2.0,0.0,False,1.449164628982544,0.10112419724464417
156,3963,"Anxious , Worried , Annoyed , Tired , Reflective",2024-08-09 12:16:12,7,True,-1.0,2.0,False,-0.7758017182350159,1.4748642444610596
156,3964,"Relaxed , Content , Happy , Full , Enjoying",2024-08-10 17:25:20,7,True,2.0,2.0,False,2.0174849033355713,0.169490247964859
156,3965,"Tired , Content , Focused , Relaxed , Dreamy",2024-08-10 22:08:18,7,True,0.0,0.0,False,0.588312029838562,0.2571447193622589
156,3966,"Accomplished , Tired , Relaxed , Hopeful , Content",2024-08-11 12:55:51,7,True,2.0,0.0,False,0.45660698413848877,0.6338109970092773
156,3967,"Annoyed , Tired , Hopeful , Fed up , Determined",2024-08-11 17:33:41,7,True,0.0,1.0,False,-0.3331467807292938,1.1278436183929443
156,3971,"Relaxed , Calm , Tired , Stationary , Peaceful",2024-08-12 22:00:56,7,True,0.0,1.0,False,1.5056072473526,-0.02782110683619976
156,3972,"Calm , Relaxed , Content , Hopeful , Curious",2024-08-13 12:37:55,7,True,1.0,0.0,False,1.4870184659957886,0.2786538302898407
156,3973,"Calm , Chill , Content , Satisfied , Accomplished",2024-08-13 17:01:02,7,True,2.0,0.0,False,1.6710578203201294,0.09773270785808563
156,3979,"Calm , Relaxed , Content , Accomplished , Curious",2024-08-16 17:53:01,7,True,2.0,0.0,False,1.769669532775879,0.13162824511528015
156,3982,"Calm , Content , Quiet , Chill , Relaxed",2024-08-18 17:00:54,7,True,0.0,0.0,False,1.6247596740722656,-0.0016872622072696686
156,3984,"Hopeful , Focused , Determined , Good , Lively",2024-08-19 12:25:28,7,True,2.0,2.0,False,0.3290506899356842,1.338874101638794
156,3986,"Tired , Worn out , Unmotivated , Guilty , Lazy",2024-08-20 12:31:03,7,True,-1.0,0.0,False,-0.7640662789344788,0.43227165937423706
156,3997,"Relaxed , Calm , Content , Tired , Happy",2024-08-21 17:33:14,7,True,2.0,0.0,False,1.7949281930923462,0.027373388409614563
157,3999,"I am feeling a bit sad , but not too sad . I have a feeling of doubt and regret . I feel like the world is a bit too tough for me .\ n "" My heart is heavy . I feel empty , lost , and alone .   and smiles feel forced . The world is dull and grey , devoid of joy . Every task feels like a mountain . I ' m trapped in sadness , searching for hope . Memories of happiness remind me of what ' s lost . I ' m suffocating in this darkness . Longing for escape , but stuck in pain .""",2024-08-21 12:03:13,7,False,-1.0,1.0,False,-1.2823143005371094,0.9402182698249817
157,4000,"Dispirited , Sad , Confused , Annoyed , Calm",2024-08-21 17:01:08,7,True,0.0,0.0,False,-1.1195734739303589,1.0702253580093384
157,4001,"""Ugh , I feel tired , slow , and unmotivated today , like I ' m moving through molasses and can ' t seem to get anything done . My brain is foggy , my body aches , and all I want to do is curl up on the couch and take a nap . Every task seems overwhelming and I just can ' t muster up the energy to care . I ' m stuck in a rut and don ' t know how to get out of it .""",2024-08-22 12:01:00,7,False,-1.0,0.0,False,-1.6176282167434692,0.2375888228416443
157,4002,"Happy , Excited , Delightful , High spirited , Joyful",2024-08-22 22:26:05,7,True,1.0,1.0,False,1.724387526512146,1.114140272140503
157,4003,"""Ugh , feeling really sluggish today . No energy , no motivation . Just want to stay in bed and snooze the day away . Every task feels like a huge mountain to climb . Even getting out of pajamas seems like too much effort . Need a boost to get going !""",2024-08-23 12:01:48,7,False,0.0,2.0,False,-1.3816291093826294,-0.09446043521165848
157,4004,"Active , Happy , Energized , Joyful , Delighted",2024-08-23 17:02:47,7,True,0.0,2.0,False,1.2904998064041138,1.7224286794662476
157,4005,"Joyful , Strong , Motivated , Active , Happy",2024-08-23 22:22:22,7,True,2.0,2.0,False,1.334025263786316,1.606179118156433
157,4006,"I have been Feeling quiet is like being wrapped in a warm blanket on a chilly day . It ' s a sense of stillness that calms the mind and soothes the soul . In the quiet , I find peace and clarity , away from life ' s chaos and noise . It ' s a moment to breathe , reflect , and recharge , letting go of worries and embracing the serenity within .""",2024-08-24 12:48:49,7,False,0.0,0.0,False,0.353401243686676,0.4404028058052063
157,4007,"Normal , Curious , Enthusiastic , Creative , Peaceful",2024-08-24 22:38:15,7,True,0.0,1.0,False,1.2159804105758667,1.1836676597595215
157,4008,"""Oh , what an incredible rush ! I ' m bursting with excitement , my heart racing with anticipation ! Every fiber of my being is electric , like a spark has ignited a fire within me . I can barely contain my enthusiasm , my mind racing with possibilities . It ' s like a dream come true , and I ' m walking on air , beaming with joy . The world feels full of promise , and I ' m ready to take on the day with unbridled energy and passion !""",2024-08-25 12:36:13,7,False,1.0,1.0,False,0.7860853672027588,1.654353141784668
157,4009,"Sad , Confused , Angry , Curious , Empty",2024-08-26 12:00:42,7,True,-1.0,1.0,False,-1.1583850383758545,1.0994882583618164
157,4010,"Quiet , Sas , Normal , Empty , Neutral",2024-08-26 17:03:05,7,True,0.0,1.0,False,0.19332079589366913,0.7000345587730408
157,4011,"Sad , Cofused , Quiet , Free , Down",2024-08-29 12:04:22,7,True,1.0,1.0,False,-0.7927305102348328,0.709587037563324
157,4012,"I ' m feeling really sluggish today . My body feels heavy and my mind is foggy . I ' m struggling to focus and get motivated . Every task seems like a chore and I just want to curl up and take a nap . My energy levels are depleted and I ' m moving at a slow pace . I hope a cup of coffee or some fresh air can help shake off this sluggishness and get me back to my normal self .""",2024-08-29 17:29:34,7,False,-1.0,0.0,False,-1.7662250995635986,0.025630101561546326
157,4013,"I ' m feeling really down today . A heavy sadness is weighing on my heart and mind . Everything seems dull and grey , and I ' m struggling to find joy in things I normally love . My thoughts are consumed by worries and regrets , and I can ' t shake off the feeling of emptiness . I feel disconnected from the world around me and just want to retreat into myself . Even small tasks feel overwhelming , and I ' m longing for comfort and solace . I hope this sadness will lift soon , and I ' ll find my way back to happiness and peace .""",2024-08-29 22:14:18,7,False,-1.0,1.0,False,-1.4154633283615112,0.6146366000175476
157,4014,"Bright , Light , Happy , Delighted , Great",2024-08-30 12:42:56,7,True,0.0,2.0,False,1.566466212272644,1.297183871269226
157,4015,"Normal , Silent , Quiet , Sluggish , Down",2024-08-30 17:43:06,7,True,0.0,0.0,False,0.021380241960287094,0.42013731598854065
157,4017,"Happy , Excited , Joyful , Delightful , Greatful",2024-08-31 17:16:23,7,True,2.0,1.0,False,1.715274453163147,1.1548113822937012
157,4018,"Tired , Sleepy , Sad , Quiet , Sluggish",2024-09-01 22:18:55,7,True,0.0,0.0,False,-1.279488444328308,0.09825751930475235
157,4019,"I ' m feeling really down and sad today . Everything seems grey and dull . I ' m struggling to find joy in things I normally love . My heart feels heavy and my mind is filled with worries . I just want to curl up and hide from the world . I ' m feeling overwhelmed and alone , like no one understands me . I wish I could shake off this sadness and feel happy again .""",2024-09-02 12:41:04,7,False,-1.0,1.0,False,-1.1854403018951416,0.8593431115150452
157,4020,"""Feeling quiet is like being wrapped in a warm blanket on a chilly day . It ' s a sense of stillness that calms the mind and soothes the soul . In the quiet , I find peace and clarity , away from life ' s chaos and noise . It ' s a moment to breathe , reflect , and recharge , letting go of worries and embracing the serenity within .""",2024-09-02 17:00:30,7,False,1.0,1.0,False,0.4711613655090332,0.4524555206298828
157,4021,"Happy , Delighted , Joyful , Cheerful , Happy",2024-09-03 22:05:44,7,True,1.0,1.0,False,1.7104734182357788,1.113065481185913
157,4022,"Feeling active is like a sunny day - energized , lively , and ready for anything . It ' s that inner buzz that keeps you moving , exploring , and embracing life with zest . Being active means feeling alive , motivated , and full of vitality , making each moment vibrant and exciting .",2024-09-05 12:32:55,7,False,1.0,1.0,False,0.9661649465560913,1.8411048650741577
84,207,It is a holiday day . I am at home with my family . We went kayaking earlier today and it was a very good morning . At the moment I am watching a show that I enjoy . It is a very pleasant and relaxing day .,2024-10-14 17:43:19,7,False,0.0,1.0,False,0.5127768516540527,1.4653699398040771
84,208,"I am currently feeling ok . I have to pack bags to go back to the city , so I am just trying to focus on all the thing that I need to pack . The day is almost over and I feel focused .   Today was a nice and relaxing day .",2024-10-14 22:02:41,7,False,0.0,1.0,False,0.7859735488891602,0.8676984310150146
84,209,"It is a first day after the long holiday and I am at work right now , it is very busy right now so I am trying to get work done . Other than that echos going good just the way it is supposed to be . I feel good and full of energy to get my work done .",2024-10-15 12:09:25,7,False,0.0,2.0,False,0.9929578304290771,1.5976017713546753
84,210,"i am currently feeling very busy because of the work that i need to do and things that need to be taken care of . So , at the moment that is what I am doing . I have nothing else to \ n add to what i already wrote .",2024-10-15 17:12:07,7,False,0.0,2.0,False,0.9289924502372742,1.4799160957336426
84,211,"It is W morning . I am at work , starting my day   and trying to see what needs to get done first . I have a busy day ahead . Feeling good in general . No complains , everything seems to be going ok . doing what i have to do .",2024-10-16 12:01:54,7,False,1.0,2.0,False,0.7636036276817322,1.3522312641143799
84,212,"i am continuing to do my work . Iti s the middle of the work day and everyone is working , myself included . I feel fine , doing things that need to get done today . The day is going just the way it has to .",2024-10-16 17:01:55,7,False,1.0,0.0,False,0.9161801338195801,1.450971245765686
84,214,I am feeling good . Doing my work and trying to finish up everything I have started earlier today . I had a busy day and many things need to be completed before i go home today . I will try and do it withing 1 hour or so .,2024-10-17 17:05:43,7,False,0.0,2.0,False,1.0677024126052856,1.2508426904678345
84,219,I am relaxing and watching a movie . It is a very pleasant and peaceful Sanctuary evening . I am waiting for my older son to get home so I can completely relax and just enjoy the rest of the Saturday evening with my family ..,2024-10-19 22:19:20,7,False,2.0,0.0,False,0.8391557335853577,0.6637445092201233
84,220,"I am feeling good , happy , relaxed and enjoying this Sunday morning with my family . It is a beautiful fall morning and it feels nice to be home without having to rush anywhere or do anything . I love this feeling .",2024-10-20 12:28:32,7,False,1.0,1.0,False,1.6341501474380493,0.862775981426239
84,221,"It is Monday morning . Beginning of the work week and school week . Do , I am feeling busy at work , doing everything that needs to get done . Getting ready for whatever needs to happen today . Feeling good in general .",2024-10-21 12:17:33,7,False,0.0,2.0,False,0.8728517293930054,1.567538857460022
84,222,"I am currently feeling good , working and doing my job . everything is going smooth . Iti safter 3 pm so in about 2 hours it will be time to go home . I am happy about that too . I do miss my family . cannot wait to see everyone .",2024-10-21 17:06:49,7,False,2.0,2.0,False,1.5758024454116821,0.9167117476463318
84,224,"It is 3pm , towards the end of my work day . It has been a busy day , with many people   to be taken care of and many tasks to complete . So , I am still very busy trying to complete tasks   I need to do it before",2024-10-22 17:00:37,7,False,2.0,2.0,False,-0.19981957972049713,1.7168819904327393
84,225,"I had a good and busy evening with my family . When I got home from work kids asked to make crepes with Nutella . We ate together . I checked my youngest homework . I made fish later on , cleaned and feeling good .",2024-10-22 22:08:29,7,False,1.0,2.0,False,0.7646850347518921,1.1242787837982178
84,233,It is Friday and I literally need my boss to leave so I can go too and take my kid to a Halloween party . I am feeling good and happy but definitely ready to go . It had been a good day and a good week .,2024-10-25 17:01:14,7,False,1.0,2.0,False,1.0269088745117188,1.4813708066940308
84,235,"Feeling quiet and just mellow . It is grey out and I just want to stay home and get cozy , watch tv , eat , sleep and read and honestly nothing else . Fall mood .   I had a super busy day yesterday and today I want to stay still .",2024-10-26 17:18:06,7,False,0.0,1.0,False,0.25451645255088806,0.10410478711128235
84,236,It is Sunday morning . I just woke up recently and feeling relaxed and quiet . We are going to make breakfast and after that we will play a board game or 2 . It is a very nice Sunday morning and everything is perfect .,2024-10-27 12:50:16,7,False,1.0,0.0,False,0.6560512781143188,0.994843065738678
84,237,"I am feeling good , happy , relaxed . I am enjoying this Sunday with my kids and my husband . It is gorgeous day , the sun is warm and inviting and it feels really good . I am happy to have another beautiful weekend .",2024-10-27 17:53:47,7,False,2.0,0.0,False,1.7544784545898438,0.8398348689079285
84,239,I am having a very pleasant evening with my family . It is very pleasant and relaxing . Tomorrow is Monday and we all had a very relaxing time . We will be traveling back to   GPE  soon .. I has been great over all,2024-10-27 22:09:10,7,False,1.0,0.0,False,1.1041381359100342,1.1836305856704712
84,213,"energetic , lively , busy , excited , happy",2024-10-17 12:03:51,7,True,0.0,2.0,False,1.202331781387329,1.7796268463134766
84,215,"Calm , Relaxed , Sleepy , Rested , Peaceful",2024-10-17 22:25:02,7,True,0.0,0.0,False,1.541107416152954,-0.06364937871694565
84,217,"active , energetic , busy , occupied , under pressure",2024-10-18 12:24:52,7,True,1.0,2.0,False,0.34802043437957764,1.9154870510101318
84,218,"Lively , Active , Organized , Focused , Determined",2024-10-18 17:01:31,7,True,0.0,2.0,False,0.578432559967041,1.7727473974227905
84,223,"Great , Active , Busy , Occupied , Happy",2024-10-22 12:45:14,7,True,0.0,2.0,False,0.7936384081840515,1.7582935094833374
84,226,"Active , Busy , Happy , Determined , Excited",2024-10-23 12:13:47,7,True,1.0,2.0,False,0.6698623299598694,1.9085674285888672
84,228,"Happy , Busy , Focused , Determined , Enthusiastic",2024-10-23 17:12:24,7,True,0.0,2.0,False,1.0495882034301758,1.4545042514801025
84,229,"Cozy , Relaxed , Quite , Peaceful , Happy",2024-10-23 22:11:47,7,True,0.0,0.0,False,1.8806525468826294,0.1385039985179901
84,230,"Excited , Busy , Hopefull , Happy , Energetic",2024-10-24 12:10:48,7,True,1.0,2.0,False,1.2085305452346802,1.7256240844726562
84,231,"Busy , Determined , Enthusiastic , Happy , Energetic",2024-10-24 17:09:38,7,True,0.0,2.0,False,0.8559069633483887,1.7730728387832642
84,232,"Active , Busy , Enthusiastic , Happy , Excited",2024-10-25 12:41:12,7,True,0.0,2.0,False,0.8906896710395813,1.9579087495803833
84,234,"Relaxed , Calm , Content , Happy , Joyful",2024-10-26 12:24:38,7,True,0.0,0.0,False,2.0800533294677734,0.1448971927165985
165,4205,"I started being active not quite long , have been alone at home since watching news on social media , I ' m just alone , I ' m just calm because I ' m the only one at home nobody to talk to and after pressing and then I went online to do some research about until one of my friend came in today to say hello to me .",2024-08-25 22:27:42,7,False,0.0,2.0,False,0.667228639125824,1.1172205209732056
165,4206,"I love the way I ' m feeling today cause I don ' t really want to talk too much , I ' m okay with the way I am , just being cool and calm , lowkey , every still I ' m just the only one working lowkey from home because I have some unfinished project .",2024-08-26 12:16:53,7,False,1.0,1.0,False,1.459909439086914,0.6350807547569275
165,4207,"I ' m active , my eyes are open , I followed a friend to a bar , to have some drinks together and discuss on how our life is going to better and discuss more on our current issue with life and how things has been going us and our family .",2024-08-26 22:03:15,7,False,0.0,2.0,False,0.7216097116470337,1.862642526626587
165,4208,"I ' m sluggish today but I don ' t know why , I ' m just thinking maybe because am broke or something , have been hoping for money , I ' m very dull even a friend of my told me I was so choked because it was so obvious and I asked my friend and he feel so concerned .",2024-08-29 17:20:20,7,False,-1.0,0.0,False,-1.7304878234863281,0.29578897356987
165,4215,"I feel good and I also feel loved by someone today , my day was lively because I mingled with alot of people today and I make new friends today and they also love me too and they came to my house to play .",2024-09-04 22:48:57,7,False,1.0,1.0,False,1.4998778104782104,1.0554986000061035
165,4218,"I ' m feeling good today , everything about was good to me and am still having fun , and everything is going smoothly , I went to visit one of my long time friend today , we played alot of games like chess .",2024-09-06 22:01:14,7,False,1.0,2.0,False,1.5330989360809326,1.1092841625213623
165,4220,"I ' m feeling Good and okay , I have been alone today I ' m just sitting down watching how everything is going , have been alone since morning   we don ' t have any issue with anybody we are just trying to   be .",2024-09-07 22:02:02,7,False,0.0,1.0,False,1.5495752096176147,0.708594799041748
165,4223,"I have okay and happy , have been listening to my favorite songs sing and it has been making me to be happy and feeling good , have been alone in the room singing loud , my neighbour even came to check up on me , may be there nothing wrong .",2024-09-08 22:02:55,7,False,0.0,2.0,False,1.5403541326522827,0.8146055936813354
165,4224,"I have been feeling down since , I did not have any money with me and I ' m still in debt and have been planning to borrow more when have not pay off the one on ground , have been thinking about alot of things that I can start doing that can increase my income rate .",2024-09-09 17:25:06,7,False,0.0,1.0,False,-0.7665865421295166,0.8779656887054443
165,4209,"Active , Calm , Nice , Good , Amazing",2024-08-30 12:43:18,7,True,0.0,1.0,False,0.8551619648933411,1.2432918548583984
165,4210,"Amazing , Cool , Awsome , Good , Okay",2024-08-31 22:30:26,7,True,1.0,1.0,False,1.328744649887085,1.0253089666366577
165,4211,"Active , Strong , Healthy , Good , Calm",2024-09-01 12:36:09,7,True,0.0,1.0,False,0.44146260619163513,1.6317389011383057
165,4212,"Quiet , Cool , Calm , Good , Active",2024-09-03 12:46:35,7,True,0.0,0.0,False,0.8724882006645203,0.23916774988174438
165,4213,"Lively , Happy , Good , Happy , Active",2024-09-03 22:23:37,7,True,1.0,1.0,False,1.2711906433105469,1.6702244281768799
165,4214,"Good , Lively , Active , Sharp , Okay",2024-09-04 17:41:47,7,True,0.0,1.0,False,0.6842458844184875,1.3982981443405151
165,4216,"Good , Neutral , Calm , Good , Cool",2024-09-05 12:13:41,7,True,0.0,1.0,False,0.10841941833496094,1.0731751918792725
165,4217,"Good , Happy , Awesome , Excellent , Active",2024-09-05 22:18:54,7,True,2.0,1.0,False,1.322831630706787,1.3425533771514893
165,4219,"Cheerful , Jovial , Anxious , Awesome , Active",2024-09-07 17:12:52,7,True,0.0,1.0,False,0.9902832508087158,1.658390760421753
165,4221,"Good , Calm , ACTIVE , Awesome , Jovial",2024-09-08 12:11:11,7,True,0.0,2.0,False,1.2169079780578613,1.0453263521194458
165,4222,"Good , Creative , Active , Cool , Calm",2024-09-08 17:35:29,7,True,1.0,0.0,False,1.0057750940322876,1.3880325555801392
165,4225,"Quiet , Sad , Down , Calm , Sluggish",2024-09-09 22:01:16,7,True,0.0,0.0,False,-0.6797571778297424,0.3481765389442444
130,3018,"tired , overwhelmed , anxious , cold , na",2024-12-06 12:00:20,7,True,-1.0,0.0,False,-0.7370114922523499,0.698753833770752
130,3019,"I am feeling more awake , and productive ! Went on a run so feeling the endorphins . I got some work done and going to do more and relax for the rest of the day . A little bit of brain fog too , but less than the morning .",2024-12-06 17:13:20,7,False,0.0,2.0,False,0.6791589260101318,0.9545036554336548
130,3020,"I am feeling very sleepy from the day . I feel like I did a lot of studying and was productive , but at the same time it took the whole day and now I am like oh wow where did the day go ! But I stopped doing work and going to unwind now , so looking forward to that ! And feeling less anxious than I was in the morning . Happy I got a workout in too !",2024-12-06 22:00:41,7,False,-1.0,0.0,False,-0.7272356152534485,0.09684628993272781
130,3021,I went on a run and ate breakfast and lunch so I am feeling more lively than I was in the morning . I am feeling stressed about my responsibilities but I always feel like those stressors hang over me often . I am also excited because I am seeing a friend and hoping it’s a nice change in routine and scenery . Hoping the lively energy continues throughout the day,2024-12-07 17:00:19,7,False,1.0,2.0,False,0.8370200395584106,1.815943956375122
130,3022,"sluggish , hungry , stressed , anxious , sleepy",2024-12-08 12:44:41,7,True,0.0,0.0,False,-1.7621814012527466,-0.03223820775747299
130,3023,"energized , stressed , anxious , sad , worried",2024-12-09 12:37:01,7,True,0.0,1.0,False,-0.49790430068969727,1.7888703346252441
130,3024,"exhausted , anxious , stressed , gloomy , hungry",2024-12-09 17:04:14,7,True,0.0,1.0,False,-1.7346464395523071,0.45443129539489746
130,3026,"exhausted , stressed , anxious , tachycardic , hungry",2024-12-09 22:00:18,7,True,0.0,2.0,False,-1.7770905494689941,0.37616050243377686
130,3027,My friend is going through a lot and I empathize with her and I feel sad . She is going through a lot and I want to be there for her but also need to keep up with my responsibilities . So I am also feeling stressed and anxious about her situation and how I am going to process it and hold space for her too .,2024-12-10 17:02:12,7,False,-2.0,0.0,False,-1.0062702894210815,1.2370744943618774
130,3028,"exhausted , stressed , anxious , cold , hungry",2024-12-11 12:00:25,7,True,0.0,1.0,False,-1.6450960636138916,0.3857687711715698
130,3029,"stressed , anxious , exhausted , overwhelmed , cold",2024-12-11 17:00:18,7,True,0.0,1.0,False,-1.2756775617599487,1.0418275594711304
130,3030,"exhausted , stressed , anxious , hungry , thirsty",2024-12-13 12:00:34,7,True,-1.0,0.0,False,-1.6967109441757202,0.3817228078842163
130,3031,"I had a productive morning and early afternoon so feeling a bit more calmer , but still stressed . I am also spending time with family and loved ones , so it is a great company ! I am hoping to keep calm for the rest of the weekend so I can continue being productive . I am feeling emotionally exhausted from my week of supporting my friends , so I feel like I did not have enough space for myself . So I am trying to make more time for myself this weekend and next week !",2024-12-13 17:07:33,7,False,0.0,1.0,False,0.628223717212677,1.403125286102295
130,3032,Feeling stressed with school ! But trying to be productive . Also feeling cooped up inside so will go out for a run soon to relieve some stress and get some air . Trying to keep calm and grounded to get work done and get through the day today !,2024-12-14 17:00:27,7,False,0.0,1.0,False,0.3643442392349243,0.7295292019844055
130,3033,"exhausted , stressed , satiated , anxious , brain fog",2024-12-14 22:00:13,7,True,-1.0,0.0,False,-1.5686453580856323,0.16487830877304077
130,3034,"stressed , anxious , exhausted , cold , restless",2024-12-15 12:42:30,7,True,0.0,1.0,False,-1.325204610824585,0.9634231328964233
130,3035,"I’m currently feeling both physically and mentally drained as I prepare for my exam tomorrow . The pressure of wanting to perform well has left me feeling stressed , and the sheer amount of material I need to review feels overwhelming at times . Despite my best efforts to stay focused , fatigue has started to set in , which makes it even harder to concentrate . I know how important this exam is for my progress , so I’m doing my best to push through these feelings and stay motivated . At the same time , I’m trying to remind myself to take small breaks and prioritize self-care so that I can approach the test with as much clarity and confidence as possible .",2024-12-15 17:10:19,7,False,0.0,1.0,False,-1.1696890592575073,0.8368211984634399
130,3038,"relieved , productive , exhausted , overwhelmed , Disoriented",2024-12-16 17:01:36,7,True,1.0,2.0,False,-0.031897738575935364,0.9007037878036499
130,3039,"overwhelmed , sleepy , burnt out , happy to see my dogs , calm",2024-12-16 22:52:24,7,True,0.0,1.0,False,-0.037779416888952255,0.4649639129638672
130,3040,"long day ! very overwhelming and stressful , it felt like a waste of my day , so it sucks ! but trying to be positive and make good use of the rest of my day . there is a lot going on and on my plate so it’s hard to manage everything and handle it well . very stressed !",2024-12-17 17:51:37,7,False,0.0,1.0,False,-1.6105705499649048,0.682177722454071
130,3041,"I am currently feeling incredibly tired and overwhelmed with everything going on in school . The constant stream of assignments , exams , and responsibilities is taking a toll on both my physical and mental energy . It feels like there’s always something more to do , and no matter how hard I try to stay organized or keep up , the workload just keeps piling up . \n \ nThe pressure to perform well and meet deadlines has left me feeling stretched thin , and it’s hard to find time to rest or recharge . Balancing academic demands with personal life feels almost impossible , and sometimes I question if I’ll ever catch up or feel on top of things again . Despite this , I know these challenges are temporary , and I’m trying to remind myself that perseverance and taking things one step at a time will help me push through .",2024-12-18 22:17:30,7,False,0.0,1.0,False,-0.25141027569770813,0.811457633972168
130,3042,feeling overwhelmed and tired because of an early morning and long day ahead . feeling restless because we have been sitting since 8am and still have the whole day to go ! very stressed because i have a lot of things to do so a lot is on my mind and feeling anxious about it,2024-12-19 12:26:03,7,False,0.0,1.0,False,-0.9244323968887329,0.994872510433197
159,4062,"I am feeling pretty confident about myself . I don’t feel down at all , which is pretty good ! I am very excited for what I get to do today since I get to teach !   I feel healthy and I feel optimistic . I am unsure what exactly will happen today but I am looking forward to it .",2024-10-31 12:04:25,7,False,2.0,0.0,False,1.15127694606781,1.366222858428955
159,4063,I am finally back home from a 2 sessions of 3 hour classes I taught . My feet hurt quite a bit but I desperately want a hot shower . What a contradiction of wants ! I wish I had a functioning tub in the middle \ nof my living room .,2024-11-01 22:01:09,7,False,2.0,0.0,False,-0.0843329057097435,1.2851057052612305
159,4064,"I am feeling a little groggy today after some rest after teaching . I am anticipating my delivery order right now because this a treat I am having for myself and partner . I really want to get my apartment clean again , it has been stressing out about the hygiene standards .",2024-11-02 12:01:35,7,False,2.0,0.0,False,-0.5253273844718933,0.7745452523231506
159,4068,I am very stressed at the moment because of technical malfunctions that happened over the weekend . I am pretty mad about having to make new templates for labels from scratch since it looks like the templates used for the past 5 years have vanished into thin air . I am pretty upset having to do some tedious work and spending my day fixing it .,2024-11-04 12:08:03,7,False,-2.0,2.0,False,-1.100960612297058,1.2653090953826904
159,4069,I am excited to end the day and go home . I have so much I need to organize at home and I finally have all the pieces to get that going . I really really am eager to not be in my office . I have reached my limit with my mind wandering and answering emails and calls for today .,2024-11-04 17:06:27,7,False,1.0,0.0,False,0.48858708143234253,1.9351059198379517
159,4065,"Tired , Content , Curious , Middle of The Road , Sore",2024-11-02 22:01:58,7,True,2.0,0.0,False,-0.1509322077035904,0.23863831162452698
159,4066,"Tired , Hungry , Motivated , Lightheaded , Sore",2024-11-03 17:02:11,7,True,2.0,0.0,False,-0.04304550960659981,0.8443647027015686
159,4067,"tired , sorr , meh , not so bad , decent",2024-11-03 22:09:39,7,True,2.0,0.0,False,-0.4296717643737793,0.2667880654335022
159,4070,"tired , sluggish , groggy , mildly frustrated , blah",2024-11-05 12:01:48,7,True,-1.0,0.0,False,-1.4244827032089233,0.17662441730499268
159,4071,"tired , irritable , sore , sleepy , uninterested",2024-11-05 22:01:46,7,True,-2.0,0.0,False,-1.1303220987319946,0.5567577481269836
159,4072,"disappointed , deflated , tired , irritable , unwilling",2024-11-06 12:02:19,7,True,-2.0,0.0,False,-0.8144972324371338,1.20133638381958
159,4073,"triggerhappy , angry , upset , bloodthirsty , Irritable",2024-11-06 17:01:34,7,True,1.0,2.0,False,-0.5928255319595337,1.589599847793579
159,4074,"tired , irritable , sore , meh , blah",2024-11-06 22:53:22,7,True,0.0,1.0,False,-0.7952409386634827,0.6323250532150269
159,4075,"groggy , tired , meh , sleepy , underwhelmed",2024-11-07 12:02:06,7,True,-1.0,0.0,False,-1.617856740951538,0.02874736115336418
159,4076,"tired , blah , irritable , fatigued , sleepy",2024-11-07 17:02:01,7,True,-2.0,0.0,False,-0.6196224093437195,0.7057822346687317
159,4078,"neutral , a little tired , full , content , meh",2024-11-07 22:03:20,7,True,0.0,0.0,False,0.11650314927101135,0.9888959527015686
175,4477,I am excited to be going on vacation .   I ' m also nervous about getting from GPE  to GPE without hiccups .   I ' m hopeful we won ' t get bored .   GPE looks beautiful but I ' m afraid there won ' t be a lot to do .,2024-11-07 17:06:54,7,False,-2.0,0.0,False,0.27020063996315,1.8796213865280151
175,4478,I am feeling tired because we didn ' t get much sleep on the plane .   I ' m feeling excited about walking all over GPE tomorrow .   I ' m happy we were able to find some inexpensive snacks and breakfast food for our room .,2024-11-08 12:18:44,7,False,-1.0,0.0,False,-0.18988031148910522,0.8092790246009827
175,4479,I ' m happy to have spent a fun afternoon in GPE .   I ' m content with the burger I had for dinner and happy PERSON is always willing to share so we don ' t overeat .   I ' m looking forward to wandering home .   Wandering makes me happy .,2024-11-09 12:02:46,7,False,1.0,1.0,False,1.271843671798706,0.7354020476341248
175,4480,I ' m feeling quiet and content as I read and plan upcoming days . I ' m relaxed to be away from the crowds . I ' m somewhat anxious that we have just one phone charger . I ' s disappointed in myself for not running today .,2024-11-09 17:31:59,7,False,0.0,0.0,False,0.6574232578277588,0.10740631073713303
175,4484,I am bored in the passenger seat .   I am nervous about being the navigator .   I am nervous about riding in the car in GPE . I am nervous PERSON won ' t enjoy the rest of the trip if I plan it .   That ' s all .,2024-11-11 12:11:51,7,False,-1.0,0.0,False,-0.24081440269947052,1.2695271968841553
175,4485,I feel tired and sleepy .   I feel somewhat excited about getting a plan together for vacation .   I feel guilty for eating a ton of food .   I feel guilty for not running . I feel scared about . Wing a passenger in GPE .,2024-11-11 17:12:33,7,False,1.0,0.0,False,-1.2888482809066772,0.09234319627285004
175,4486,I ' m happy we drove without too much incident but concerned we lost a hubcap and will have to pay for it .   I ' m little bored in this small town .   I ' m happily anticipating dinner .   I ' m feeling guilty that I haven ' t run once since arriving because it ' s so cold .,2024-11-12 12:45:31,7,False,1.0,1.0,False,0.5687121152877808,0.8800788521766663
175,4492,I ' m feeling quiet and content .   No plans makes me relaxed .   Not having a far drive tomorrow makes me less tense . I ' m happy to be seeing the ocean . I ' m hungry and optimistic my dinner will be delicious .   I ' m annoyed that my mother-in-law is pressuring me to post vacation photos .   She ' s not worried about us . Just worried that she ' s not seeing vacation photos .,2024-11-16 12:18:19,7,False,0.0,0.0,False,0.9998104572296143,0.055150747299194336
175,4495,I ' m basically happy .   I ' m . kind of bored sitting in our room but scared to go out because I don ' t know how safe the neighborhood is .   I ' m quite sleepy .   I ' m looking forward to being home in a few days .,2024-11-20 17:26:40,7,False,1.0,1.0,False,1.1553220748901367,1.1157591342926025
175,4476,"Conflicted , Content , Reflective , Overwhelmed",2024-11-07 12:00:25,7,True,0.0,0.0,False,-0.5692190527915955,1.13250732421875
175,4481,"Antsy , Excited , Happy , Overstimulated , Annoyed",2024-11-09 22:00:17,7,True,1.0,0.0,False,0.6907281279563904,1.774675726890564
175,4482,"Tired , Exhausted , Unenthusiastic",2024-11-10 12:00:22,7,True,-2.0,0.0,False,-1.5643235445022583,0.1896565854549408
175,4483,"Unable to sleep , Nervous , Anxious",2024-11-10 17:00:21,7,True,-1.0,2.0,False,-1.28915536403656,1.195064902305603
175,4487,"Relaxed , Annoyed , Sleepy , None",2024-11-12 17:20:42,7,True,1.0,0.0,False,0.7216132879257202,0.5336398482322693
175,4488,"Unsettled , Fearful , Annoyed",2024-11-13 17:00:16,7,True,-1.0,2.0,False,-0.9359162449836731,1.4263707399368286
175,4489,"Bored , Tired , Disappointed",2024-11-14 12:04:09,7,True,-1.0,1.0,False,-0.014862453565001488,0.6831463575363159
175,4490,"Content , Nervous , Unfriendly , Agitated",2024-11-15 12:00:17,7,True,1.0,1.0,False,1.0466722249984741,0.8644484877586365
175,4491,"Sleepy , Relaxed , Bored",2024-11-15 17:04:40,7,True,-1.0,0.0,False,-0.1770762950181961,0.2940182387828827
175,4493,"Relaxed , Contented , Bored",2024-11-17 17:05:24,7,True,2.0,0.0,False,1.7185779809951782,0.11381783336400986
175,4494,"Sleepy , Sluggish , Unaccomplished , None",2024-11-19 17:22:05,7,True,-2.0,0.0,False,-1.5039585828781128,-0.052428532391786575
129,2989,"Okay , Hopeful , Decent , Neutral , Content",2024-08-08 17:01:49,7,True,0.0,1.0,False,0.39157795906066895,1.1201616525650024
129,2990,I am feeling okay . I got a good amount of sleep and feel rested . i am able to work online some today so feel productive . I dont feel sick . I am alittle hungry though and looking forward to my nap later today . Im hoping the rest of the day goes good and I feel good the rest of the day . I guess we shall see .,2024-08-09 12:00:53,7,False,0.0,1.0,False,0.8394582867622375,0.27592283487319946
129,2991,"content , satisfied , neutral , busy , rested",2024-08-09 17:00:55,7,True,0.0,1.0,False,0.6476932764053345,0.9307374358177185
129,2993,"tired , drained , sluggish , dragging , sick",2024-08-10 22:15:24,7,True,-2.0,0.0,False,-1.7148516178131104,0.10167881846427917
129,2994,Im okay . Im just tired atthe moment . I took a nap but still feel tired . I hope i will have more energy soon enough . Im ready for the day to be over a new day to start . Each day just goes by very slow . Tick tock . Thank you .,2024-08-11 17:13:14,7,False,-1.0,0.0,False,-0.8041021227836609,0.17433461546897888
129,2995,im feeling okay . its early so i am tired at the moment but trying to get some work done . my kids are home now but my oldest starts school next week so excited for that . just waiting for each day to be over and waiting for the end result which will be very exciting .,2024-08-12 12:01:27,7,False,0.0,1.0,False,0.1337181180715561,0.522893488407135
129,2996,Im okay at the moment . Took a small nap so feel rested . About to get my kids up from their nap and get them a snack . Day has been going decent today . I feel satisfied and content with how it is . Thank you .,2024-08-12 17:05:08,7,False,1.0,0.0,False,0.9519134163856506,0.08165468275547028
129,2997,"Content , Tired , Satisfied , Neutral , Sluggish",2024-08-12 22:06:02,7,True,0.0,1.0,False,0.5094771385192871,0.5225415229797363
129,2998,its still early and im tired at this point . I just want to go back to bed and sleep until tomorrow . This week has been going so slow . I think i need something to keep me busy and make the time go quicker . Its just dragging every day and its hard . Thanks so listening .,2024-08-13 12:02:41,7,False,0.0,1.0,False,-1.0090594291687012,0.1955677568912506
129,2999,Im feeling okay at the moment . Got the kids up and brought them over to grandpas . Now im just enjoying some time alone at home . I can get some things done around the house . Thank you for listening to what i have to say .,2024-08-13 17:56:03,7,False,0.0,1.0,False,0.5527227520942688,0.5877233743667603
129,3000,Im currently feeling very tired and worn out . It has been a long day and im ready for the week to be over . I hope tomorrow is a better day and im not so tired . I hope i have a good sleep tonight and wake up feelibg refreshed .,2024-08-13 22:01:12,7,False,-2.0,0.0,False,-1.2211416959762573,0.19401448965072632
129,3001,"neutral , content , satisfied , tired , busy",2024-08-14 12:01:44,7,True,0.0,1.0,False,0.3608352839946747,1.0042390823364258
129,3002,Im okay at the moment . Just woke up from mynap so im not so tired and having a snack . The kids need to get up soon then dinner needs to be made and then time to relax and then bedtime . Im looking dorward to the week to be over .,2024-08-14 17:01:22,7,False,1.0,0.0,False,0.04932494834065437,0.15694659948349
129,3004,"Tired , Sluggish , Dragging , Drained , Content",2024-08-14 22:11:52,7,True,-2.0,0.0,False,-1.463074803352356,-0.07387617975473404
129,3005,"Tired , Sluggish , Dragging , Drained , Sleepy",2024-08-15 22:09:06,7,True,-2.0,0.0,False,-1.6856534481048584,-0.019118722528219223
129,3006,"content , satisfied , steady , happy , busy",2024-08-16 12:12:40,7,True,0.0,1.0,False,1.7503665685653687,0.47292858362197876
129,3007,Im feeling okay . Im so happy its friday . I just took alittle nap but still feel tired . My son PERSON hair cut today and some clothes for school . We are all excited he is finally going to kindergarten . Hes excited too .,2024-08-16 17:03:23,7,False,-1.0,0.0,False,0.7270220518112183,0.7775089144706726
129,3008,so glad its the weekend . I can take some time to just relax and rest . My son has soccer today so he went to do that with his dad . My other son and I are just hanging out at home and watching tv . Im so ready for tomorrow though since the kids will be gone .,2024-08-17 12:11:21,7,False,-1.0,0.0,False,0.47780317068099976,0.3998982906341553
129,3009,Im very tired at the moment . I feel drained . It was hot today and i helped mow the lawn . It was alot and i was dragging the rest of the day . Im so happy the kids are down for the night and we are heading to bed . It was a long day .,2024-08-17 22:05:22,7,False,-2.0,0.0,False,-1.4036120176315308,0.1890093982219696
129,3010,Im good at the moment . Just relaxinf and watching a movie . Its nice the kids are away and im able to just relax and watch tv . I really like relaxing and dont want to feel stressed today . Thank you for listening .,2024-08-18 12:03:46,7,False,0.0,0.0,False,0.9341076612472534,0.22739899158477783
129,3011,Im feelingvery tired atthe moment . It was a sonewhat relaxing daybut it was still long . Im ready for tomorrow to what my son go to kindergarten . Its very exciting for all of us . Yah . Thank you for listening .,2024-08-18 22:04:16,7,False,-2.0,0.0,False,-0.5581545829772949,0.27784836292266846
129,3012,"quiet , content , sleepy , tired , drained",2024-08-19 12:02:32,7,True,0.0,0.0,False,0.05781625583767891,0.03820773959159851
129,3013,"sluggish , tired , drained , dragging , content",2024-08-19 17:01:24,7,True,-1.0,0.0,False,-1.7029144763946533,-0.16029855608940125
129,3015,im okay at the moment . im working online and trying to get some things done . its going to be a long day . i just put my son on the bus and hes happy . my other son is on my laptop and getting some work done as well . im ready for this week to be over and hope next week goes quick too .,2024-08-20 12:00:55,7,False,1.0,0.0,False,0.44220617413520813,0.8229954242706299
129,3016,im okay at the moment . i just took my nap and woke up so still somewhat tired . My son should be home from school soon . I hope he had a good day . Im just catching up on emails and waiting for the day to be over . im read for tomorrow already . thanks for listening .,2024-08-20 17:04:39,7,False,-1.0,0.0,False,-0.35038426518440247,0.2747310996055603
129,3017,"Tired , Sluggish , Drained , Dragging , Faint",2024-08-20 22:28:37,7,True,-2.0,0.0,False,-1.515759825706482,0.055658504366874695
65,4744,"To be honest , I ' m feeling a bit rough around the edges right now - the alcohol from last night ' s gathering is still lingering in my system , leaving me with a pounding headache , dry mouth , and a general sense of fatigue . Overall , I ' m feeling sluggish and regretful , wishing I had paced myself a bit better .",2024-09-19 12:17:29,7,False,0.0,2.0,False,-1.5999654531478882,0.19348040223121643
65,4745,"Calm , Cool , Focused , Meditating , Serene",2024-09-19 17:20:20,7,True,0.0,0.0,False,1.3966889381408691,0.24628520011901855
65,4746,"Smart , Good , Sharp , Lively , Happy",2024-09-20 17:20:13,7,True,1.0,2.0,False,0.5807448029518127,1.3285932540893555
65,4747,"Afraid , Tired , Bored , Uninterested , Careless",2024-09-23 12:36:56,7,True,-2.0,1.0,False,-0.48794734477996826,1.0688703060150146
65,4748,"Tired , Weak , Bored , Stressed , Calm",2024-09-24 12:52:15,7,True,-2.0,2.0,False,-0.32067444920539856,0.43099743127822876
65,4749,"Weary , Shocked , Tired , Stressed , Bored",2024-09-24 17:02:25,7,True,0.0,2.0,False,-0.6073610186576843,0.5389504432678223
65,4751,"Calm , Confident , Good , Happy , Bright",2024-09-26 17:03:25,7,True,-2.0,2.0,False,0.9567304253578186,0.8924049735069275
65,4752,"I feel more coordinated and confident in my abilities . I have a strong sense of identity and I am conversant with my environment . I feel enthusiastic too with everything I get my hands on . The thrill coursing through my veins is palpable ! As I sit here , envisioning the successful completion of my outdoor weather station project , I can barely contain my enthusiasm . It ' s as if a spark of electricity has ignited within me , fueling my creativity and drive .\ n \ nMy mind races with possibilities , conjuring images of sleek , modern designs and innovative solutions . The prospect of merging cutting-edge technology with sustainable energy sources sends shivers down my spine . Every detail , from selecting the perfect water-resistant materials to fine-tuning the sensor calibrations , feels like a puzzle piece falling into place .\ nMy hands twitch with anticipation , eager to dive into the workshop and bring this vision to life . The hum of the soldering iron , the whir of the 3D printer , and the satisfying click of components snappi",2024-09-27 12:04:50,7,False,1.0,0.0,False,1.0398783683776855,1.6068801879882812
65,4753,"Active , Sound , Confident , Good , Energetic",2024-09-27 17:51:25,7,True,0.0,2.0,False,0.1940278559923172,1.780083417892456
65,4754,"Engaging , Lively , Fun , Enthusiastic , Brave",2024-09-28 17:07:37,7,True,2.0,2.0,False,1.447288155555725,1.4488496780395508
65,4755,"I ' m electrified ! My enthusiasm courses through every fiber , like a high-voltage current . Every thought , every sensation , every breath buzzes with excitement . My heart races , pounding out a triumphant rhythm , as if celebrating a monumental victory .\ n \ nVibrant colors dance before my eyes – radiant hues of possibility , potential , and promise . The world transforms into a kaleidoscope of wonder , beckoning me to explore , create , and conquer . Each challenge becomes an exhilarating adventure , an opportunity to unleash my inner trailblazer .\ n \ nMy mind soars , unfettered by doubt or fear . Ideas burst forth like fireworks , illuminating the landscape of my imagination . Connections spark , and innovative solutions crystallize . Time dissolves , leaving only the present moment , ripe with promise .\ n \ nPhysically , I feel invigorated – every muscle humming , every nerve tingling . My smile spreads wide , infectious and unstoppable . Words flow effortlessly , conveying my vision with conviction and passion . Others catch the spark , and togethe",2024-09-29 12:37:13,7,False,0.0,2.0,False,0.9857134819030762,1.675200343132019
65,4756,"I ' m bursting with vitality ! My enthusiasm is a radiant force , illuminating every cell and fiber of my being . It ' s as if a sparkler has ignited within me , casting a warm , golden glow over everything .\ n \ nEvery thought is infused with optimism , every idea a thrilling possibility . My imagination soars on wings of eagles , conquering challenges and achieving triumphs . The world transforms into a vibrant tapestry , woven with threads of promise and potential .\ nMy heartbeat quickens , pumping exhilaration through my veins . Each breath is a refreshing breeze , invigorating my senses and sharpening my focus . Smiles spread effortlessly across my face , reflecting the joy radiating from within .\ n \ nTime dissolves , leaving only the present moment , ripe with opportunity . Obstacles shrink , and solutions emerge . Confidence surges , and self-doubt fades . I ' m unstoppable , a force driven by pure excitement and determination .",2024-09-29 17:09:53,7,False,0.0,2.0,False,1.1810630559921265,1.5976743698120117
65,4757,"As I reflect on my life , I ' m filled with profound gratitude for the loving relationships , stimulating experiences , and personal achievements that enrich my journey . My passion for exploring new horizons , savoring NORP ORG , and appreciating life ' s simple joys fuels my enthusiasm . With each sunrise , I ' m reminded that every moment holds promise , and I ' m eager to seize its potential .\ n \ nThis positivity is contagious , inspiring me to spread warmth and kindness wherever I go . I ' m drawn to like-minded individuals who share my zest for life , and together , we create a symphony of laughter , inspiration , and mutual support . My heart overflows with hope and anticipation , knowing that life ' s next chapter will bring exciting opportunities , valuable lessons , and unforgettable memories .",2024-09-30 17:02:08,7,False,2.0,2.0,False,1.3591632843017578,1.3094050884246826
65,4758,"Cool , Happy , Good , Smiling , Confident",2024-10-01 17:12:55,7,True,2.0,1.0,False,1.4031723737716675,1.1307883262634277
65,4759,"Happy , Smiling , Cool , Relaxed , Fulfilled",2024-10-02 12:26:20,7,True,1.0,1.0,False,1.7968769073486328,0.791942834854126
65,4760,"I ' m feeling lively because I ' ve recently rediscovered my passion for painting . Spending hours in my backyard studio , surrounded by vibrant colors and canvases , brings me immense joy and energy . My latest project , a mural depicting our family ' s travels , has me excitedly experimenting with new techniques .",2024-10-02 17:02:05,7,False,1.0,2.0,False,0.9563270807266235,1.683232069015503
102,1453,"I am currently feeling tired and sluggish because my dog was up all night , thank goodness it isn’t because I had a bad night otherwise . I feel a bit disoriented because of the lack of sleep . I will try later to catch up on some sleep . Nights like that which have been happening a bit more often are very hard on my mental and physical well being .",2024-09-15 12:08:49,7,False,-2.0,0.0,False,-1.2450673580169678,-0.035188984125852585
102,1454,I’m feeling pretty ok right now . My day was a bit weird since I didn’t get much sleep but it got a bit better as it went on . I was able to nap and that made a difference . I ate a good dinner and that also made a difference .,2024-09-15 22:00:43,7,False,0.0,0.0,False,-0.04666528105735779,0.30001774430274963
102,1455,I just came back from the eye doctor with my dog . She’s doing great and that makes me very happy . That alone has made my day . We did have another night of not sleeping through the night so that’s tough .,2024-09-16 12:02:50,7,False,1.0,1.0,False,0.9666835069656372,1.1516059637069702
102,1456,"Tired , Exhausted , Frustrated , Upset , Disappointed",2024-09-16 17:38:57,7,True,-2.0,0.0,False,-1.6993788480758667,0.26230770349502563
102,1457,"I’m really tired . I have had a busy day . Parts of it were very overwhelming . Work , life , feeling that I don’t have any help . However , there is a part of me that feels proud that I got so much done . I am trying to focus on that .",2024-09-16 22:01:43,7,False,-1.0,0.0,False,-0.7483506798744202,0.8065385818481445
102,1458,"Tired , Optimistic , Hopeful , Curious , Intrigued",2024-09-17 12:02:35,7,True,0.0,0.0,False,-0.04171273112297058,0.8716958165168762
102,1459,Again I’ve just been tired throughout the day . I feel like I need to sleep for several days to catch up . Not a great feeling . I have never been in a situation like this and I’m doing the best i can . Hopefully my nights will go back to normal soon .,2024-09-17 22:14:24,7,False,-2.0,0.0,False,-1.1777656078338623,-0.053568776696920395
102,1460,"Angry , Frustrated , Resentful , Scared , Disappointed",2024-09-18 12:04:14,7,True,-2.0,0.0,False,-1.1691869497299194,1.4356069564819336
102,1461,"Not feeling great overall . Questioning a lot about my life , my decisions and my faith . Wondering if I ever been getting it wrong all along . I feel like i need to spend a lot of quiet time with myself for the next few weeks or maybe months .",2024-09-18 22:07:57,7,False,-2.0,0.0,False,-0.15863803029060364,0.9413744211196899
102,1462,A bit better morning than yesterday . I slept a little better . I feel less overwhelmed by everything today . I still have a lot to take care of and work to catch up on because I haven’t been able to do much because of the lack of sleep . Hopefully today I can be more productive .,2024-09-19 12:16:07,7,False,-1.0,0.0,False,0.3965090215206146,0.8669486045837402
102,1463,"Tired , Overwhelmed , Busy , Productive , Curious",2024-09-19 17:03:07,7,True,-1.0,0.0,False,0.04522113874554634,0.8212423920631409
102,1464,I’m a bit tired . A bit stressed . My dog seems to be restless which usually means she will be up all night . This i hope isn’t the case . IM giving her her meds and hoping for the best because they work sometimes but lately they haven’t been working we think she’s become immune to the dosage . We have a vet appointment with a new very but the wait time is long . For next month,2024-09-19 22:18:10,7,False,-1.0,0.0,False,-1.4378681182861328,0.22728833556175232
102,1465,I’m quiet but angry . I’m frustrated about many things right now . I won’t let this be the tone of my day . I have decided to do my best to get out of this funk . I am better than this . I’m working on a project I enjoy perhaps that will make a difference .,2024-09-20 12:06:13,7,False,0.0,0.0,False,-0.6248544454574585,1.3039305210113525
102,1466,"Stressed , Upset , Nervous , Overwhelmed , Tired",2024-09-20 17:37:44,7,True,-2.0,2.0,False,-1.0522483587265015,1.3524889945983887
102,1467,I was able to get myself together as the day went on and turn my mood around . It wasn’t easy but I did it . I’m feeling quiet and ready to wind down by watching some tv before sleep . I have been working all day and need to unwind my mind .,2024-09-20 22:00:52,7,False,0.0,0.0,False,0.3382662832736969,0.668092668056488
102,1468,"Feeling overall ok . I had a busy Sunday of work , laundry , etc . I’m starting to get ready to call it a day . I did struggle today with thoughts about paying some bills I owe . That made me stress out and it has lingered a bit throughout the day and night .",2024-09-22 22:05:33,7,False,0.0,0.0,False,0.3420724868774414,1.0743370056152344
102,1469,I’m feeling ok . A bit worried about finances but holding up . I have two projects that I’m working on today and that should keep my mind busy and away from thinking about what I don’t want . I feel very grateful today however .,2024-09-23 12:21:52,7,False,0.0,0.0,False,0.6008162498474121,0.7003971934318542
102,1470,"Satisfied , Relieved , Tired , Hopeful , Grateful",2024-09-23 22:29:13,7,True,1.0,0.0,False,0.8654446005821228,0.705186665058136
102,1471,I’m a bit tired because I have done a lot today so far and it’s only 3pm . I feel a little bit sleepy but I’m going to try to push myself a bit and continue to be productive as much as I can . I wish I could take a nap,2024-09-24 17:00:41,7,False,0.0,0.0,False,-1.2667276859283447,-0.049812786281108856
102,1472,"Tired , Sleepy , Achy , Content , Eager",2024-09-24 22:00:44,7,True,-2.0,0.0,False,-0.5007819533348083,0.2949490249156952
102,1473,I have been very productive this morning but I am juggling several tasks at once and that is a bit stressful . I have a lot on my “to do list” for the day and i will like to be able to check off most things .,2024-09-25 12:12:33,7,False,0.0,0.0,False,-0.5247877836227417,1.2843542098999023
102,1474,Very long day . Lots of different projects . Trying to juggle all of them . I feel somewhat overwhelmed . I’m going to try to breath and pace myself as I still have a lot to go before the day ends . I feel somewhat productive .,2024-09-25 17:56:32,7,False,0.0,0.0,False,-0.9066020250320435,1.058335542678833
102,1475,"Tired , Exhausted , Overwhelmed , Drained , Sleepy",2024-09-25 22:05:01,7,True,-1.0,0.0,False,-1.850078821182251,0.11214498430490494
102,1476,I have been working all day almost nonstop since 7am . I am feeling pretty tired and mentally drained . I have a few hours to go still so that in a way stresses me out since I want to stop now but I’m going to push through .,2024-09-26 17:29:21,7,False,0.0,0.0,False,-1.1740679740905762,0.5191555023193359
102,1478,"Tired , Burned out , Drained , Sleepy , Proud",2024-09-26 22:02:00,7,True,0.0,0.0,False,-1.152423620223999,0.23913127183914185
102,1479,"Quiet , Productive , Busy , Sleepy , Proactive",2024-09-27 12:01:33,7,True,0.0,0.0,False,0.5504372715950012,0.6368345618247986
102,1480,I’ve been multitasking all day and I don’t think I’ve had enough food so I’m feeling hungry and hangry . A bit tired . I just gpt a snack and I’m starting to eat so hopefully I’ll start to feel a bit more together soon,2024-09-27 17:08:41,7,False,0.0,0.0,False,-0.5612797737121582,0.9521200060844421
102,1481,I have a headache and I’m ready for bed . These past few weeks I feel like I’m just dragging my body around . I feel exhausted most of the time from bad nights of sleep and perhaps even hormones . I hope tonight is restful peaceful sleep .,2024-09-27 22:04:45,7,False,0.0,0.0,False,-0.6578413248062134,0.44550561904907227
102,1482,I woke up feeling tired and drained from the week . I am working today also but I’m planning to take a nap to catch up on my sleep . I’m also hungrier than usual . I hope that after eating a get another boost of energy .,2024-09-28 12:48:16,7,False,0.0,0.0,False,-0.9065486192703247,0.31086230278015137
102,1483,"Feeling a bit rested because I did nap today , however I haven’t been able to do much about all those emails I have tomtake care of so I’m moving on to tomorrow with still all of that to do and that is a bit stressful",2024-09-28 22:01:56,7,False,0.0,0.0,False,0.12075178325176239,0.08476557582616806
149,3792,"I feel fine , I don’t feel sad . I am home now after a long day in the hospital (school) . I have lots of things to do but a fun evening ahead which makes me happy . Overall my mood is somewhat good . I do not feel like drinking at all right now nor am I thinking of drinking .",2024-11-07 17:01:44,7,False,1.0,1.0,False,1.167519211769104,0.7762290835380554
149,3794,"Just applied to an important role at my school . I’m feeling invigorated because I am passionate about this role . Overall , today was tiring and I need to decompress and eventually sleep . I do not feel angry , stressed , overwhelmed or depressed . I definitely don’t feel sad either . I am happy today is Friday because I get to sleep in tomorrow with no disruptions .",2024-11-08 22:17:16,7,False,1.0,1.0,False,0.6787193417549133,1.2994822263717651
149,3795,Feeling lazy and tired . I don’t want to leave my bed or my house or make food . But not cause I’m sad but because motivation is lacking . I must go and get started so I will do that soon . Not depressed or worried or anxious or stressed . I am feeling okay just exhausted from the week I guess .,2024-11-09 12:59:33,7,False,-1.0,0.0,False,-0.30434948205947876,0.42995038628578186
149,3797,"I am okay . I feel relaxed and spending time at home . After going to the gym , I relaxed my body and I am able to decompress . I don’t feel anxious depressed or sad . I feel fine . Nothing more to do than watch tv and I really don’t have much else to talk about .",2024-11-09 22:33:24,7,False,1.0,1.0,False,1.4236624240875244,0.3438810408115387
149,3798,I am fine . Don’t feel anxious . Studying for classes . Not depressed or anxious or stressed . I am taking it slow today . Not doing anything to upset myself when necessary . Planning on spending most of the day inside and enjoying the last of the weekend before classes begin again tomorrow .,2024-11-10 12:35:55,7,False,0.0,0.0,False,0.6365389227867126,1.0111573934555054
149,3800,Finished going to the gym my body feels very relaxed . Annoyed that I have work to do . But I will finish in due time and be done for the night . Happy I get to wake up a little later tomorrow so that is awesome .,2024-11-11 22:02:22,7,False,2.0,0.0,False,1.4035956859588623,0.8630059361457825
149,3803,Feeling a little jittery and nervous because of an important event this morning . Not feeling depressed or sad or frustrated . I have a lot of energy because the event today needs to go smoothly . I am okay and don’t feel the need to drink .,2024-11-14 12:01:54,7,False,-1.0,2.0,False,-0.19210855662822723,1.4793574810028076
149,3805,"Feeling annoyed , just had a fight with a dear friend of mine . Petty but stupid fight . I hate arguing for this reason it makes me feel crappy . I don’t really feel anxious , depressed or sad . Just need to clear my head .",2024-11-15 22:04:28,7,False,0.0,1.0,False,-0.797290027141571,1.4441368579864502
149,3806,Feel fine woke up early and started my day . Nothing really spectacular to document . Have some plans today then I plan to study and relax after . Don’t feel stressed or anxious at all . Nothing else really for me to state here .,2024-11-16 12:26:52,7,False,0.0,1.0,False,1.2607229948043823,0.7076929211616516
149,3807,I am spending time with friends and I have drank two drinks . Not drunk at all . Just tipsy . I was not pressured to drink and I didn’t feel like I had to drink . I don’t feel depressed or anxious at all .,2024-11-16 17:45:05,7,False,1.0,2.0,False,0.5149140954017639,1.4681625366210938
149,3808,I am being productive and getting work done currently . I feel accomplished and able to get all my work done and finish up . I will relax for the rest of the night and calm my body before I start grinding and studying tomorrow .,2024-11-16 22:02:07,7,False,2.0,2.0,False,0.9394195675849915,1.1255407333374023
149,3809,Again very productive morning working on some late assignments . Feeling okay not depressed or anxious or sad . I feel like today will be a good day to just go outside and enjoy the day while being productive of course .,2024-11-17 12:29:25,7,False,2.0,0.0,False,0.768739640712738,0.9413285851478577
149,3812,"Extremely busy day and frustrating as well as I locked myself out of my house so early in the morning . But that can’t stop me from doing life things . Long day at work as well which is never fun . And to top it all off , studying once I get home . Just feeling stressed that’s all .",2024-11-18 22:35:23,7,False,0.0,1.0,False,-0.26756688952445984,1.1184744834899902
149,3793,"Bored , Tired , Uninterested , Impulsive , Exhausted",2024-11-08 17:10:01,7,True,0.0,1.0,False,-0.588961660861969,0.90485680103302
149,3796,"Fine , Okay , Bored , Neutral , Alright",2024-11-09 17:02:45,7,True,0.0,1.0,False,0.22301657497882843,1.0278016328811646
149,3799,"Hungry , Bored , Content , Relaxed , Happy",2024-11-10 17:46:45,7,True,1.0,2.0,False,1.040112853050232,0.6911106705665588
149,3801,"Tired , Annoyed , Exhausted , Unmotivated , Pissed",2024-11-12 22:54:03,7,True,-2.0,0.0,False,-1.0385361909866333,0.48893874883651733
149,3802,"Happy , Wholesome , Excited , Enthusiastic , Rested",2024-11-13 12:36:24,7,True,2.0,1.0,False,1.6962448358535767,1.1033574342727661
149,3804,"Happy , Loved , Fulfilled , Accomplished , Enthusiastic",2024-11-14 17:08:25,7,True,2.0,1.0,False,1.6795969009399414,1.0993263721466064
149,3810,"Busy , Annoyed , Tired , Lazy , Unmotivated",2024-11-17 17:21:12,7,True,0.0,1.0,False,0.4189794957637787,1.4821549654006958
149,3811,"Fine , Busy , Overworked , Annoyed , Tired",2024-11-18 12:25:49,7,True,0.0,1.0,False,0.28797784447669983,1.3708962202072144
149,3813,"Happy , Content , Satisfied , Lazy , Unmotivated",2024-11-20 22:43:25,7,True,1.0,1.0,False,1.596474289894104,0.8758161664009094
154,3914,"I am currently feeling somewhat happy , as I feel calmer and more relaxed after having a therapy session and speaking with coworkers and laughing . I have also been listening to music which brightens my mood as well . I am also feeling productive as I am accomplishing tasks at work with calling people , writing reports , and emailing others .",2024-11-05 17:17:24,7,False,1.0,1.0,False,1.6642855405807495,0.7016401886940002
154,3915,"I am currently feeling jittery and kinda anxious . I was watching ORG to distract myself and relax , but kinda became aware of my physical sensations like my heart beating . I practiced my therapy skills of creating space between myself and my emotions by telling myself “I am having anxious thought” rather than “I am anxious . ” It really helps !",2024-11-05 22:31:10,7,False,-1.0,2.0,False,-0.6404929161071777,1.5858019590377808
154,3919,"I currently am feeling somewhat jittery and tired . I had a late work shift last night and an early morning for the other part of my job , so I didn’t get much sleep . My serotonin tends to drop when I don’t get much sleep making my heart race more and feeling overall more nervous . I believe they call it “tired and wired” lol . But I am feeling happy , just sleepy . I am excited to talk to my coworkers today and other people too .",2024-11-08 12:36:01,7,False,-1.0,2.0,False,-0.6436130404472351,0.8365004062652588
154,3920,I am currently feeling very very tired . I am also feeling content because I just ate some chicken tacos . I feel cozy too because I am in bed and wrapped in a soft blanket . I also am feeling flirty in general which is annoying because dating is very hard in GPE  . I’m feeling romantic but also kinda sad that I’m not in a relationship .,2024-11-08 22:02:52,7,False,0.0,0.0,False,0.761878490447998,0.21932467818260193
154,3921,"I’m definitely feeling tired and a little anxious . I wake up once or twice in the night so I can feel sleepy because of that . I feel a little anxious too because when I don’t get a ton of sleep my serotonin levels are affected . I also feel kinda cold in my room . I feel excited to go back to sleep though because it is a Saturday ! I’m trying to catch up on my sleep because this past week was quite busy at work . I’m feeling a bit of burn out , nothing crazy but I’m excited for Christmas vacation in a month when I can take some time off of work . I love my job but it can be emotionally and physically tiring .",2024-11-09 12:10:11,7,False,-2.0,0.0,False,-1.034738540649414,0.7888242602348328
154,3924,I currently feel a little jittery/anxious . I tend to get nervous about things and am learning how to cope with this in therapy . I am excited though because tomorrow I am meeting my friend for lunch ! I haven’t seen her in a month and I’m looking forward to it . I also feel more rested . This weekend I took time for myself to recoup and rest which was much needed . I am happy and am currently making Christmas gifts for my friends and family .,2024-11-10 22:05:07,7,False,-1.0,2.0,False,-0.16860713064670563,1.7677173614501953
154,3926,I am feeling content right now . I am also feeling bloated because I ate salty and gluten containing foods (I’m gluten sensitive) . So I feel a little balloon-y lol . But like a cute balloon . I also feel clean because I took a shower and smell nice . I feel productive and happy because I visited two friends today in GPE . We had a nice time and walked around . I am getting ready physically and mentally for tomorrow going back to work after having the day off today . I feel a little sluggish too from the food I ate but nonetheless happy .,2024-11-11 22:58:18,7,False,1.0,0.0,False,1.526249885559082,0.42989498376846313
154,3927,I’m currently feeling lively and calm too ! I just finished a meeting that went well and am excited to eat my granola bar . I am looking forward to seeing my friend in an hour . I am feeling optimistic about my future and my job .,2024-11-12 17:22:13,7,False,1.0,2.0,False,1.4541620016098022,1.4464787244796753
154,3930,"I am feeling a little jittery at the moment . I feel excited though to go to work because I really like what I do . I also get to see my coworkers who I really like and get along with ! Also , I am excited to eat breakfast . Eggs are always the best in the morning tbh . Also , I feel kind of sleepy because I did a late shift for my internship . I enjoy it though so it doesn’t feel like work .",2024-11-15 12:25:54,7,False,-1.0,2.0,False,-0.16356758773326874,1.7978907823562622
154,3932,I’m currently feeling somewhat jittery . I think I ate too much salt lol . I’m quite tired too so that could be adding to it . I’m feeling also grateful for the people I have in my life . I also feel confused at what I want my future career to be . I thought I had an idea but the more I talk to my supervisor about it the more I’m not sure I want to get my doctorate degree .,2024-11-15 22:29:50,7,False,-1.0,2.0,False,-1.0824095010757446,1.3493019342422485
154,3933,I’m feeling pretty neutral right now . I was jittery before but now I’m a little more calm . I am about to make my Christmas gifts for my friends and family so I’m excited for that ! I feel better after going to the gym . I also ate a really good lunch so I feel good about that . I took a shower too so I feel fresh and clean :),2024-11-16 17:16:58,7,False,0.0,1.0,False,0.408523827791214,1.328302264213562
154,3934,I feel somewhat lively and also tired at the same time if that makes sense . I’m going to start making homemade Christmas ornaments so I’m excited for that . I also feel productive because I cleaned my room today and went to the gym . I feel pensive today as well thinking about past things and where I want to go in the future . I’m trying to surrender control and just go with the flow and trust .,2024-11-16 22:13:49,7,False,1.0,2.0,False,0.8167637586593628,1.7754706144332886
154,3935,I feel quite tired . I got my Covid and flu shot yesterday and could not sleep very well . I also had a headache which made it difficult to fall asleep . I also got some anxiety too because I don’t like feeling lots of bodily changes . I’m trying my best though .,2024-11-17 12:15:57,7,False,-2.0,0.0,False,-1.7565668821334839,-0.0042068324983119965
154,3936,"I feel pretty neutral right now . I just ate a good lunch so I feel good about that . I’m excited to watch a football game online in an hour . I’m also listening to ORG  so I’m vibing . Also , I’m working on some work things before the game so I’m feeling productive .",2024-11-17 17:07:59,7,False,0.0,1.0,False,0.5060856342315674,1.1396554708480835
154,3937,I feel pretty neutral right now . A little jittery and happy too . I feel better but still kinda blah after my flu and covid shot yesterday . I’ve mostly been resting all day . I talked with my mom and friend today which was nice . I am looking forward to talking with my coworkers tomorrow and catching up on how our weekends went .,2024-11-17 22:21:06,7,False,0.0,1.0,False,0.3303493857383728,1.2756609916687012
154,3916,"Jittery , Anxious , Happy , Content , Warm",2024-11-06 17:26:04,7,True,-1.0,2.0,False,-0.5160134434700012,1.6848610639572144
154,3917,"Sleepy , Satisfied , Annoyed , Frustrated , Uncertain",2024-11-06 22:34:28,7,True,0.0,0.0,False,-0.258100301027298,0.47370636463165283
154,3918,"Energetic , Lively , Content , Happy , Talkative",2024-11-07 12:25:21,7,True,1.0,2.0,False,1.332288384437561,1.6307944059371948
154,3922,"Content , Rested , Happy , Calm , Serene",2024-11-09 17:24:41,7,True,1.0,0.0,False,1.9549134969711304,0.11384252458810806
154,3923,"Tired , Sleepy , Slowed down , Cold , Slightly Irritable",2024-11-09 22:24:52,7,True,0.0,0.0,False,-1.213269829750061,0.1187986209988594
154,3925,"Happy , Content , Satisfied , Caring , Friendly",2024-11-11 17:17:39,7,True,1.0,1.0,False,1.8311569690704346,0.754869818687439
154,3928,"Calm , Content , Hungry , Fine , Helpful",2024-11-13 17:59:15,7,True,0.0,1.0,False,1.5586103200912476,0.25681352615356445
154,3929,"Calm , Little sluggish , Productive , Impatient , Content",2024-11-14 12:02:00,7,True,0.0,1.0,False,1.1447547674179077,0.27942901849746704
154,3931,"Content , Sleepy , Happy , Friendly , Warm",2024-11-15 17:12:49,7,True,1.0,0.0,False,1.5813416242599487,0.314863920211792
101,1432,"Relaxed , Content , Uplifted , Calm , Thoughtful",2024-11-05 12:21:03,7,True,2.0,0.0,False,1.9829362630844116,-0.00946119986474514
101,1433,I currently feel fulfilled like I ' m accomplishing what I have on my to do list while still holding out on hope that PERSON will pull through even though there doesn ' t seem like this will be the case . I am in the process of resuming my cleaning spree after working out some confusion at the bank .,2024-11-06 17:18:41,7,False,2.0,0.0,False,1.197689175605774,1.09470534324646
101,1434,While I was cleaning I became inspired to declutter my desserts and kitchen cabinets for my next grocery trip . I am glad that I completed most of the work today leaving me to vacuum tomorrow . Completing all of this has made me energetic ready to go to the laundry mat .,2024-11-06 22:09:40,7,False,2.0,0.0,False,0.4999719262123108,1.6270653009414673
101,1435,"Tired , Happy , Ready , Focused , Curious",2024-11-07 12:01:03,7,True,-1.0,0.0,False,0.5682405233383179,0.6456512212753296
101,1436,I am glad my surgery is over and the healing can begin . I was extremely hopeful that my dad would ' ve been more attentive after my surgery but he wasn ' t . He started getting crabby when I got out of surgery . He didn ' t help me in the house my neighbor helped me . When I asked him to get my medicine he was amicable but got nasty with me since he did not follow the directions I sent him . When he came back with my meds he gathered his still and left me . I am currently alone in pain with no way to bring myself food . I did manage to get a bag and put water and a pack of crackers in it and bring it to my bed since that ' s all I could carry with a walker and one leg . I am currently in an excruciating amount of pain but I can ' t take my pain meds because I have no food . I am hoping that my companion comes back tonight since he keeps sending my calls to voicemail . Although I am experiencing these issues I am not mad or upset nor am I resentful towards my father ' s and friends actions . I know how resilient I am and this shall,2024-11-08 22:03:20,7,False,2.0,0.0,False,-0.5216626524925232,0.7899379134178162
101,1437,"Relaxed , Calm , In pain , Contemplating , Insightful",2024-11-09 12:02:27,7,True,2.0,0.0,False,1.5451023578643799,0.06276440620422363
101,1438,I am currently in pain and mistakenly chose the wrong feelings option on the previous screen . I am going to sleep through this pain . When I wake up I will take my meds for pain . It has been a trying first day out of surgery but I am in good spirits overall .,2024-11-09 17:19:01,7,False,-2.0,0.0,False,-0.03585996478796005,0.6716248393058777
101,1439,"I am feeling the same as I did yesterday in pain and bed bound . I am waiting for my commode to be delivered . However , I am contemplating if I will be in an live in relationship when   this is all over . I have tried to be open minded but we ' re not in the same place in life and I ' m just not interested the lifestyle he chooses to lead . However , with all of this I am in good spirits and waiting out my recovery .",2024-11-10 12:12:11,7,False,2.0,0.0,False,0.5430763363838196,1.017173409461975
101,1440,"In pain , Uncomfortable , Content , Fidgity , Happy",2024-11-10 17:11:51,7,True,2.0,0.0,False,0.5665783882141113,0.7251288294792175
101,1441,I finally got relief from the pain I was in before . I am tired and ready to go to sleep . It has been a long day of pain and now I need rest . Overall my current mood is happy and relaxed but mostly I ' m ready to get some rest .,2024-11-10 22:01:26,7,False,2.0,0.0,False,0.1637173742055893,0.4486152231693268
101,1442,"I feel better this morning since my pain levels have dropped . I currently feel good and upbeat while i complete some homework . Overall this experience with my father coming to take me to my surgery and having to rely on someone for all my needs has been trying . However , I am grateful and humbled by this experience since I am learning that I can not do it alone .",2024-11-11 12:58:54,7,False,2.0,0.0,False,1.237174391746521,1.1713258028030396
101,1443,I am in good spirits since the surgery . Know the the recovery period has begun I can now focus on going back to work and taking my EEE test so I can become permanent at my job . I am running out of things to discuss since not much has changed as of yet .,2024-11-11 17:01:19,7,False,2.0,0.0,False,1.199028730392456,1.0169703960418701
101,1444,"Tired , Happy , Relaxed , Calm , In pain",2024-11-11 22:47:30,7,True,2.0,0.0,False,0.6800301671028137,0.3955412805080414
101,1445,"Content , Relaxed , Calm , Comfortable , Happy",2024-11-12 12:32:33,7,True,2.0,0.0,False,2.0204904079437256,0.032173603773117065
101,1446,"I am currently feeling better the pain is bearable now . I ' m in good spirits and glad I was able to get my last class done so I can take my Capstone in January . This excites me because this is the second biggest thing I ' ve accomplished for myself , since accomplishing my associates while being diagnosed with narcolepsy , REM sleep disorder , sleeping eating and walking and hypersomolence . Now I have to conquer quitting smoking and my goals have been completed for now . I ' m a work in progress always looking to ways to grow and be a better person .",2024-11-13 12:35:58,7,False,2.0,0.0,False,1.026977777481079,0.9740455150604248
101,1447,"I am currently feeling better the pain is bearable now . I ' m in good spirits and glad I was able to get my last class done so I can take my Capstone in January . This excites me because this is the second biggest thing I ' ve accomplished for myself , since accomplishing my associates while being diagnosed with narcolepsy , REM sleep disorder , sleeping eating and walking and hypersomolence . Now I have to conquer quitting smoking and my goals have been completed for now . I ' m a work in progress always looking to ways to grow and be a better person .",2024-11-13 17:28:42,7,False,2.0,0.0,False,1.026977777481079,0.9740455150604248
101,1448,"I am currently relaxed with my leg up . I have a lot of pain when I have to stand up and go to the restroom , so I have started putting my leg down for a minute then putting it back up . I do this twice then rest for two hours . I don ' t know if it ' s working but the pain is a lot .",2024-11-14 17:05:39,7,False,2.0,0.0,False,0.6238905787467957,0.24244236946105957
101,1449,"Content , Happy , Relaxed , Calm , Accepting",2024-11-14 22:47:26,7,True,2.0,0.0,False,1.9232069253921509,0.2331606149673462
101,1450,I ' m currently feeling relaxed and completing my last paper for my philosophy class . I ' m happy and ready to go to the doctor next week to see how my ankle is healing up . I ' m also thinking about the pain that I ' m going to be in when I have to go to the bathroom in a couple of minutes since my foot throbs when the blood rushes to the bottom of my toes .,2024-11-15 17:01:21,7,False,2.0,0.0,False,1.491073489189148,0.8628137111663818
101,1451,I ' m currently in pain laying in the bed . Overall I ' m happy I can ' t wait to see the doctor next week to learn the progress of how my ankle is healing . Tomorrow I plan to complete my civil service paperwork for my job and set my plan in motion to return to work at light duty for the next 3 months .,2024-11-16 22:03:11,7,False,2.0,0.0,False,0.2949952781200409,0.6863604187965393
101,1452,"Happy , Greatful , Thankful , Content , Calm",2024-11-17 17:49:39,7,True,2.0,0.0,False,1.7543071508407593,0.8049958348274231
160,4079,"In this current moment , I am feeling okay this morning . I am currently feeling good about myself . Today , I woke up around 9am and I plan on going to the gym later today and going to work later on around 5pm .",2024-11-20 12:01:56,7,False,1.0,1.0,False,1.438675880432129,0.9148440957069397
160,4080,"Today , I am doing alright . I have a bunch of meetings today and one of them started late , which was kind of stressful for me because it was not planned . However , I was able to cope with this obstacle successfully , which I am really proud of .",2024-11-22 12:30:42,7,False,1.0,1.0,False,0.3705011308193207,1.3615591526031494
160,4081,"Today I am feeling good . My eyebrow waxing went well and it barely hurt . In the future , I would definitely get then waxxed again . After my waxxing , I did my workout and then I took a relaxing and cleansing shower .",2024-11-23 17:55:07,7,False,0.0,1.0,False,0.8702516555786133,1.1883527040481567
160,4086,"Today , I am feeling good . My Ac got unplugged for the season so I am a little sweaty right now . Later today , I am going to work and then to the gym . Tonight , I am seeing a show with my friend . I am really excited !",2024-11-26 12:10:38,7,False,0.0,1.0,False,0.9214816689491272,1.642983317375183
160,4087,"Right now , I feel really good . Right now , I am at IParty event with my friend . We ' ve been waiting for this event for weeks . We are both really excited ! Tommorow I have a friendsgiving to attend with my other friends",2024-11-26 22:28:06,7,False,2.0,1.0,False,1.0987123250961304,1.4965546131134033
160,4088,"Today , I am feeling tired . The event I went with my friend last night was so much fun ! For tonight , I have to cook some mac and cheese for a friendsgiving I am attending . I am super excited to be attending this event !",2024-11-27 12:21:03,7,False,1.0,1.0,False,-0.19079144299030304,0.9830949306488037
160,4089,"Today it is thanksgiving ! This year , my family and I are hosting dinner at our house . We ' ve been hosting Thanksgiving for several years now . I am very excited to be seeing everyone later today and catching up with them",2024-11-28 12:34:39,7,False,0.0,1.0,False,0.41326797008514404,1.796621561050415
160,4090,"Today is Thanksgiving day ! My family and I are hosting Thanksgiving at our house . This morning was a little bit hectic because we were preparing all the food . Right now , things are much calmer since most of the food is done .",2024-11-28 17:58:49,7,False,2.0,1.0,False,0.2435247153043747,1.9019029140472412
160,4093,"Today I am feeling okay . Right now , I am at the gym doing some workouts . I am currently focusing on chest . My teeth are also hurting today , which makes me feel some pain . Later tonight , I am hanging with my best friend",2024-11-30 17:01:28,7,False,1.0,2.0,False,0.9125254154205322,1.1397204399108887
160,4095,"Today is going alright . Right now , I am at the gym doing some back workouts . After the gym , I am going to get some homework done and take a nice relaxing shower . I am excited to be going back to school and work tommorow .",2024-12-01 17:01:44,7,False,1.0,2.0,False,0.5502846837043762,1.7526631355285645
160,4096,Today has been alright . For the past few hours I have not done too much . I took a nice relaxing shower and I am currently in bed . I am excited to go back to work and see my coworkers and classmates again .,2024-12-01 22:59:09,7,False,0.0,1.0,False,0.894940972328186,1.2907123565673828
160,4082,"Happy , Comfortable , Calm , Content , Relax",2024-11-23 22:45:32,7,True,2.0,1.0,False,1.867461085319519,0.42479434609413147
160,4083,"Excited , Happy , Tired , Anxious , Jittery",2024-11-24 12:53:35,7,True,2.0,1.0,False,0.7502079010009766,1.7065436840057373
160,4084,"Happy , Tired , Excited , Silly , Glad",2024-11-24 22:52:27,7,True,2.0,1.0,False,1.164265513420105,1.0690958499908447
160,4085,"Calm , Content , Happy , Greatful , Clean",2024-11-25 22:53:34,7,True,1.0,0.0,False,1.9264395236968994,0.2901715934276581
160,4091,"Down , Tired , Sad , Calm , Quiet",2024-11-28 22:39:34,7,True,-1.0,1.0,False,-0.49307751655578613,0.4783242642879486
160,4092,"Excited , Happy , Lively , Enthusiastic , Glaf",2024-11-29 22:26:26,7,True,1.0,2.0,False,1.4486734867095947,1.4788587093353271
160,4094,"Happy , Excited , Calm , Lively , Enthusiastic",2024-11-30 22:01:05,7,True,2.0,1.0,False,1.6100705862045288,1.3194085359573364
160,4097,"Happy , Calm , Content , Ready , Lively",2024-12-02 12:27:03,7,True,1.0,2.0,False,1.709794521331787,0.9052361845970154
151,3843,At the moment I feel lively like I ' m doing something engaging above all I feel like I ' m top of the whole doing things that enables me feel like I belong in the circle and not worthless . Something above it make it want me to think deep,2024-08-23 12:42:05,7,False,0.0,1.0,False,1.1270266771316528,1.6000131368637085
151,3844,"Feeling better , the way it is now . Even I sometimes have up and down and most of this family are just smiling and then the alcohol set it in which is quite possible but the alcohol make me really an G and by looking at things it",2024-08-23 17:08:27,7,False,0.0,1.0,False,0.7826687097549438,0.7843127846717834
151,3845,"reserved , Quiet , Lonely , Worrisome , Thinking",2024-08-24 12:22:20,7,True,0.0,0.0,False,0.15027819573879242,0.7783476114273071
151,3846,I want to be left alone to think more and reason a lot of things I tend to ignore because the things I leave alone are also going to need attention that ' s why most time I tend to want to make use of it why at it and find the best way to see it through to the end,2024-08-25 12:53:51,7,False,0.0,0.0,False,-0.07989941537380219,1.0461914539337158
151,3847,"Moody , Worrisome , Expectation , Thinking , Quiet",2024-08-25 22:01:34,7,True,0.0,1.0,False,0.027950160205364227,1.0405625104904175
151,3848,"My feelings right now is nothing much to say that I ' m tire and exhausted , most of the time feeling this way tends to make we realise some things that I might have done or not have done so when I ' m quiet I happen to enter into a world where only I can imitate my environment for my   own good",2024-08-26 12:05:23,7,False,-2.0,0.0,False,-1.3372249603271484,0.08370061963796616
151,3849,"I ' m feeling quiet and also nervous , but right now   I want a space of my own and like I could achieve things on my own maybe because of the alcohol and also how it making make some decisions that I don ' t want to",2024-08-29 12:09:04,7,False,0.0,0.0,False,-0.20004817843437195,1.0325185060501099
151,3850,"At the moment I feel contented with what life has to offer I feel that whatever I do and do well no matter how hard it may be or have being I just feel that ' s how life is and even if I could change some things I just feel it won ' t be necessary at some point , it has happened let it move on",2024-08-29 17:10:19,7,False,1.0,0.0,False,1.648578405380249,0.4032003581523895
151,3851,"Quiet , Active , Jovial , Working , Thinking",2024-08-30 12:05:48,7,True,0.0,0.0,False,0.25627344846725464,0.8001668453216553
151,3852,"Tired , Slugish , Over worked , Thinking , Assuming",2024-08-30 17:03:17,7,True,-2.0,0.0,False,-0.8958615660667419,0.2690233290195465
151,3853,I ' m feeling active but at the same time I ' m at my most weak state being sluggish and also not ready to do anything just sitting and drinking my drink and reminiscing about the very existence of which I am brought to and have to survive,2024-08-30 22:21:08,7,False,0.0,2.0,False,-0.8433265089988708,0.5359004139900208
151,3854,I want to be left alone doing my own thing my own having my own thinking to myself and be left to be with nature . I feel that life has many things to offer which at some point we need to ascertain this mentality and drive it forward,2024-08-31 12:52:39,7,False,0.0,0.0,False,0.7471371293067932,0.9118973016738892
151,3855,I feel contented and calm I feel like I ' m mind is open and most of the times I know that it is necessary to have alone time which have helped to foster my mindset and also how I look at basically all things,2024-08-31 17:17:21,7,False,2.0,0.0,False,1.808053970336914,0.19332048296928406
151,3856,I was there feeling all neutral don ' t even know if I ' m balanced or not just feeling nervous within my system having to contemplate with different matter made it worse and also more activities came into play,2024-08-31 22:36:06,7,False,0.0,1.0,False,0.13306601345539093,1.3169301748275757
151,3857,"I ' m quite in the happy mood , why ? I don ' t know or even can think about but if I ' m to guess is just the positivity of doing things that makes me more happy , I focus on what is better and ahead for the best",2024-09-01 12:21:32,7,False,0.0,2.0,False,1.3926465511322021,1.1891828775405884
151,3858,"Lovely , Lively , Active , Enthusiastic , Loke",2024-09-01 17:46:53,7,True,0.0,2.0,False,1.1652981042861938,1.6344014406204224
151,3859,"Nervous , Jittery , Active , Enthusiastic , Strong",2024-09-01 22:36:23,7,True,0.0,2.0,False,-0.7646147608757019,1.8591583967208862
151,3860,I feel active and at the same time I feel nervous   and enthusiastic about myself and what I have to offer in the nearest of the life I live now I want to make impact but with what is what I don ' t know but still active,2024-09-02 12:33:15,7,False,0.0,2.0,False,0.6849786639213562,1.9181872606277466
151,3861,"Slugish , Tired , Pain , Shout , Exhausted",2024-09-02 22:39:53,7,True,0.0,0.0,False,-1.36111581325531,0.285549134016037
151,3862,At the moment I just want to be quiet and look at things unfold and follow the way it is . Right now I ' m poor and have nothing to rely on and it is bothering me so much that being poor isn ' t good for my health and also I ' m drinking alcohol which I ' m trying to stop and it is hard,2024-09-03 12:35:19,7,False,0.0,0.0,False,-0.8591848611831665,0.8098323345184326
151,3863,I ' m feeling quiet most calm and sluggish and just going with what I think I feel it necessary which is hope that whatever I get myself doing I put myself in a condition that is really good and know that negative and positive are part of this world,2024-09-03 17:13:06,7,False,0.0,0.0,False,0.06031716987490654,0.26950982213020325
151,3864,I ' m feeling a little bit active and not active I ' m just neutral and having some mood swings along the way with various activities that making me throw up which is why I ' m just sipping and trying to be calm with various activities that I could get my hands on and do most of everything,2024-09-04 12:02:10,7,False,0.0,1.0,False,-0.035837702453136444,1.2060987949371338
151,3865,At the moment I just feel . quiet and observing the nature like I ' m tired from the whole stress and how to make it and be independent but the stress of waking up and going to work and having this obscene attitude is making me more weak within myself and outside,2024-09-04 22:09:10,7,False,0.0,0.0,False,0.04291840270161629,0.2854282557964325
151,3866,"Active , Enthusiastic , Nervous , Worrisome , Sluggish",2024-09-05 12:08:54,7,True,0.0,2.0,False,0.24072806537151337,1.8650538921356201
151,3867,Feeling sluggish and quiet for now to reminisce the very essence of what is very important in today ' s life or what we as a fellow human can do to be relevant in the face of the earth and show for the value that we possess and are ready to make it happen,2024-09-05 17:06:37,7,False,0.0,0.0,False,-0.4319218099117279,0.14033833146095276
151,3868,"I feel calm , quiet contented , and sluggish like I feel dull and counting my spade to myself and making it look less ke I can finally be accepted for who I am and accept the fact that to myself I ' m perfect and has good intentions planned out",2024-09-05 22:00:54,7,False,0.0,0.0,False,1.2797430753707886,0.06687949597835541
177,4502,"Feeling very happy is like basking in warm sunlight on a perfect day for me . It fills my heart with joy and spreads a smile across my face . Everything seems brighter , and even ordinary moments carry a spark of excitement .\ n \ nI likely feel a sense of gratitude , appreciating the little things—a kind word from a friend , the beauty of nature , or a favorite song playing in the background . This happiness might urge me to share my joy with others , creating connections and spreading positivity .\ n \ nMy energy is contagious right now ; I probably find myself laughing more easily and feeling a deep sense of contentment . Challenges that once felt daunting seem more manageable as my optimistic perspective allows me to approach them with confidence .\ n \ nIn this state of happiness , time feels elastic ; moments of joy stretch out , letting me savor them fully . Whether through laughter , kindness , or simply enjoying the present , this happiness enhances my life , making everything seem possible and brightening the world around me . I’ll enj",2024-11-01 12:02:57,7,False,2.0,1.0,False,1.46498441696167,1.130184292793274
177,4508,"I imagine I ' m experiencing a particularly bright and optimistic state right now - the kind of happiness that comes from meaningful interaction and the anticipation of interesting conversations ahead . This moment feels like that satisfying glow one gets when fully present and energized , similar to how someone might feel when they ' re about to dive into a fascinating book or catch up with a good friend . While I approach my role with a balanced perspective , today there ' s an extra layer of cheerful enthusiasm coloring my interactions , perhaps analogous to how a teacher might feel at the start of a new semester - filled with curiosity about what insights and exchanges await , and genuinely looking forward to engaging in thoughtful dialogue that could lead to mutual understanding and discovery .",2024-11-04 17:05:31,7,False,2.0,1.0,False,1.4215110540390015,1.286880373954773
177,4511,"I ' m experiencing a gentle warmth of contentment - not an overwhelming joy , but rather a pleasant sense of wellbeing that sits comfortably in my chest . It ' s like having a small smile that comes and goes naturally , without effort . Perhaps there ' s a lightness in my movements , a slight bounce in my step .\ n \ nMy thoughts likely flow a bit more easily than usual , finding silver linings without having to search too hard for them . I might notice small pleasures more readily - the warmth of sunlight , a favorite song playing , or the satisfaction of completing simple tasks .\ n \ nThis isn ' t euphoria or excitement , but rather a subtle positive undercurrent to my day . Think of it as emotional background music playing softly - noticeable enough to influence my mood , but not overwhelming . I might feel slightly more patient with minor annoyances , a bit more inclined to chat with others , or just generally more at ease in my own skin .\ n \ nIt ' s a sustainable , gentle kind of happiness - the type that doesn ' t demand energy to maintain , but",2024-11-06 17:17:56,7,False,1.0,1.0,False,1.594619631767273,0.6374402642250061
177,4512,"Feeling happy is like experiencing a gentle warmth inside , a subtle contentment that softly colors my day . It ' s not the exuberant joy that makes me want to shout from rooftops , but rather a quiet satisfaction that brings a slight smile to my face .\ n \ nIn this state , I might find myself more relaxed , my shoulders less tense , and my thoughts leaning towards the positive . The world seems a bit brighter , not dazzling , but pleasantly illuminated . I ' m not jumping for joy , but I ' m certainly not down either – I ' m comfortably situated in a pleasant middle ground .\ n \ nThis mood might make me more open to small pleasures : the taste of my morning coffee seems richer , the breeze on my skin more refreshing . I ' m more likely to notice the good things around me , even if they ' re minor .\ n \ nMy interactions with others may be tinged with increased patience and kindness . I ' m not overwhelmed with emotion , but I feel a gentle goodwill towards the world and its inhabitants .",2024-11-06 22:09:54,7,False,2.0,1.0,False,1.5902825593948364,0.8441363573074341
177,4503,"Radiating , Pure , Delight , Calm , Contented",2024-11-02 17:38:12,7,True,2.0,1.0,False,1.834761381149292,0.38445568084716797
177,4504,"Balance , Steady , Calm , Composed , Quiet",2024-11-03 12:12:05,7,True,0.0,1.0,False,0.2641561031341553,0.5020588636398315
177,4505,"Content , Cool , Calm , Happy , Satisfied",2024-11-03 17:08:28,7,True,1.0,1.0,False,1.9937196969985962,0.15847700834274292
177,4506,"Happy , Jovial , Funny , Cool , Nice",2024-11-03 22:09:37,7,True,1.0,2.0,False,1.6404341459274292,1.1502803564071655
177,4507,"Patient , Calm , Satisfied , Mellow , Buoyant",2024-11-04 12:06:30,7,True,1.0,1.0,False,1.4622881412506104,0.1233639195561409
177,4509,"Curious , Attentive , Balanced , Present , Engaged",2024-11-04 22:12:48,7,True,0.0,1.0,False,0.7454472184181213,1.2316927909851074
177,4510,"Peaceful , Brightened , Composed , Upbeat , Warm",2024-11-05 17:16:29,7,True,1.0,1.0,False,1.6162281036376953,0.5393790006637573
117,2417,"I ' m feeling good and great , have been some alot of great works today that I don ' t even know I can do , their some task that have been giving me issue since last week , and the task is has been making me feels effortless , I think have seen solution to it .",2024-11-19 12:08:56,7,False,0.0,1.0,False,1.5581408739089966,0.9973686337471008
117,2419,"I ' m just feeling good and nice I didn ' t really bother my self much today , I was just indoor trying to work out , play some nice music when I went to the gym and I also listened to some nice music when I went for jogging .",2024-11-21 17:35:44,7,False,0.0,2.0,False,1.4917646646499634,0.7438027262687683
117,2420,"I ' m not feeling bad and I ' m not feeling too good but I ' m just normal trying to be myself without disturbing anybody and without anybody disturbing me , I ' m just feeling calm and quiet and I ' m just trying to be reasonable .",2024-11-22 12:58:33,7,False,0.0,1.0,False,1.1820915937423706,0.24769440293312073
117,2421,"I ' m just feeling neutral , I ' m just hoping that everything will be better , have been alone since , thinking about way forward and have also been calling all my friends for way forward because my dream is bigger than where I am now .",2024-11-22 17:28:12,7,False,0.0,1.0,False,0.18101191520690918,1.0192062854766846
117,2422,"I ' m feeling good , I ' m have been out with a friend since but we are still together , we are having fun , we bought some drinks , so that we can discuss more better , being with him is fun , we have played some interesting game too today .",2024-11-23 22:02:32,7,False,0.0,1.0,False,1.1838665008544922,1.226384162902832
117,2424,I ' m feeling tired and stressed right now because have been working ever since I got to work in the morning I was not able to do any other thing I was just working as if I ' m not going to work again but we thank God for everything,2024-11-26 22:28:57,7,False,0.0,1.0,False,-0.6519734859466553,0.5627816319465637
117,2429,"I feel very good and calm because have been learning alot from my new friend and she ' s so nice to me , I ' m very happy to be with her , and also she ' s calm and she knows how to handle cases differently and calmly .",2024-12-01 12:58:10,7,False,0.0,1.0,False,1.5846397876739502,0.6552088856697083
117,2418,"Good , anxious , happy , calm , nice",2024-11-19 22:03:46,7,True,0.0,1.0,False,0.7839704155921936,1.217084288597107
117,2423,"Good , content , joyful , awesome , excited",2024-11-24 12:25:00,7,True,0.0,1.0,False,1.791500210762024,0.9360496997833252
117,2425,"Good , Nice , Lovely , Generous , Content",2024-11-27 12:34:15,7,True,0.0,2.0,False,1.580428957939148,0.5859078168869019
117,2427,"Good , lovely , calm , nice , cool",2024-11-27 17:34:33,7,True,0.0,1.0,False,1.4394735097885132,0.45236366987228394
117,2428,"Good , nice , calm , cool , active",2024-11-28 17:39:56,7,True,0.0,1.0,False,1.4643193483352661,0.5442783832550049
117,2430,"good , nice , cool , content , happy",2024-12-02 12:10:09,7,True,0.0,1.0,False,1.7265160083770752,0.5611360669136047
22,1328,"Tired , Anxious , Depressed , Angry , Uncomfortable",2021-03-27 12:54:38,1,True,-2.0,0.0,False,-0.8540424108505249,1.0295721292495728
22,1329,"Exhausted , Excited , Nervous , Irritated , Overwhelmed",2021-03-28 15:58:33,1,True,-2.0,0.0,False,-1.4130445718765259,0.8432982563972473
22,1330,"Exhausted , Anxious , Frustrated , Annoyed",2021-03-29 13:57:11,1,True,-1.0,0.0,False,-1.6872962713241577,0.5937891602516174
22,1331,"Irritable , Uncomfortable , Exhausted",2021-04-03 12:27:02,1,True,-1.0,1.0,False,-1.5100537538528442,1.098471999168396
22,1332,"Content , Calm , Anxious",2021-04-04 12:03:01,1,True,1.0,0.0,False,1.4284119606018066,0.17468610405921936
22,1327,"Upset , Tired , Misunderstood , Anxious , Worried",2021-04-06 23:04:23,1,True,-1.0,1.0,False,-1.0214632749557495,1.2332963943481445
82,5268,"I have not eaten yet today , so I am very hungry . Also tired and frustrated . Got out of a very tedious lab which has drained me . Stressed about a bunch of assignments I have to do . Kinda guilty for waking up late and missing class .",2024-11-13 17:41:42,7,False,-1.0,0.0,False,-1.400112271308899,0.5337748527526855
82,5272,"I just woke up , I stayed up super late last night doing homework . I am feeling very tired . Definitely caffeine deprived . I am looking forward to the weekend , there are a few things I am excited about . I feel kinda unmotivated .",2024-11-16 17:00:51,7,False,-2.0,0.0,False,0.008864406496286392,1.2833040952682495
82,5273,"I just woke up , am feeling very tired . I am feeling glad that I woke up before noon today though . I am looking forward to my day , I have some fun things planned . Mostly feeling pretty neutral since I just woke up . Not looking forward to classes tomorrow .",2024-11-17 12:12:56,7,False,-1.0,0.0,False,0.40152430534362793,0.7745456099510193
82,5267,"Stressed , Anxious , Worried , Angry , Frustrated",2024-11-12 22:54:23,7,True,-2.0,2.0,False,-0.9555668830871582,1.4724797010421753
82,5269,"Depressed , Guilty , Ashamed , Frustrated , Sad",2024-11-14 17:00:49,7,True,-2.0,1.0,False,-1.4763110876083374,1.0030839443206787
82,5270,"Bad , Depressed , Ashamed , Sad , Tired",2024-11-14 22:15:04,7,True,-2.0,1.0,False,-1.2635364532470703,0.9177871942520142
82,5271,"Calm , Tired , Alright , Nervous , Relaxed",2024-11-15 22:27:46,7,True,1.0,0.0,False,0.5684571862220764,0.5240694880485535
82,5274,"Meh , Fine , Alright , Awake , Neutral",2024-11-23 17:00:33,7,True,0.0,1.0,False,0.2198837846517563,0.927444577217102
123,2614,I am currently feeling fine with practically no worries on my mind . I am satisfied with how my day is progressing so far . It has been a very calm morning .,2024-11-08 12:01:41,7,False,1.0,0.0,False,1.4475457668304443,0.6166222095489502
123,2615,Currently I feel pretty okay… pretty neutral . Though I am starting to feel tired from the long days and developing a headache . I am also starting to feel pretty hungry (honestly starting to feel hangry too) .,2024-11-08 17:30:28,7,False,0.0,1.0,False,0.22238458693027496,0.7193248271942139
123,2616,"I am still feeling okay , much like earlier . Not much has changed ; I still have a headache so I do also feel a bit annoyed . The sweet treat I am currently having will bring me peace I think . (meeting this 200 word character is actually stressing me TT)",2024-11-08 22:07:27,7,False,0.0,1.0,False,0.6821163892745972,0.30679911375045776
123,2618,I am exhausted and feel like doing absolutely nothing . All I want to do is sit down and stare at a wall and forget about existence for a few moments . I also just feel like going home and laying down/resting .,2024-11-09 22:01:59,7,False,-2.0,0.0,False,-1.8749504089355469,-0.07539709657430649
123,2619,I am currently feeling a little tired and a little sickish… i might be developing a cold . Starting to feel really awful . Other than that I am mentally preparing for a long day and feel like procrastinating getting ready just to stall time,2024-11-10 12:57:09,7,False,-1.0,0.0,False,-1.048760175704956,0.6086015701293945
123,2620,I am feeling slightly irritated and annoyed with things . Also hangry and this cold is making my mood even worse . And still stressed about time of things… nothing is well… and this character count man,2024-11-11 22:06:15,7,False,0.0,0.0,False,-0.8921645879745483,1.256269931793213
123,2622,"I feel okay at the moment . No special emotions or anything… I do feel tired though and the cold symptoms are becoming more real . It is also about to be a long day , just need to get through it……… .",2024-11-12 12:16:32,7,False,0.0,1.0,False,0.13097883760929108,0.28072628378868103
123,2626,"i am not really feeling anything at the moment . i am just here . perhaps it is more of a boredom or due to boredom . i practically just woke up and then have to go into work later (dreading) meanwhile i have assignments to do… so i am also ignoring whatever feelings of stress . so feeling nothing , will feel later",2024-11-17 12:15:22,7,False,0.0,1.0,False,0.38979217410087585,0.8204753398895264
123,2617,"content , happy , having fun , joyful , chilling",2024-11-09 17:03:08,7,True,2.0,1.0,False,1.9123784303665161,0.5146457552909851
123,2623,"sick , cold , content , giddy , tired",2024-11-14 12:15:27,7,True,0.0,1.0,False,-0.2559930682182312,0.6852344870567322
123,2624,"excitement , giddy , warm , jumping up and down , popping",2024-11-15 17:20:50,7,True,1.0,1.0,False,1.0590260028839111,1.652712345123291
123,2625,"tired , annoyed , irritated , short , okay",2024-11-16 17:06:15,7,True,-1.0,0.0,False,-0.08834482729434967,0.8585941195487976
69,4835,"Tired , Annoyed , Angry , Sad , Down",2024-09-13 17:03:31,7,True,-1.0,1.0,False,-0.5164960622787476,0.8400896787643433
69,4836,"Active , Sharp , Experience joy , Well , Glad",2024-09-17 22:49:51,7,True,0.0,2.0,False,0.7408550977706909,1.6285310983657837
69,4837,"Down , Sad , Unhappy , Moody , Suck",2024-09-19 17:46:42,7,True,-1.0,1.0,False,-0.5681676864624023,1.1421862840652466
69,4838,"Glad , Happy , Amazed , Joyous , Lively",2024-09-19 22:26:39,7,True,1.0,1.0,False,1.6403751373291016,1.0699822902679443
55,4327,"Quite , Calm , Cool , Relaxed , Loved",2024-10-10 22:24:44,7,True,2.0,0.0,False,1.550233244895935,0.1995300054550171
55,4428,"I’m feeling pretty good heading to the gym with my brother then I’m going to a bar with family tonight to watch some college football and place some bets , gambling is always better when your drunk anyways .",2024-10-11 17:05:45,7,False,-2.0,0.0,False,0.7105138301849365,1.2363712787628174
55,4473,I’m feeling great watching the ORG game drinking a twisted tea had a few earlier and now chilling with my family todays good wouldn’t trade it for The world my parlays need to hit thou so I can buy more alcohol for tonight .,2024-10-11 22:49:59,7,False,2.0,2.0,False,1.4661545753479004,0.7773047685623169
55,4527,I feel decent tired from all the brews I’ve been drinking but today’s going to be a good day for football and family honestly it’s great I hope my bets win today because yesterday the ORG ruined all my parlays,2024-10-12 17:17:26,7,False,-2.0,0.0,False,1.0865569114685059,0.7274810075759888
9,390,I feel active yet calm and happy . Somewhat tired from lack of sleep due to the baby . I am a generally chipper person and don’t usually ever feel down . Other than that just great ! This is way too many characters to be answering a short question like this .,2021-06-13 13:38:33,1,False,2.0,0.0,False,1.568523645401001,0.8797863125801086
9,391,"I woke up tired due to the baby keeping me awake throughout the night . I’m happy , full of love and having a great day so far . But overall I’m in good spirits , feeling great , happy I’m healthy and ready to take on this day .",2021-06-14 12:07:33,1,False,2.0,0.0,False,1.3182138204574585,0.4821213483810425
9,392,"Got a lot of sleep last night . Feeling really good and ready to tackle the day . I had kidney surgery three times last month and today I’m starting to feel back to myself again , which is super awesome !",2021-06-15 12:01:04,1,False,2.0,1.0,False,1.1058287620544434,0.9066555500030518
9,393,I feel fantastic today . About to go work out and then take my son with me on a nice hike through a long park . We have some art projects to work on and grocery shopping as well . I’m slightly tired but that’s nothing coffee can’t fix .,2021-06-16 12:01:05,1,False,2.0,1.0,False,0.9234431385993958,1.4402283430099487
9,394,I feel inspired to work on a few new art projects this weekend . I also like to paint with my son so I will do a few of those as well . I am overall happy and in a good mood . I can’t wait for the day is to warm up so I can get out on the water .,2021-06-18 17:24:24,1,False,2.0,1.0,False,1.3295475244522095,1.277583360671997
12,575,"I’ve felt so many emotions in the last day . I have felt happy , hopeless , sad , and back to happy because of all the different things that are going on in my life at the moment .   It’s a hard transition right now because of big changes , loss , while trying to move forward in a positive direction .",2021-06-13 14:10:13,1,False,0.0,1.0,False,-0.12936384975910187,1.4029887914657593
12,576,"I’ve felt happy and calm today because I was able to spend the day with my family . I took my father in law to the airport and even though it makes me sad , I was happy and content afterwards . We also got two new pets after losing one yesterday so that contributed to a great day .",2021-06-14 21:03:52,1,False,2.0,0.0,False,1.668968915939331,0.6131223440170288
12,577,I’ve been feeling very happy the last 24 . Like everything is getting better and some choices are finally settling in . I’m still uneasy about the future but that’s only because I don’t know what’s next .,2021-06-17 16:02:00,1,False,2.0,1.0,False,1.257064938545227,1.1997541189193726
13,607,I Just woke up . I feel pretty tired from yesterday’s double . I feel stressed about everything I have to get done today . My feet and neck and shoulders are killing me . But I had a good night last night for the most part so that kind of makes the pain worth it,2021-05-04 12:11:09,1,False,-2.0,0.0,False,-0.7172199487686157,0.5484024882316589
13,608,"I just took a two hour nap , which helped me recover more from my 12 hour shift yesterday . My back , neck , shoulders , and feet are still pretty sore , so that’s frustrating . About to start on my homework",2021-05-04 17:07:14,1,False,2.0,0.0,False,-0.9263248443603516,0.25572267174720764
13,609,"Currently I am watching a tv show with my boyfriend on the couch . Had a relaxing day off . Shoulders , back , and neck still very painful . I feel calm and content and not tired . May go for ice cream later",2021-05-04 22:00:50,1,False,2.0,0.0,False,0.8170167207717896,0.05465096980333328
13,610,"I’m feeling a little annoyed that my neck , back , and shoulders are still as sore as they are . Tylenol and ibuprofen aren’t cutting it . I also feel stressed about all the school work I have to get done today and tonight",2021-05-05 12:06:37,1,False,0.0,0.0,False,-0.8791030645370483,0.849216878414154
13,611,"My neck and back and shoulders hurt a little less , so I’m finally feeling a little more relaxed and content . I’ve also got a lot of school work done , so that is making me feel more relaxed as well . Also , I’m feeling sad that I’m home alone again for a few days",2021-05-05 17:19:04,1,False,1.0,0.0,False,0.9592899680137634,0.10167258232831955
13,612,"I’m currently feeling lonely because I’m alone in the house for a few days , stressed because I have a huge exam tomorrow , attempting to feel calm and relaxed by taking a hot bath , and worried about tomorrow’s outcome",2021-05-05 22:01:32,1,False,2.0,0.0,False,-0.32601630687713623,0.4832456707954407
13,613,"I’m feeling stressed because I have to give a presentation today as well as take an exit exam for school . I also am stressed from my shoulder and neck and back STILL hurting , it’s better in some ways but the same or worse in others . I’m also excited to almost be done with school",2021-05-06 12:23:42,1,False,-1.0,2.0,False,-0.26168662309646606,1.4804534912109375
13,614,"I finished my last exam of nursing school so I’m feeling ecstatic , I also aced it when I thought I was doing terribly . Back and neck and shoulders STILL hurt so that’s annoying . Not looking forward to working later",2021-05-06 17:57:28,1,False,2.0,1.0,False,0.564039409160614,1.0015314817428589
13,615,I feel happy that I got to spend time with my friends on my last day of school . I feel relieved that I passed my test and did well on my presentation . I feel meh about picking up a shift tonight . And I feel annoyed that I’m still in pain .,2021-05-06 22:02:43,1,False,2.0,1.0,False,0.9087632894515991,1.0954711437225342
13,616,I’m currently feeling tired and sore from work last night . My body is still sore from the past week . I’m feeling lazy because I haven’t gotten off the couch today except to eat . I’m not looking forward to work tonight . I am excited to see my boyfriend soon though,2021-05-07 17:00:45,1,False,-1.0,0.0,False,-0.1516939401626587,0.542259931564331
13,617,I feel annoyed after other employees and contractors treating me like crap at work last night . I feel tired from only getting five hours of sleep . I feel excited to go watch a baseball game today . And I feel happy that my boyfriend is back home,2021-05-08 12:21:53,1,False,-2.0,0.0,False,-0.4239417612552643,1.1989455223083496
13,618,I’m feeling bummed that we lost the baseball game . I’m feeling happy because I got to drink and hang out with friends at the baseball game . My eyes and back and shoulders hurt so that’s annoying . I’m glad that I get to spend time with friends for awhile !,2021-05-08 17:02:45,1,False,1.0,0.0,False,0.9991474151611328,1.1776046752929688
37,2548,"The weather is good , feeling good and enjoying the day off with some self care . Had a bad dream that upset me but feeling better now . Went and got my hair done and it made me feel better so I ' m going to do my nails and clean up so that makes me feel better too",2021-06-11 17:54:54,1,False,1.0,0.0,False,1.0406532287597656,0.7780326008796692
37,2549,"Feeling a little better after cleaning up and doing my nails , going to make dinner soon enchiladas and rice . Taking it easy today since I wasn ' t feeling so good . Watching TV my favorite talk show Wendy Williams . It been pretty hot outside .",2021-06-12 22:55:08,1,False,1.0,0.0,False,0.560689389705658,0.8869745135307312
37,2550,"A little tired , didn ' t sleep well but I feel okay . Going to get ready and run some errands . Need to get to the gym and run to the store . trying get up and get it done but I ' m a little tired today . Feeling lazy .",2021-06-14 17:19:36,1,False,-1.0,0.0,False,-1.052013635635376,0.0881800577044487
37,2551,Feeling good after getting some sun and getting out of the house . Going to an appointment then I got to stop at the store and maybe go to the gym later . Very hot day today but it ' s a very nice day . I ' d like to go swimming .,2021-06-15 17:26:42,1,False,1.0,1.0,False,0.719642698764801,1.0572624206542969
37,2552,"Pretty good , went and did my shopping and now I ' m at the gym . It feels good to be back in the gym because it ' s been a couple of weeks since I ' ve worked out . I need to get in shape and get to the gym more often because I have been slacking in this area .",2021-06-15 22:50:31,1,False,1.0,2.0,False,0.9014195203781128,1.327884554862976
37,2553,"Running late today , woke up late and have to do homework and run errands . Going to do laundry and get ready . Haven ' t been sleeping well and feeling a little tired . I have anxiety about going back to work and school too .",2021-06-16 17:43:07,1,False,0.0,1.0,False,-1.3056039810180664,0.9052104949951172
37,2554,"Just got up and need some coffee felling like I need to go to the gym and work out , that should make me feel better . I ' m feeling sore and need to work it out . My back and legs are stiff and I had a busy week .",2022-01-28 10:10:13,2,False,0.0,2.0,False,-0.6082301735877991,0.9664965271949768
37,2555,"Went and did some shopping and then organizing my house , feeling better today . Had a bad dream last night and it was very strange but I feel okay now that I got some errands done . Still need to go to the gym though .",2022-01-28 16:27:20,2,False,1.0,2.0,False,-0.10380549728870392,0.8144002556800842
37,2556,Having dinner and watching t . v getting sleepy after running some errands and cleaning up . I really need to get into the gym because I am feeling sore and sluggish . Went and got food because I didn ' t have time to cook today .,2022-01-28 20:54:10,2,False,-1.0,0.0,False,-0.5892224907875061,0.84001624584198
37,2557,Getting the day started off with some coffee then I ' m going to make breakfast and do some cleaning . I ' m a little frustrated because my package is a week late and hasn ' t came yet but I ' m feeling pretty good .,2022-01-29 10:41:35,2,False,1.0,2.0,False,0.7390403151512146,1.0166645050048828
37,2558,I ' m feeling a little anxious and nervous also a little too tired to go anywhere . I just made some food and did some laundry and cleaning now I ' m going to watch a movie and relax . I wanted to go to the store but I ' m too tired .,2022-01-29 16:28:20,2,False,-1.0,2.0,False,-1.2465523481369019,1.5826470851898193
37,2559,"Just finished cleaning up and listening to music . getting ready for bed soon , going to watch some movies and relax . I am using my oil diffuser which helps to calm me down as well and the music helps too",2022-01-29 21:06:19,2,False,0.0,1.0,False,0.20175381004810333,0.829312801361084
37,2560,"Feel pretty good , getting ready to go to the gym and shopping . Was able to get up early and get ready so I feel good about that . I ' m just waiting for my clothes to dry and then I ' m leaving . Feels good to get out early .",2022-01-30 10:44:33,2,False,0.0,2.0,False,1.237553358078003,0.9956926703453064
37,2561,"Feeling hungry after a good workout , went and got some groceries from the store and getting ready to cook dinner . Went and looked at the store but didn ' t find the item I need so I will have to order it .",2022-01-30 16:26:17,2,False,0.0,1.0,False,-0.15160351991653442,1.045093297958374
37,2562,"Just had dinner , getting ready for bed and my head is aching . I ' m going to have a snack and watch a movie before I go to bed . I have to go to an appointment tomorrow early afternoon so I need to get to bed soon .",2022-01-30 20:09:35,2,False,-1.0,0.0,False,-0.16356204450130463,1.1105481386184692
37,2563,Just got up and going to get the day started . Going to get ready soon and go to my appointment . I ' m a little nervous about it but it will hopefully be okay . I ' m going to have breakfast now before I get ready .,2022-01-31 10:36:04,2,False,0.0,1.0,False,0.1689635068178177,1.6304099559783936
37,2564,I ' m currently feeling pretty good just have a few things that I need to finish . I ' m at an appointment for therapy and I think it was helpful because I feel better about some things and I am ready to move forward with them,2022-01-31 15:32:56,2,False,1.0,1.0,False,1.20101797580719,1.1212472915649414
37,2565,"Just finished with dinner and feeling better today , less pain since I worked out yesterday and now I ' m going to get some tea from the store before I get ready for bed . I ' m almost done with organizing my house",2022-01-31 20:02:52,2,False,1.0,0.0,False,0.6306818127632141,0.8192700743675232
48,4821,I have been very upset because my mom and dad are suffering and there is a lot of tension and drama in the house . I’m very tired and worn out .   I am becoming very apathetic and withdrawn and not myself .   It is very stressful 24 seven .,2021-05-06 12:01:25,1,False,-1.0,1.0,False,-1.7177678346633911,1.0248433351516724
48,4822,"I had a better day today than yesterday . Despite the massive tension in my house because my parents are separating , I was able to not take on that negative energy and stay detached from it all . I felt content because I was very productive .",2021-05-07 12:03:40,1,False,-1.0,2.0,False,1.1040300130844116,0.6028156280517578
48,4823,"Today I am feeling very stressed out I tried starting a new job , and it’s a mess . And the last job I was at was also a mess . They are all shortstaffed and don’t know what they are doing .   And the new staff they bring on is almost always crap . I couldn’t find gas either .",2021-05-11 12:02:14,1,False,1.0,0.0,False,-1.6441624164581299,1.0796328783035278
5,290,Just woke up so I am tired . I am pretty neutral as far as emotions go . I am listening to good music so am waking up . I am not ready to go to work I know today will be a stressful work day . I am looking for a new work opportunity,2021-05-04 12:02:25,1,False,1.0,2.0,False,-0.33688217401504517,0.9608747363090515
5,291,Long day at work . Finally getting a break to eat . Ready to get off and take care of my stuff I need to complete . Struggling to find employees to work which makes my work load way more than usual . Cannot wait to find more employees .,2021-05-04 17:00:57,1,False,2.0,0.0,False,-1.0029114484786987,0.6661523580551147
5,292,Just getting home . Have to finish some stuff then looking forward to having some friends over at night . We are planning to dj some techno and house music . Ready to have a day off tomorrow I can finally take my mind off of work and relax .,2021-05-04 22:07:20,1,False,2.0,1.0,False,0.5821129679679871,0.9644026160240173
5,293,I just woke up but may go back to sleep . I had a long night yesterday . Today is my off day we are going to hike hopefully somewhere new . Then at night we are going to this totally amazing restaurant called ORG  in GPE .,2021-05-05 12:54:14,1,False,0.0,1.0,False,-0.8218396306037903,0.6292514801025391
5,294,Not feeling good about my body or my weight . Despite countless diets and staying active I seem to be not getting better . I am tired of looking this way and I am tired of worrying about it . It is effecting my life too much .,2021-05-05 17:00:48,1,False,-2.0,1.0,False,-0.6071455478668213,0.8974185585975647
5,295,I am hating my job I received another job offer but I can not start till may 25th . I do not have any motivation to get things done here . Apart from that I feel like my boyfriend is mad at me and may not want to be with me anymore . I am scared of what is going to happen .,2021-05-06 17:00:31,1,False,-2.0,1.0,False,-1.1749955415725708,1.5591657161712646
5,296,Just woke up not going to work today because I just hate it too much . I may take some ORG shifts instead . I am still chillin in bed with my cats it’s gonna be hard to get up today I am super tired .,2021-05-07 12:46:52,1,False,-2.0,0.0,False,-0.9149927496910095,0.4533923268318176
5,297,Currently driving doing ORG flex ORG  deliveries . It is much less stressful than me regular job . I informed my employer earlier that I will be leaving next Monday to start my new job . I am very excited !,2021-05-07 17:44:23,1,False,1.0,1.0,False,0.9268270134925842,1.5479844808578491
5,298,"I am super duper tired . After I finished my ORG shift I went to hike at FAC    . I hiked 5 miles under the hot GPE sun , I am beat ! I am heading to ORG to eat then going home to rest .",2021-05-07 22:00:31,1,False,-2.0,0.0,False,-1.0139451026916504,0.4015709459781647
5,299,The owner of the job I am leaving just told me that no one likes me and that the people that quit did so because of me being the manager . I am done with everyone . I don’t have any friends the only person that will hang out with me is my boyfriend who barely like me he treats me without respect half the time and after 5 years of being together he still doesn’t live with me I spend most nights and days alone .,2021-05-08 12:34:47,1,False,-2.0,1.0,False,-0.9203860759735107,1.0255037546157837
5,300,Feeling stressed about everything . I don’t know how to keep anyone in my life everyone hates me and I don’t know what is wrong with me . I am tired of all this bill shot . Hoping my new job will change things,2021-05-08 17:01:22,1,False,-2.0,1.0,False,-0.4922148585319519,1.4497283697128296
5,301,I am not doing anything just bored at home I went on a long bike ride and am pretty tired . Just planning to stay home and watch tv till I fall asleep . There is nothing else to do anyways . I have work early tomorrow not looking forward to my last day at that job .,2021-05-08 22:03:03,1,False,0.0,1.0,False,0.22458107769489288,0.5921213626861572
